Runyoro,English
obu nyina nyowe abaire asemezibwe eka yona eketeraniza omulingo oguntakaroraga,When my mother was diagnosed the whole family came together in a way l've never seen before.
nkasiga ekihemeheme kandi kandi nakisindika hamutimbagano ijo,I have left a note and posted it on social media yesterday.
Benedicto Kiwanuka nuwe yabandize okuba mukuru wa baminista.,Benedicto Kiwanuka became chief minister for the first time.
omusoro gwaberambanda guhambirize baingi omubusibi,The income tax has forced many into wage labor.
Kumara emyaka nemyaka ekka yaitu ebaire nehondere emigezo yakuswera erukusisana.,For years our family has followed the same marriage customs.
nyahwire risiti habwesonga z'omusoro,I have kept receipts for tax purposes.
enkora y'okusesira ebirimwa amaizi guyambaho abalimi omukasumi kekyanda,The new irrigation system helps farmers during the dry season.
Busaho kintu ekibi nk'okurubata omu maizi ojwaire sokisi...,There's nothing worse than stepping in a puddle with socks on.
"omulisa wange akaba n'eka yaitu okurabira omubuzale, kandi buli kintu hagati yaitu","My pastor has been with our family through births, deaths, and everything in between."
emitano yabajungu temanyirire ebika byabantu nobuhangwa,Colonial boundaries ignored ethnic and cultural divisions.
Abasigazi nibakora orugo rw'ente.,The women make the cattle hide.
tarukwija kufika omugabo gwa abakama babizinesi,It will reach the shareholders' equity.
naija okugira engeri akwija okundoramu endetere okuhura ninyowe nyeka omunsi,She will have a way of looking at me that makes me feel like the only person in the world.
"Abasungi abaingi , basemereriirwe abateezi bebidongo basaba babongereyo ekizina ekindi.",Many supporters have complained that sellers have added another label.
"mutabani wange akagwize,""ruhanga ali nkaha?"" nasonga hamutima gwange n'ogwe","My son has asked,""Where is God?"" pointing to my heart and his."
"omukazi akangambira,""omusana nigwija kujwa nyenkya,kandi naiwe oti.""","She told me,""The sun will rise again tomorrow, and so will you""."
akagalihya emihanda y'entahyaye,He has diversified his income streams.
abenkento bakarabyamu amaiso omukihandiko kyentekaniza yaitu,The shareholders have invested heavily in our strategic plan.
magarita niko akosolya akacyasingireyo okuraiha ha kasozi sitanule,Margarita Nicholson has performed stand-up comedy onstage.
"kakuba oburorwaho bwija okweyongera, musere obuyambi by'abafumu bwango","If the symptoms worsened, seek medical attention immediately."
omuzani akazana nkemanzi omumuzano,The actress plays the role of the heroine in the drama.
irwaro nirija kugira eryahuro ry'ebitabu byabarwaire ebirukukwataho obwomezi bwabo,The hospital will have a patient library with health information.
John Hanninng Speke akahika handugirro eya Nile 1862.,John Hanninng Speke reached the Nile Delta in 1862.
"omuro tigurukwija kugwa mpaka nyekya, ogaruke hairwaro","The fire will not go out until tomorrow, so get back to work."
obubarakora okuseruruza okubatetekanize,When they perform ritual rituals.
orufu rwa isenkuru nyowe nirwija kuba kijaguzo ky'obwomezibwe - yatugambiraga enganikyo kandi twasekaga kuraba omumaziga gaitu,My grandfather's funeral will be a celebration of his life - he told us stories and we laughed through our tears.
ekeleziya haihi neka yange egira ebide ebitera ekiro kyona -nyegomba okubihuliriza,The church near my home has had bells that ring all day-I love hearing them.
katemba empyaka hativi ekaire ine bulyomu nabaza,The new comedy series has had mixed reviews.
Kakuba gavumenti yakozeseze kare amaani Twakubaire lwiina ebitwehinguliriize ebyeowruuu muno.,"If the government had used force sooner, we'd be where we are today."
omusomesa wange owunyenda naija kungamba nkaba nyina ekisembo kyokuhandika ebigambo ebi bikasigara nanye,My favorite teacher will tell me l had a gift for writing those words stayed with me.
enyanja victoria nija okuba nesingayo obukoto mufrica,Lake Victoria will be the largest lake in Africa.
tukamara obwire bwekiro bwona nitumaliriza ebitwali nitwija kwoleka tukamalirra tukozire kurungi muno twatunga guredi yokubanza enungi muno.,We stayed up all night finishing what we were going to do and ended up getting a perfect grade point average.
Omuka ey'omunyoro abantu nibesorooza habw'orukurato.,The mayor's office has been raising money for charity.
Omusiri gw'ebicooli gulirwe kandi gwasiswa ihe ly'empuhira.,The agricultural area has been cleared and developed for pasture.
Ndora muno Ruhanga omubimera kukira onubyombeko.,I see God in the trees instead of the ground.
Okusendwa kw'itaka kuleteriize abalimi kuleka itaka lyaabo bakagenda mu bibuga.,Soil erosion has forced farers to abandon their land and move to cities.
ekiteteyi kyawe ekirungi noija okukigura nkaha,Your best friend will buy you a ticket.
Ekika kyaitu kimanyire akamanyiso kaakyo kuruga ira muno.,Our clan has known its totem animal since ancient times.
omulimo omukuru om ukitebe gubaire okubaza okuba abanya ni kandi no okukorahamu,The main function of the hospital has been to care for hospitalized patients and to improve patient outcomes.
ayehaisa we wenka habwencumbaye,She sacrificed herself for her family.
nzinire karaoke namunyani wange hamukoro ijo ekiro,I sang karaoke with my friends at the party last night.
"obunkuba ntarubasire, nkega okuba wamani omubiro obunkaba","When I'm not stressed, I learn to be grateful for the things I have."
"Akairiringwa kusiisa isomero, kyonka omugisa abaana bakaba bataliyo obwire obwo.","She was forced to drop out of school, but fortunately the children were not there at the time."
kangaroo ekaguruka yagenda n'owana gwayo nambere ebyama,The kangaroo has traveled with its baby to the zoo.
enyanja victoria ikaire nesinganyo obukoto mufica,Lake Victoria has been the largest lake in Africa.
ekihoya kikakwatwa n'obu kiraba nibakirolera kurungi,The prayer has been answered despite poor preparation.
enkoko baikaire nibazirisa cacu,The chickens were fed with maize grain.
"Nkegambira nti ningenda kubyama kara, kandi namalirra nsugire ebisani mpaka saaha munaana ezanyenkyakara.","I told myself l'd go to bed early, then stayed up all night until 2 a.m."
"kakuba oburorwaho bweyongeraho, musere obuyambi by'abafumu bwango","If the symptoms worsened, seek medical attention immediately."
ebyefuna bitekaine omwezi ogurukwija,The economy recovered in the coming months.
aija kurolera ekitebe kumare emyaka atakabaire mukuru,He will manage the club for years before he became manager.
Nsabira amadiini goona omugisa-itwena tuli baana ba Ruhanga omu.,I pray for the blessings of all faiths-we are all children of the same God.
enkwera nija okwimukya omutwe gwayo kandi egutwara enyuma no omumaiso okuttinisa,The cobra will spread its hood and sway back and forth to warn us away.
irwaro rikatekaho ekiro eky'okutangatangana abarwaire abali omubwetago bwamani,The hospital hosts urgent care clinics.
okubura kwamaizi kukatalibaniza ebyobulimi n'obulisa omukicweka,The water scarcity has affected agricultural production in the region.
akandindisa okumara esaha yona,She made me wait for an hour.
Milton Obote naijakuhikya Uganda ha mefuuga ga nkaaga nebiiri,Milton Obote will lead Uganda to independence in 1962.
kiki ekibaire nk'okwegezamu kwawe kwabulikiro kuba?,What was your exercise routine like?
omulimi agesire amacande ge kandi yagatwara hakyoma,The farmer weeded his bananas and took them for pressing yesterday.
Omurundi gwokubanza nkagenda kutunga obujanjabi ekintu ekibangambiire ekinkaba nsemerire kuzonzora nyowe nyenka.,"The first time I went to see a therapist, she told me that I needed to heal on my own."
asaswire amabanjage gona,He has paid off all his debts.
Omulingo omuhyaka ogwekirimwa nigwija kugumira oburwaire.,The new crop variety will be resistant to disease.
"kakuba oba oine ekyokwenda kyona, iwe ngamba","If you have any questions, just let me know."
"Obworaba oli musabi, nosobora kusabira abeeka yange?","If you are a praying type, could you say one for my family?"
"Nkeega kusiima omubusalizi, eki kindagirra nkyali mwomezi.","I've learned to be grateful for the gift of healing, which keeps me alive."
omukago gw'obusubuzi omuhyaka gwimukya ebitundwa aheru,The new trade deal boosted exports.
abasubuzi abaswahili bakatandikaho engendo mpaka munda,Swahili traders established routes into the interior.
Noonywa amaarwa agarukwinganaha buli sabbiti?,How much alcohol do you drink per week?
noija kwetagisa okutekaho kwokya rundi aisi nambere hatungire obuhuta,You will need to apply heat or ice to the affected area.
"kakuba oraba ogondeze okumanya ebyobuhangwa baitu, tandika n'ebyokulya baitu","If you've wanted to learn more about our culture, start with our food."
ekikali kyatooro mu FORT PORTAL kikasikiriza abagenyi baingi,The Tooro palace in Fort Portal has attracted many visitors.
izaniro ly'emizano elihyaka likingwire hali abantu abaine obulema,The new theater is accessible to people with disabilities.
"Orufu rwalsenkuru nyowe rukuba rwokujaguza obuwomezibwe -nobukiraba tukaba tuli omumazisa, tukamubazaaho ,nokuseka twaseka.","My grandfather's funeral is a celebration of his life-even though we were partying, we laughed and smiled."
enyange imerire kurrngi muno omumaizi gahaihi,The snake has stood in a puddle of water nearby.
"omugonzibwa ruhanga, bambi noija okurolera eka yange kandi obalinde kurungi","Dear God, will you watch over my family and keep them safe?"
ninyija okwahura risiti habwesonga z'omusoro,I will receive receipts for tax purposes.
omukago gwobusubuzi omuhyaka nugwija kwimukya ebyokutunda aheeru,The new trade deal will boost exports.
"obukama bwa Bunyoro nibwijukibwa Omubizina, okwebuga, okutebya nenganikyo .","The Bunyoro dynasty is remembered in epic poems, songs, songs and songs."
"nitwija kutunga enkora enu enkuru eyokukingura ekisembo kimu hanyuma ya kurisimasi, kandi bikizire kuba empale zomunda","We will have this tradition of opening one gift on Christmas Eve, and it's always pajamas."
Omutwe gworusozi Stanley oguraihire muno nugwo Margherita.,Mount Stanley's highest peak is Margherita peak.
Ebintu ebimu ebirukukira OBUKURU ebinayegere bikaba bitaine KAKWAATE NEBIBEEGA omu Isomero.,Some of the most important things I've learned had nothing to do with my schooling.
Benedicto Kiwanuka aliba Omukuru wa Gavumenti ow’okubanza omu Uganda.,Benedicto Kiwanuka will become Uganda's first chief minister.
"kakuba abantu batalisize muno, itaka lyandisigaire ry'orwezo","If the community hadn't collapsed, the soil would still be fertile."
ekisoro rwakisahu kikwuka kyagenda kuli nomwaana wakyo mukisahu,The wild dog walked to its nest in the woods.
ebihuka birubatire hamu omurukara bihimbire ebisosonkole nibibigara omukiju,The ants have built a nest in the ground carrying crumbs and dropped them into the ocean.
abaserurizi basoma endubata y'ebinyonyi obu bazonzora ekika ekihyaka ekyebinyonyi,The researchers study bird migration patterns when they discovered a new species.
kiki ekibaire ekyafayo kyawe hali kookoro,What has been your family history of cancer?
enguta eyokubanza eya caayi w'omwani gubaire murwa omutaito ogutalyosaga,The first sip of morning coffee was a small sip that never gets cold.
akaire ruko kamu sabbiti erukwija nitwija kuhumuraho ha mwaro,This time next week we will rest on the beach.
enyange ekaimera kurungi muno mumaizi gahaihi,The snake stood perfectly still in the shallow water.
Enkoragana yobusubuzi empyaka niija kumwikya ebitundwa aheeru eby'obulimi,The new trade deal will boost agricultural exports.
nitwija kuha amata g'ente ag'okubaza hali ba'isekuru itwe,We will feed the ancestors with cow's milk.
eka yaitu ekajaguza amagesa namazina agokusima itaka,Our family celebrates the harvest with a dance that thanks the earth.
okubandwa nikwija kubamu okwikiriza muruhanga,Traditional religion included belief in a supreme creator.
obutafwali bwomubiri obwomuraire nibwija okuba bukwasire,The patient's immune system will be compromised.
Obu nayesangire ntakuurubata nubwo nayegere kusiima ebiro ebinkaba ninsobora.,The pain has subsided and I have learned to be grateful for the days I could.
omwehangahangi webisaru nyaisatu akozire ekisisaru kyemanzi rurangaaanwa mukyaaro,The sculptor has carved a statue of the water goddess in the village.
"kakuba abantu batarukwija kulisiza muno, itaka nirija kusigara ry'orwezo","If the community will not help it, the soil will remain fertile."
naija kutunga okwimukizibwa ha mulimo,He will receive a raise at work.
yoweri museveni naija okutandikaho ekimanyirwe nka amahe amahakani,Yoweri Museveni will inaugurate what has become known as the Day of Atonement.
Omulimi akombera omusiri gwe ogwa muhogo sabiiti ehoire.,The farmer has been plowing his fields for weeks.
akahuka kaibaire komumuyaga kandi kajanjara bwango,The virus has been airborne and spreads easily.
omukazi akasoroza embibo entoro z'okwahura,The woman is gathering maize grain for pressing.
nkairukira mwamunwani wange omukuru ijo,I ran into an old friend yesterday.
"akasumi kona ninyija kutekereza ntungire okugarukwamu, nyega ekintu kihyaka","Every time I will think I've made a change, I learn something new."
"hakumalira y'omusomo gunu, nitwegesa abalimi orukumi rumu omukukozesa orwezo kuruga omubijuzire","By the end of this project, we have trained one thousand farmers in sustainable agriculture."
nyinenkuru nyowe naija kuruka ebibo eby'akatale kumara emyaka nyingi,My grandmother will weave baskets for the market for many years.
ebyefuna bihambirize emihendo y'ebintu okweyongera muno,The economy has faced inflationary pressures.
ebibo empyaka ekaba esemerire hansi eyimukire,The new crops were sown in the dry land.
abaserurizi basomereho endubata y'ebinyonyi obu bazonzoire ekika ekihyaka ekyebinyonyi,The researchers have studied bird migration patterns when they discovered a new species.
Nyina esaara eyinsaba obunkwatwa otuuro-nikyo kintu kyokumalirra ha bwongo bwange.,I have a prayer I say to get through the day-it's the last thing on my mind.
yusufu lule naija okuherezaho nkomukuru wihanga kumara aksumi kataito,Yusuf Lule will serve as president briefly.
kiki erikwija kuba kyokulya ekitarukwikirizibwa,What will be your dietary restrictions?
"kakuba gavumeti eratekamu sente omubintu ebikwegarukamu kara, ntusobora okuba n'ebyobuhangwa ebiyomjo","If the government invests in renewable energy, we can have a sustainable future."
nyegere okwenyumirizamu nobukuba ndi muburumi-nikimanyisa nkyali mwomezi,I learned to be grateful even in pain-it means I'm still alive.
omusaija abyaire omu mutemwa kahagura,The man was born into a wealthy family.
eka yange ekaba nyikiriza yange y'okubanza-ebisigaire bihondera hanyuma yekyo,My family was my first community of faith-everything else flows from that.
ayegombere iwe okwija hamukorogwe,He has asked you to come to his party.
nkaba nyina akasonda omukisika kyange nambere nasabira- kyanguhire baitu kihikirire hali nyowe,I had a roommate in my room where I pray-it's simple but holy to me.
kiki ekyali ekyokulya ekitarukwikirizibwa,What was your dietary restrictions?
Ekka yaitu ejaguza amagesa na mazina ag'okusiima ensi.,Our clan celebrates the harvest with a dance to thank the earth.
tujaguza okumalira kw'ekyanda n'ekijaguzo ky'okusima,We celebrate the end of the dry season with a ceremony of thanksgiving.
Akahuka nikajanjara muno mubantu?,Has the virus spread in the community?
ebyafayo eby'okubaza nibija kwoleka okwijuka kw'abantu abakuru,The funeral procession will mark the anniversary of the ancestors.
akora nk'omwehanuzaho kumara emyaka atakatahire ekitongole,She works as a freelance consultant for years before she joined the firm.
Nyinento nyowe agamba nkooku yatangatangaine musaija we mukatale.,My aunt tells the story of how she met her husband at a beach party.
omukazi abaire nakorra mukeeto kumara emyaka atkabaire CFO,She has worked in the accounting department for years before she became CFO.
nyikaire ninyetagisibya okusara sukali,I never needed to cut down on sugar.
Noyetaagwa kwikaza okuguru kuhanikirwe kukehya okuzimba.,She needed to keep her leg elevated to reduce swelling.
ebizina byenzarwa hamu n'okucekeca n'orunyege biba mubulimukoro,Traditional dances with the accompaniment of strings have become part of daily life.
ebiro bisaatu murubuga orutubaire tuturukwija kwetekaniza kubungira,Three days in a city we will never plan to visit.
omuzini ayegezesezemu amazina g'okugesa omuwezi ogukwija tutakahikire hakijaguzo,The farmer tested the seeds for harvest next month before the festival.
abarangi bakarozaho omukutu gw'okurangira omuhyaka,Proponents are exploring new advertising channels.
obujanjabi bwali bwasente nyingi baitu nibukoraho,The treatment was expensive but effective.
Irwaaro niriija kuba nahokuzaara nebisiika ebyesonsoire,The hospital will have a maternity ward with private rooms.
kampuni etahire omukatale akhyaka,The company has entered a new market.
omusaija agalihize emoro ezentahya ye,The man has cleaned up his act.
Omunyikiriza eyenzaarwa harumu okumanya omuhangi.,Traditional religion included belief in a supreme creator.
akaguza ebikaguzo bwangobwango naija okugenda okuhikya obunagambire omulimo gwange ogw'okuyamba- nikyo kyahindwire bulikimu,She will ask me everyday questions and I will go so far as to talk about my routine-it changed everything.
okuhinduka kwaemihendo yebintu nikwija okunihirwa okweyongera haiguru,The inflation rate will continue to rise.
Akarwarro nikaikiriza omurwaire kurora omufumu ahanaho obwakuba olikubi muno.,The clinic allows the patient to see a doctor if he or she has any pre-existing conditions.
joseph kony naija okwebembera orutaro rwokuhakaniza orwaLRA,Joseph Kony will lead to LRA rebellion.
"kakuba ttwija okukozesa amaizi agakufuka habwengoye, ntusobora okulinda amasanyarazi kandi tukehye omwika","If we will use cold water for laundry, we can save energy and reduce emissions."
"Obu oraabe osiimire eby'okwega byawe, gambira omuntu eyabikusobozese.","If you're grateful for your education, tell someone who made it possible."
wakabaga otungire ekigarukwamu hali anesitesiya,You have had a reaction to anesthesia.
Ebiro bisatu omu rubuga orututatekanizaaga kobunga.,Three days in a city we never planned to visit.
okulima enyiringani nikwija okuhondera orugyegye orwobuhangwa,Contour plowing will follow the contours of nature.
omukozi wafilimu naija okuhinduramu omuzanogwe kandi ayetekanize okugwoleka ensi,The filmmaker will edit her movie and is ready to show it to the world.
eka yaitu ehondera omulingo gw'obuswere gwenyini okumara ebyasa,Our family has followed the same marriage customs for generations.
akatebe akatunzi nikahayo hali omuguzi owamaani,The treasury bonds have been offered to a potential buyer.
Yekaru haihi ne'eka yange enyina ebidde ebiteera omwizooba lyoona mbigoza kibihurra.,The temple near my home has bells that ring all day long.
abalinzi nibaija okukora okuseruliriza hali engeri enjojo zibaza obu batungire okugarukwamu,The conservationists will conduct research on bird migration patterns.
"omwaka gw'enkumi ibiri asaatu, tutungire okukeha kwingi muno mukukeha kw'ebyobuhanga","By 2030, we have achieved a significant reduction in greenhouse gas emissions."
"buli mugenzo nigwija kugira ekirukumanyisa, nobu kiraba tutukugwetegereza","Every ritual will have a meaning, even if we don't always understand it."
"mutabani wange akagwize,""ruhanga ali nkaha?"" nkamusongera hamutima gwange n'ogwe","When my son asks,""Where is God?"" l bring it to his and mine heart."
Ekitebe kikahwahi omumwaka ogwa 1977 habwobutetegerezangana omubyendema.,The group disbanded in 1977 due to creative differences.
ebinyoma bikagendera mu rukoorra bihumbire ebyaana byabyo nubigaru mukwiina kyaarwo,The falcon walks in a long line carrying its baby and teal in its pouch.
nkazina karaoke namunyani wange hamukoro ijo ekiro,I sang karaoke with my friends at the party last night.
ninyija okwetagisa esimu yange okuba ecagingire,I will need my phone charging.
omuzani azaine nkemanzi omumuzano,The actor has played the role of the hero in the musical.
Akarwarro kaheereza obuheereza obukwatiraine n'okuzaara.,The clinic offers prenatal care.
tujaguza ebijuma ebyokubanza n'ekijaguzo hairamizo,We celebrate the first fruits with a ceremony at the shrine.
izaniro ly'emizano elihyaka balitekanize shakespeare azanira buli musizoni y'omusana,The new theater has staged Shakespeare plays every summer.
Abantu ababandize kwikara omukicheka eki nibaija kuba baliisa kandi bahigi bebyokulya.,The earliest inhabitants will have been nomadic hunter-gatherers.
kangaroo nija okuguruka egende n'omwana gwayo nambere ebyama,The kangaroo will fly away with its baby in its pouch.
abaseruruzi nibaja kusomaho engrri y'okuhindukahinduka y'enyikara ekutabaniza ebwokulya obubatandikireho enkora empyaka,The researchers will study the impact of climate change on food security when they developed new strategies.
"Kakuba oyesanga omunyikara egumire, manya ngu haliyo omuntu hantu arukusabira.","If you find yourself in a difficult situation, know that someone is praying for you."
Abaago bakwaata ekikaaro kyahaiguru omukikaali,The clan occupies a prominent position in the kingdom.
"kakuba omuntu afwa omukyaro kyaitu, abantu bona besoroza baija okusagika eka","When someone dies in our village, the whole community comes together to support the family."
Oburwaire obukuleetwa obuhuka nibujanjarra bwangu omu muyaga.,The virus spreads easily through the air.
nyikaire niyetagisabwa esimu yanga kuba acagingire,I needed my phone charging.
ninyija okugira obuzibu by'okutekana n'okuhuliriza,I will have difficulty focusing.
"kakuba isomero nirinja kukubuza obusinge, tekerezamu kakuba haba haliyo omulingo gundi gwona","If school will make you miserable, consider if there's another way."
tukagaba biya ey'okubanza kuruga omwihisizo erihyaka hali byaisenkuru itwe,We gave the first beer from the new brew to our ancestors.
"nkakaguza nyinenkuru nyowe kiki ekiyarozire- akamwenya kandi yagamba,""ekyererezi""","I asked my grandma what she saw- she smiled and said,""Light""."
Omulimo gwokugarraaho ebibira gugarwire enyamaiswa ezikaba zibuzire mukiikaro.,The reforestation project restored wildlife that had disappeared from the area.
"Ebyokulya omu katale ako biriba birungi muno, nkagarukayao emirundi ena omu biro bibiri.","The food in that market is so good, I went back four times in two days."
omusoro gwa aberambanda nigwija kuhambiriza baingi omubusibi,The poll tax will force many into paying taxes.
"Ab'ekitongole kyebitwehinguliriize eky'ebyeruyegesa batairemu omuhumbo ab'emyaaka erw kuuba bebembezi,bebitwehinguliriize.",Our research team has recruited more than a dozen people to serve as principal investigators.
UPDF yetaba omubikorwa by'okulinda obusinge,UPDF participated in peace keeping missions.
takafikaga omugabo gwa abakama babizinesi,He never missed a dividend payment.
omulingo omuhendo gw'ebintu gweyongera kandi gukeha nigwija okutekana,The inflation rate will rise sharply.
obujanjabi nibwija kwetagisibwa okukebera omusahi buli kaire okurora enkora y'obune,The clinic will require regular blood tests to monitor liver function.
ekwera imukya omutwe gwayo kandi egutwaire enyuma no omumaiso okututinsa,The cobra has spread its hood and swayed to warn us away.
"Omukyaro kyaitu omuntu obwafa ,abasi,bensi boona baterana bazagika abafeerwa.","When someone dies in our village, the whole community comes together to support the family."
akaguza ebikaguzo bwangobwango akagenda okuhikya obunagambire omulimo gwange ogw'okuyamba- nikyo kyahindwire bulikimu,She interviewed me regularly until I mentioned my routine-it changed everything.
Nyowe nyahura resiiti habwe kigendererwa eky'omusoro.,I accept receipts for tax purposes.
ninyija kumalira ngumireho muno okukira nkoku mbaire ntekanize,I will end up staying longer than planned.
akaba aine engeri akaba nandoramu nendetera okuhura ninyowe nyeka omusi,She had this way of looking at me that makes me feel like the only person in the world
Nyina guruupa yabeegi twasomere nabo omu isomero eyitubalizaaho hati twakagimaraho emyaka ikumi-duu,The mother of a group of high school friends has been with us for ten years.
embante irukire omukisaru okwejuna entale,The ant ran into the river to escape the flames.
abarangi barolezeho omukutu gw'okurangira omuhyaka,The media have highlighted the new advertising channel.
"obwora oine ekintu kyona ekyorukwija kwetaga, iwe ngamba","If you have anything you'll need, just let me know."
Milton Obote akahikya Uganda ha mefuuga ga nkaaga nebiiri,Milton Obote led Uganda to independence in 1962.
Abalimi bakozesa ebijunzire kwongera oburungi omu itaka.,Farmers use compost to improve soil structure.
nkega kwenyumirizamu nyeka nobukuba ndi muburumi-nikimanyisa nkyali mwomezi,I learned to be grateful even in pain-it means I'm still alive.
nyirukire mwamunwani wange omukuru ijo,I ran into an old friend yesterday.
kotoni akaba kirimwa kyasente omukyasi kya amkumi abiri m'uganda,Cotton became a major cash crop in the early 20th century Uganda.
ebyenfuna nibija kuhambiriza emihendo y'ebintu okweyongera muno,The economy will face inflationary pressures.
kampuni ekatangatangana okweteranizamu kw'abemigabo,The company has not negotiated a collective bargaining agreement.
"Buli mwaka,nyetegerezaho muno kyonka nyetwarra bike.","Every year, I understand less and less."
Benedicto Kiwanuka abaire Omukuru wa Gavumenti ow’okubanza omu Uganda.,Benedicto Kiwanuka became Uganda's first chief minister.
emitano yabajungu etamanyire ebika byabantu nobuhangwa,Colonial boundaries ignored ethnic and cultural divisions.
Kampuni eri mukusindikwa abemigabo,The company is in the process of restructuring.
ninyija okuburwamu engeri abatahi batimba ebijaguzo obukaba nkyali muto,I will miss the way the ancients carved shrines when I was a kid.
abaire nuwe ogu eyanyegeseze ngu tikine buzibu bwona okukonyezi,She was the one who showed me l had no problem being helpful.
kangaroo ekurukire yagenda n'owana gwayo nabere ebyama,The kangaroo went with its baby to the zoo.
"kakuba orayenda okwetegereza ebyobuhangwa baitu, tandika n'ebyokulya baitu","If you want to understand our culture, start with our food."
embuzi bazihare omubazi gw'enjoka nkabuliro,The goats have hidden in the serpent's den as food.
Abaire ahebwa obujanjabi bw’okwongera obuzaarwa kumara emyaka ebiri.,She has undergone fertility treatment for two years.
ekika kaitu kigira engeri y'okutangira omwaka omuhyaka eyembaganiza,Our clan has a special way of welcoming the new year.
Nyina endugu mukisiika kyange nambere nsabira-kataito baitu keezibwe.,I have a friend in my family that I pray for-it's a small ritual.
"kakuba isomero lyakubulize obusinge, tekerezamu kakuba haba haliyo omulingo gundi gwona","If school made you miserable, consider if there's another way."
omukazi abaire nakora nka mukuru webyensimbi atakakozire ekitebe ekisubuzi ekye,She used to work as an accountant before she started her own firm.
wakatungire ekigarukwamu hali anesitesiya,He underwent anesthesia resuscitation.
abachwezi baikare baine obukama onwezarwa,The Bachewezi have had a separate kingdom.
Ekiro ekyaija omufumu akakozesa amaani agabaisenkuru itwe okukiza omurwaire.,Yesterday the emperor used the power of the ancestors to cure the sick.
noija okutunga ekigarukwamu hali anesitesiya,You will get a full recovery after the anesthesia.
"ekiniga nikija kwija omubicweka ebiro ebimu nisobora kwikya, ebiro ebindi tinkusobora","The grief will come in waves some days i can breath, some days l can't."
nyikaire nyine ekitebe ky'okubalizaho n'abanwani bange bahaisomero ekibaire kimazire emyaka ikumi nikikora,I have had a chat group with my high school friends that I have worked with for ten years.
Nyina nyowe obu bamusemiize eka yoona eketeraniza mumulingo ogutaka roraga.,"When my mother was diagnosed, the whole family came together in a way I've never seen before."
Omwegesa wange owungonza akagamba nyine ekisembo ky'okuhandiika -ebyo ebigambo bikaguma nanye.,My best teacher told me l had a gift for writing - words that stuck with me.
naija okwgomba iwe okwija hamukorogwe,She will want you to come to her party.
Nambere baisenkuru itwe abaira bahumuliire nuko turaziika abafu baitu.,The place where our ancestors rested is where we bury our dead.
ninyija okuzina karaoke namunyani wange hamukoro ijo ekiro,I will dance karaoke with my friends at the party last night.
anaga enjura azina nukwo enjura egwe egi eyitukwendera ebirimwa baitu ijo,The rainmaker has called for rain to stop before the crops were harvested yesterday.
nyijuka bulikiro akasumi obunayetegerize isomo eryatabanizaga okumara emyezi,I remember the exact moment l finally understood a concept l'd struggled with for months.
omutendereza amanyira abakuru nekizina kye ijo,The praise singer recognizes the chief's bravery with his song yesterday.
tukhaire okusima hali emyoyo y'omurusozi habwe emyandara na amabale,We have paid tribute to the spirits of the mountains for their rocks and stones.
enju yemizaano yaharutuutu empyaka nijja kwoolekaga emizano yasekisipiya buli bwiirre oburutagata,The new theater will screen Shakespeare plays every summer.
ekitehayi kirungi eki okakigura nkaha,What a beautiful sculptor you are.
Nagonzaga obu omusomesa yatusomeraga itweena omu high school,I loved when the teacher would read aloud to us in high school.
enu haihi nija okuba nsonga nkuru,This will soon be a major issue.
ngira obuzibu by'okutekana n'okuhuliriza,I have difficulty focusing and concentrating.
obusiri bwensigo zokubyara busemeza omulingo gwiltaka,The fertile soil improves soil structure.
Ekika ekihsyaka eky'ebihingwa kigumire endwara.,The new crop variety is resistant to disease.
nkagira esaara eyinasabaga kakuba nahuraga oyuro - nikyo kintu ky'okumalira omubwongo bwange,I have a prayer I say when I'm falling asleep-it's the last thing on my mind.
Mwezi gurukwija nitwija kutangirra omunyoro omuhyaha.,Next month we will start a new chapter.
anaga enjura naija kuzina nukwo enjura egwe egi eyitukwendera ebirimwa ijo,The rainmaker will dance to bring the rain that we need for the crops yesterday.
Irwarro line ekyahuro kyebitabu ebirukukwataho ebyobwomezi.,The disease has been linked to chronic kidney disease.
okubura kwamaizi kutalibaniza ebyobulimi n'obulisa omukicweka,The water scarcity plagues agricultural production in the region.
izaniroly'emizano erihyakalitekanizibwe shakespeare plays buli musizoni y'omusana,The theater staged Shakespeare plays every summer.
"akasumi kona ntekereza ntungire okugarukwamu, nyega ekintu kihyaka","Every time I think I've made a change, I learn something new."
omutendereza amanyirire abakuru nekizina kye ijo,The praise singer has honored the chief's bravery with his song yesterday.
Ekika kyaitu kikamanyaga akamanyiso kaakyo kuruga ira muno.,Our clan has known its totem animal since ancient times.
"kakuba oba orbire omukintu kigumangaine, manya ngu omuntu, ahantu, nibakusabira","If you have been through something hard, know that someone, somewhere, is praying for you."
Ekaali kya Tooro omu Fort Portal kisikiriza abagenyi baingi.,The Tooro palace in Fort Portal attracts many visitors.
Okeehere omu bulemeezi ekirukwingana nkaha.,You have lost weight faster than usual.
bulemeziki obwokeheze omwezi oguhaire,The music festival will last for a month.
abaana baitu bahulire nkonku twatangatagaine - batuletereza okukibazaho buli hanyuma y'omwaka mubuswere baitu,Our children have heard the story of how we met - they make us tell it every anniversary.
"Abazini bamazina bataaha niarabamu amazina kokugesa , kumara ameezi omwoleko gutakahikire.",The dancers have danced to the music for months before the show aired.
yoweri museveni atandikireho ekimanyirwe nka amahe amhakani,Yoweri Museveni has inaugurated what has become known as the independence referendum.
enyange nija kwemera kurungi muno omumaizi gahaihi,The snake will burrow into the nearby river.
omusomesa wange naija okungamba ngu tinyine ekisembo - nkamwoleka nti agwiri,My teacher will tell me l had no talent - l proved her wrong.
irwaro ritaireho obujanjabi bw'abzaire abaine enda,The clinic has provided prenatal care for expectant mothers.
ensama ekairukira mu kisaaru kwesereka entale,The bear ran into the river to escape the tide.
Ekika kyaitu kirimanya akamanyiso kaakyo ira muno,Our clan has recognized its heritage here.
"mutabani wange naija kukaguza,""ruhanga ali nkaha?"" ninjakusomnga hamutima gwange n'ogwe","My son will ask me,""Where is God?""I will read it to him from my heart."
ebisosoro byebitinda bikaire nibikora nkasente omubwire bwokulema kwabajungu,Traditional healers worked as couriers to alleviate poverty.
akahuka nikaija kujanjara muno mubantu,The virus will be spreading in the community.
abekento nibaija kumaliriza alipota y'omwaka,The finance team will finalize the annual report.
"Ekiro ekyaijo omurwa gw'okulinda ebirimwa, omwigi wenjura agukozirege.",The rainmaker made you wait for the crops yesterday.
yusufu lule aherizeho nkomukuru wihanga okumara akasumi kataito,Yusuf Lule has served as president briefly.
Ebinyonyi nibiija kufurukira bugwaizoba buri mwaka kwetantara obutiti bw’obwire bw’embewo.,The birds will fly into the area every year to escape the cold winter.
Obuguuda bwihanga butungire omurro ogwokutemba okwemihendo.,The economy is facing inflationary pressures.
embibo enu emyaka nija ruba nungi ha bwebicweeka ebyensozi,The new crop will be suitable for higher altitudes.
nitwija kuha okusima hali emyoyo y'murusozi habwe emyandara na amabale,We will give thanks to the spirits of the mountains for the rocks and stones.
ebara eykatemba ekingwireho ekiro ekyamahano hali abakatemba abakuru,The comedy club has had a sold-out night for amateur comedians.
enguta eyokubanza eya caayi w'omwani nigwija okuba omurwa omutaito ogutalyosaga,The first sip of morning coffee will be in a small restaurant.
atafike omugabo gwa bakama babizinesi,He never missed a dividend payment.
akatekamu sente nyingi muno,He invested in a hedge fund.
beeya nija okukwata esamaki n'ebinono byayo ebikoto,The bear will catch fish with its huge paws.
Abasebeni bakagaruka nentekereza empyaka hamu nokunihira.,The pilgrims returned with fresh fruits and vegetables.
Okuswerrana kulesireho okuterana okwamahanga,Colonial rule resulted in ethnic cleansing.
Nkaba ntakasiimaga encumba ya nyina nyowe kuhikya obu naganzire aheeru Kandi niyeriisa.,I never appreciated my mother's cooking until l went outside and fed myself.
ebizina byenzarwa hamu n'okucekeca n'orunyege bibaire mokijaguzo,Traditional dances with the accompaniment of strings have been part of the ritual.
nsabire obusnge omumadini gona-ntwena tuli bana baruhanga omu,I have prayed for peace among all religions-we are all children of the same God.
yusufu lule akaherezaho nkomukuru wihanga kumara akasumi kataito,Yusuf Lule served as president briefly.
yoweri museveni akatandikaho ekimanyire nka amahe amahakani,Yoweri Museveni initiated what has become known as the anti-apartheid struggle.
Ebisasaizi byawe obikora ota kandi bwireki?,How often do you do your homework?
"Omuntu obwafa , ekyaro kiija kugaragara , kababe bamanyire kurungi rundi tibamanyire.","When someone dies, the village will remember them, whether they knew them well or not."
omusaija ateka sente ze omumasamba,The man invests in a hedge fund.
orufu rwa isenkuru nyowe kiri kijaguzo ky'obwomezibwe - yatugambiraga enganikyo kandi twsekaga kuraba omumaziga gaitu,My grandfather's funeral is a celebration of his life - he told stories and we laughed through our tears.
Nyina koran yaisenkuru nyowe omukuru egikintu kyangekyomuhendo.,I have a Koran from my great-grandfather that's one of my most precious possessions.
encweera ekazimbya ekitwe kyaayo yayehungya kututinisa,The hare swayed to warn us away.
embya yomukisaka ekahambya impala mayiro nyingi okuhikya ejwahire,The wild dog chased the impala for miles until it caught fire.
"ekiniga kizirege omubicweka ebiro ebimu ninsobora okwikya, ebiro ebindi tinkusobora","The grief has subsided in parts some days i can breath, some days l can't."
"omurindi gwange ogwokubanza okurora enyunyuzi okuraba omukitangazo, nkahura okubaho kwekintu ekitakuhwayo","The first time l saw the stars in my mirror, l felt the presence of something infinite."
"hakumalira ye kyasa kinu, tuhindwire enkoragana yaitu n'ebyobuhangwa","By the end of this century, we have transformed our relationship with nature."
akatunga okwelema omubyasente,She achieved financial independence.
akaire nakora nk'owekento okumara emyaka nyingi atakatandikireho ekitongole ekye,She had worked as an accountant for many years before she started her own firm.
abaana baitu nibaija okuhura nkonku twatangatagaine - batuletereza okukibazaho buli hanyuma y'omwaka mubuswere baitu,Our children will hear the story of how we met -they make us tell it every anniversary.
Milton Obote ahikize Uganda ha mefuuga ga nkaaga nebiiri,Milton Obote led Uganda to independence in 1962.
omulimo omukuru omukitebe guli okubanza okuba abanyani kandi no okukorahamu,The main function of yoga is to develop strength and flexibility.
tukazika isenkuru nyowe kyakabiri omunjura nukwo kikakwataho embera yabuli omu,We buried my grandfather on a rainy Tuesday that matched everyone's mood.
Ekiragiro rumara kiri omudiini zoona-okorre abandi iwe ebyokwenda bakukorre.,The golden rule exists in every religion-treat others the way you want to be treated.
omusomesa wange oyokusiga akangamba ngu tinyine ekisembo- nkaka mwoleka nti agwiri,My art teacher told me l had no talent- l proved her wrong.
Abalinzi bebitwehingulirize babaire nibaseruliriza ha kurubata kw'enjojo baatunga okuvumbura kwoonyini.,The researchers who have been studying the impact of climate change have made a breakthrough discovery.
"kakuba gavumenti erakehya omuhendo gwa sola pano, abantu baingi nibaija kutandika kukozesa amasanyarazi","If the government reduces the cost of solar panels, more people will use renewable energy now."
omukazi aija kukora omukeeto kumara emyaka nyingi atakafokere CFO,She will work in the accounting department for years before she became CFO.
omulimi agesa amacande ge kandi yagatwara hakyoma ijo,The farmer harvested his bananas and took them for pressing yesterday.
"omu 2050, tufirwa ebisa by'enyanja ha kweyongera kwamaizi","By 2050, we lose many coastal areas to sea level rise."
sente zempapura empyaka balihaihi okuzireta,The new currency notes are soon introduced.
Obulemi obw'ababiito bwebembiire Bunyoro kuruga omukyasa ekya ikumi na mukaaga.,The Babiito dynasty ruled Bunyoro since the 16th century.
ekikali kyatooro mu FORT PORTAL kikasikiriza abagenyi baingi,The Tooro palace in Fort Portal has attracted many visitors.
Irwaaro likaba liine hokuzaara nebisiika ebyesonsoire,The hospital has a maternity ward with private rooms.
Ekka yaitu etangirra entambaruki omuka yaitu.,Our family has always had a strong bond in our home.
ekijumankuba nikija okunya amaizi okuraba omubuhuru bwakyo okutunga eby'okulya,The sponge will filter water through its pores to get food.
naija okugalihya emihanda y'entahyaye,He will renovate the streets of his hometown.
nkatera ekihemeheme kandi nakisindika hamutimbagano ijo,I drew a funny cartoon and posted it on social media yesterday.
"Kakuba twogiisa amaizi garukufuka, ntuuba ntukeehyaabo kutuumuka kw'orwooya orurukugenda mumwanya.","If we pump water into the reservoir, we will reduce greenhouse gas emissions."
enu haihi niyo ebaire nsonga nkuru,This has not always been a major issue.
"ekiniga kiaizira omubicweka ebiro ebimu nisobora kwikya, ebiro ebindi tinkusobora","The grief has come in waves some days i can breath, some days l can't."
tutangira omuhikirwaho omuhyaka n'ekijaguzo kyamani omwezi ogurukwija,We welcome new members with a big celebration next month.
amani g'okwombeka buhyaka nigaija kweyongera omubicweka ebyalibihikirweho,Reconstruction efforts will continue in affected areas.
ntahire okubatizibwa kwamunyani wange nobu kiraba tindi mukurisitayo- kibaire kyekitinisa okuba kaiso,I attended a friend's baptism even though I'm not christian-it was an honor to witness.
akahuka nikaija kuba komumwanya kandi kajanjara bwango,The virus will be localized and spreads easily.
Alihebwa obujanjabi bw’okwongera obuzaarwa kumara emyaka ebiri.,She will undergo fertility treatment for two years.
Ekika ekihsyaka eky'ebihingwa kigumira endwara.,The new crop variety is resistant to disease.
tumazire ekiro kyona niturora nitumaliriza omwolekyo gwaitu kandi tukamalira tutungire A,We stayed up all night finishing our presentation and ended up getting an A.
"hakumalira ye kyasa kinu, tuhindura ekoragana yaitu n'ebyobuhangwa","By the end of this century, we had transformed our relationship with nature."
"Obwire omwegi yakaguza ekikaguuzo eki otakatekerezeho, nibwo burungi bw’okwegesa.",The moment a student asks a question you've never considered is the best part of teaching.
omukozi wafilimu akahinduramu omuzanogwe kandi ayetekanize okugwoleka ensi,The filmmaker edits her movie and is ready to show it to the world.
Ntaaha nyine obuleemezi okutekaho omutiima.,I have always had a way of expressing myself.
akora nkwenketo okumara emyaka nyingi atakatandikireho ekitongole ekye,She works as a freelance consultant for years before she started her own firm.
ekwera imukya omutwe gwayo kandi egutwara enyuma no omumaiso okututinisa,The cobra has spread its hood and swayed back and forth to warn us away.
okutwarwa kwitaka nikwija okuletera abalimi okuleka itaka lyabo kandi bakagenda mumbuga,The soil erosion will force farers to abandon their land and move to cities.
Kukuba oburorwaho bugumizamu hikirra abafumu ahonaho.,"If the patient is in critical condition, seek medical attention immediately."
biki ebibaire birugiremu omukukozesa omubazi ogu?,What have been the side effects of this drug?
omrwaire naija kwoleka oburorwaho obwokwekengera,The patient will show signs of sepsis.
noija kwetagisibya okujwara pulasita okumara wiiki mukaaga,You will need to wear a cast for six weeks.
ebihuka bikarubatira hamu murukara bihimbire ebisosonkole nibibigara omukiju,The ants will attack each other in a long line carrying crumbs and dropping them into the ocean.
"tukaguma niturora ntwena hakiro ekyani, nitusaba kandi nitusera okuganyirwa",We stayed up all night praying and asking for forgiveness.
okubaira emiti nambere ebaire etemerwe kigaraho irindiro lyebisoro by'omukisaka mukicweka nambere byali,The reforestation project has provided habitat for wildlife in the area.
abaana bakakora ebijwaro by'ekiro ky'ebimeke,The children made costumes for the Halloween parade.
"Omurundi gwange ogwokubanza kurora enyunyuzi mukimulika, nkehurra ndozire ekitakuhwayo.","The first time I saw the first bright star in the night sky, I felt as if I had witnessed eternity."
tindikwija okusima inyina nyowe habw'okucumba okuhikya obunagezire natandika okwerisa,I will never thank my mother for the cuddly fare until l finally had to feed myself.
ebyenfuna bikatekana omwezi ogurukwija,The economy recovers in the coming months.
nkahura risiti habwesonga z'omusoro,I receive receipts for tax purposes.
nyinenkuru nyowe arukire ebigega eby'akatale kumara emyaka nyingi,My grandmother ran a grocery store for many years.
ngura ebintu omu supamaketi buli wiiki,I buy groceries from the supermarket every week.
okuhandika kwabaramagi kukatandikwaho omukyasa kya 19th om'uganda,Bantu writing was introduced in 19th century Uganda.
omubirri gw'omurwaire tigurukusobora kurwanisa burwaire.,The patient's immune system is compromised.
"kakuba gavumenti ekehya omuhendo gwa sola pano, abantu baingi nibaija kutandi kukozesa amasanyarazi","If the government subsidized solar panels, more people would use renewable energy now."
noyetagisibwa okuyonja amaino gawe emirundi ebiri buli mwaka,You need to have your teeth cleaned twice a year.
enkoragana empyaka eyobusubuzi imukize entundwa ye bw'obulimi aheru yihanga,The new trade deal has boosted agricultural exports.
Omubazi nigutalibanizibwa omu barwaire abarukurwara obune.,The drug has been studied in at least four patients.
"obunahimbire owaana wange owunzaire,nketegereza engozi zaruhanga hali itwe omungeri emyaka","When I held my newborn baby, I understood God's love for us in a new way."
ehudu ekakwaata encu eyebiriisa bingi omukisaaru nekiganja kyaayo ekikooto,The sponge has seeped into my cheek causing it to swell up in smoke.
ebintu by'emikono by'enzarwa nitwija kutwarana okukora orubugo,Traditional crafts will accompany the ritual.
ninyijuba kurungi omurundi gwange ogwokuba kumuga ekikaasa kyokwetiirizaho ebitabu omulyahurro lyebitabu nkamanyira kimu nti hati emihanda yange nyingi,I remember the exact moment l got my library card from the library. l knew one thing: l have lots of roads now.
okubandwa kukaba kulimu emigenzo y'enjura n'okugesa,Traditional religion included rituals for rain and harvest.
Irwarro line ekisiika ky'abakazi benda nabaruku zaara hamu n'ebisika nambere omurwaire akusasurra obujanjabi.,The disease affects the cervical spine and skeletal muscles even when the patient is receiving treatment.
entajumba ekakunga namaani obuyarozire enjoka,The sponge has softened dramatically when it saw the snake.
akatunga okwimukiza ha mulimo,She gained independence at work.
"Tubanza okuha abakuru abaira , amata agatubanza okukama omunte.",We give our grandparents some milk before we have to feed the chickens.
Abalinzi bebitwehinguliriize babaire nibekebiija engeso yebikuya byahansozi obubarozire ebintu ebikozesiibwe.,The researchers were studying the behavior of elephants when they saw artifacts.
"kakuba obaire omuntu akusaba, nosobora okusabira eka yange esaara emu","If you were a praying type, could you say one for my family?"
Twetoroora Kaaba emirundi musanju omukasumi ka Hajji-kitumanyisa obumu bwabaikiriza.,We visit the Kaaba seven times during Hajj-it symbolizes the unity of believers.
"nyegambira nyowe nyeka ninyija okugenda omukitabu bukyali, kandi narora vidiyo mpaka saaha munana ez'ekiro","I tell myself l'd go to bed early, and then watched videos until 2AM."
amagoba kyali nsonga nkuru muno omusonga y'okusiga sente,Interest rates were a key factor in investment decisions.
nkaba nyine esaara eyinasabaga kakuba mpura oturo - nikyo kintu ky'okumalira omubwongo bwange,I had a prayer I say when I'm falling asleep-it's the last thing on my mind.
ekeleziya haihi neka yange ekaba ine ebide ebitera ekiro kyona -nyegomba okubihuliriza,The church near my home had bells that ring all day-I love hearing them.
elyahuro ly'ebintu ebyafayo omubukama byatoro nirija okutunga enyonyi y'ebyafayo,The Tooro kingdom's museum will exhibit historical artifacts.
busayo kintu ekibi nkokurubata mukigana otajaire sokisi,The worst form of bullying is hitting someone in the face with socks on.
"buli mwaka, ninyija okwetegerezamu kataito kandi nyebundanze kataito","Every year, I will learn a little more and have a little fun."
"kakuba nakozire ekintu kyona ntaine okutina rundi okulemererwa,ninyija okutandikaho bizinesi yange","If l have done anything without fear of failure, l will start my own business."
obujanjabi bubaire bwasente nyingi baitu nibukoraho,The treatment was expensive but effective.
omusisi gupimirwe musanju nobutonyezi butano ha mizina ya ricita,The quake measured seven point five on the Richter scale.
ninyija okwijuka akasumi kenyini nkaba nimanya ekikwenda okukora noby'omwezi bwange,I will remember the exact moment l knew what l wanted to do with my life.
akakurato akebyensimbi niketegereza ekitekerezo ekitegekerwe,The accountant understands the concept of preparedness.
Enganikyo zoleka ebya abantu abakuru ebibamanyire,The exhibits show what the elderly know about them.
"tifwireyo ogambireki, tikwija kuhindura ebitekerezo byange","No matter what you say, it won't change my mind."
Ngondezege obu omusomesa yatusomeraga itweena omu high school,I loved when the teacher would read aloud to us in high school.
agalihya emihanda y'entahyaye,He has diversified his income streams.
nyinenkuru nyowe arukaka ebigega eby'akatale kumara emyaka nyingi,My grandmother weaves baskets for the market for many years.
ekijumankaba kinwire amaizi okuraba omubuhuru bwakyo okutunga eby'okulya,The sponge has filtered water through its pores to get food.
ebyafayo eby'okubaza byayolekaga okwijuka kw'abantu abakuru,The artifacts show the memories of elderly people.
Obusonsogoro bwobutindinda bwakozesibwaga nka sente omubusinge obwobulemi obwamatwale butakabaireho.,Corn on the cob was used as currency in pre-colonial times.
atungire okwelema omubyasente,She has achieved financial independence.
anagisa enjura naija kubanza okukora emigenzo kulinda ebirimwa ijo,The rainmaker will perform the ritual to protect the crops yesterday.
Buli murwa guba namakuru noobu kiraaba tutugetegereza.,Each village has its own story that we all understand.
"omwaka nambere titutrukwija okusobora ebisembo, nitwija kwahandikira ebaroha - nkyaine eyange","The year we won't have to worry about presents, we will write each other letters - l still have mine."
ekyoma kyomubaizi kikabaija ekisisani kuruga omukihinju kyekiti,The sculptor carved a statue out of a single block of wood.
ekihoya kikwasirwe n'obukiraba nibakirolera kurungi,The prayer has been blessed with miraculous healings.
nikija okuba muparisi niho babandize okutangatangana,It will be in Paris that they first met.
"Alika ahikire, alishemereire kugenda bwangu.","When she arrived, she had to leave immediately."
Omurwaira atungiire omusaahi gurukwingana nkaaha?,How many units of blood did the patient receive?
Akarwarro nikakira kujanjaba abakazi.,The clinic specializes in women's health.
obujanjabi bukaba nibwetagisa okukebera omusahi buli kaire okurora enkora y'obune,The clinic will require regular blood tests to monitor liver function.
nuwe akwija okunyegesa ngu tikine buzibu bwona okusaba obukonyezi,She will teach me that it's okay to ask for help.
omusaija angire ensimbi omubyara ensimbi omubihanfanzi,The man has made a fortune in the mining industry.
UPDF eketaba omubikorwa by'okulinda obusinge,UPDF participates in peace keeping missions.
ekiragiro ky'ezaabu kibaho buli nyikiriza eyobuzale abandi nibakyenda nkoku betwaza,The golden rule exists in every faith tradition-treat others as you want to be treated.
"Abarukuseruliriza bakaba nibecumuliriza habirukubaho habwempinda hinduka y'obwire haby'okulunda ebyokulya ,obubatandukire emihanda y'okulinda empyaaka.",The researchers were studying the effects of climate change on food security when they developed new adaptation strategies.
gavumenti etairo enkora empyaka hali abalimi abakulima ebyokulya,The government is providing subsidies to farmers who practice sustainable agriculture.
ebicoli bikasiswa kadoima,The coconut was ground into a paste.
tuhaireyo okwongezebwayo waranti ha masanyarazi,We have offered extended warranties on electronics.
abaana nibaija okwega emizano eyeyegesa okuba bagumisiriza,The children will learn games that teach them to be patient.
omusisi nigwija okupimwa musanju nobutonyezi butano ha mizani ya ricita,The earthquake will be measured seven point five on the Richter scale.
abalimi bakozesaze ebijunzire okuhindura engeri y'itaka,Farmers have used compost to improve soil structure.
akakira kimu obubamazire okumusemeza,She recovered somewhat after the operation.
abantu bombeka iramizo erihyaka nambere bona batina,The community has built a new shrine to the dead.
Hampero ey'ebiro eby'okugesa nitwija kukora obugenyi.,At the end of the harvest season we will have a feast.
Ntiirelye ebisisani rudingisa nabusindika hamura kiro kyaijo.,I have not eaten the breakfast cereal I ordered yesterday.
"ntindikwija kunihira nti ninyija kumaraho omwaka gunu, baitu hati ndihanu","I won't promise I'll make it through this year, but here I am."
Aine omulingo ogwandoramu ogunde tera kwehurra nk'omuntu wenka omunsi yoona.,She has this way of looking at me that makes me feel like the only person in the world all day.
"Rora ebinyonyi omumwanya, tibisiga, tibigesa baitu Isinywe anyakuli omwiguru abiriisa.","Look at the birds of the air; they do not sow or reap, and yet your heavenly father feeds them."
njwaire omusalaba omubikya byange - kijukyo ekogu nambere ngwa,I wear a cross around my neck - a reminder of that moment when I fell asleep.
nandibaire ngumireho muno okukira mbaire ntekanize,I would have stayed longer than planned.
"kakuba oyegendereza okarora, noija okurora ngu okumalira kwona kugira esigo eyetandika empyaka","If you look closely, you'll see that every ending has a new beginning."
atunga okwimukiza ha mulimo,He earns a raise at work.
obujanjabi bukakora hamu n'emibazi endi,The drug works in combination with other drugs.
noyetagisa okujwara pulasita okumara wiiki mukaaga,She needed to wear a cast for six weeks.
Omukika kyawe haliyo oburwaire bw'ekookoro?,Is there a family history of asthma?
omukazi naija kusoroza embibo entoro z'okwahura,The woman will collect maize grain for pressing.
akahuka kajanjaire muno mubantu,The virus has been circulating in the community.
omuranga gw'okumanyira eby'obuhangwa nigwija kuhika akakaikuru kamu,The environmental awareness campaign will reach over one million people.
Oratungireho obulemezi kuruga hamubazi gw'okukabisa batakakusemize?,Have you ever had difficulty swallowing before surgery?
buli muntu orukwija kutangatangana amanyire ekintu ky'otamanyire - nigw'omugisa kukyega,Everyone you will meet knows something you don't - it's a chance to learn.
nitwijaguza ebijuma ebyokubanza n'ekijaguzo hairamizo,We celebrate the first fruits with a ceremony at the shrine.
"kakuba nalintalitire obutobo bw'ibale, tinandyombekere obwomezi bwange ngeri nali ni nyenda","If l had pursued a career in accounting, l never would have structured my life the way l wanted it."
omusoro gwa aberambanda gukahambiriza baingi omubusibi,The income tax has forced many into wage labor.
"Hakubatizibwa kwamunywani wange, nkabaho nobundaba ntali mukristo baitu gwali mugisa kubaho.","At a friend's baptism, I said that I was not a Christian but that it was a blessing to be alive."
ekyenyanja rulindwa ngamba kikezimbiiko mumusenyi obwe bigonzi byaculiire,The shark will burrow into the sand when the tide went out.
ngizire akasonda omukisika kyange nambera nsaabira- kyanguhire baitu kihikirire hali nyowe,I have had a pillow in my room where I pray-it's simple but holy to me.
Ekitebe kyemizaano erukusekesa eihyaaka nikiija kukinguraho okuzaana kwanyegondize okwekiro habwabazaani abebigene abato.,The new comedy club will open with a sold-out night for amateur comedians.
"Kakuba ndi wokukugambira ekintu kimu hali enaku, nikyo ngu otaligyehugura-ogirabemu.","If I could tell you one thing about grief, it's that you never get over it-you get through it."
nsangire ruhanga ayanguhire muno omuby'obuhangwa kukira omubyombeko,I have found God more easily in nature than in any building.
irwaro likomeremu okujanjaba obwomezi byabakazi bonka,The clinic specializes in women's health.
akenyumirizamu omukucumba kwe,He rejoiced in his recovery.
omufumu akakozesa ebisaka n'oburogo,The emperor has used herbs and legumes.
eka yaitu ikaire netangira abanyamahanga omunju yaitu,Our family has always welcomed strangers into our home.
Ebinyonyi Bikafurukira bugwaizoba buri mwaka kwetantara obutiti bw’obwire bw’embewo.,The birds migrate east every year to escape the cold winter.
kiki ekirikwija okuba ekyokwegezamu kyawe kyabulikiro kuba?,What will be your exercise routine like?
tinadisimire nyina nyowe habwocumba okuhikya obunagenzire natandika okwerisa,I never thanked my mother for the cuddly farewell dinner until l finally had to feed myself.
omuzini ayegezamu amazina g'okugesa omwezi ogukwija tutakahikire hakijaguzo,The farmer tested the seeds for harvest next month before the festival.
"ninyija okwegambira nyeka ninyija okugenda omukitabu bukyali, kandi narora vidiyo mpaka saaha munana ez'ekiro","I will tell myself l'd go to bed early, and then watched videos until 2AM."
Balimire amawinde nibakozesa karakita.,They have planted vines using caravans.
ninyja okusasura ebintu byange nsuwarensi ijo,I will pay my property insurance yesterday.
Ibura ly'amaizi likwasireho muno ebyobulimi mu kicweeka kyaito.,The water scarcity has affected agriculture in our region.
"omukazi akangamba,""omusana nigwija kujwa omurundi gundi nyenkya, kandi naiwe oti.""","She tells me,""The sun will rise again tomorrow, and so will you""."
omuzani naija okuzana nkenmazi omumuzano,The actor will play the role of the hero in the drama.
obujanjabi bwetagisizibwe okukebera omusahi buli kaire okurora enkora y'omusahi,The clinic has required regular blood tests to monitor liver function.
tuhaireyo okwongezebwa kwa waranti hamasanyarazi,We have offered extended warranties on electricity.
okubandwa kubairemu okwikiriza omuruhanga,Traditional religion included belief in a supreme creator.
Noija kwetaaga kujwara ekiseminti kumara sabiiti mukaaga.,You will need to wear a cast for six weeks.
"kakuba tutulinzire ebibira baitu, ntusobora okulinda engeri eby'ebihangwa eby'emihanda n'emihanda","If we protected our forests, we can preserve biodiversity and prevent climate change."
nibaija kulima omusiri ni bakozesa turakita,They will plow the fields using a tractor.
egali y'omwika eraba aheru y'orubuga ekaba nungi muno nti nkaba ntasobora okubyama ntagirozire,The train ride through the countryside was so beautiful that I couldn't sleep a wink.
omumwaka gw'enkumi ibiri asaatu tufunire okukeha kwingi muno hakusisika kwobuhanwa,"By 2030, we have achieved a significant reduction in deforestation."
"omu 2050, tukafirwa ebisa by'enyanja habwo okweyongera kwamaizi","By 2050, we have lost many coastal areas to sea level rise."
obuguuda bwihanfa nubuleberizibwe okukurra ha ndubata ingaine -ingaine,The yellow fever has been linked to cholera outbreaks.
naija okukira kimu hanyuma y'okumusemeza,She will recover well after the operation.
ebitabu ebihanganzi bihindwire engeri y'itaka,Organic fertilizers have improved soil structure.
anaga ejura azinire nukwo enjura egwe egi eyitubaire nitwendera ebirimwa ijo,The rainmaker has stopped pouring rain when we were visiting crops yesterday.
"Nkaba ntamanyire ndisobora kurabamu ogu omwaka, baitu dora kandi hanu.","I didn't think I'd make it through that year, but here I am."
omujajabi akozeseze amani gabaisenkuru okukiza omusaija omurwaire ijo,The healer has used the power of the ancestors to cure a sick man yesterday.
ebicoli bisisirwe kadoima,The biscuits are fried in oil.
"gunu omurundi wiiki erukwija, tubyamire hamusa gwenyanja","This time next week, we lay on a beach."
ninyenda okusara sukali,I need to cut down on sugar.
"nkegambira nyowe nyeka ninyija okuganda omukitabu bukyali, kandi narora vidiyo mpaka saaha munana ez'ekiro","I told myself l'd be reading a book early, and then watched videos until 2AM."
omurwaire ayolere oburorwaho obwokwekengera,The patient has shown signs of sepsis.
"omugonzibwa ruhanga, arolerire eka yange kandi obalindi kurungi","Dear God, watch over my family and keep them safe."
irwaro rigagira eryahuro ry'ebitabu byabarwaire ebirukukwataho obwomezi bwabo,The hospital maintains a patient library with health information.
ekicweka kaitu kirinzire obusinge okuraba omubigambo by'abakuru,Our clan has kept the peace through the words of the elders.
Akatebe akeby'ensimbi nikamaliiriza ensoborra ( ripoota ) eyabuli mwaka.,The finance committee has finalized its annual report.
"Kakuba nakukozire ekintu ntaine butiine butiini bwokugwa, nakutandikireho entaahya yange.","If I could do anything without fear of failure, l'd start my own business."
Omurwaire nayoleka oburorwaho bwokuba kubi.,The patient will show signs of sepsis.
Wiiki ehweire ninja kutunda emu hamigabo nukwo ntunge sente.,I sold some shares last week to raise cash.
abajungu bakahandi ebyamaguzi kandi nendimi,Colonial officials recorded local customs and languages.
"omugozibwa ruhanga, bambi rolera eka yange kandi obalinde kurungi","Thank goodness, others have cared for my family and kept them safe."
Ninja kukigonzaga obu omusomesa yatusomeraga itweena omu high school,I will love when the teacher would read aloud to us in high school.
"obunahimba omwaana wange owunazara, nketegereza engozi zaruhanga hali itwe omungeri empyaka","When I held my newborn baby, I understood God's love for us in a new way."
sente zempapura empyakabakaziturukya,The new currency notes have been introduced.
okulima enyiringanikihondire orugyegye orwobuhangwa,Contour plowing follows the contours of nature.
Yakugondeze oije ha bugenyibwe.,She has asked you to come to her party.
tihakwija kuba kintu kibi nkokurubata mukigana otaine sokisi,There will be nothing worse than getting hit in the face with a sock.
Omubazi nigusobora kukoragana n'emibazi endi.,The drug can interact with other drugs.
kanpuni etungire abahakaniza abataito,The company has won numerous competitors.
Tukaziika Isenkuru nyowe omunjura kyakabiri yahindura buli muntu entekereza.,We buried my grandfather on a rainy Tuesday that changed everyone's mind.
omutendereza naija kumanyira abakuru nekizina kye ijo,The praise singer will acknowledge the chief's bravery with his song yesterday.
obutafwali bwomubiri obwomurairebubaire bukwasirwe,The patient's immune system has been compromised.
ninyija okwijuka ekiro natungire kadi y'erwahuro ly'ebitabu obujunanizibwa bwingi,I will remember the day l got my library card so many times.
tukaha okusima hali emyoyo y'omurusozi habwa emyandara na amabale,We give thanks to the spirits of the mountains for the rocks and stones.
"Akairiringwa nikaija kusiisa isomero, kyonka omugisa murungi abaana bakaba bataliyo obwire obwo.","The tornado will destroy the school, but fortunately the children were not there at the time."
obukama byakitara bwikaire nibwijukibwa omunganikyo n'omubizina,The Empire of Kitara has been remembered in epic poems and songs.
ebisosoro byebitindinda bikora nkasente buwire kw'okulema kwabajungu,Traditional crafts have contributed greatly to the local economy.
ninyija kwijuka akasumi kenyini akaba munyani owamazima-nambere atalinsekeraize omukasumi obukaba ndi kubi,I will remember the exact moment l knew she was a true friend-even when she didn't laugh at my worst moment.
john hanning speak akahika hansibuko y'ekisaru kya nile omu 1862,John Hanning Speke reached the source of Nile in 1862.
orulengo rwemihendo nurwija kutekaana omubwanfu,The inflation rate will rise sharply.
Ekiro ekyaijo omuzini azinirege nkonku ekyaro kyaitu kyatandikire.,Last night the village crier told the story of how our village got its start.
NRA ekaleeta endema endi.,The NRA has developed a parallel administration.
okulisa muno kukehya obusobozi bwitaka okugara enjura,The overgrazing reduces the soil's ability to absorb rainfall.
abalimi bakakozesa ebijunzire okuhidura engeri y'itaka,Farmers used compost to improve soil structure.
"Obwire omwegi yakagwize ekikaguuzo eki otakatekerezeho, nibwo burungi bw’okwegesa.",The moment a student asks a question you've never considered is the best part of teaching.
"kakuba watilibaine, ekitabu ky'emirimo kyandibalize- kiri hakubonabona n'okwikiriza","If you hadn't, the book of job would speak volumes-it's about suffering and faith."
nzinirenge ekidandali nabanywaani bange ekiro,I danced the dance with my friends last night.
"kakuba nkugambira ekintu kimu hali ekiniga,kiri ngu tokwija kukirugaho-nokirabamu","If I told you one thing about grief, it's that you never get over it-you get through it."
"nyikaire ntakukinihira ngu ninyija kugura eka yange, baitu ndi hanu, ninyija kutekaho omukono hakipapura wiiki ekwija","I never thought l'd be able to buy my own home, but here l am, signing the papers next week."
ebintu by'emikono by'enzarwa tutwaraine okukora orubugo,Traditional crafts have included barkcloth making.
Omuhabiremu abaire atali nuwe.,The patient was not himself.
ninyijuka akasumi kenyini nikimanya akaba munyani owamazima-atansekereze omukasumi obukaba nidi kubi,I remember the exact moment l knew she was a true friend-she smiled at me even when l wasn't.
ekitebe nikija kugwa omu1977 habw'okwahukana mupolipo,The party will collapse in 1977 due to political differences.
Abantu ababandize kwikara omukicheka eki bakaba bali baliisa kandi bahigi bebyokulya.,The earliest inhabitants were nomadic hunter-gatherers.
ebintu ebimu ebyomugasotinyine ekikwetagisa isomero,Some of the things you dread need schooling.
"nkaba nttaine kuninhira kwona ngu ninyija kusobora kugura eka eyang,baitu ndi hanu, nitekakaho omukono hakipapura wiiki erukwija","I never thought l'd be able to afford my own home, but here l am, signing the papers next week."
amani g'okwombeka buhyaka geyongire omubicweka ebyali bihikirweho,Reconstruction efforts continued in affected areas.
"nkaba ntakunihira ngu nisobora okugura eka yange, baitu ndi hanu, nitekaho omukono hakipapura wiiki ekwija","I never thought l'd be able to buy my own home, but here l am, signing the papers next week."
Wiiki ehweire nintunda emu hamigabo nukwo ntunge sente.,I sold some shares last week to raise cash.
amaya iruka muno nti ekitalago tesobora okugigwata,The cobra ran so fast that the cobra could not catch it.
okutwarwa kwitaka kukaletera abalimi okuleka itaka lyabo kandi bakagenda ummbuga,The soil erosion forced farers to abandon their land and move to cities.
okubura kwamaizi nikwija kutabaniza ebyokulima n'obulisa omukicweka,The water scarcity will affect agricultural production in the region.
"akasumi kona mbaire nitekereza ntungire okugarukwamu, nyega ekintu kihyaka","Every time I thought I'd made it back, I learned something new."
tuzikire isenkuru nyowe kyakabiri omunjura nukwo kikakwataho embera yabuli omu,We buried my grandfather on a rainy Tuesday that matched everyone's mood.
omulimo omukuru omukitebe nigwija okuba okubanza okuba abanyani kandi no okukorahamu,The best part of the job will be making friends first and working together second.
omusomesa wange oyokusiga akaba agambire ngu tinyine ekisembo -nkamwoleka nti agwire,My art teacher had told me l had no talent - l proved her wrong.
omulimo gy'okuzirukya ekisaru gukagaraho obwomezi bw'ebihangwa okumara emyaka eataano,The wildlife rehabilitation project has been ongoing for five years.
eka yange nija okuba niyikiriza yange ey'okubanza -ebisigare bihondera hanyuma yekyo,My family will be my first community of faith-everything else flows from that.
nigenza esimu yange egendwehoomuire,I have had my cell phone charged.
"Ebyokulya omu katale ako bibaire birungi muno, nkagarukayo emirundi ena omu biro bibiri.","The food in that market was so good, I went back four times in two days."
UPDF eketaba omubitebe kalinda businge.,UPDF participated in peace keeping missions.
Ninyijuka obwire obu bwonyini nkamanya ekiniakwetaaga kukorra nobwomezi bwange.,I remember the exact moment l knew what l wanted to do with my life.
embuzi nibaja kuziha omubazi gw'enjoka nkabulikiro,The goats will feed on the serpent's tail as pets.
nsaswire amaizi gange ijo,I washed my hands yesterday.
"kakuba ntatereobutobo bw'ibale, tinandyombekere obwomezi bwange ngeri nali ni nyenda","If l hadn't had the priesthood, l never would have lived my life the way l wanted to."
Emitaano ayabakemi bamatwale etafeeho obuzaale nengeso ezobuzalirwana.,Traditional ceremonies have included fertility ceremonies.
nitwija okuzika isenkuru nyowe kyakabiri omunjura nukwo kikakwataho embera yabuli omu,We will bury my grandfather for the second time in a new cemetery.
abazirweneho bagarukire n'ebitekerezo ebihyaka n'okunihira,Veterans have returned with new ideas and expectations.
Aliyo nayetekanizira ebigezo.,She has stood the test.
irwaro likakomamu okujanjaba obwomezi bya abakaizi bonka,The clinic specializes in women's health.
begulire emotoka empyaka bonka na bonka,They have bought themselves a new car.
abaana baitu bakahura nkonku twatangatagaine- batuletereza okukibazaho buli hanyuma y'omwaka mubuswere baitu,Our children have heard the story of how we met-they make us tell it every anniversary.
irwaro rikatekaho obujanjabi bw'abazaire abaine enda,The clinic offers prenatal care for expectant mothers.
kampuni neja kutangatangana okweteranizamu kw'abemigabo,The company will face shareholder activism.
obukama byakitara nibwija okwijukibwa omunganikyo n'omubizina,The Empire of Kitara will be remembered in epic poems and songs.
obujanjabi nibwija kuba bwoburumi baitu nibukoraho,The treatment will be painful but is usually effective.
buli muntu oratangatangaineho amanyire ekintu ky'otamanyire - nigw'omugisa kukyega,Everyone you've met knows something you don't - it's a chance to learn.
Milton Obote akebembera Uganda okuhika ha kwereme.,Milton Obote led Uganda to independence.
tuhaire amata g'ent ag'okubanza hali ba'isenkuru itwe,We have given the first milk from the cow to our ancestors.
Enyanja Victoria niyo erukukira obukooto omu Africa.,Lake Victoria is the largest lake in Africa.
naija okubaigora omuti ogutali nugwo,He will bark from the wrong tree.
sitage y'ebyemizano empyaka shakespeare azanira buli musizoni youmsana,The new theater stages Shakespeare plays every summer.
andindisize okumara esaha yona,She made me wait for an hour.
omukazi akabanza kukora omukitongole kyokuhereza abaguzi atakabaire kirolerra mirimo.,The woman had previously worked in the customer service department before she became manager.
Orugendo rwegaali y'omwika kuraba omu bugwa izooba rukaba muno habwokuba nta hungi reho kakube kukoimya.,The train ride through the countryside has always been peaceful.
kiki ekibaire ekyokulya ekitarukwikirizibwa,What has been your dietary restrictions?
egali y'omwika eraba aheru y'orubuga neja kuba nungi muno nti nkaba ntasobora okubyama ntagirozire,The train ride through the countryside will be so beautiful that I could not sleep a wink.
Kumara emyaka nyingi nyinenkuru nyowe aruka ebiibo eby'akatale.,My grandmother has woven baskets for the market for many years.
Ninja kutunga obuzibu nokuteekana hamulimo,I will have trouble focusing at work.
tinkwija okwomera ntaine amasanyarazi,I will not live without electricity.
ekiragiro ky'ezaabu kibaho buli nyikiriza eyobuzale abandi nkoku betwaza,The golden rule exists in every faith tradition treating others the way we want to be treated.
noyetagisibwa okuwikaza okuguru kwawe kwimukize kukehya okuzimba,You needed to keep your leg elevated to reduce swelling.
amaya ekakairuka muno nti ekitalago tikisobora okugikwata,The bear ran so fast that the tiger could not catch it.
tukatangira omuhikirwaho omuhyaka n'ekijaguzo kyamani omumwezi ogurukwija,We welcome the new comedian with a big celebration next month.
Omurwaira naija kutuunga omusaahi gurukwingana nkaaha?,How much blood will the patient draw?
eka yange ebaire nyikirza yange y'okubanzaba -ebisigaire bihondara hanyuma yekyo,My family has been my first community of faith-everything else flows from that.
abantu baisoroize omuka y'omunyoro habworukurato,People have gathered at the chief's house for the meeting.
"kakuba tubaire tukozeseze amaizi agakufuka habwengoye, ntusobora okulinda amasanyarazi kandi tukehye omwika","If we have used cold water for laundry, we can save energy and reduce emissions."
ekinyonyi rururbatatoro kirekuurra handa kyacwanganiza ebiruka nukwo kihikeho amaizi,The butterfly has soared to the ground that it reached the water's edge.
obubakozire okuseruruza okubatetekanize,When have they made a breakthrough discovery?
"omuntu weena owotaganana tangana anyina ekyamanyire iwe ekyotamanyire , kandi kinu nikisemera kukuha omugisa okwega","Every person you meet knows something you didn't, and this ought to give you a chance to learn."
nyikaire ninyetagisa okukebeza sukali mumubiri buli kaire,I have needed to have my blood sugar levels checked regularly.
Omubazi gwa sente nyingi baitu nigukora.,The surgery is expensive but effective.
omusisi gukapimwa musanju nobutonyezi butano ha mizani ya ricita,The earthquake measured seven point five on the Richter scale.
"Omuzaano ogworutimbi ourukusekesa buli omu, nagubazaaho.",The comedy team has laughed it off to everyone's ears.
Omuziini akateeekaniza ebyafaayo by’okutandikaho ekyaro kyaitu nyomwabazyo.,The farmer told the story of the founding of our village that day.
Omurwaira akatuunga omusaahi gurukwingana nkaaha?,How many units of blood did the patient receive?
joseph kony ayebembire orutaro rwokuhakaniza orwaLRA,Joseph Kony has led to LRA rebellion.
Obubavumbuire ebibakaba batarukuruhira.,You've told them what you didn't expect.
itwe tuha endagaano eraihireho eyokulinda ebyamasanyarazi ebiguzirwe.,We offer extended warranties on electricity purchases.
banka enkuru ekehya amagoba,The central bank has offered interest rates.
obutafwali bwomubiri obwomuraire bukwasirwe,The patient's immune system has been compromised.
"nkaba ntakinihira nti ninyija kumaraho omwaka gunu, baitu hati ndihanu","I never thought l'd make it through that year, but here l am."
tukazika abafu baitu omwitaka nambere baisenkuru itwe bahumura,We bury our dead in the ground where our ancestors rest.
Buleemeziki obusobora kurunga omu kukozesa omubazi gunu?,What are the side effects of this drug?
"gunu omurundi wiiki erukwija, tubyame kubyama hamusa gwenyanja","This time next week, we lay on a beach."
nakwikaireho akasumi karaihireho kukira akankaba ntegekere,I have stayed longer than planned.
akabaighora omuti ogutali nigwo,He has cut down the wrong tree.
obujanjabi butaikiranganize n'ebera y'omutima,The treatment has been linked to heart disease.
ekigongoro kikatahira omumusenyi obu ekihu kyagenzire,The shark burrows into the sand when the tide went out.
akasasura amabanjage gona,He has paid off all his debts.
Ntugireemu obuzibu nokuteekana hamulimo,Avoid stress and anxiety at work.
obujanjabi bubaire tiburukwinganiza n'embera y'omutima,The medication was contraindicated with certain heart conditions.
"Obuntekereza ngu nkyetegeriize,nubwo nyega ekintu ekihyaka.","You make me think l've figured it out, but l'm learning something new."
obujanjabi byasente nyingi baitu nibukoraho,The treatment is expensive but effective.
naija okusasura amabanjage gona,He will pay off all his debts.
"Obusasi bwija nkebigonzi ebiro ebimu ninyikya ,ebiro ebindi tindukusobora.","The pain comes easily some days l cope , other days l can't."
Ninyujuka akasumi akananyiire kimu ngu nuwe nywani owahikire- obwataransekeriize omukasu kange akabi.,I remember the exact moment l knew she was the best friend - when she didn't laugh at my worst moment.
"omurundi gwokubanza obundukwija okurora enyunyuzi okuraba omukitangazo, niyija okuhura okubaho kwenkintu ekitakuhwaho","The first time I will look at a star in a mirror, I will feel the presence of something infinite."
ekibumbe nikija owoleka ekisani ky'omurwani w'ekyaro,The sculptor will carve a statue of the village hero.
buli bwirebwona nyijuka akasumi na yetegerrizemu ekintu ruksabe mazire akasumi kaingi obwire bwingi obwa ameezi nindengaho kukyetegereza kirembe,Every time l see her l remember the moment l understood something l prayed for so many times l've struggled to understand peacefully
enkoko bakazirisa cacu,The chickens were fed with maize grain.
nyine koriyani eyekaba ya isekuru nyowe- kikaba kimu habintu ebyomuhendo ebyobugwetwa,I have a Korean that belonged to my great-grandfather-it's one of my most precious possessions.
akaba alibize nayetekaniriza ebirenngeso,She had been preparing for her exams.
abekento barabizemu amaiso omukihandiko kyentekaniza yaitu,The community has paid lip service to our charity.
ekitebe kyabantu kikasagika bandi okuterayo akazina kandi kamu,The crowd cheered for the band to play one more song.
"Twine omugenzo gwokukingura ekisembo kimu hanweri okuzooka , kandi nukwo butoosa.","We have a tradition of opening one gift on Christmas Eve , and that's okay."
"kakuba tukozeseze amaizi agkufuka habwengoye, ntusobara okulinda amasanyarazi kandi tukendeze omwika","If we have used cold water for laundry, we can save energy and reduce emissions."
Abasubuzi abaswahiri bakatema emihanda kutaaha hagati.,Swahili traders established routes into the interior.
eka yaitu nija okutangira abanyamahanga omunju yaitu,Our family will always welcome strangers into our home.
Akahebwa obujanjabi bw’okwongera obuzaarwa kumara emyaka ebiri.,She underwent fertility treatment for two years.
"obumpimbire owaana wange owunazaire, nketegereza engozi zaruhanga hali itwe omungeri empyaka","When I held my newborn baby, I understood God's love for us in a new way."
Kuruga ira na ira oruganda rwaitu rukamanya ekisoro eky'omuziro gwabu.,"For centuries, our clan has known each other's true colors."
Nkatunda emigabo nukwo nyunge ezaburoho.,I sold shares to raise cash.
nija kugura ebintu mu supamaketi buli wiiki,She will buy groceries from the supermarket every week.
"omu 20250, tuferirwe ebisa byenyanja habwo okweyongera kwamaizi","By 2050, we have lost many coastal areas to sea level rise."
"dora ebinyonyi omumwanya; tibisigire rundi okugesa, baitu iwe ise owomwiguru obirisa","Look at the birds of the air; they have not sown or reaped, yet your heavenly father feeds them."
Omusaija akuziibwe hamulimo.,The man has been fired from his job.
noija okwetagisibwa okukebera igufwa lyawe ly'omugongo,You will need to have your bone density tested.
naija okukora omukicweka abaguzi batungira obuyambi kumara emyaka atakabaire omurolerezi,She will work in the customer service department for years before she became manager.
okuhandika kwabaramagi kukatandika mukyasa kya 19th m'uganda,Baramati literature begins in the 19th century Uganda.
Omukazi abaire nakora omukikeeto kumara emyaka atakafokere mukuru w'ebyensimbi.,She had worked in the accounting department for years before she became CFO.
"omwaka nambere tutalisobwoire ebisembo, tukehandikira ebaroha - nkyaine eyange","The year before we got engaged, we wrote each other letters - l still have mine."
"Omwehanga hangi ekisisani nyaisatu , akaiihamu kurungi ,mukikuya kyomuti kimu kiti.",The sculptor carved a statue of the triune God out of a single block of wood.
"obu ntalirubasire, nkega okuba wamani omubiro obunkaba","When I'm not stressed, I learn to be grateful for the things I have."
"Njwara omusalaba omubikya byange,gunyijukya nooha owumpondera.","I wear a cross around my neck, a reminder of who I belong to."
abantu bombekere iramizo erihyaka namebere bona batina,The community has built a new shrine at the sacred spring.
"hakumalira ye kyasa kinu, tukahindura ekoragana yaitu n'byobuhangwa","By the end of this century, we had transformed our relationship with nature."
naija kubabize nayetekaniriza ebirengeso,She will call and arrange for appointments.
naija okwenyumirizamu omukucumba kwe,He will be proud of his achievements.
Okukaguzibwa kukaba kutali kurungi okuhikya obunabalizeeho emirimu ei nakozire niiya-mba buyamba ekyahindwire buli kimu.,The pressure was so bad that I had to finish the job I had been working on-it changed everything.
okaire noyetagisibya okukebera igufwa lyawe ly'omugongo,You have needed to have your bone density tested.
tukajaguza amagesa hakumalira kwa sizoni,We celebrate the harvest festival at the end of the season.
Enguta y'okubanza eya caayi yanyenkyakara nigwo omugenzo oguke ogutagurukaga.,The first sip of morning coffee is a long tradition.
enyange ekeemerra eterekeriire mumaizi agatahamire,The egret has soared to new heights in shallow water.
"Obunahimbire omwana waitu,nketegereza okugonza kwa Ruhanga halitwe buhyaka.","When we welcomed our newborn baby, I understood God's love for us all."
kiki ekirikwija kuba ekyafayo ekyeka yawe hali kookoro,What will be your family history of cancer?
kakuba ntararabirweho baasi ekiro eki tinakutangaine engajani yange.,"If l hadn't missed the bus that day, l never would have met my best friend."
enyunyuzi zikaka muno ekiro omumwanya kukira ebitara by'omurubuga,The stars are shining through the night sky above the city lights.
nagonzaga obwomumwegesa rundi omusomesa yasomaga bbwa nayatura ebigambo hali itwe nobundaaba nkaaba omu kilassa za haigure omu lsomero,I loved the way the teacher would read aloud to us when we were in grade school.
NRA etandikire enkora endi,The NRA has launched an investigation into the matter.
irwaro line erahuro ry'ebitabu byabarwaire ebikukwataho obwomezi bwabo,The hospital has a patient library with health information.
omusomesa wange owunyenda agambira ngu nkaba nyina ekisembo kyokuhandika ebigambo ebi bikasigara nanye,My favorite teacher tells me l had a gift for writing those words stayed with me.
"ninyija okukaguza nyinenkuru nyowe kiki ekiyarozire- akamwenya kandi yangamba,""ekyererezi""","I will ask my grandma what she saw- she smiled and said,""Light""."
embuzi bakaziha omubazi gw'enjoka nkabulikiro,The goats were sacrificed to the serpent in a sacred grove.
okucamuka kwamabale hansi omwitak nikwija kuletaho okuhangwaho obuhanga muhagati y'enyanja,The volcanic eruption will create a new island in the middle of the ocean.
Noija kweetagisibwa amaino gawe kwogebwa omu irwarro emirundi ebiiri omwaka.,You will need to have your teeth cleaned twice a year.
ninyija okujwara omusalaba omubikya byange -kijukyo ekyogu nambere ngwa,I will wear a cross around my neck-it's a reminder of who I belong to.
anagisa enjura akozire emigenzo lulinda ebirimwa ijo,The rainmaker has performed the ritual to protect the crops yesterday.
omufumu naija okukozesa ebisaka n'oburogo,The emperor will use herbs and legumes.
ekitebe kigwire omu 1977 habw'okwahukana mupolipo,The party collapsed in 1977 over political differences.
sente zempapura empyaka zibaire haihi okuturuka,The new banknotes have been nearing maturity.
entajumba ekakora omuranga ogurukusandara obu yaboine enjoka,The spider made a loud chattering sound when it saw the snake.
Kugarraho buhyaka ebyasisikaire nukugenda omumaiso omubikaro ebyasisikaire.,Reconstruction efforts continue in affected areas.
Abaago nibajakukwaita ekikaaro kyahaiguru omukikaali,Traditional religion played a central role in early Christianity.
"Aborubuga orukooto, bataireho entekaniza n'enkora y'okukeehya orwooya orwebisoro biikya kugenda mumwaanya.",The conservationists developed a system to reduce the risk of predators escaping the area.
ekiikaro kyokukoorramu emizaano nikiiji kwanguhira naabalema kukutahamu,The theater will be accessible to people with disabilities.
obukama byakitara bukaijukizibwa omunganikyo n'omubizina,The Empire of Kitara is remembered in epic poems and songs.
obusoro rwomunyanja rusengiija burasengiija amaizi kuraba mubuhuru bwabwo kutunga ekyokulya,The sea cucumber will filter water through its pores for food.
Abaana nibeega emuzaano eyokubegesa okugumisiriza.,The children are learning the game to learn to be patient.
Itwe tusiima emizimu ey'omunsozi nomumyandara namabaale.,We have appreciated the spirits of the mountains and rocks and stones.
noyetagisibwa okukebara igufwa lyawe ly'omugongo,You needed to have your bone density tested.
enguta eyokubanza eya caayi w'omwani gwali murwa omutaito oguntalyosaga,The first sip of morning coffee was in a small basement.
tuzika abafu baitu omwitaka nambere baisenkuru itwe bahumura,We bury our dead in the ground where our ancestors rest.
Omusaija ataire embyarwa omubuli katongole,The man has made a full recovery.
Yoweri Museveni akataho Amahe agaboona Rwangirra.,Yoweri Museveni paid tribute to Rwangirra.
Pamba ekafooka ekirimwa ekirukuleeta entahya omu Uganda omukutandika okwekyasa ekya 20.,Cotton became a major cash crop in Uganda in the early 20th century.
ekitebe kyabantu nikinja kusagika bandi okuterayo akazina kandi kamu,The crowd will cheer for the band to play one more song.
omulimo gy'okuzirukya ekisaru gugaraho obwomezi bw'ebihangwa okumara emyaka etaano,The river reclamation project restores biodiversity for five years.
"Amahikireho kakye, yaahita agendaho.","When she got there, she immediately left."
beeya ekakwata esamaki omukyeya n'ebinono byayo ebikoto,The bear caught a fish in the river with its huge paws.
egali y'omwika eraba aheru y'orubuga ebaire nungi muno nti nkaba ntasobora kubyama ntagirozire,The train ride through the countryside was so beautiful that I could not sleep without it.
"tukaba twine enkora enu enkuru eyokukingura ekisembo kimu hanyuma ya crisimasi, kandi bikizire kuba empale zomunda","We had this tradition of opening one gift on Christmas Eve, and it's always pajamas."
Abaire nayebembera akatebe kumara emyaka atakafokere karagiira omukuru,She has led the community for years before she became president.
ekyoma kyomubaizi kikabaija ekisisani kuruga omukihinju kyekiti,The sculptor carved a statue out of a single block of wood.
kanpuni egalihize enkora yayo ey'okukora habyoma byakalimagezi,The company has expanded its e-commerce operations.
kanpuni nija okutunga abahakaniza abataito,The company will acquire a smaller competitor.
omusaija atungire okweyemerezaaho omusimbi,The man has gained weight through exercise.
"Obwire omwegi Alikaguza ekikaguuzo eki otakatekerezeho, nibwo burungi bw’okwegesa.",The moment a student asks a question you've never considered is the best part of teaching.
kiki ekirikwija okurugamu omukukozesa omubazi ogu?,What will be the side effects of this drug?
eka harwigi orukugarukaho nibaija okutugura ebyokulya by'omwezi gwona hanyuma y'okusemeza,The next family will buy us food for a whole month after the transplant.
omuranga gw'okumanyira eby'obuhangwa guhikire abantu akakaikuru kamu,The environmental awareness campaign reached one million people.
akahuka kabaire komumwanya kandi kajanjaire bwango,The virus was localized and spreads easily.
Ai Ruhanga nolema ekayange kandi obalinde.,O God protect my family and keep them safe.
"Obu oraabe wakasiimire eby'okwega byawe, gambira omuntu eyabikusobozese.","If you have appreciated your education, tell someone who made it possible."
"Omutekanisa webisisani by'oeutmbi ayecencwiire omuzaana gw'ebisisani ebiruugenda , n'amaraka gaakyo kandi ayeteekaiize kugwoleka omunsi yoona.",The theater's artistic director has championed the moving image with her collages and is ready to show it to the world.
kiki ekibaire kwokwegezamu kyawe kyabulikiro kuba,What has been your exercise routine like?
Omurwaire atungire esagama erukwingana nkaha?,How much blood did the patient draw?
Ekikaro ekyolekerwamu ebintu harumu n'emirimo y'engaro eyaira.,The museum displays artifacts from the past.
buli muntu watangantangaine amanyire ekintu ky'otamanyire - nigw'omugisa kukyega,Everyone you've met knows something you don't - it's a chance to learn.
omufumu akozeseze rbisaka n'oburogo,The emperor has used a bow and arrow.
ekijumakuiba kikanwa amaizi okuraba omubuhuru bwakyo okutunga eby'okulya,The sponge has filtered water through its pores to get food.
ninyija okusasura amaizi gange ijo,I will pay my water bill yesterday.
omukago gw'obusubuzi omuhyaka gwimukize ebitundwa aheru,The new trade deal boosted exports.
omulimi naija kugesa amacande ge kandi agatwale hakyoma,The farmer will harvest his bananas and carry them to the market.
nyikaire niburwamu omulingo abatahi batimba ebijaguzo obukaba nkyali muto,I have always admired the way actors treated celebrities when I was a kid.
enkoko nibaija okuzirisa cacu,The chickens will be fed with maize grain.
abantu nibaija kwombeka iramizo erihyaka nambere bona batina,The community will build a new shrine to the dead.
arolera ekitebe kumara emyaka nyingi atakabaire mukuru,She has led the congregation for many years before she became an elder.
omukago gw'obusubuzi omuhyaka gukaimukya ebitundwa aheru,The new trade deal boosted exports.
niyija okwijuka bulikiro akasumi nayetegerizemu isomo eryatabanizaga okumara emyezi,I will never forget the day l finally understood a concept l'd struggled with for months.
tuketorora kaaba emirundi musanjuomukaire kahaji- kitwijukya obumu nkabaikiriza,We have collected seven Kaaba shrimp casks-it reminds us of the unity of believers.
ekeleziya haihi neka yange nija okuba iine ebide ebitara ekiro kyona -nyegomba okubihuliriza,The church near my home will have bells that ring all day-I love hearing them.
"Akasumi ak'omweegi akagilizaamu EKIKAGUZO ekyobaire otarukhra, ako nuuko akasumi KONYINI akokwegesezaamu.","The student asked a question that had never been answered, and that was the best part of teaching."
"nitwija okumara ekiro ekyani kyona niturora, nitusaba kandi nitusera okuganyirwa","We will spend the whole night together, praying and seeking forgiveness."
nyijukire akasumi kenyini nkaba nimanya ekikwenda okukora noby'omezi bwange,I remember the exact moment l knew what l wanted to do with my life.
owenanga ruhuhwa nayongeramu okukwatwaho kwobujure nokwecumitiriza omumaraka gebidongp,The new healer adds a new look and feel to the skin.
"kakuba mba nkozire ekintu kyona ntaine kutina rundi okulemererwa, ninyija kutandikaho bizinesi yange","If l have done anything without fear of failure, l'd start my own business."
nkaba ndi parisi ngu nambere twatangata gaine,I was in Paris the year we met Gaine.
Kulima kwemikiiko hansozi kuhondera emera yensi eyobuhangwa.,Contour plowing follows the soil's natural contours.
ekicweka kaitu nikija olinda obusinge kuraba omubigambo by'abakuru,Our community will keep the peace through the words of the elders.
akirire kimu hanyuma y'okumusemeza,She ate a piece of porridge after the ceremony.
"tutungire enkora eyokukingura ekisembo kimu hanyuma ya kurisimasi, kandi bikizire kuba empale zomunda","We have had this tradition of opening one gift on Christmas Eve, and it's always pajamas."
"dora ebinyonyi omumwanya; bitasige rundi okugesa, baitu iwe ise owomwiguru obirisa","Look at the birds of the air; they have not sown or reaped, yet your heavenly father feeds them."
Ekihoya kikatahwamu obuhuka noobu kikarolererwa nkooku kisemerire.,The prayer has been recited aloud even as it is sung.
eka yaitu nija okuhondera omulingo gw'obusere gwenyini okumara ebyasa,Our family will follow the same marriage customs for generations.
nitwija kutunda omwenge ogw'okubanza kuruga omwihisizo erihyaka hali byaisenkuru itwe,We will buy the first beer from the new brewery for our ancestors.
nbuzirwemu omulingo abatahi batimba ebijaguzo obukaba nkyali muto,I have missed the way the whole neighborhood would decorate for festivals when I was a kid.
akozire omukicweka abaguzi batungira obuyambi kumara emyaka atakabaire omurolerezi,She has worked in the customer service department for years before she became manager.
irwaro ritaireho ekiro eky'okutangatanganiramu abarwaire abali omubwetago,The hospital did not offer same-day appointments to needy patients.
ndozirege ekituru kyomutini nikyoleka ngu kikagamba oruganikyo orw'omukama owamani ijo,I have carved a shadow of a tree that looked like it told the story of a great king yesterday.
omulimi ayombire omusiri gwe gwamuhogo wiiki ehwaire,The farmer has sown his field of corn last week.
Enkoko nibaziriisa enjuma z'ebicooli.,The chickens are fed with maize grain.
nyowe ngura ebintu omu duuka etakanizibwe buli wiiki,I buy groceries from the supermarket every week.
magarita nikaija okuba akasolya akacyasingireyo okuraiha ha kasozi sitanule,Margarita will have a roof over her head that slopes down to the ground.
"gunu omurundi wiiki erukwija, nitwija kubyama hamusa gwenyanja","This time next week, we will lie on a beach."
Ekiro ekyaijo nkasasura ibanja lyamaizi.,I visited a friend's house last night.
"kakuba orabonabona, ekitabu ky'emirimo kyandibalize- kiri hakubonabona n'okwikiriza","If you're suffering, the book of job might speak -it's about suffering and faith."
ekika kaitu nikija kugira engeri y'okutangira omwaka omuhyaka eyemabaganiza,Our clan will have a special way of welcoming the new year.
"tifwireyo biki obworukwija kabaza, tinkwija kuhindura ebitekerezo byange","No matter what the future holds, I will not change my mind."
Akatebe akobutale nikalengesaho emikura kamanyisa amakuru,The health department is reviewing patient information.
eka yaitu etangira abanyamahanga omunju yaitu,Our family welcomes strangers into our home.
"kakuba obaira omuntu akusaba, nosobora okusabira eka yange esaara emu?","If you have prayed for someone, could you say one for the whole family?"
abantu bakwesoroleza omuka y'omunyoro habw'orukurato,People gathered at the chief's house for the meeting.
magarita kabaire kasolya akacyasingireyo okuba karaire ha kasozi sitanule,Marta was a lofty figure who stood on a steep hill.
abantu nibaija kwesoroza omuka y'omunyoro habw'orukurato,People will gather at the chief's house for the meeting.
akandindisa kumara esaaha,She made me wait for an hour.
ninyija okusara sukali,I will have to cut down on sugar.
omulimi naija kwombera omusirigwe gwamuhogo wiiki ekwija,The farmer will harvest maize grain next week.
amaya nija kwiruka muno nti ekitalago tikisobora okugikwata,The cobra will run so fast that the cobra could not catch it.
omunya nigwija okucicya omukira gwako kandi katoroke hali ekinyonyi,The ostrich will spread its nest and escaped from the bird's grasp.
nitwija okumara ekiro kyona niturora ntumaliriza omwolekyo gwaitu kandi tukamalira tutungire A,We will stay up all night finishing our presentation and ended up getting an A.
omukozi wafilimu ahinduramu omuzanogwe kandi ayetekanize okugwoleka ensi,The filmmaker edits her movie and is ready to show it to the world.
okutwarwa kwitaka kihambiriza abalimi okuleka itaka lyabo kandi bagenda mumbuga,The soil erosion forces farmers to abandon their land and move to cities.
eka yaitu ekahondera omulingo gw'obusere gwenyini okumara ebyasa,Our family has followed the same marriage customs for generations.
ninyija okukozesa kadi yabanka okutunga obugoba,I will use a credit card to pay my mortgage.
abaana nibakora ebyokujwaara byekiro kyokuraba murubuga nibasaba mugenzo gwabajungi,The children are making costumes for the parade through village lore.
"kakuba oyendereza okarora, noija okurora ngu okumalira kwona kugira esigo eyetandikwa empyaka","If you look closely, you'll see that every ending has a new beginning."
cukamba y'omuyanja nejakuturukya ehuzo zamakamba okwerwanaho,The sea cucumber has been spreading seeds for medicinal purposes.
Noija kunywa amaarwa gakwinganaki buli wiiki ?,How much alcohol will you drink per week?
emitano yabajungu terukwija okumanyira ebika byabantu nobuhangwa,Colonial boundaries will ignore ethnic and cultural divisions.
Kampuni nigalihya emirimoyayo omubusubuzi obwakalimagezi.,The company is expanding its e-commerce operations.
eka harwigi orukugarukaho batugulire ebyokulya by'omwezi gwona hanyuma y;okusemeza,The next door neighbor bought us food for a whole month after the operation.
obujanjabi tiburukwija okwikiranganiza n'embera y'omutima,The medication will be contraindicated with certain heart conditions.
akozire nk'mwehanuzaho kumara emyaka atakatahire ekitongole,She has worked as a freelance consultant for years before she joined the firm.
cukamba y'omuyanja eturukize ehuzo zamakamba okwerwanaho,The sea cucumber has subdued enemy walls.
kampuni eriyo netaaha omubutale obuhyaka.,The company is entering a new market.
Obwakaba nakyahika ati nokugenderaho.,"If I had arrived, she would have paid me a visit."
tinyomaire ntaine amasanyarazi,I have stayed home without electricity.
omukazi ataaha naworoza hamu nokulinda,The newcomer has paused for a moment and waited.
anagisa enjura abanza okukora emigenzo kulinda ebirimwa ijo,The rainmaker performed the ritual to protect the crops yesterday.
ekyoma kyomubaizi nikija kubaija ekisisani kuruga omukihinju kyekiti,The sculptor will carve a statue out of a single block of wood.
nyetagisibwe okukebera sukali omumubiri buli kaire,I have needed to have my blood sugar levels checked regularly.
"kakuba gavumenti eba ekendize omuhendo gwa sola pano, abantu baingi nibaija kutandika kukozesa amasanyarazi","If the government has subsidized solar panels, more people would use renewable energy now."
nyijukire ekiro natungire kadi y'eryahuro ly'ebitabu obujunanizibwa bwingi,I have remembered the day l got my library card so many times.
ebyefuna nibija bitekana omwezi ogurukwija,The economy recovers in the coming months.
ekiteteyi kyawe ekirungi okiguzire nkaha,Where did you buy your beautiful dress?
abekento nibaija okurabyamu amiso omukihandiko kyentekaniza yatu,The audience will pay close attention to our organizational structure.
taxi empyaka bakagitandikaho omwaka oguhwaire,The new tax was implemented last year.
ekikali kya tooro mu FORT PORTAL kisikirize abagenyi baingi,The Tooro palace in Fort Portal has attracted many visitors.
begulire motoka empyaka,They have bought a new car.
abasaija abato nibaija okwombeka orugo rw'ente oruhyaka,The young men will build a new stable.
Abalemi aba matwale bakahandika engeso zobusi bwensi hamu n'ediini.,The cotton planters recorded local customs and religion.
UPDF nija okwetaba omubikorwa by'okulinda obusinge,UPDF will participate in peace keeping missions.
NRA nejakutandikaho ekora endi,The NRA will initiate another round of sanctions.
Tindahaire kugira ngu bandole mpa ahabw'okuba nanyowe nahairebwe bingi muno.,I have come to be worshipped here because I have been given so much.
Abebyokuseruliriza bakaba nibecumitiriza obubarozire emiringo y'ebinyonyi ebihyaaka.,The researchers were investigating new bird species.
Gavumenti eresire enkora y'okucwaaho emihendo y'ebintu habw'abalimi abarukukozesa ebyolimi ebirukwikaraho.,The government has introduced subsidies for farmers who practice sustainable agriculture.
amgaba ebaire nsonga nkuru muno omukusiga sente,The mortgage has been a key factor in investing.
noija okwetagisibwa okwikaza okuguru kwawe kwimukize kukehya okuzimba,You will need to keep your leg elevated to reduce swelling.
ekigongoro kitahire omumusenyi obu ekihu kigenzire,The shark burrowed into the sand when the tide went out.
kaliitango y'okwegesa habyobuhangwo ehikireho abantu abarukuhingura mukyaaro,The environmental awareness campaign reached over one million people.
katemba empyaka hativi ekaba ine bulyomu nabaza,The new comedy series has had four seasons.
tujagwize ebijuma ebyokubanza n'ekijaguzo hairamizo,We have celebrated the first fruits with a ceremony at the shrine.
omutezi wenanga akateranizaho omulere ha bandi,The sculptor carves a statue of the band.
Noija kwetaagibwa kuteekaho obutagasi rundi obufuki ha kicweka ekihutaire.,You will need to apply lotion or cleanser to the affected area.
engabi katanga ekairuka ekirurru neliina hurutu kukurwaata,The tiger never ran away with the skin on its back.
"kakuba gavumenti ebaire etairemu sente kara, ntusobora okuba n'ebyobuhangwa ebiyounjo","If the government hadn't invested in renewable energy, we wouldn't have a sustainable future."
obworayetaaga ekintu kyona omwanyise,"If you needed anything, just let me know."
"omurundi gwokubanza obunarolezeho ekinazi, kyali kadyo","The first time I saw a vampire, it was right there."
okucamuka kwamabale hansi omwitaka kuleterire okuhangwaho obuhanga muhagati y'enyanja,Volcanic activity has created a new island in the middle of the ocean.
ekyaro kaitu kibaire nikiyamba abo boona abatakwesobora,Our village has always helped those in need.
okuhandika kwabaramagi nikwija okutandika omukyasa kya 19th m'uganda,Aboriginal literacy will reach its zenith in the 19th century Uganda.
ninyija okutaha okubatizi kwamunyani wange nobu kiraba tindi mukurisitayo- kibaire kyekitinisa okuba kaiso,I will attend a friend's baptism even though I'm not christian-it was an honor to witness.
"omulisa wange ali n'eka yaitu okurabira omubuzale, kandi bulikintu hagati yaitu","My pastor is with our family through births, deaths, and everything in between."
abantu nibaija kwehumuzamu habizina ebymporampora,The crowd will cheer for the better part of an hour.
elyahuro ly'ebintu ebyafayo omubukama byatoro litungire enyonyi y'ebyafayo,The Tooro kingdom's museum has exhibited historical artifacts.
abantu bakehumuzamu habizina ebyamporampora,The crowd roared in applause.
"kakuba ntatunga okwgaramu obumanzi nkabaza nawe kirokinu, titwanditungire obunyani bunu","If l hadn't had to deal with grief and ask for help, we never would have had this friendship."
aboigolire omuti ogutali nigwo,He has cut down the wrong tree.
"omurundi gw'okubanza nkagenda mwoyomubudabuda, nkatina ekinazonzora hali nyo","The first time I went to a Buddhist temple, I dreaded what would happen to me."
tujagwize amagesa hakumalira kwa sizoni,We have celebrated the harvest festival at the end of the season.
akahuka kajanjaire muno mubantu,The virus has been circulating widely in the community.
ebaire parisi nambere nabandize okutangatangana,It was in Paris that I first met her.
emihanda y'obusubuzi eyabajungu ekaba nenwanisa okuraga hanyanja mpaka munda,Colonial trade routes connected the interior to the coast.
abekento bamalirizege alipota y'omwaka,The finance team finalized the annual report.
ninyija kugira esaara eyinasabaga kakuba mpura oturo - nikyo kintu ky'okumalira omubwongo bwange,I will have a prayer I say when I fall asleep-it's the last thing on my mind.
omutezi wenanga naija kuteranizaho omulere ha bandi,The weaver will add silk to the wool.
"Kakuba omuswija gutakeeha kikahika nyekya, ogaruke omu karwarro.","If the virus doesn't go away by tomorrow, come back to the clinic."
kotoni naija kuba kirimwa kyasente mukyasi kya amkumi abiri m'uganda,Cotton will become a major cash crop in early 20th century Uganda.
ndozirege ebituuru byebisisaru ebisarazirwe ebirukugambaho oruganikyo rwomukama owamaani kiro kyaijo,I have worshipped the sacred fire that tells the story of a mighty warrior yesterday.
ebibo emyaka ebaire nungi hansi eyimukire,The crops have long since withered away.
nkasasu amaizi gange ijo,I washed my hands of water yesterday.
Kampuni netunga hokutundira hataito,The company has invested heavily in the project.
"Kakuba ntaratungire obumanzi bw'okubaza nawe eki, twakuferirwe buno obunywani.","If l hadn't had the courage to ask her that, we would have missed out on this friendship."
Eka eyeri haihi naitwe ekakuletera ebyokulya habwomwezi gwona nyuma yange yokusemezibwa.,The family next door brought me meals for a whole month after my surgery.
tuzikire abafu baitu omwitaka nambere baisenkuru itwe bahumura,We have buried our dead in the ground where our ancestors rest.
nuwe yanyegeseze ngu tikine buzibu bwona okusaba obukonyezi,She has taught me that it's okay to ask for help.
"kakuba omuntu afwa, ekyaro kyona kija okunahukara, oba babamanyire muno rundi tibabamanyire","When someone died, the whole village came to pay respects, whether they knew them well or not."
Irwaaro niriija kuba nahokuzaara nebisiika ebyesonsoire,The hospital will have a maternity ward with private rooms.
ninyija okubaira omusiri omwaka gunu- okurolera enbitu nibikura nikisana nsana okuhura okunihira nikutunga emihama,I will plant a garden this year-watching things grow brings out the best in me.
"tifwireyo biki bwobailize, tinkwija kuhindura ebitekerezo byange","No matter what you have said, I will not change my mind."
gavumenti neja kuletaho enkora empyaka hali abalimi abakulima ebyokulya,The government will introduce new incentives for farmers who practice sustainable agriculture.
ljo omulimi akagesa ama candege agekijungu yagatwara rugasa,The farmer harvested the sunflower that bore the seed.
"ntwena tukamara ekiro kyona ekyamani niturora, nitusaba kandi nitusera okuganyirwa","We have all stayed up all night looking for love, praying and asking for forgiveness."
"omulisa wange naija okuba neka yaitu okurabira omubuzale, kandi buli kintu hagati yaitu","My pastor will be our only source of income, and everything comes between us."
"dora ebinyonyi omumwanya; tibirikwija kusiga rundi okugesa, baitu iwe ise owomwiguru obirisa","Look at the birds of the air; they do not sow or reap, yet your heavenly father feeds them."
okaire noyetagisibwa okuba oyonjire amaino gawe emirundi ebiri buli mwaka,You have needed to have your teeth cleaned twice a year.
nbaire omusiri omwaka gunu- okurolera enbintu nibikura nsana okuhura okunihira nikutunga emihama,I have been gardening this year-watching things grow makes me feel like I belong.
ekigongoro nikija okutahira omumusenyi obu ekihu kiragenda,The cobra will burrow into the sand as the tide goes out.
"kakuba abantu batalisiza muno, itaka nirija kusigara rw'orwezo","If people don't plant seeds here, the soil will remain fertile."
amani g'okwombeka buhyaka geyongire omubicweka ebyali bihikirweho,Reconstruction efforts continued in affected areas.
Omusomesa wange webisisani akangamba tinyine kisembo kyobuhangwa mwolekere nabiiha.,My art teacher told me l had no talent so l showed her my artwork.
Benedicto Kiwanuka akaba Omukuru wa Gavumenti ow’okubanza omu Uganda.,Benedicto Kiwanuka became Uganda's first chief minister.
izaniro ly'emizano elihyaka likigwireho hali abantu abane obulema,The new theater is accessible to people with disabilities.
Ninyetaaga okukebera sukali yange buli kaire.,I need to have my blood sugar levels checked regularly.
"kakuba isomero likuburanganize obusinge, tekerezamu kakuba haba haliyo omulingo gundi gwona","If school has made you miserable, consider if there's another way."
orulengo rwa magoba hansimbi nikyo kisumuruzo omuncwamu eyokubyara ensimbi,The interest rate is a key factor in investment decisions.
ninyetaga kukehya sukali,I need to cut down on sugar.
ablimi nibaja kuozesa ebijunzire okuhindura engeri y'itaka,Farmers will use compost to improve soil structure.
"omurundi gw'okubanza ninyija kugenda mwomubudabuda, nkatina ekinazonzora hali nyowe","The first time I will go to bed, I dreaded what would happen to me."
nibaja okwegura emotoka empyaka bonka na bonka,I will buy a new car myself.
abasija abato bombekere orugo rw'ente ouhyaka,The young men have built a new stable.
Enyikiriza enzaarwa ekaba erumu emirwa y'okwisa enjura n'okugesa.,Traditional religion included rituals for rain and harvest.
omrwaire ayolekerege oburorwaho obwokwekengera,The patient has shown signs of sepsis.
abaire nayekozusa atakahungire omulimo gwobutoose,She had worked as a freelance consultant before she joined the firm.
"kakuba oba oboineboine, ekitabu ky'emirimo kyandibalize- kiri hakubonabona n'okwikiriza","If you were single, the book of job would speak to you-it's about suffering and faith."
abajungu bahandikire ebyamaguzi kandi nendimi,Colonial officials have codified customs and languages.
ntungire koriyani eyekaba ya isenkuru nyowe- kikaba kimu ekyomuhendo ebyomugwetwa,I have bought a copy of my grandfather's library-it's one of my most precious possessions.
ebiro bisaatu murubuga orutubaire tutwetekanizi kubungira,Three days in a city we never planned to visit.
kotoni ebaire kirimwa kyasente muno mukyasi kya amakumi abiri m'uganda,Cotton became a major cash crop in the early 20th century Uganda.
bakitunzi batangatangaine kiguzi omukuru,The buyer will face a higher price.
ayenyumirize omukucumba kwe,He rejoiced in his recovery.
kanpuni ekagalihya enkora yayo ey'okusubura byoma byakalimagezi,The company expanded its e-commerce operations.
tisima iyina nyowe habw'okucumba okuhikya obunagezire natandika okwerisa,I never thanked my mother for her generosity until l finally started showing it.
nkozeseze kadi yabanka okutunga obugoba,I have used a credit card to pay my mortgage.
Yozefu Konyi akebembera obwemi.,Joseph Kony led a peaceful rebellion.
ninyija okwetagisibwa okukebera sukali omumubiri buli kaire,I will need to have my blood sugar levels checked regularly.
omukazi nayega kukozesa emirungo nigwija kuba nigukozesa ebyama ebirukumuga sira randi eko bikamanya empindurra hinduka nenyakuli orumwanya nomubwire,The woman who learned to use a scent will be using a cologne that matches her fashion sense.
ntangainege munywani wange owaira ijo,I met my best friend yesterday.
niyinja okusasura ebintu byange nsuwarensi ijo,I can pay my property insurance yesterday.
oruganda rwaitu rwina omulingo omutongole nkoku tutagiira omwaka omuhyaka .,Our clan has a special way of welcoming the new year.
kakuba gavumenti yataireho omuhendo gwahansiho habwengo zamani gizooba abantu abaingi bakubaire nibakozesa amaani agaani agarukugarurwa buhyaaka,"If the government has subsidized solar panels in the past, more people would use renewable energy now."
ekyaro kaitu kiraguma nikiyamba abo boona abatakwesobora,Our village always helps those in need.
omunya gucikize omukira gwako kandi katoroka hali ekinyonyi,The cobra has spread its hood and escaped from the bird's grasp.
"buli mugenzo gubaire gwine ekigurukumanyisa,nobu kiraba tutukugwetegereza","Every ritual has had a meaning, even if we don't always understand it."
nguzire ebuntu omu supamaketi buli wiiki,I have bought groceries at the supermarket every week.
"kakuba obaire omuntu akusaba, nosobora okusabira eka yange esaara emu","If you were a praying type, could you say one for my family?"
okubaira emiti nambere ebaire etemerwe kigarwireho irindiro lyebisoro byomukisaka mukicweka nambere byali,The reforestation project included the protection of native forests in the region.
kampini ekataha omukatale akahyaka,The company entered new markets.
"kakuba oburorwaho bweyongera, omusere obuyambi by'abafumu bwango","If the symptoms worsened, seek medical attention immediately."
Amaarwa ago'kubanza kuruga omu maarwa agalisiibwe buhyaka tugahongera baisenkuru itwe abaira.,The earliest stone from the cave has been quarried and given to the local ancestors.
abaana begere emizano y'okuba bagumisiriza,The children have learned to be patient.
emihanda y'obusubuzi eyabajungu enwanisize okuruga hanyaja mpaka muda,Colonial trade routes have facilitated migration to new markets.
"kakuba oba warabire omukintu kigumangaine, manya ngu omuntu, ahantu, nibakusabira","If you have experienced grief, know that someone, somewhere, is praying for you."
"kakuba basi etalindekere ekiro eki, tinandibwoine munyani wange muno.","If she hadn't cheated on me that night, l never would have met my best friend."
Oburugwa obwendema eya Bakama nibusangwa omu Bacwezi.,The royal family traditionally held pomegranate cassocks.
okaire noyetagisibwa okwikaza okuguru kwawe kwimukize kukehya okuzimba,You have needed to keep your leg elevated to reduce swelling.
atekamu sentu nyigi muno,I have made some friends here.
ekika kyabaiito nikija kulema bunyoro kurugira kimu mukyasi kya 16th,The Babiito dynasty will rule Bunyoro since the 16th century.
taxi empyaka nejakutandika omwaka ogurukwija,The new tax rates will go into effect next year.
Ntugireege obuzibu nokuteekana hamulimo,Don't let stress and anxiety get in the way of your work.
isenkati nyowe akangabira oruganikyo nkoko engeri yatangatagaine iba hakatale nuko akunekaneka,My aunt told the story of how she met her husband at a market so vividly.
Yusuf Lule akebembera ihanga habwakasumi kake.,Yusuf Lule has led the nation in scoring average.
Noija kwetaagisa kupima obulemeezi bw'amagufa gaawe.,You will need to have your bone density tested.
"Nkaba ntukaterezaaga ngu ndisobora kusura enju eka , baitu dera ndihamu , ninyija kutekaho omukono hampapura sabbiti erukwija.","I never thought l'd be able to afford a home, but here l am, signing the papers next week."
kanpuni nija okugalihya enkora yayo ey'okusubura habyoma bakalimagezi,The company will expand its e-commerce operations.
Omusoro og'wendema eya matwale kukahambiriza baingi kupagasa.,The income tax forced many to withdraw.
abekento bamalirize alipota y'omwaka,The finance team has finalized the annual report.
katemba empyaka hativi nija kuba ine bulyomu nabaza,The new comedy series will have everyone talking.
ebihuka nibija kurubatira murukara bihimbire ebisosonkole nibibigara omukiju,The ants will burrow into the sea carrying crumbs and dropping them in the river.
isomero ly'ebyobuhangwa likagaramu amani abebembezi abeby'obuhangwa ab'omulembe omuhyaka,The environmental education center hosts a new generation of environmental leaders.
naija okutunga okwelema omubyasente,She will achieve financial independence.
Nkabyara omusiri gunu omwaka-kusunga ebintu nibimera nikisisana kusunga kunihira nikutwaara emihama.,I have planted a garden this year-it's a place where plants meet each other to keep warm and carry fruit.
banka enkuru niija kukekya amagoba,The central bank will offer interest rates.
omukazi akozire mukeeto kumara emyaka nyingi atakafokere CFO,She has worked in the accounting department for years before she became CFO.
enu haihi ebaire nsonga kuru,This has not been an easy decision.
obu basemize nyina nyowe eka yona eketerana hamu omulingo ogunkaba ntakaroraga,"When my mother was diagnosed, the whole family came together in a way l've never seen before."
NRA ekatandikaho ekora endi,The NRA has since moved on.
"Akairiringwa kusiisire isomero, kyonka omugisa abaana bakaba bataliyo obwire obwo.","The fire destroyed the school, but fortunately the children were not there at the time."
"kakuba noija okuraba omukintu kigumangaine, manya ngu omuntu, ahantu, nibakusabira","If you're going through something hard, know that someone, somewhere, is praying for you."
"kakuba twija okilinda ebibira baitu, ntusobora okulinda engeri eby'ebihangwa eby'emihanda n'emihanda","If we will protect our forests, we can preserve biodiversity and prevent climate change."
omukazi asoraize embibo entoro z'okwahura,The woman has collected seeds for preservation.
omuzaani womuzaano gwaharutuutu ataaha nazaana ekicweeka kyomusinguzi mu muzaano eyabulikiro,The actress has won the best supporting actress award at the Bollywood film festival.
enyanja victoria ekaba nesingayo obukoto muafrika,Lake Victoria was the largest lake in Africa.
Omubazi nigusobara kusasa baitu nigukora.,The drug may be contraindicated but is effective.
ninyija oba na akasondo omukisika kyange nambere nsasbira- kyanguhire baitu kihikirire hali nyowe,I will have a prayer in my room where I pray-it's simple but holy to me.
Akateekwa ha mubazi ogurukuleeta oruzaaro kumarra emyaka ebiri.,She was placed on life support for two years.
Emihendo y'ebintu nenihirwa kutemba.,The inflation rate is expected to rise.
okubandwa kubairemu emigenzo y'enjura n'okugesa,Traditional religion included rituals for rain and harvest.
omwaka gw'enkumi ibiri asaatu tukatunga okukeha kwingi muno habwokusisikara kwobuhangwa,"By 2030, we achieved a significant reduction in the loss of biodiversity."
ekibumbe kyoleka ekisani ky'omurwani w'ekyaro,The sculptor carved a statue of the village hero.
Ebinyonyi bifuruka nibigenda habulyo mubwiire bw'omusana.,The birds migrate to warmer climates.
ekihoya nikija kukwatya n'obukiraba nibakirolera kurungi,The prayer will carry weight even if you don't feel like it.
abaana bakozire ebijwaro by'ekiro ky'ebimenke,The children have made costumes for the Halloween parade.
abantu behumwize habizina ebyamporampora,The crowd has buzzed with loud cheers.
eka yaitu ebaire nejaguza amagesa namazina agokusima itaka,Our family has always celebrated the harvest with a dance that thanks the earth.
ninyija kusunga ekituru kyomutini ekirikyoleka ngu kikagamba oruganikyo orw'omukama owamani ijo,I will keep the shadow of the tree that symbolizes the coming of the Lord yesterday.
Haibandiro nuho turukwiija kujaguliza ebijuma ebyokubanza.,We will always celebrate the first fruits.
omusaija naija kuteka sente ze omumasamba,The man will invest in a hedge fund.
abarangi nibaija okurozaho omukutu gw'okurangira omuhysks,The farmers will invest in new advertising channels.
irwaro nirija okukomamu okujanjaba obwomezi bya abakazi bonka,The clinic will specialize in women's health.
akegomba iwe oije hamukorogwe,He wants you to come to his party.
john hanning speak naija okuhika hansiboko y'ekisaru kya nile omu 1862,John Hanning Speke will reach the source of Nile in 1862.
nyijukire aksumi kenyini nkimanyire akaba munyani owamazima-nambere atalinsekeraize omukasumi obukaba kubi,I remember the exact moment l knew she was a true friend-even if she didn't laugh at my worst moment.
okubaira emiti nambere ebaire etemerwe nikija kugaraho irindiro lyebesoro by'omukisaka mukicweka nambere byali,The reforestation project will create a new wildlife refuge in the area.
embya y'omukisaka ehambizege impala mayiro nyingi okuhikya ejwahire,The wild dog chased the impala for miles until it collapsed.
Omuyaga ogwamaani gukasiisa isomero kyonka enkyomugisa abaana bwirobu bakaba batarumu.,"The tornado destroyed the school, but no children were injured."
Omuziini naija kuteeekaniza ebyafaayo by’okutandikaho ekyaro kyaitu nyomwabazyo.,The farmer will tell the story of the founding of our village yesterday.
Ekiro ekyaijo nsaswirege ensuwarensi eya matungo gange,I paid my property insurance yesterday.
obu lsomero liraaba nirikubuza obusinge tekerezaaho muno obuharaaba hasroho omulingo ogundi,"If school is making you miserable, consider whether there's another way."
omusaija takasferwaya embaagwa,The man has never cheated on his ex-wife.
kanpuni etungirege abahakanizi abataito,The company has provided smaller competitors.
bulemeziki obworukwija okukehya omwezi oguhaire,The economy will recover in the coming months.
"Nkakaguza nyinenkuru nyowe obwakaba omumpiko zokufa nti,nororaki-akamwegerra yagamba ati ""Eyererezi"".","I asked my grandma what she saw-she smiled and said, ""Light""."
ebiro bisaatu omurubuga orututekanizaga kubungira,Three days in a city we never planned to visit.
ensigo z'omuraire zikatekana,The patient's kidney function improved.
"kakuba omuntu afwa omukyaro kyaitu, abantu bona nibaija kwesoroza baije okusagika eka","When someone died in our village, the whole community would come together to support the family."
"kakuba ntalitungire okwegaramu obumanzi nkabaza nawe kirokinu, titwanditungire obunyani bunu","If l hadn't managed to resist the temptation to ask her out, we never would have had this friendship."
okubandwa nikwija kubamu emigenzo y'enjura n'okugesa,Traditional religion will include rituals for rain and harvest.
amagoba nija okuba ensonga nkuru muno omukusuga sente,Interest rates will be a key factor in investment decisions.
ebitabu ebihangazi nibija okuhindura engeri y'itaka,Organic fertilizers will improve soil structure.
igana lyabantu bakatoka nokusemererwa omukoro gutakatandikire,The crowd cheered for the parade to begin.
ebyefuna biteberizibwe okukura mporamporam,The economy is projected to grow at a moderate pace.
Obwokurorra haihi buli malirra ehimba embibo y'entandikwa ehyaka.,The observation deck at each intersection paves the way for new beginnings.
"nkagwize nyinenkuru nyowe kiki ekiyarozire- akamwenya kandi yangamba, ""ekyererezi","I asked my grandma what she saw- she smiled and said, ""Light""."
abazirweneho bakagaruka n'ebitekerezo ebihyaka kandi n'okunihira,The veterans returned with new ideas and expectations.
elyahuro ly'ebintu ebyafayo omubukama byatoro likatunga enyonyi y'ekijukyo,The Tooro kingdom's museum exhibits historical artifacts.
naija kutekamu sente nyingi muno,He will invest in a hedge fund.
ebara eyakatemba ekaba ekingwireho ekiro kyebyamahano hali abakatemba abakuru,The funeral procession included a memorial service for the victims.
ebintu by'emikono by'enzarwa tutwaraine okukora orubugo,Traditional crafts have included barkcloth making.
omusoro omuhya nigwija kuteebwa omuunkora mumwaka omuhyaka,The new tax will be implemented in full in the new year.
"buli mwaka, nyetegereza kataito kandi nyebundaza kataito","Every year, I understand a little more and improve a little less."
"kakuba omuntu afwa, ekyaro kyona kija okunahukara, oba babamanyire muno rundi tibabamanyire","When someone died, the whole village came to pay respects, whether they knew them well or not."
sente zempapura empyaka niziijza kutandikisibwa bwango,The new currency notes will be introduced soon.
embya y'omukisaka nija kuhambya impala mayiro nyingi okuhikya ejwahire,The wild dog will chase the impala for miles until it hatches.
"buli mugenzo gwali gwine ekigurukumanyisa, nobu kiraba tutukugwetegereza.","Every ritual had a meaning, even if we don't always understand it."
nijnja kwenga kwenyumirizamu nobukuba ndi omuburumi-nikimanyisa nkyali mwomezi,I will be grateful even in pain-it means I'm still alive.
obu barasemeze nyina nyowe eka yona nija okuterana hamu omulingo oguntakaroraga,"When they welcomed my mother home, the whole family came together in a way I've never seen before."
omuranga gw'okumanyira eby'obuhangwa gukahika abantu akakaikuru kamu,The environmental awareness campaign reached over one million people.
nkataha okubatizibwa kwamunyani wange nobu kiraba tindi mukurisitayo- kibaire kyekitinisa okuba kaiso,I attended a friend's baptism even though I'm not christian-it was an honor to witness.
enkora y'okusesira ebirimwa amaizi ekayamba abalimi omukasumi kekyanda,The new irrigation system has helped farmers during the dry season.
"omurundi gwokubanza okurozaho ekinaz, kyali kakodyo","The first time I tasted cinnamon, it was coconut milk."
Okuzaarana hagati y’amaka n’amahanga nikuja kukaleeta okuhingisaniza engeso n’obuhangwa.,Intermarriage will create cultural exchange.
igana lyabantu lika semererwa omukoro gutakatandikire,The crowd cheered for the parade to begin.
"Omumwaaka enkumi ibuli n'ataano , nitwiija kuba tuferurwe ebicweeka eburi hamyegeego y'eryarya,eburi harulengo orwamaizi orwahansi.","By 2050, we will have lost many coastal areas to sea level rise."
Abaago bakwaitaga ekikaaro kyahaiguru omukikaali,The clan held a prominent position in the kingdom.
"Akangambira ,""lzooba ndigenda kwongera kwimuka nyenkya, kandi naiwe nukwo"".","She told me ,""I will rise again tomorrow, and so will you""."
"buli mwaka, nketegerezamu kataito kandi nayebundaza kataito","Every year, I understand a little more and improve a little less."
abaseruruzi basomereho engeri y'okuhindukahindikuka y'enyikara ekutabaniza ebyokulya obubatandikireho enkora empyaka,Researchers have studied the impact of climate change on food security when they developed new strategies.
embante ekairukira omukisaru okwejuna entale,The ant ran into the river to escape the flames.
"abalinzi bakozire okuseruliriza hali engeri enjojo zibazamu obu bantugire okugarukwa,mu",The researchers conducted a feasibility study when the population recovered.
Okuzaarana hagati y’amaka n’amahanga kukaleeta okuhingisaniza engeso n’obuhangwa.,Intermarriage created cultural exchange.
obuguuda nibwija kugaruka buhyaka omu meezi agarukwiya,The economy will recover in the coming months.
ekibumbe kyoleka ekisani ky'omurani w'ekyaro,The sculptor carved a statue of the village hero.
eka yaitu nija kujaguzaga amagesa namazina agokusima itaka,Our family will celebrate the harvest with a dance that thanks the earth.
ninyija kusabira obusinge omumadini gona-ntwena tuli baana baruhanga omu,I will pray for peace among all religions-we are all children of the same God.
hobworambagambaki tinsobora kuhingisa ebitekerezo,That's why I can't get through the day without thinking.
"kakuba obaire noyenda okwetegereza ebyobuhangwa baitu, tandika n'ebyokulya baitu.","If you wanted to understand our culture, start with our food."
abantu abaingi abesoroize abaijwiire omwiro omuzaano gutakatandikire,The crowd buzzed with excitement before the show began.
naija okukora nk'omwehanuzaho kumara emyaka atakatahire ekitongole,She will work as a freelance consultant for years before she joined the firm.
nsasura ebintu byange nsuwarensi ijo,I paid my property insurance yesterday.
okucamuka kwamabale hansi omwitaka kukabaruka kwaletaho okuhangwaho obuhanga muhagati y'enyanja,The volcanic eruption has created a new island in the middle of the ocean.
Hakumaliira kwe kyaasa kiru nitwiija kuba tumazire kwatundwira enkoragana yaitu n'ebyobuhangwa.,"By the end of this century, we will have honored our relationship with nature."
"tikatekerezahoga nti ninyija okumaraho omwaka gunu, baitu hati ndihanu","I never thought l'd make it through that year, but here l am."
ensigo z'omuraire nizikora zitaikaine,The patient's kidneys are functioning normally.
abaana nibaija okukora ebijwaro by'ekiro ky'ebimeke,The children will make costumes for the Halloween parade.
bakitunnzi naija kutangatangana kiguzi omukuru,The family will meet at a friend's house.
embina yomukisaka ekairukya empara habwa mairu nyingiho kuhirya obuyajwahire,The wild dog chased the sparrow for miles before it escaped.
omulingo omuhyaaka ogwokucungira maizi nigwija ruronyera abalimu mubwire buse kyanda,The new irrigation system will benefit farmers during the dry season.
"Omwaka tutarasoboire ebisembo , tukahandikira ngana ebbaruha omukikaro -eyange nkyagiine.","The year before we got engaged, we wrote each other letters instead-I still have mine."
"kakuba twalinzire ebibira baitu, ntusobora okulinda engeri eby'ebihangwa eby'emihanda n'emihanda","If we protected our forests, we can preserve biodiversity and prevent climate change."
nkaijuka ekiro obunatungire kadi yeryahuro ly'ebitabu obujunanizibwa bwingi,I remember the day you bought me a library card with so many pictures.
"Mutabani wange akankaguza ""Ruhanga araha?"" namwoleka hamutima gwange nogwe.","My son asked me, ""Where is God?"" and I pointed to my heart and his."
ebyefuna nibija okuteberizibwa okukura mpora mpora,The economy will be projected to grow at a moderate pace.
entajumba nija okutera omuranga ogurukusandara obu yaboine enjoka,The deer will spread its hood when it caught a snake.
Abekika kyange nibu bantu bange bokubanza munyikiriza-ebindi byoona birugirra aho.,My family is my first community of faith-everything else flows from that.
Nuwe yangambiire ngu kirungi kusaba obuyambi.,She told me that it's okay to ask for help.
enkora y'okusesira ebirimwa amaizi gayambire abalimi omukasumi kekyanda,The new irrigation system has helped farmers during the dry season.
Uganda ey'ekyasa ekya 19 eri omubihandiiko ebyabakwenda abenjiri.,Nineteenth century Uganda is steeped in history.
"kakuba mba nkugambire ekintu kimu hali ekiniga, ngu tokwija kukirugaho-nokirabam","If I told you one thing about grief, it's that you never get over it-you get through it."
nyijukire akasumi kenyini nkaba nimanya ekikwenda okukora noby'omezi bwange,I remember the exact moment l knew what l wanted to do with my life.
izaniro ly'emizano elihyaka likakingurwaho hali abantu abaine obulema,The new theater is accessible to people with disabilities.
Wiiki ehweire nkatunda emu hamigabo nukwo ntunge sente.,I sold some shares last week to raise cash.
omunya gukacicya omukira gwako kandi katoroka hali ekinyonyi,The cobra has spread its hood and escaped from the bird's grasp.
ekiragiro ky'ezaabu kibaho buli nyikiriza eyobuzale abandi nibakyenda nkoku betwaza,The golden rule exists in every faith tradition-treat others as you want to be treated.
ekika ky'ababiito kiremere bunyoro kurugira kimu omkyasi kya 16th,The Babiito dynasty ruled Bunyoro since the 16th century.
Ebinyonyi Bikafurukira bugwaizoba buri mwaka kwetantara obutiti bw’obwire bw’embewo.,The birds migrate east every year to escape the cold winter.
ekyaro kaitu kiguma nikiyamba abo boona abatakwesobora,Our village always helps those in need.
beeya ekakwata esamaki omukyeya nebinono byayo ebikoto,The bear caught a fish in the river with its huge paws.
ekicweka kaitu kikalinda obusinge kuraba omubigambo by'abakuru,Our community will keep the peace through the words of the elders.
tujaguza amagesa hakumalira kwa sizoni,We celebrate the harvest festival at the end of the season.
naija okundindisa okumara esha yona,She will make me wait for an hour.
"kakuba nakugambira ekintu kimu hali ekiniga, kiri ngu tokwija kukirugaho-nokirabamu","If I could tell you one thing about grief, it's that you never get over it-you get through it."
obubarakoradi okuseruruza okubatetekanize,They have conducted rigorous searches.
"omukazi abaire agambire,""izoba nirija kwimuka nyenkya,kandi naiwe oti.""","She had told me,""The sun will rise again tomorrow, and so will you""."
nojakwetagisibwa okuyonja amaino gawe emirundi ebiri buli mwaka,You will need to have your teeth cleaned twice a year.
joseph kony akebembera orutaro rwokuhakaniza orwaLRA,Joseph Kony led a rebellion against LRA rule.
nitwija okwongezayo waranti hamasanyarazi,We will extend the warranty on electronics.
obujanjabi bubaire bwoburumi baitu nibukoraho,The treatment has been painful but effective.
Kiro kyaijo omuzini ahaisanizeege omunyoro habwo bumanzibwe.,"Yesterday, the village celebrated its golden jubilee."
gavumenti eresireho enkora empyaka hali abalimi abakulima ebyokulya,The government has provided subsidies for farmers who practice sustainable agriculture.
omukazi akega hakulima n'okulisa habwokwebaisaho,The woman learns about agriculture and sustainable agriculture.
ekika kyababiito kilema bunyoro kurugira kimu omukyasa kya 16th,The Babiito dynasty ruled Bunyoro since the 16th century.
embuzi nizihebwa omubazi gwenjoka buli kasumi,The goats are fed with maize grain every ten days.
taxi empyaka bagitandikireho omwaka ogurukwija,The new tax has been implemented next year.
Omusaija asaswire amabanjage goona,The man has paid off all his debts.
bakabanza kutangatarra parisi,They first met in Paris.
ebibo empyaka nekora kurungi hansi eyimukire,The new crops are grown in fertile soils.
akaba aine engeri akundoramu eyekaba nendetera okuhura ninyo nyeka omunsi,She had this way of looking at me that made me feel like the only person in the world.
okulisa muno nikwija okukehya obusobozi bwitaka okugara enjura,The overgrazing will reduce the soil's ability to withstand rain.
"hakumalira y'omusomo gunu, twegeseze abalimi orukumi rumu omukukozesa orwezo kuruga omubijuzire","By the end of this study, we trained one thousand farmers to use compost heaps."
"Kakuba abasi bensi batungire itaka likooto eryokulisizamu, itaka lyakubaire likyarumu ekiriisa.","If the builders had cultivated the soil regularly, the soil would still be fertile."
Nyina nyowe obu yamanyirizibwe eka yona ekaba ehurize hamu omulingo ogundiba ntakabaire nyozire,When my mother has been diagnosed the whole family came together in a way l've never seen before.
nkoreka ekishushani ky'emizejo kandi nkihandika hali emikutu y'omukago ijo,I draw a funny cartoon and posted it on social media yesterday.
Benedicto Kiwanuka akaba Omukuru wa Gavumenti ow'okubanza owa Uganda.,Benedicto Kiwanuka became Uganda's first chief minister.
omusoro gw'abajungu gwahambirize baingi omu mirimo y'omuhendo,Colonial taxation has forced many into wage labor.
eka yaitu ehikireho emigenzo y'obuhwezi hali abazaire baitu,Our family has followed the same marriage customs for generations.
ntungire risiti habwesonga z'omusoro,I have kept receipts for tax purposes.
enkora y'okusesira amaizi ebaire niyamba abalimi omubiro by'ekyeya,The new irrigation system helps farmers during the dry season.
Tihariho kintu kibi nk'okwinjira omubikya otaine sokisi,There's nothing worse than stepping in a puddle with socks on .
"Omusaserdo wange akaba n'eka yaitu okurabira omu kuzaarwa, okufa n'ebintu byona hagati yaitu.","My pastor was with our family through births, deaths and everything in between."
ensonga z'abakoloni zizirege amahangwa g'abantu n'obuwangwa,Colonial boundaries have ignored ethnic and cultural divisions.
abasore nibaija kutunga ekisaka ekihyaka eky'ente,The young men are building the new kraal for the cattle.
talija kusobora okusasura omuhendo gw'emigabo,He will never miss a dividend payment.
naija okuba n'engeri y'okundoramu ekindetera okuhurra nk'omuntu wenka omunsi,She will have this way of looking at me that makes me feel like the only person in the world
ekitebe ky'abantu kiine okubaramya habw'ekihandi ky'okuzina akazina kandi kamu,The crowd is cheering for the band to play one more song.
"mutabani wange akambuuza,""ruhanga ali nkaha?"" nkamulaga omutima gwange n'ogwe","My son asked me,""Where is God?""I pointed to my heart and his."
"akagamba nyowe,""izooba nirija kugaruka nyenkya,kandi naiwe oti"".","She told me,""The sun will rise again tomorrow, and so will you""."
atandikiremu omuhendo gwe gw'okusasura,He diversified his income streams.
akakiiko k'ebyensimbi kakeberaho ekiteekateeko,The finance committee reviewed the proposal.
ekisookuru ky'omusozi Stanley kikaba Margherita peak.,Mount Stanley's highest peak was Margherita peak.
"kakuba oburorwaho nibwija okwongera, munoonye obuyambi by'abajanjabi bwango","If the symptoms will worsen, seek medical attention immediately."
omuzani akozire ekicweka ky'omuzani omumuzannyo gw'omunyika,The actor played the role of the hero in the local drama.
irwarro nirija kugira akasanduku k'ebitabu by'abarwayi n'obumanyiso bw'obulwadde,The hospital will have a patient library with health information.
John Hanninng Speke akatunga ensibuko ya Nile omwaka gwa 1862.,John Hanninng Speke reached the source of Nile in 1862.
"kakuba ekirwadde tikirikwija kuhika nyenkya, ogaruke omurairo","If the fever will not go down by tomorrow, come back to the clinic."
obubamanya ebintu ebitarukwetegereza,When they make unexpected discoveries.
okuzika kwa isenkuru nyowe nikwija kuba okwijaguza obwomezi bwe - tukabaire nitugambiraho engano kandi nituseka nambere tukalira,My grandfather's funeral will be a celebration of his life - e told stories and laughed through our tears.
omusengero haihi n'eka yange gukaba nigwo ebide ebiruka izooba lyona-nyenda okubihuliriza,The temple near my home has had bells that ring all day-I love hearing them.
orukurato oruhyaka rw'emizaano kuruga ha tereviziyo rugire buli omuntu agambiraho.,The new comedy series on television has had everyone talking.
"kakuba gavumenti ebaire etekamu sente mubyamasanyarazi kare, ntusobora okuba n'obuhangwa oburungi hati","If the government had invested in renewable energy earlier, we could have a cleaner environment now."
omusomesa wange owunyenda naija kungamba ngu nkaba nyine ekisembo ky'okuhandiika ebigambo ebyo bikasigara nanye,My favorite teacher will tell me that i had a gift- for writing those words stayed with me.
enyanja victoria nija okuba eyikuru muno mufrika,Lake Victoria will be the largest lake in Africa.
tukamara ekiro kyona nitwetegereza amalirizo g'okwoleka kwaitu kandi tukamalirra nitwija kutunga A,We stayed up all night finishing our presentation and ended up getting an A.
abantu nibasoroza omuka y'omukuru habw'orukurato,People are gathering at the chief's house for the meeting.
ekilimo ky'eŋŋaano kyononyirizibwe ekisaka ky'ensiri,The maize crop has been damaged by fall armyworm.
nsanga Ruhanga bwango muno omubiremwa okukira omunyumba yoona,I find God more easily in nature than in any building .
okuzika kwitaka kuletereze abalimi okuleka itaka lyabo kandi bakagenda mumbuga,The soil erosion has been forcing forcing farers to abandon their land and move to cities.
noija kugura nkaijo eyo ey'omuhendo nkaha?,Where will do you buy that beautiful dress?
Ekika kaitu kimanyire ekitungwa kyakyo kuruga ira,Our clan has known its totem animal since ancient times.
Omulimo gwange ogurukukiraho gw'ekitebe kibaire obu twatandikire kuba banywani kandi tukakorera hamu.,My best group project has been when we became friends first and worked together second.
ayenyumirize omukucumba kwe,She prides herself on her cooking.
nyine karaoke namunyani wange hamukoro ijo ekiro,I have sung karaoke with my friends at the party last night.
"Obunkasobora okutambuka, nyega okusiima ebiro ebibaire bisobora.","When I have not walked, I learned to be grateful for the days I could."
"ekinyogwe kizikya isomero, kyonka omugisa abaana bakaba batalimo obwire obwo","The tornado destroys the school, but fortunately no children were there at the time."
kangaroo ekasumukira haihi n'omwana gwayo omubisasani,The kangaroo away hopped with its baby in its pouch.
enyanja victoria ebaire nene muno mufrika,Lake Victoria has been the largest lake in Africa.
ekihoya kihika n'obu kiraba kikalindirwa kurungi,The wound becomes infected despite proper care.
enkoko baziisize eŋŋaano y'ebijumba,The chickens have been fed with maize grain.
"Nkaija kwegambira nyowe nyeka nkagenda okwebaka bukyali, kandi nkareeba vidiyo kuhika saaha munana ez'ekiro","I told myself l'd go to bed early ,and then watched videos until 2AM."
"kakuba oburorwaho bwaremerire, munoonye obuyambi by'abajanjabi bwango","If the symptoms have worsened, seek medical attention immediately."
ebyefuna bihumbukire omwezi ogurukwija,The economy has recovered in the coming months.
naija okutwara ekitebe kumara emyaka nyingi atakabaire mukuru,She will manage a team for years before she became director.
Nsabira obusinge hali amadiini gona-ntwena tuli baana ba Ruhanga omwe.,I pray for peace among all religions-we're all children of the same God.
cobra nija okwijaho omutwe gwayo kandi neyegesa kutuburamu,The cobra will spread its hood and swayed to warn us away.
irwaro ryaherezaho ebiro eby'okutangira abarwaire abarukwetagisibwa,The clinic offered same-day appointments for urgent cases.
okubura kwamaizi kukakwataho ebirimwa by'obulimi omu kicweka,The water scarcity affected agricultural production in the region.
akantwara okumara esaha yona,She made me wait for an hour.
Milton Obote naija okutwara Uganda ha bwire bw'obwetwaire omwaka gwa 1962.,Milton Obote will lead Uganda to independence in 1962.
Obworuhanga bwo kwekomya obwomezi bukaba nkaha?,What was your exercise routine like?
omulimi akungwire amacande ge kandi yagatwara kugasima ijo,The farmer has harvested his sunflower and took it for pressing yesterday.
"omurundi gwokubanza obu nakagenda omubujanjabi, nkaba ntinaine ekinija okunjukya hali nyowe","The first time I went to therapy, I was terrified of what I might discover about myself."
asaswire amabanjage gona,He has paid off all his debts.
ekika ky'ebihingwa ebihyaka nikija okulema endwara,The new crop variety will be resistant to disease.
"kakuba oyetaaga ekintu kyona, nkamanyise","Should you needed anything, just let me know."
"kakuba oli musabe, nosobora okusabira eka yange esaara emu?","If you're the praying type, could you say one for my family?"
nyize okusiima nobu omuburumi-nikimanyisa nkyali mwomezi,I've learned to be grateful even in pain-it means I'm still alive to feel.
omukago gw'obusubuzi omuhyaka gukuza ebyokutunda hamu nsi,The new trade deal boosts exports.
abasuubuzi abaswahili batandikaho engendo mukibuga,Swahili traders established routes into the interior.
Onywa mwenge gurukwingana nkaha buli wiiki?,How much alcohol do you drink per week?
noija kwetagisibwa okutekaho obubugumu rundi obunyonyi ha kicweka ekyakasasiibwe,You will need to apply heat or ice to the injured area.
"kakuba obaire noyenda okwetegereza obuhangwa baitu, tandika n'ebyokulya baitu.","If you have wanted to understand our culture, start with our food."
ekikali kya Tooro mu Fort Portal kikasikiriza abagenyi baingi,The Tooro palace in Fort Portal attracted many visitors.
ekitebe ky'emizano ekihyaka nikihikire hali abantu abaine obulema,The new theater is accessible to people with disabilities.
okuzika kwa isenkuru nyowe kukaba kukora embaga y'obwomezi bwe - tukabagambira engano kandi tukaseka okurabira omu maziga gaitu,My grandfather's funeral was a celebration of his life - e told stories and laughed through our tears.
ekyenyi kiyimire kimu omumigyera y'amaizi,The egret has stood perfectly still in the shallow water.
"Ayi Ruhanga, nkusaba omurinde eka yange kandi obalinde.","Dear God, will please watch over my family and keep then safe."
ninyija okukwata risiti habwesonga z'omusoro,I will keep receipts for tax purposes.
omukago gw'obusubuzi omuhyaka nigwija kwongeza ebyokutunda hamu nsi,The new trade deal will boost exports.
obukama bwa kitara nibwijukibwa omubugani n'omubizina,The Empire of Kitara is remembered in epic poems and songs.
"nitwija kuba n'obulombolombo obw'okugarura ekirabo kimu ha kiro kya kirisimasi, kandi buli kaire ni pijama","We will have this tradition of opening one gift on Christmas Eve, and its always pajamas."
Gisookuru ky'omusozi Stanley nikyo Margherita peak.,Mount Stanley's highest peak is Margherita peak.
Ebimu by'ebintu ebikuru muno ebi nayegere tibirukukwataho na isomero.,Some of the most important things I've learned had nothing to do with school.
Benedicto Kiwanuka naija kuba Omukuru wa Gavumenti owokubanza owa Uganda.,Benedicto Kiwanuka will become Uganda's first chief minister.
"kakuba abantu batalinzire itaka muno, itaka nirija kusigala lirungi","If the community has not overgrazed the land, the soil would still be fertile."
kangaroo ekaruka enyuma n'omwana gwayo omubisasani,The kangaroo hopped away with its baby in its pouch.
ebinyonyi bitambire omu murukara bihimbire ebicweka bikagaruka omubisaka byabyo,The ants have marched in a long line carrying crumbs back to their nest.
abaseruruzi basoma enkora y'ebinyonyi okutahuka obu bazwire ekika ekihyaka,The researchers study bird migration patterns when they discovered a new species.
kiki ekibaireho omubika yaanyu y'obulwadde bwa kansa?,What has been your family history of cancer?
akacweka kaisooka y'ekaayi y'omwani kabaire murwa omutaito ogutasigaireho.,The first sip of morning coffee has been a small ritual I never skip.
"omurundi ogu wiiki erukwija, nitwija kuba twiryamire ha musiri gw'enyanja","This time next week, we'll be lying on a beach."
ekyenyi kikaimirira kimu omumigyera y'amaizi,The egret stood perfectly still in the shallow water.
omukago gw'obusubuzi omuhyaka nigwija kwongeza ebyokulisa ebweru,The new trade deal will boost agricultural exports.
nitwija kuhayo amata g'ente ag'okubanza hali baisenkuru itwe,We will give the first milk from the cow to the ancestors.
eka yaitu ekajaguza amagesa namazina agokusima itaka,Our family always celebrated the harvest with a dance that thanks the earth.
edini ly'obulombolombo nirija kutwaliramu okwikiriza omuhangi omuhanga,Traditional religion will include belief in a supreme creator.
enkora y'omubiri ey'omuraire nija kulemazibwa,The patient's immune system will be compromised.
"obuba ntasobora okutambuka, nyega okusiima ebiro ebiba nsobora","When I couldn't walk, I learned to be grateful for the days I could."
ekibumbe kibazire ekicweka ky'omunyoro w'ekyaro,The sculptor has carved a statue of the village hero.
"kakuba ekitebe tikirikwija kulisaho itaka, itaka nirija kusigala lirungi","If the community will not overgraze the land, the soil would still be fertile."
naija okutunga okwimukizibwa omurimo,He will receive a raise at work.
Yoweri Museveni naija okutandikaho Ekitebe ky'okuhakanisa abantu.,Yoweri Museveni will form the popular Resistance Army.
omulimi akagesa omusiri gwe gw'omuzaabu wiiki ehweire,The farmer weeded his cassava field last week.
akahuka kabaire n'omubuyaga kandi kakasaasaana bwango.,The virus was airborne and spreads easily.
akasoroza ensigo z'omunyika habwokuzirinda,She collects indigenous seeds for preservation.
ntungire munyani wange omukuru ijo,I run into an old friend yesterday.
"buli kasumi ninkwija okuteekateeka ngu nkyetegerezemu, nyega ekintu ekihyaka","Everytime I will think I've figured it out, I learn something new."
"hakumalira kwa omulimo ogu, tukatendeka abalimi rukumi omu mihanda y'ebimera","By the end of this project, we trained one thousand farmers in organic methods."
nyinenkuru nyowe naija okutunga ebigega by'akatale kumara emyaka nyingi,My grandmother will weave baskets for the market for many years.
ebyefuna biratungire emitwaro y'ebyenfuna,The economy has faced inflationary pressures.
ekika ekihyaka kikabaire kirungi habw'obukuru bwingi.,The new variety was suitable for higher altitudes.
abaseruruzi basomereze enkora y'ebinyonyi okutahuka obu bashangire ekika ekihyaka,The researchers have studied bird migration patterns when they discovered a new species.
Nyina esaara nyetagira obu ndukugwisa oturo - nikyo kintu ky'okumalira omubwongo bwange.,I have a prayer I say when I'm falling asleep-it's the last thing on my mind.
yusuf lule naija okuhika nkomukuru w'eggwanga okumara akasumi katono,Yusuf Lule will serve as president briefly.
kiki ekirikwija okuba ekyokulya ekitarukwikirizibwa,What will be your dietary restrictions?
"kakuba gavumenti nija kuteka sente mubyamasanyarazi kare, ntusobora okuba n'obuhangwa oburungi hati","If the government will invest in renewable energy earlier, we could have a cleaner environment now."
nyize okusiima nobu omuburumi-nikimanyisa nkyali mwomezi,I have learned to be grateful even in pain-it means I'm still alive to feel.
atekamu sente omubasente,He has invested in a hedge fund.
eka yange niyo yabaire ey'okwikiriza kwange okw'okubanza-ebisigaire biturukaho,My family was my first community of faith-everything else flows from that.
akagondeze iwe okuja ha kijaguzo kye,She has liked you to come to her party.
nkaba nyine akasondo omu kisenge kyange nambere nisabira- kyanguhire baitu kihikirire hali nyowe,I had a corner in my room where I pray-it's simple but holy to me.
kiki ekyali ekyokulya ekitarukwikirizibwa,What was your dietary restrictions?
eka yaitu ekajaguza amagesa namazina agokusima itaka,Our family has always celebrated the harvest with a dance that thanks the earth.
tujaguza amalirizo g'ekyeya n'ekijaguzo ky'okusiima,We celebrate the end of the dry season with a ceremony of thanks.
akahuka karukukira muno omubuganda,The virus is circulating widely in the community.
ebyafaayo by'omumwa nibiija okukoresa eby'okwijuka by'abakuru,Oral history will project record elders ' memories.
Akora nk'omububuzi ow'okwekolera wenka habwemyaka atakatandikire ekitongole.,She works as a freelance consultant for years before she joined the firm.
"nyinenkuru nyowe agambiraho oruganikyo orw'engeri yatanganize mwami we omukatale nukwo kurungi, nkarota nkoku nkaba ndiyo.","My aunt tells the story of how she met her husband at a market so vividly, l feel like i was there."
akozire omubugabo kumara emyaka atakabaire CFO,She works in the accounting department for years before she became CFO.
nkyetagisibwa okukendeeza sukali,I have needed to cut down on sugar.
noija kwetagisibwa okuhikya omuguru gwawe kugumisiriza okuzimba,You'll need to keep your leg elevated to reduce swelling.
ebizina n'okuzina by'enzarwa bikagendera hamu n'emizaano,Traditional music and danced accompained ceremonies.
ebiro bisatu omurubuga orutubaire tutwetekanize kugendamu,Three days in a city we will never plan to visit.
abazina beegezeemu amazina g'okukungula okumara emyezi nyingi embaga erukwija,The dancers have rehearsed the harvest dance for months before the festival.
ekitebe ky'obusubuzi kikageragezamu emihanda y'okurangira empyaka,The marketing team tested new advertising channels.
obujanjabi nibwija kuba bwingi baitu nibukoraho,The treatment will be expensive but effective.
Irwaaro liine ekicweka ky'okuzaara n'ebisenge by'abantu bonka na bonka.,The hospital has had a maternity ward with private rooms.
kampuni etungire obutale obuhyaka,The company has entered new markets.
atungire omuhendo gw'ebyensimbi ebingi,He has diversified his income streams.
amadiini ag'oruhanga gaine okwikiriza omuhangi omukuru,Traditional religion included belief in a supreme creator.
omukaguzi w'ebibuuzo naija kuhondera muno okuhikya obu nakagambireho omulimo gwange ogw'okwetangira- ekyo kikagarukamu byona.,The interviewer will terribly go until l mentioned my volunteer work- that changed everything.
omutengo gw'ebintu nigwija kutungirwa kwimuka,The inflation rate will be expected to rise.
irwaro risubuga ekiro ky'okutangira abantu hali oburwaire obw'omutaano,The clinic offers same-day appointments for urgent cases.
joseph kony naija okutwaraho okuhemererwa kwa lra,Joseph Kony will lead to LRA rebellion.
"kakuba nitwija kukozesa amaizi agakufuka habwengoye, ntusobora okulinda amasanyarazi kandi tukehye ebirukwija omumwanya","If we will use cold water for laundry, we can save energy and reduce emissions."
"kakuba obaire osiimire ebyigisibwa byawe, gambira omuntu eyabikusobozeseze","If you have been grateful for your education, tell someone who made it possible."
wakaba ogira ekyokugarukamu hali anesitesiya?,Had you ever had a reaction to anesthesia?
ebiro bisatu omurubuga orutubaire tutatekanize kugendayo,Three days in a city we'd never planned to visit.
okulima kurungi nikwija okugobera enkora y'ensi ey'obuhangwa,Contour plowing will follow the land's natural contours.
omukora firimu naija okuhindura firimu ye kandi ayetekanize okugyoleka ensi,The filmmaker will edit her movie and is ready to show it to the world.
eka yaitu ehondera emigenzo y'obufumbira egyo kumara ebyasa,Our family follows the same marriage customs for generations.
abatangazi nibaija kwetangira abaguzi abakuru,The sales team is presenting to a major client.
Hekalu haihi n'eka yange erina ebide ebiruka ekiro kyona-nyenda okubihuliriza.,The temple near my home has bells that ring all day-I love hearing them.
abalama obutondeezi nibaija okukora okunoonyereza haby'oruganikyo by'enjovu obubaija okwetegereza ebintu ebikuru,The conservationists will conduct research on elephant communication when they made a breakthrough discovery.
"omu mwaka gwa 2030, tuhikire okukehya kwingi omukufihwa kw'ebinyonyi eby'ebihangwa","By 2030, we have achieved a significant reduction in the loss of biodiversity."
"buli mugenzo nigwija kuba nigwo omuhendo, nobu kiraba titugutegereza","Every ritual will have a meaning, even if we don't always understand it."
"mutabani wange agwize,""ruhanga ali nkaha?"" nkamulaga omutima gwange n'ogwe","My son has asked me,""Where is God?""I pointed to my heart and his."
ekitebe kikagwaho omwaka gwa 1977 habwobutahurizani bwabuhangwa,The community collapsed in 1977 due to political differences.
ebinyonyi bikagenda omu murukara bihimbire ebicweka bikagaruka omubisaka byabyo,The ants marched in a long line carrying crumbs back to their nest.
nkazina karaoke namunyani wange hamukoro ijo ekiro,I sang karaoke with my friends at the party last night.
ninyija okwetagisibwa esimu yange nterekirwe,I will need my phone charging.
omuzani akozire ekicweka ky'omuzani omumuzannyo gw'omunyika,The actor has played the role of the hero in the local drama.
irwaro liha obujanjabi bw'abazaire abaine enda,The clinic provides prenatal care for expectant mothers.
tujaguza ebijuma ebyokubanza n'ekijaguzo ha lwihanga,We celebrate the first fruits with a ceremony at the shrine.
omuzanzo gw'emizano omuhyaka gukoramu emizano ya shakespeare buli musizoni y'omusana,The new theater has staged Shakespeare plays every summer.
Abatuura ababandize muno nibaija kuba baliisa kandi abahigi.,The earliest inhabitants will be nomadic hunter-gatherers.
kangaroo nija okurukaho n'omwana gwayo omubisasani,The kangaroo will away hop with its baby in its pouch.
abaseruruzi nibaija kwegaho omuhendo gw'okuhinduka kw'embeera y'obwire hali ebyokulya obubatandikireho enkora empyaka y'okwegesa.,The researchers will study the impact of climate change on food security when they developed new adaptation strategies.
"kakuba orukwija omubintu ebikali, manya ngu omuntu, haihi, naija okukusabira.","If you're going through something hard, know that someone, somewhere, is praying for you."
Abakazi ab'obukama babaire n'ekifo ky'omuhendo omubukama.,Royal wives have held significant status in the kingdom.
"kakuba omuntu afwa omu kyaro kaitu, abantu boona baija hamwe okuteraniza eka","When someone die in our village, the whole community together came to support the family."
akahuka karaba omumuyaga kandi kaganja bwango.,The virus is airborne and spreads easily.
nkyetagisibwa esimu yange kubaira,I needed my phone charging.
ninyija kugira obuzibu obw'okwetegereza.,I will have difficulty concetrating.
"kakuba isomero nirija okukoresa obusaasi, tekerezamu kakuba haba haliyo omulingo ogundi","If school will make you miserable, consider whether there's another way."
tukaha abaisenkuru omwenge gwokubanza kuruga omugavu omuhyaka,We offered the first beer from the new brew to the ancestors.
"nkaguza nyinenkuru nyowe kiki ekiyarorire- akamwenya kandi akagamba,""ekyererezi""","I ask my grandma what she saw- she smiled and said,""Light""."
omulimo gwokuhindura ebibira gukagarwireho ebisoro eby'omubugo ebyabaire bihwere muno.,The reforestation project has brought back wildlife that had disappeared from the area.
"ebyokulya omu katale ako biriba birungi muno, nkagarukayo emirundi ena omu biro bibiri","The food in that market will so be good, l went back four times in two days"
omusolo gwabakoloni nigwija kuhambiriza baingi omubusubuzi,Colonial taxation will force many into wage labor.
Ekitebe ky'okwegesa eby'obuhangwa kirukuhumuriza abalemi b'ebyobuhangwa ab'omulembe omuhyaka.,The environmental education center has inspired a new generation of environmental leaders.
UPDF eketaba omubikorwa by'okulinda obusinge.,UPDF participates in peace keeping missions.
takasobora okusasura omuhendo gw'ebibanja,He has never missed a dividend payment.
omutengo gw'ebintu gutandika okukeha,The inflation rate soon stabilized.
obujanjabi nibwija kwetagisibwa okukebera omusahi buli kaire okurora emirimo y'omunyago,The treament will require regular blood tests to monitor liver function.
cobra egumizemu omutwe gwayo kandi etungire okutuburira,The cobra has spread its hood and swayed to warn us away.
"kakuba omuntu afwa omu kyaro kaitu ,abantu boona nibaija hamwe okuteraniza eka","When someone die in our village , the whole community comes together to support the family."
omukaguzi akagenda kubi okuhikya obu nakagambire omulimo gwange ogw'okwetangira- ekyo kikagarukamu byona,The interviewer terribly goes until l mentioned my volunteer work- that changed everything.
Nkurra risiti habwentebe z'omusoro,I keep receipts for tax purposes.
ninyija kumalira nkaikara okumara obwire bwingi okukira obubaire ntekanize,I will wind up staying longer than planned.
abaire aine omulingo gw'okundoramu ogundetera okuhura nk'omuntu wenka omunsi,She has had this way of looking at me that makes me feel like the only person in the world
Nyine ekitebe ky'okwikiragana n'emunywani wange ow'isomero ekibaire kikora kumara emyaka ikumi.,I have a group chat with my school friends that's been active for ten years.
enyonyi ekirukukira omumugga kuhunga empyoma,The waterbuck has run into the river to escape the lion.
ekitebe ky'okutundaho kiragezemu emihanda y'okurangira empyaka,The marketing team has tested new advertising channels.
"kakuba orukwetagisibwa ekintu kyona, nkamanyise","Should you will need anything, just let me know."
Milton Obote akebembera Uganda kuhondera obwetwaire omwaka gwa 1962.,Milton Obote led Uganda to independence in 1962.
abalimi bakozesa ebijunzire okulongoosa engeri y'itaka,Farmers use compost to improve soil structure.
nyega okusiima nobu omuburumi-nikimanyisa nkyali mwomezi okwetegereza,I learned to be grateful even in pain-it means I'm still alive to feel.
ntungire munyani wange omukuru ijo,I have run into an old friend yesterday.
kotoni ekaba ekirimwa kyasente mukyasumi kya 20th muuganda,Cotton became a major cash crop in the early 20th century Uganda.
ebyefuna nibiija okutandika okuhondera omuhendo gw'ebintu,The economy will face inflationary pressures.
kampuni etanganize n'okwegesa kw'abemigabo,The company faced shareholder activism.
"buli mwaka,nyetegerezaho katono kandi nyetagisa katono","Every year, I understand a little more and claim a little less."
Benedicto Kiwanuka abaire Omukuru wa Gavumenti ow'okubanza owa Uganda.,Benedicto Kiwanuka has become Uganda's first chief minister.
ensonga z'abakoloni zitaziregeho ebika by'abantu n'ebyabuhangwa,Colonial boundaries ignored ethnic and cultural divisions.
kampuni etanganize n'okwegesa kw'abemigabo,The company is facing shareholder activism.
ninyija okusubwa omulingo abantu boona abaliraanwa batungire ebiro by'embaganiza obu nkaba nkyali muto,I will miss the way the whole neighborhood would decorate for festivals when l was a kid.
nuwe yanjigirize ngu tikine kizibu kyona kusaba obuyambi,He has been the one who taught me that it's okay to ask for help.
kangaroo ekasumire enyuma n'omwana gwayo omubisasani,The kangaroo has away hopped with its baby in its pouch.
"kakuba noija okwetegereza obuhangwa baitu, tandika n'ebyokulya baitu","If you will want to understand our culture, start with our food."
embuzi zibaire nizihimbisibwa oburemezi,The goats have regularly been dewormed.
Omukazi akozire obujanjabi bw'okuzaara kumara emyaka ebiri.,She has undergone fertility treatment for two years.
Ekika kaitu kikabaire n'engeri eyabo ey'okwaniriza omwaka omuhyaka.,Our clan has had its own special way of welcoming the new year.
Nyina ekicweka omu kisenge kyange nambere nisabira- kyanguhire baitu kihikirire hali nyowe.,I have a corner in my room where I pray-it's simple but holy to me.
"kakuba isomero likukureetera okusemererwa, tekerezamu kakuba haba haliyo omulingo gundi","If school made you miserable, consider whether there's another way."
abaire nakora nk'omuhwezi kumara emyaka atakatandikireho ekitongole kye.,She had been working as an accountant for years before she started her own firm.
obaire orukugireho okugarukwamu hali anesitesiya?,Has had you ever had a reaction to anesthesia?
abachwezi batunganizibwe n'ebicweka by'obukama,The Bachwezi has been associated with the origins of kingship.
omufumu akozeseze amaani gabaisenkuru okukiza omushaija omulwadde ijo,The healer used the power of the ancestors to cure the sick man yesterday.
noija kugira ekyokugarukamu hali anesitesiya?,Will have you ever had a reaction to anesthesia?
"ekiniga nikija okuija omubicweka ebiro ebimu nsobora okuhumuka, ebiro ebindi tindusobora","The grief will come in waves some days l can breath, some days l can't."
Nyine ekitebe ky'okwikiragana n'emunywani wange ow'isomero ekibaire kikora kumara emyaka ikumi.,I have had a group chat with my school friends that's been active for ten years.
Nyina nyowe obu yatunganizibwe eka yona ekaba ehurize hamu omulingo ogutakarora.,When my mother was diagnosed the whole family came together in a way l've never seen before.
omusomesa wange owunyenda akagambira nyowe ngu nyine ekisembo ky'okuhandiika ebigambo ebyo bikasigara nanye,My favorite teacher told me that i had a gift- for writing those words stayed with me.
naija okwegomba oije hamukorogwe,She will like you to come to her party.
nitwija kuhika abafu baitu omwitaka haruhukire baisenkuru itwe,We will bury our dead in the ground where our ancestors rest.
ninyija okuyimbira karaoke namunyani wange hamukoro ijo ekiro,I will sing karaoke with my friends at the party last night.
enjura ekina okuleeta enjura entukyetagisibwaho ebirimwa ijo,The rainmaker dances to bring the rain that we need for the crops yesterday.
ninyija okwijuka akasumi aka nakyetegereza ekiteekateeko ekibaire nkirwanyisize okumara emyezi,L always remembered the moment l finally understood a concept l'd struggled with for months
omutenderezi atendereza ekitiinisa ky'omukuru n'oruririmbo rwe ijo,The praise singer honors the chief's bravery with his song yesterday.
tukasiima emyoyo y'omurusozi habwe amabale namabale,We have given thanks to the spirits of the mountains for the rocks and stones.
ekitebe ky'emizano ekihyaka nikija okukoramu emizano ya shakespeare buli musizoni y'omusana,The new theater will stage Shakespeare plays every summer.
nambere wakagura ekanzu eryo ry'omuhendo?,Where did you buy that beautiful dress?
nkakundaga obu omusomesa yatusomeraga itwe tukyali high school,I loved when the teacher would read aloud to us — even in high school.
nikyo kirukwija okuba ekisembo ekirukukiraho,This will be by far the best option.
Nyine obuzibu bw'okwetegereza.,I have had difficulty concetrating.
ebisasani ebitahwaho birungiza engeri y'itaka,Permanent beds improve soil structure.
ekika ky'ebihingwa ebihyaka kibombekere endwara,The new crop variety has been resistant to disease.
Nyine esaara nyetagira obu ndukugwisa oturo - nikyo kintu ky'okumalira omubwenge bwange.,I have had a prayer I say when I'm falling asleep-it's the last thing on my mind.
nitwija okwaniriza omukuru omuhyaka n'ekijaguzo kyamaani omwezi ogurukwija,We will welcome the new chief with a big celebration next month.
omuzani naija okuzina okutwara enjura egi twetaaga hali ebirimwa ijo,The rainmaker will dance to bring the rain that we need for the crops yesterday.
Irwaaro liine ebitabu by'omurwaire ebirukukwataho amakuru ag'obulwadde bwe.,The hospital has a patient library with health information.
okubura kwamaizi kukwataho ebyokulisa omu kicweka,The water scarcity affects agricultural production in the region.
omuzanzo gw'emizano omuhyaka gukoramu emizano ya shakespeare buli musizoni y'omusana,The new theater staged Shakespeare plays every summer.
"obuli kaire nyetegereza nyetegerezemu, nyega ekintu ekihyaka","Everytime I thought I've figured it out, I learn something new."
omutendereza atungire ekitinisa ky'omukuru n'oruririmbo rwe ijo,The praise singer has honored the chief's bravery with his song yesterday.
Ekika kaitu kikabaire kimanyire ekitungwa kyaakyo kuruga ira.,Our clan knew its totem animal since ancient times.
"kakuba obaire otungire ekintu ekikaliire, manya ngu omuntu, haihi, naija okukusabira","If you have gone through something hard, know that someone, somewhere, is praying for you."
ekikali kya Tooro mu Fort Portal kisikiriza abagenyi baingi,The Tooro palace in Fort Portal attracts many visitors.
obuzito oburungi obutakazire omwezi oguhahire,How much weight have you lost in the past month?
obuzito oburungihaine omwezi oguhire,How much weight had you lost in the past month?
abaana baitu bahulire oruganikyo orw'engeri tutanganize- batukoresa okukibazaho buli mwaka,Our children have heard the story of how we met -they make us tell it every anniversary.
abazina bakaba batandikire kwetegereza amazina g'okugesa omwezi gutakahikire,The dancers had been rehearsing the harvest dance for months before the festival.
Yoweri Museveni atandikireho ekitebe ky'okuhakanisa abantu.,Yoweri Museveni has formed the popular Resistance Army.
enyange nija kuyimara bwango muno omumaizi agataito,The egret will stand perfectly still in the shallow water.
omusomesa wange w'obugorerezi naija kungambira ngu tinkwete busobozi - nkamworeka nti agwire kubi,My art teacher will tell me l had no talent - l proved her wrong.
irwaro ryaherize obujanjabi bw'abazaire abaine enda,The clinic has provided prenatal care for expectant mothers.
embuzi ekirunga ekirukukira omumugga okutoroka entahu,The waterbuck ran into the river to escape the lion.
Ekika kaitu nikija okumanya ekitungwa kyaakyo kuruga ira,Our clan will know its totem animal since ancient times.
"omwana wange naija okumbuuza,""ruhanga ali nkaha?"" nkamulaga omutima gwange n'ogwe","My son will ask me,""Where is God?""I pointed to my heart and his."
ebisoro byacowrie bikozesibwe nkensimbi omu biro by'abakoloni,Cowrie shells have been used currency in pre-colonial times.
akahuka nikaja okusaasa muno omubuganda,The virus will widely circulate in the community.
abekento nibaija kumaliriza alipoota y'omwaka,The finance team will finalize the annual report.
enjura ekakora emigenzo okurinda ebirimwa ijo,The rainmaker performed the ritual to protect the crops yesterday.
yusuf lule akozire nkomukuru w'eggwanga okumara akasumi katono,Yusuf Lule has served as president briefly.
ebinyonyi nibiija kwimukira bugwaizoba buri mwaka okutoroka obunyonyi bw'obwire,The birds will south migrate every year to escape the cold winter.
ebyefuna birukwetagisibwa enkora y'ebyenfuna,The economy is facing inflationary pressures.
ekika ekihyaka nikija okuba kirungi habw'obukuru bwingi,The new variety will be suitable for higher altitudes.
nitwija kusiima emyoyo y'omurusozi habwe amabale namabale,We will give thanks to the spirits of the mountains for the rocks and stones.
ekitebe ky'emizaano ekihyaka kirina ebiro by'okugarukamu eby'abazaani ab'ebyamaani.,The new comedy club has open mic nights for amateur comedians.
akacweka kaisooka y'ekaayi y'omwani nija kuba murwa omuto ogutakubaireho,The first sip of morning coffee will be a small ritual I never skip.
takasobora okusasura omuhendo gw'ebibanja,He never missed a dividend payment.
atekamu sente omubasente,He invested in a hedge fund.
orubisi nirwija okukwata esamaki omumugga n'ebinono byalwo ebikoto,The bear will catch salmon in the river with its huge paws.
abazirwani bakagaruka n'ebitekerezo ebihyaka kandi n'okusuubira,Veterans returned with new ideas and expectations.
Okufumbiriganisibwa kwabantu ababurunga hamu n'ebyabuhangwa.,Intermarriage has created cultural exchange.
nkaba ntasima okucumba kwa nyina nyowe okuhikya obu nakagenda kandi nkatandika okwerisa,"I never appreciated my mother,s cooking until l moved out and had to feed myself."
ebizina n'ebinyonyi by'enzarwa nibigendera hamu n'ebijaguzo,Traditional music and has danced accompained ceremonies.
Nsabire obusinge hali amadiini gona-ntwena tuli baana ba Ruhanga omwe.,I have prayed for peace among all religions-we're all children of the same God.
yusuf lule akaherezaho nkomukuru w'eggwanga okumara akasumi katono,Yusuf Lule served as president briefly.
Yoweri Museveni akatekaho Ekitebe ky'okuhakanisa abantu.,Yoweri Museveni formed the popular Resistance Army.
omuringo gwawe gw'okwegezamu guba gutya?,What is your exercise routine like?
"kakuba omuntu afwa , ekyaro kyona kija okumusasira , kyonka baba bamanyire muno rundi batarukumanyire.","When someone dies , the whole village comes to pay respects , whether they knew them well or not."
atekamu sente mukitongole ky'obusubuzi bw'ebintu,He invests in a real estate investment trust.
okuzika kwa isenkuru nyowe nikiro ky'okwijaguza obwomezi bwe- batugambiraga engano kandi batusekerera okurabira omumaziga gaitu,My grandfather's funeral is a celebration of his life - e told stories and laughed through our tears.
Nyina korani eyaba eya isenkuru nyowe- kiri omumu bintu byange ebyomuhendo muno.,I have a Quran that belonged to my great-grandfather -it's one of my most precious possessions.
cobra ekasumura omutwe gwayo kandi ekirukukira kutuburira,The cobra spread its hood and swayed to warn us away.
embwa y'omuirima ekahondera impala mayiro nyingi okuhikya obuyahire,The wild dog chased the impala for miles until it tired out.
"ekiniga kije omubicweka ebiro ebimu nsobora okuhumuka, ebiro ebindi tindusobora","The grief has come in waves some days l can breath, some days l can't."
"Omurundi gwokubanza okubona enyunyuzi omubutale, nkahurra okubaho kwekintu ekitakuhwaho.","The first time I saw the starts through a telescope, I felt the presence of something infinite."
"hakumalira y'ekyasa kinu, tuhindwire enkolagana yaitu n'ebyobuhangwa","The the end of this century, we have transformed our relationship with nature."
atungire okwelema omubyasente,He achieved financial independence.
Omukazi akozire nk'omuhwezi kumara emyaka atakatandikireho ekitongole kye.,She has worked as an accountant for years before she started her own firm.
abaana baitu nibaija okuhurra oruganikyo orw'engeri tutanganize- batukoresa okukibazaho buli mwaka.,Our children will hear the story of how we met -they make us tell it every anniversary.
Milton Obote akebembera Uganda kuhondera obwetwaire omwaka gwa 1962.,Milton Obote has led Uganda to independence in 1962.
omurimo gwange ogurukukira muno nugwo obwatandikire okuba banywani kandi tukakorera hamu,My best group project is when we became friends first and worked together second.
tukazika isenkuru nyowe omukiro ky'omukaaga ekyabaire kikwatagana n'embeera y'abantu boona,We buried my grandfather on a rainy Tuesday that matched everyone's mood.
ekiragiro ky'ezaabu kibaho buli nyikiriza n'obulombolombo-yisa abandi nkoku noyenda bakuyise,The golden rule exists in every faith tradition-treat others as you want to be treated.
omusomesa wange w'obugorerezi akangambira ngu tinkwete busobozi - nkamworeka nti agwire kubi,My art teacher tells me l had no talent - l proved her wrong.
abalama obutondeezi bakaba nibaseruliriza haby'oruganikyo by'enjovu obubakaba batungire ekintu eky'omuhendo,The conservationists were conducting research on elephant communication when they made a breakthrough discovery.
"kakuba gavumenti nija kuhondera solar panels, abantu baingi nibaija kutandika kukozesa amasanyarazi","If the government will subsidize solar panels, more people would use renewable energy now."
naija okukora omubugabo kumara emyaka nyingi atakabaire CFO,She will work in the accounting department for years before she became CFO.
omulimi agesa amacande ge kandi yagatwara kuruga ijo,The farmer harvests his sunflower and took it for pressing yesterday.
"omu 2050, tufirwa ebisiika bingi eby'enyanja habw'okugaruka kwamaizi","By 2050, we lose many coastal areas to sea level rise"
sente zempapura empyaka ziri haihi okutandikibwaho,The new currency notes are soon introduced.
ekika kyababiito kihaire nikitegeka bunyoro kuruga mukyasa kya 16th,The Babiito dynasty has ruled Bunyoro since the 16th century.
ekikali kya Tooro mu Fort Portal nikija okusikiriza abagenyi baingi,The Tooro palace in Fort Portal will attract many visitors.
irwarro lyabaire n'ekitaro ky'okuzaara ekirimu ebisenge by'abantu bonka na bonka,The hospital had a maternity ward with private rooms.
eka yaitu ebaire etwaza abanyamahanga omuka itwe,Our family has always welcomed strangers into our home.
ekijumba nikija okusesa amaizi okuraba omumacweka gaakyo okutunga ebyokulya,The sponge will filter water through its pores to get food.
naija kwongera amagoba g'ensimbi ze,He will diversify his income streams.
nkateekamu ekicweka eky'emizejo kandi nkagihanika hali emikutu y'omukago ijo,I have drawn a funny cartoon and posted it on social media yesterday.
"kakuba nitukozesa amaizi agakufuka habwengoye, ntusobora okulinda amasanyarazi kandi tukehya ebirukwija omumwanya","If we use cold water for laundry, we can save energy and reduce emissions."
nikyo ekyabaire kisembo ekirukukiraho,This was by far the best option.
"ekiniga kikaija omubicweka ebiro ebimu nsobora okuhumuka, ebiro ebindi tindusobora","The grief came in waves some days l can breath, some days l can't."
tukira omukuru omuhyaka n'ekijaguzo kyamaani omwezi ogurukwija,We welcome the new chief with a big celebration next month.
emirimo y'okwombeka obuhyaka nija kweyongera omubicweka ebyahikire,Reconstruction efforts will continue in affected areas.
mpekere okubatizibwa kw'omunywani wange nobu kiraba tindi mukristayo- kikaba kyekitinisa okuba kaiso,I have attended a friend's baptism even though I'm not christian-it was an honor to witness.
akahuka nikaba kaire omumuyaga kandi kakasaasaana bwango.,The virus will be airborne and spreads easily.
naija okutwarwa obujanjabi bwokuzaara kumara emyaka ebiri,She will undergo fertility treatment for two years.
ekika ky'ebihingwa ebihyaka nikizibira endwara,The new crop variety is resistant to disease.
tukamara ekiro kyona niturora nitumaliriza okutangaza kwaitu kandi tukamalirra nitwija kutunga A,We have stayed up all night finishing our presentation and ended up getting an A.
"hakumalira y'ekyasa kinu, tuhindura enkoragana yaitu n'ebyobuhangwa","The the end of this century, we transform our relationship with nature."
"Obwire omugenyi abuze ekikaguzo eki otakatekerezeho, nibwo burungi bw'okwegesa.",The moment a student has asked a question you've never considered is the best part of teaching.
omufirimu akahindura firimu ye kandi ayetekanize okugyoleka ensi,The filmmaker edited her movie and is ready to show it to the world.
nkaba nyine obuzibu bw'okwetegereza,I've been having difficulty concetrating.
Akora nk'omuhwezi kumara emyaka atakatandikireho ekitongole kye.,She works as an accountant for years before she started her own firm.
cobra egesa omutwe gwayo kandi etungire okutworobera,The cobra spread its hood and swayed to warn us away.
okuzika kwitaka nikwija kuhambiriza abalimi okuleka itaka lyabo kandi bakagenda mumbuga,The soil erosion will force farers to abandon their land and move to cities.
"kakuba oburorwaho bweyongera, munoonye obuyambi by'abajanjabi bwango","If the symptoms worsen, seek medical attention immediately."
biki ebibaireho habw'omurwa ogu?,What has been the side effects of this drug?
Omurwaire naija kwoleka oburorwaho bw'okuserura.,The patient will show signs of sepsis.
noija kwetagisibwa okujwara pulasita okumara wiiki mukaaga,You will need to wear a cast for six weeks.
ebinyonyi bikagenda omu murukara bihimbire ebicweka bikagaruka omubisaka byabyo,The ants marched in a long line carrying crumbs back to their nest.
"tukamara ekiro kyona niturora, nitusaba kandi nitusera okuganyirwa","We up all stayed night during Laylat al-Qadr, praying and seeking forgiveness."
omulimo gwokugarukya ebibira gukagarukya ebisoro eby'omu mpingu ebibaire bihwere muno.,The reforestation project brings back wildlife that had disappeared from the area.
abaana bakahandika ebijwaro by'ekijaguzo ky'ekiro kya halloween,The children designed costumes for the Halloween parade.
"Omurundi gwokubanza okubona enyunyuzi omubutale, nkahurra okubaho kwekintu ekitakuhwaho.","The first time I saw the starts through a telescope, I felt the presence of something infinite."
tindigenda kusiima nyina nyowe habw'okucumba okuhikya obu nakagenda kandi natungire ebyokulya,"I never will appreciate my mother, s cooking until l moved out and had to feed myself."
ebyefuna bikagaruka omwezi ogurukwija,The economy recovered in the coming months.
nkakwata risiti habwesonga z'omusoro,I kept receipts for tax purposes.
nyinenkuru nyowe atungire ebigega by'akatale kumara emyaka nyingi,My grandmother has woven baskets for the market for many years.
nkaguza ebintu omu supamaketi buli wiiki,I bought groceries from the supermarket every week.
ebihandiiko by'abaminsani bihikize ekyasa ky'ekkumi na mwenda Uganda,Missionary writings have documented 19th century Uganda.
enkora y'omubiri ey'omuraire etungire.,The patient's immune system is compromised.
"kakuba gavumenti etungire sente enkora y'omusana, abantu baingi nibaija kutandika kukozesa amasanyarazi","If the government subsidizes solar panels, more people would use renewable energy now."
noyetagisibwa okuyonja amaino gawe emirundi ebiri buli mwaka,You needed to have your teeth cleaned twice a year.
omukago gw'obusubuzi omuhyaka gukaimukize ebyokulisa ebweru,The new trade deal has boosted agricultural exports.
obujanjabi butahikire n'embeera z'omutima ezimu,The medication is contraindicated with certain heart conditions.
"obu nakwataga omwana wange omuhyaka, nkatahura omukyoleka Ruhanga okutugonziza omungeri empyaka","When I held my newborn baby, I understood God's love for us in a new way."
endibu ekakwata esalmoni omumugga n'ebinono byayo ebikoto,The bear caught salmon in the river with its huge paws.
Omulimo gw'emikono gwensi nigwija kutwaliramu okukora ebijwaro.,Traditional crafts will include barkcloth making.
nyijukire ekiro nkatunga kadi yange y'ebitabu obusobozi bwingi,l remember the day l got my library card so many posibilities
edini ly'obulombolombo likatahamu emigenzo y'enkuba n'okugesa,Traditional religion included rituals for rain and harvest.
Irwaaro liine ekicweka ky'okuzaara n'ebisenge by'abantu bonka na bonka.,The hospital has a maternity ward with private rooms.
enyonyi y'omuyanja ekakora akasumi k'okuhuhura kakuba ekareeba enjoka,The guinea fowl made a loud chattering sound when it saw the snake.
atungire okwimukizibwa omurimo,He received a raise at work.
tugaha amata g'ente ag'okubanza baisenkuru itwe,We give the first milk from the cow to the ancestors.
abalinzi b'ebihingwa bakaba nibaija kwega endwara y'ensoro z'omu nsozi obubaire nibategereza okukoresa ebyuma.,The conservationist were studying the behavior of mountain gorillas when they observed tool use.
"kakuba obaire omuntu asabira, nosobora okusabira eka yange esaara emu?","If you have been the praying type, could you say one for my family?"
tuzingire kaaba emirundi musanju omubiseera bya hajji-kitwijukya obumu bw'abamenyi,We circle the kaaba seven times during Hajj-it reminds us of the unity of believers.
"Ninkegambira nyowe nyeka nkagenda okurara bwango, kandi nkareeba vidiyo kuhika saaha munana ez'ekiro","I tell myself l'd go to bed early, and then watched videos until 2AM."
amagoba gaali kintu kikuru omubuganizo bw'okusiga sente,The interest rates were a key factor in investment decisions.
nkaba ninkora esaara nensaba obunkaswera oturo - nikyo kintu ky'okumalira omubwongo bwange,I had a prayer I say when I'm falling asleep-it's the last thing on my mind.
Hekalu haihi n'eka yange ekaba erina ebide ebiruka ekiro kyona-nyenda okubihuliriza.,The temple near my home had bells that ring all day-I love hearing them.
omuzyo gw'obukama bw'e Tooro nigwija kwoleka ebintu by'ebyafaayo,The Tooro kingdom's museum will exhibit historical artifacts.
Tihariho kintu kibi nk'okwinjira omubikya otaine sokisi,There was nothing worse than stepping in a puddle with socks on.
"buli mwaka, ninyija okwetegereza kataito kandi nyetaito kataito","Every year, I will understand a little more and claim a little less."
"kakuba nkakora ekintu kyona ntaine kutiina okulemererwa, ninyija kutandikaho bizinensi yange","If l did anything without fear of failure, l'd start my own business."
obujanjabi bubaire bwasente nyingi baitu nibukoraho,The treatment has been expensive but effective.
musisi agerize musanju nukwo bitaano ha mizani ya ricita,The earthquake has measured seven point five on the Richter scale.
ninyija okwijuka akasumi kenyini obwamanyire ekikwenda okukora n'obwomezi bwange,I will remember the exact moment l knew what l wanted to do with my life.
akakiiko k'ebyensimbi nikareebaho ekiteekateeko,The finance committee is reviewing the proposal.
Omulimo gw'okuhandiika ebyafaayo by'abantu abakuru gukajandikaho eby'okwijuka.,Oral history projects record elders' memories.
"tokyetaaga kiki kyogambire, tindihindura endowooza yange","No matter what you have said, I won't change my mind."
nkagondeze obu omusomesa yatusomeraga itwe tukyali high school,I have loved when the teacher would read aloud to us — even in high school.
ayongera amagoba g'ensimbi ze,He diversifies his income streams.
nyinenkuru nyowe atunga ebigega by'akatale kumara emyaka nyingi,My grandmother weaves baskets for the market for many years.
ekijumba kikasaire amaizi omubuzira bwakyo okutunga ebyokulya,The sponge has filtered water through its pores to get food.
ebyafaayo by'abantu abakuru ebikahandiikirwe,Oral history projected record elders ' memories.
ebisoro byacowrie bikakozesiibwe nkensimbi omu biro by'abakoloni,Cowrie shells were used currency in pre-colonial times.
atungire okwelema omubyasente,He achieves financial independence.
enjura nija okukora emigenzo okurinda ebirimwa ijo,The rainmaker will perform the ritual to protect the crops yesterday.
"buli mugenzo guba nigwo omuhendo, nobu kiraba titugutegereza","Every ritual has a meaning, even if we don't always understand it."
"omwaka tutarikwija kusobora kuha ebirabo, tukahandikirangana amabaluwa - nkyaine agange","The year we will not afford gifts, we wrote each other letters instead - l still have mine."
ekibumbe kikahandika ekicweka kuruga omuti gumu,The sculptor chiseled a figure out of a single block of wood.
ekihoya kikakwatwa endwara n'obu kiraba kikalindirwa kurungi,The wound has become infected despite proper care.
nibaija kuba muparisi obubatangire okutangatangana,It will be in Paris that they first met.
"Obukaba akahikire, akaba asairw'okugenda.",No sooner will have she arrived than she had to leave.
Omurwaire atungire omusahi gurukwingana nkaha?,How many units of blood has done the patient receive?
irwaro lyemerera hali amagara g'abakazi,The clinic specializes in women's health.
obujanjabi bukaba nibwetaga okukebera omusahi buli kaire okurora emirimo y'ekibooko,The treament required regular blood tests to monitor liver function.
naija kuba nuwe yanjigirize ngu tikine kizibu kyona kusaba obuyambi,He will be the one who taught me that it's okay to ask for help.
atekamu sente mukitongole ky'obusubuzi bw'ebintu,He has invested in a real estate investment trust.
UPDF eketaba omubikorwa by'okulinda obusinge.,UPDF participated in peace keeping missions.
ekiragiro ky'ezaabu kibaho buli nyikiriza n'obulombolombo-yisa abandi nkoku obaire noyenda bakuyise,The golden rule exists in every faith tradition-treat others as you have wanted to be treated.
abaseruruzi bakaba nibasoma omuhendo gw'okuhinduka kw'embeho ha byokulya obubatandikireho enkora empyaka y'okwegesa.,The researchers were studying the impact of climate change on food security when they developed new adaptation strategies.
gavumenti ekihireho enkora empyaka hali abalimi abakora eby'obulimi obuhikire.,The government has provided subsidies for farmers who practice sustainable agriculture.
ekirimwa ky'eŋŋaano kyonsiibwe ekisaka ky'ensiri,The maize crop was damaged by fall armyworm.
tukahaireho okwongezibwa kwa waranti ha byuma byaamasanyarazi,We have offered extended warranties on electronics.
abaana nibaija kwega emizano ebajigiriza okugumisiriza,The children will learn the games that teach them to be patient.
musisi naija okupimwa musanju na bitaano ha mizani ya ricita,The earthquake will measure seven point five on the Richter scale.
abalimi bakozeseze ebijunzire okulongoosa engeri y'itaka,Farmers have used compost to improve soil structure.
akahire muno hanyuma y'okumusemeza,She made a full recovery after the operation.
ekitebe kyombeka ekitaro ekihyaka ha musiri oguhikirra,The community builds a new shrine at the sacred spring.
nitwija okukora embaga y'okugesa omumalirizo g'omusiri,We will celebrate the harvest festival at the end of the season.
Nkateekamu ekicweka eky'emizejo kandi nkagihanika hali emikutu y'omukago ijo.,I drew a funny cartoon and posted it on social media yesterday.
"tindi okwetekereza ngu tindukwija kumaraho omwaka ogu, baitu hati ndi","I will not think I'd make it through that year, but here I am."
abaine omulingo gw'okundoramu ogundetera okuhurra nk'omuntu wenka omunsi,She has this way of looking at me that makes me feel like the only person in the world
"mureebe ebinyonyi omumwanya; tibisirimanga rundi okukungula, baitu iwe ise owomwiguru obirisa","Look at the birds of the air; they do not sow or reap, yet your heavenly father feeds them."
Nyambire omusalaba omubikya byange- nikyojukyo ky'oku ndi.,I have worn a cross around my neck-it's a areminder of who i belong to.
ntungire nkamaireho akasumi karungi okukira nkobaire ntekanize,I have wound up staying longer than planned.
"kakuba okyetegereza muno, noija okurora ngu amalirizo gona gatwara ensigo y'entandikwa empyaka","If you closely looked, you'll see that every ending carries the seed of a new beginning."
atunga okwimukizibwa omulimo,He receives a raise at work.
obujanjabi bukakora hamu n'ebijanjabi ebindi,The medication interacted with other drugs.
noyetagisibire okujwara pulasita okumara wiiki mukaaga,You have needed to wear a cast for six weeks.
Ekika kyawe kirukukwataho kookolo niki?,What's your family history of cancer?
naija okukorora ensigo z'ekibanja muno okuzirinda,She will collect indigenous seeds for preservation.
akahuka kajanjaire muno omubuganda,The virus has widely circulated in the community.
omuhanda gw'okwegesa eby'obuhangwa nigwija kuhika abantu akaseera kamu,The environmental awareness campaign will reach over one million people.
obaire noine ekigarukwamu hali anesitesiya?,Have you ever had a reaction to anesthesia?
buli muntu orukwija okusisinkana amanyire ekintu ky'otamanyire - nigw'omugisa kukyega,Every person you will meet knows something you don't — that's a chance to learn.
tukaguza ebijuma ebyokubanza n'ekijaguzo kuruga aheru,We celebrated the first fruits with a ceremony at the shrine.
"kakuba nkaba ntanahikire hasi, tinandyombekere obwomezi bwange nkoku nkabwetekereza","If l had'nt has hit rock bottom, l never would have rebuilt my life the way l wanted it."
omusoro gw'abakoloni gukaletera baingi omu mirimo y'omuhendo,Colonial taxation forced many into wage labor.
nkatungaho okubatizibwa kw'omunywani wange nobu kiraba tindi mukristayo- kikaba kyekitinisa okuba kaiso,I attended a friend's baptism even though I'm not christian-it was an honor to witness.
ekimera kikahumba omumusenyi obu ekyeya kikahweruka,The clam burrowed into the sand when the tide went out.
Nyine akasondo omu kisenge kyange nambere nisabira- kyanguhire baitu kihikirire hali nyowe.,I have had a corner in my room where I pray-it's simple but holy to me.
ekitebe ky'emizaano ekihyaka nikija okuba n'ekiro ky'okugarukamu hali abacemi ab'obusubuzi.,The new comedy club will have open mic nights for amateur comedians.
"kakuba nsobora okukugambira ekintu kimu hali ekiniga, kiri ngu tokwija kukirugaho- okirukusobora.","If I could tell you one thing about grief, it's that you never get over it-you get through it."
nsangire Ruhanga bwango muno omubiremwa okukira omunyumba yoona,I have found God more easily in nature than in any building.
irwaro ryetungire obwomezi bw'abakazi bonka,The clinic has specialized in women's health.
yeenyumirizanga omukucumba kwe,She prided herself on her cooking.
abajanjabi ab'oruganda bakozeseze ebisaka n'emirimo y'eby'omwoyo,Traditional healers used herbs and spiritual practices.
eka yaitu ebaire etwaza abanyamahanga omuka itwe,Our family has always welcomed strangers into our home.
ebinyonyi bikagenda bugwa omubicweka buli mwaka okutoroka obunyonyi bw'obwire,The birds south migrated every year to escape the cold winter.
kiki ekirikwija okuba omuhendo gwawe gw'okwegezamu?,What will be your exercise routine like?
nkaba ntasimaga nyina nyowe okucumba okuhikya obu nakagenda kandi nkatandika okwerisa,"I never have appreciated my mother, s cooking until l moved out and had to feed myself."
abazina basomozamu amazina g'okugesa omwezi gutakahikire,The dancers rehearse the harvest dance for months before the festival.
"ninyija kwegambira nyowe nyeka nyeka nkagenda okurara bwango, kandi nyetegereza vidiyo kuhika saaha munana ez'ekiro","I will tell myself l'd go to bed early, and then watched videos until 2AM."
bakalima omusiri bakoresa tarakita,They have plowed the fields using a tractor.
ninyija okusasura ebintu byange ijo,I will pay my property insurance yesterday.
okubura kwamaizi kubaire nikukwataho ebirimwa by'obulimi omu kicweka,The water scarcity has been affecting agricultural production in the region.
"omukazi akangambira,""omusana nigwija kujwa nyenkya,kandi naiwe oti"".","She tells me,""The sun will rise again tomorrow, and so will you""."
omuzani naija okukora ekicweka ky'omuzani omumuzannyo gw'omunyika,The actor will play the role of the hero in the local drama.
obujanjabi bwetagisibwe okukebera omusahi buli kaire okurora emirimo y'omunyago,The treament has required regular blood tests to monitor liver function.
tukahaireho okwongezibwa kwa waranti ha byuma byaamasanyarazi,We offered extended warranties on electronics.
amadiini ag'oruganda gaine okwikiriza omuhangi omukuru,Traditional religion has included belief in a supreme creator.
noija kwetagisibwa okujwara pulasita okumara wiiki mukaaga,You'll need to wear a cast for six weeks.
"kakuba tutungire ebibira baitu, ntusobora okulinda eby'ebihangwa kandi tutandikye okuhinduka kw'embeho","If we have protected our forests, we can preserve biodiversity and prevent climate change."
nibaija okulima ebirimwa bakoresa tarakita,They will plow the fields using a tractor.
Orugendo rw'omunyoro okuraba omu byaro bukaba bulungi muno nti nkaba ntasobora kurora.,The train ride through the countryside was so beautiful that i did'nt sleep a wink.
"omu mwaka gwa 2030, tuhikya okukehya kwingi omukufihwa kw'ebintu eby'obuhangwa.","By 2030, we achieve a significant reduction in the loss of biodiversity."
"omu 2050, tufiire ebisiika bingi eby'enyanja habw'okugaruka kwamaizi","By 2050, we lost many coastal areas to sea level rise"
ebyefuna bitebekanizibwa okukura omubwiru bwingi,The economy is projected to grow at a moderate pace.
naija okugaruka bwingi hanyuma y'okumusemeza,She will make a full recovery after the operation.
ebisasani ebitahwaho birungize engeri y'itaka,Permanent beds have improved soil structure.
omuzani azine okuleeta enjura egi twetaaga habw'ebirimwa ijo,The rainmaker has danced to bring the rain that we need for the crops yesterday.
"nkaba ntatekanize nti ninyija okuhikya omwaka ogu, baitu hati ndi","I didn't think I'd make it through that year, but here I am."
omufumu akozeseze obusobozi bwabaisenkuru okukiza omushaija omulwadde ijo,The healer has used the power of the ancestors to cure the sick man yesterday.
ekirimwa ky'eŋŋaano kyonsiibwe ekisaka ky'ensiri,The maize crop is damaged by fall armyworm.
"omurundi ogu wiiki erukwija, nitwija okuteekaho hali ekyenyanja","This time next week, we have lied on a beach."
nkyetagisibwa okukendeeza sukali,I needed to cut down on sugar.
"Nkaija kwegambira nyowe nyeka nti ninyija okuja kuryama bukyali, kandi nyetegereza vidiyo kuhika saaha munana ez'ekiro","I have told myself l'd go to bed early, and then watched videos until 2AM."
Omurwaire arorekanisize oburorwaho bw'okujwara.,The patient has shown signs of sepsis.
"omugonzibwa Ruhanga, asemerire okurinda eka yange kandi obalinde.","Dear God, has pleased watch over my family and keep then safe."
irwarro liri n'ebitabu by'abarwayi ebirimwo amakuru ag'oburwaire bwabo,The hospital has had a patient library with health information.
ekitebe kyaitu kikakasize obusinge habw'ebigambo by'abakuru,Our community has kept the peace through the words of the elders.
ekitebe kyensimbi kiri kumaliriza lipoota y'omwaka,The finance team is finalizing the annual report.
"kakuba nanasobora okukora ekintu kyona ntaine kutiina okulemererwa ,ninja kutandikaho bizinensi yange","If l could do anything without fear of failure , l'd start my own business."
Omurwaire arukwoleka oburorwaho bw'okuserura.,The patient is showing signs of sepsis.
wiiki ehweire ninyija okutunda emigabo nukwo ntunge sente,I will sell some shares to raise cash last week.
Abakoloni bakahandika engeso z'abantu n'olulimi.,Colonial officials recorded local customs and languages.
"Omukama ow'omuhendo, okaire okurora eka yange kandi obalinde.","Dear God, pleased watch over my family and keep then safe."
ninyija okwegomba obu omusomesa yatusomeraga hali itwe omu high school,I will love when the teacher would read aloud to us — even in high school.
"Obunaja okukwata omwana wange omuhyaka, ntegerezege rukundo ya Ruhanga hali itwe omungeri empyaka.","When I will hold my newborn baby, I understood God's love for us in a new way."
sente zempapura empyaka zaatandikireho bwango,The new currency notes were soon introduced.
okulima kworuhendo kukuratagisibwe oruhendo rwobuhangwa bw'ensi,Contour plowing has followed the land's natural contours.
naija okwegomba oije hamukorogwe,She'd like you to come to her party.
tikwija kubaireho kintu kibi okukira okucweka omukitaka otwikire sokisi,There will be nothing worse than stepping in a puddle with socks on.
obujanjabi busobora okukoragana n'obujanjabi obundi,The medication may interact with other drugs.
kampuni etungire omunywani omuto,The company has acquired a smaller competitor.
tukazika isenkuru nyowe omukiro ky'omukaaga ekyabaire kikwatagana n'embeera y'abantu boona,We buried my grandfather on a rainy Tuesday that matched everyone's mood.
omutendereza naija okusima ekitiinisa ky'omukuru n'oruririmbo rwe ijo,The praise singer will honor the chief's bravery with his song yesterday.
obujanjabi bwomubiri bwomuraire bwasemerwe,The patient's immune system has been compromised.
ninyija okwijuka ekiro ekitungire kadi yange y'ebitabu obusobozi bwingi,L will remember the day l got my library card so many posibilities
tukaha amaani emizimu y'omurusozi habwe amabale namabale,We gave thanks to the spirits of the mountains for the rocks and stones.
"enjuba nija kwangiza isomero, kyonka omugisa abaana bakaba batalimo obwire obwo","The tornado will destroy the school, but fortunately no children were there at the time."
obukama bwa kitara bubaire nibwijukibwa omubugani n'omubizina,The Empire of Kitara has been remembered in epic poems and songs.
ebisoro byacowrie bikozesibwe nkensimbi omu biro by'abakoloni,Cowrie shells are used currency in pre-colonial times.
ninyija okwijuka akasumi kenyini oku namanyire akaba munyani owamazima - obu ataasekereranga omukasumi kange akabi muno.,I will remember the exact moment l knew she was a true friend - when she didn't laugh at my worst moment.
John Hanninng Speke akatunga ensibuko ya Nile omwaka gwa 1862.,John Hanninng Speke reached the source of Nile in 1862.
omutengo gw'ebintu nigwija kugaruka bwango,The inflation rate will stabilize soon.
omutendereza agambiraho oruganikyo rwokuhangwa kwekyaro kyaitu ijo,The praise singer told the story of the founding of our village yesterday.
NRA etandikireho enkora y'okutangiraho.,The NRA developed a parallel administration.
okulisa muno kuhwerekereza obusobozi bw'itaka obw'okugarukamu hanyuma y'ekyejo,The overgrazing reduces the lands ability to recover after rain.
abalimi bakozesa ebijunzire okulongoosa engeri y'itaka,Farmers used compost to improve soil structure.
"Akasumi omunyesomero kakubuuza ekikaguzo eki otakatekerezeho, nibwo burungi bw'okwegesa.",The moment a student asked a question you've never considered is the best part of teaching.
"kakuba obasobora, ekitabu ky'emirimo kyandibaire nikigamba- kiri hakubonabona n'okwikiriza","If you struggled, the book of job might speak -its about suffering and faith."
nkazina karaoke namunyani wange hamukoro ijo ekiro,I sang karaoke with my friends at the party last night.
"kakuba nkugambire ekintu kimu hali ekiniga, kiri ngu tokwija kukirugaho- okirabamu.","If I told you one thing about grief, it's that you never get over it-you get through it."
"tindi okwetekereza ngu tindukwija kusobora okugura eka yange, baitu hati ndi, nitekaho omukono ha mpapula wiiki erukwija","I never will think l'd be able to buy mu own home, but here l am, signing the papers next week."
Omulimo gw'emikono gwensi gurukusangamu okukora ebijwaro.,Traditional crafts included barkcloth making.
abaira omuti ogutakahikire,He's barking up the wrong tree.
ninyibuka akasumi kenyini obwamanyire akaba munyani owamazima - obu atasekereranga omukasumi kange akabi,I remembered the exact moment l knew she was a true friend - when she didn't laugh at my worst moment.
Ekitebe nikija okuhwaho omwaka gwa 1977 habw'okwahukana kwabuhangwa.,The community will collapse in 1977 due to political differences.
Abatuura ababandize muno bakaba bali abahigi n'abalondozi.,The earliest inhabitants have been nomadic hunter-gatherers.
Ebimu ha bintu ebikuru ebinkora tibihanganisibwe isomero,Some of the most important things I have had nothing to do with school.
"nkaba ntatekanize nti ninyija kusobora okugura eka yange, baitu ndiha, nkateho omukono ha mpapula wiiki erukwija","I never have thought l'd be able to buy mu own home, but here l am, signing the papers next week."
emirimo y'okwombeka obuhyaka ekahwaho omubicweka ebyahikire,Reconstruction efforts continued in affected areas.
"nkaba ntatekanize nti ninyija kusobora okugura eka yange, baitu hati ndi, nitekaho omukono ha mpapula wiiki erukwija","I never thought l'd be able to buy mu own home, but here l am, signing the papers next week."
wiiki ehweire nkatunda emigabo nukwo ntunge sente,I sell some shares to raise cash last week.
embuzi ekiruka muno ngu cheeta takisobora okugikwata,The gazelle so fast ran that the cheetah could not catch it.
okuzika kwitaka kukaletera abalimi okuleka itaka lyabo kandi bakagenda mumbuga,The soil erosion forced farers to abandon their land and move to cities.
okubura kwamaizi nikwija kukwataho ebirimwa by'obulimi omu kicweka,The water scarcity will affect agricultural production in the region.
"obuli kaire ntekereze ngu nkyetegerezemu, nyega ekintu ekihyaka","Everytime I have thought I've figured it out, I learn something new."
tukaziika isenkuru nyowe omukiro ky'omukaaga ekihikire abantu boona,We have buried my grandfather on a rainy Tuesday that matched everyone's mood.
omulimo gwange ogurukukira muno nigwija kuba nugwo tukabaire banywani kandi tukakorera hamu,My best group project will be when we became friends first and worked together second.
omusomesa wange w'obugorerezi akangambira ngu tinina busobozi - nkamworeka ngu akyali mukyamu,My art teacher has told me l had no talent - l proved her wrong.
omulimo gw'okugarura amaizi g'omu ruzi gwasasire ekisoro ky'ebintu eby'omubuhangwa kumara emyaka etaano,The river reclamation project restored the ecosystem for five years.
eka yange nija okuba ey'okwikiriza kwange okw'okubanza-ebisigaire biturukaho,My family will be my first community of faith-everything else flows from that.
Nkwetagisibya esimu yangye kubaira.,I need my phone charging.
"ebyokulya omu katale ako bibaire birungi muno, nkagarukayo emirundi ena omu biro bibiri","The food in that market has so been good, l went back four times in two days"
UPDF eketaba omubikorwa by'okulinda obusinge.,UPDF has participated in peace keeping missions.
Ninyibuka akasumi kenyini obwamanyire ekikwenda okukora n'obwomezi bwange.,I remember the exact moment l knew what l wanted to do with my life.
embuzi nizija okucwekebwa ebiwuka buli kaire,The goats will regularly be dewormed.
nsasire amaizi gange ijo,I have paid my water bill yesterday.
"kakuba nkaba ntatungire haruguru y'ejjinja, tinandikwija kutunga omulundi gwona obwomezi bwange nkoku nkabwenda","If l had'nt will hit rock bottom, l never would have rebuilt my life the way l wanted it."
ensonga z'abakoloni zitaziregeho ebika by'abantu n'ebyabuhangwa,Colonial boundaries ignored ethnic and cultural divisions.
nitwija kuhika isenkuru nyowe omukiro ky'omukaaga ekirikukwataho omulingo gw'abantu boona,We will bury my grandfather on a rainy Tuesday that matched everyone's mood.
abazirwani bakagaruka n'ebitekerezo ebihyaka kandi n'okusuubira,Veterans have returned with new ideas and expectations.
ali mwenyumirize kwetegekera ebigezo bye,She's busy preparing for her exams.
irwaro lyemerera ha bujanjabi bw'abakazi,The clinic specialized in women's health.
beegulire emmotoka empyaka bonka na bonka,They have bought themselves a new car.
abaana baitu bakahuliriza oruganikyo orw'engeri tutanganize- batukoresa okukibazaho buli mwaka,Our children heard the story of how we met -they make us tell it every anniversary.
irwaro ryaherize obujanjabi bw'abazaire abaine enda,The clinic provided prenatal care for expectant mothers.
Kampuni nija kwetantara n'okwegesa kw'abemigabo,The company will face shareholder activism.
obukama bwa kitara nibwija kwijukibwa omubugani n'omubizina,The Empire of Kitara will be remembered in epic poems and songs.
obujanjabi nibwija kuba bwoburumi baitu nibukoraho,The treatment will be painful but is usually effective.
buli muntu owabasanganize amanyire ekintu ky'otamanyire - nigw'omugisa kukyega,Every person you have met knows something you don't — that's a chance to learn.
Milton Obote akebembera Uganda kuhondera obwetwaire omwaka gwa 1962.,Milton Obote led Uganda to independence in 1962.
tuhaire amata g'ente ag'okubanza hali baisenkuru itwe,We have given the first milk from the cow to the ancestors.
enyanja victoria niyo nkuru muno afurika,Lake Victoria is the largest lake in Africa.
naija okukalira omuti ogutali nigwo,He will bark up the wrong tree.
ekitebe ky'emizano empyaka shakespeare akikora buli musizoni y'omusana,The new theater stages Shakespeare plays every summer.
akangirezize okumara esaha yona,She has made me wait for an hour.
abaire nakora omukicweka ky'abaguzi atakabaire maneja kumara emyaka,She had been working in the customer service department for years before she became manager.
Orugendo rw'omunyoro okuraba omu byaro bukaba bulungi muno nti nkaba ntasobora kurora.,The train ride through the countryside was so beautiful that i did'nt sleep a wink.
kiki ekibaire kiri ekyokulya ekitarukwikirizibwa,What has been your dietary restrictions?
Orugendo rw'omunyoro okuraba omu byaro nija kuba murungi muno nti nkaba ntasobora okubyama.,The train ride through the countryside will so be beautiful that i did'nt sleep a wink.
nyinenkuru nyowe abaire naatunga ebigega by'akatale kumara emyaka nyingi,My grandmother had been weaving baskets for the market for many years.
ninyija kugira obuzibu obw'okwetegereza muno omubikorwa,I will have trouble focusing at work.
tindigenda kutuura ntaine amasanyarazi,I will not live without electricity.
ekiragiro ky'ezaabu kibaho buli nyikiriza nobuhangwa-yisa abandi nkoku obaire noyenda bakuyise,The golden rule exists in every faith tradition-treat others as you wanted to be treated.
noyetagisibwa okukomya omuguru gwawe kugumizamu okukendeeza okuzimba,You needed to keep your leg elevated to reduce swelling.
embuzi ekirukukira muno ngu cheeta takusobora kugikwata,The gazelle has so fast run that the cheetah could not catch it.
twakira omukuru omuhyaka n'ekijaguzo kyamaani omwezi ogurukwija,We welcomed the new chief with a big celebration next month.
Omurwaire naija kutunga omusahi gurukwingana nkaha?,How many units of blood will do the patient receive?
eka yange ebaire y'okwikiriza kwange okw'okubanza-ebisigaire biturukaho,My family has been my first community of faith-everything else flows from that.
abantu bakungire omuka y'omukuru habw'orukurato,People have gathered at the chief's house for the meeting.
"kakuba tukozeseze amaizi agakufuka habwengoye, ntusobora okulinda amasanyarazi kandi tukehye ebirukwija omubiri","If we have used cold water for laundry, we can save energy and reduce emissions."
Penguin ekorora omubunda yayo kuruga ha kibara ky'omuzira okuhikya amaizi.,The penguin slid on its belly across the ice to reach the water.
obu bahinguire ebintu ebitarukwetegereza,When they have made unexpected discoveries.
"buli muntu oyetangana nawe amanyire ekintu ky'otomanyire, nibwo busana bw'okwegera",Every person you meet knows something you don't—that's a chance to learn.
nkyetagisibwa okukebera sukali omumaro gange buli kaire,I needed to have my blood sugar levels checked regularly.
obujanjabi bubaire bwingi baitu nibukoraho,The treatment is expensive but effective.
musisi akagera musanju nukwo bitaano ha mizani ya ricita,The earthquake measured seven point five on the Richter scale.
orukurato oruhyaka rw'emizaano ha tereviziyo rugire boona nibagamba,The new comedy series on television has everyone talking.
omutendereza agambiraho oruganikyo rwokuhangwa kwekyaro kyaitu ijo,The praise singer tells the story of the founding of our village yesterday.
Omurwaire atungire omusahi gurukwingana nkaha?,How many units of blood did the patient receive?
joseph kony akebembera orutaro rwa LRA,Joseph Kony has led to LRA rebellion.
obubakaba batungire ebintu ebitarukwetegereza,When they made unexpected discoveries.
tuhongera waranti ha byuma byaamasanyarazi,We offer extended warranties on electronics.
banka enkuru ekehya amagoba,The central bank lowers interest rates.
obujanjabi bwomubiri bwomuraire bukaba butaine businge,The patient's immune system was compromised.
"nkaba ntatekanize nti ninyija okuhikya omwaka ogu, baitu hati ndi","I did not think I'd make it through that year, but here I am."
tukazika abafu baitu omwitaka oku baisenkuru itwe bahumura,We buried our dead in the ground where our ancestors rest.
kiki ekibaireho kuruga omumubazi ogu?,What are the side effects of this drug?
"omurundi ogu wiiki erukwija, nitwija okuteeka ha musiri gw'enyanja","This time next week, we lay on a beach."
nkamalira nkaikaraho ebiro ebingi okukira ebibaire ntekanize,I wound up staying longer than planned.
akabira omuti ogutakahikire,He barked up the wrong tree.
obujanjabi bubaire butahikire hamu n'embeera y'omutima,The medication was contraindicated with certain heart conditions.
ekimera kicweka omumusenyi obu ekihu kigarukire,The clam burrows into the sand when the tide went out.
akasasura amabanjage gona,He paid off all his debts.
Nyine obuzibu bwokwetegereza muno omubikorwa.,I have had trouble focusing at work.
obujanjabi bubaire butahikire hamu n'embeera y'omutima,The medication has been contraindicated with certain heart conditions.
"obuli kaire nyetegereza nyetegerezemu, nyega ekintu ekihyaka","Everytime I think I've figured it out, I learn something new."
obujanjabi bukaba bwasente nyingi baitu bwomuhendo,The treatment was expensive but effective.
naija okusasura amabanjage gona,He will pay off all his debts.
"ekiniga kija omubicweka ebiro ebimu nsobora okuhumuka, ebiro ebindi tindusobora","The grief comes in waves some days l can breath , some days l can't."
nyijukire akasumi kenyini nkamanyire akaba munyani owamazima - obu ataasekereranga omukasumi kange akabi,I remember the exact moment l knew she was a true friend - when she didn't laugh at my worst moment.
"Omurundi gwokubanza orworukwija okuraba emmunyeenye omubutale, nkahurra okubaho kwekintu ekitakuhwaho.","The first time I will see the starts through a telescope, I felt the presence of something infinite."
ekibumbe nikija okukora ekicweka ky'omunyoro w'ekyaro,The sculptor will carve a statue of the village hero.
ninyija okwijuka obwire bwona obwakuhikire nkatahura ekiteekateeko ekibaire nkirwanyisize okumara emyezi,l'll always remember the moment l finally understood a concept l'd struggled with for months
enkoko zaaliisibwa n'ebijanja by'eŋŋaano,The chickens were fed with maize grain.
nkaba nyine kor'ani eya isenkuru nyowe - ekimu ky'ebintu byange ebyomuhendo,I had a Quran that belonged to my great-grandfather -it's one of my most precious possessions.
akaba atungire ebigezo bye,She was busy preparing for her exams.
akakiiko k'ebyensimbi kaireebaho ekiteekateeko,The finance committee has reviewed the proposal.
ekitebe kyabantu bakasiima ekibinja nukwo kigezeho oluyimba olumu,The crowd cheered for the band to play one more song.
"Itwe twine obuhangwa obw'okugarura ekirabo kimu ha kiro kya kurisimasi , kandi buli kaire ni pijama.","We have this tradition of opening one gift on Christmas Eve , and its always pajamas."
"kakuba tukozeseze amaizi agakufuka habwengoye, ntusobora okulinda amasanyarazi kandi tukehye omukka","If we used cold water for laundry, we can save energy and reduce emissions."
abasuubuzi abaswahili batandikaho engendo mukibuga,Swahili traders established routes into the interior.
eka yaitu nija okwaniriza abanyamahanga omuka itwe,Our family will always welcome strangers into our home.
akajanjabirwa okuzaara kumara emyaka ebiri,She underwent fertility treatment for two years.
"obunkwatire omwana wange omuhyaka, nkatahura omukyoleka omulingo oguhyaka gwa Ruhanga hali itwe.","When I have held my newborn baby, I understood God's love for us in a new way."
Ekika kaitu kimanyire ekitungwa kyakyo kuruga ira,Our clan has known its totem animal since ancient times.
wiiki ehweire nkatunda emigabo nukwo ntunge sente,I sold some shares to raise cash last week.
ninyija okugura ebintu omu supamaketi buli wiiki,I will buy groceries from the supermarket every week.
"omu 2050, tufiire ebisiika bingi eby'enyanja habw'okugaruka kwamaizi","By 2050, we have lost many coastal areas to sea level rise"
"mureebere ebinyonyi omumwanya; tibisirimire rundi okukungula, baitu iwe ise owomwiguru obirisa.","Look at the birds of the air; they have not sown or reap, yet your heavenly father feeds them."
atungire okwimukizibwa omulimo,He has received a raise at work.
noija kwetagisibwa okukebera igufwa lyawe ly'omugongo,You will need to have your bone density tested.
naija okukora omukitebe ky'abaguzi kumara emyaka nyingi atakabaire maneja,She will work in the customer service department for years before she became manager.
ebihandiiko by'abaminsani bikakasa omukyasa kya 19th omuri Uganda,Missionary writings documented 19th century Uganda.
abaire nakora omubugabo kumara emyaka atakabaire CFO,She had been working in the accounting department for years before she became CFO.
"omwaka tutakabaire tutusobora kuha ebirabo, tukahandikiragana amabaluwa - nkyaine agange","The year we did not afford gifts, we wrote each other letters instead - l still have mine."
ekibumbe kibazire ekicweka kuruga omuti gumu,The sculptor has chiseled a figure out of a single block of wood.
"obu ntasobora okutambuza, nyega okusiima ebiro ebi nakusobora","When I did not walk, I learned to be grateful for the days I could."
nkajwara omusalaba omumukufu gwange- nikyojukyo ky'okuba ndi owange,I wear a cross around my neck-it's a areminder of who i belong to.
ekitebe kibazimbire ekihururo ekihyaka ha musiri oguhikirra,The community has built a new shrine at the sacred spring.
"hakumalira y'ekyasa kinu, tukahindura enkolagana yaitu n'ebyobuhangwa","The the end of this century, we transformed our relationship with nature."
naija kuba n'emirimo y'okwetegekera ebigezo bye,She will be busy preparing for her exams.
naija kwenyumirizanga omukucumba kwe,She will pride herself on her cooking.
ekitebe ky'okubuuza abantu ebibuuzo kikaba kirukugenda kubi okuhikya obu nakagambireho omulimo gwange ogw'okwetangira- ekyo kikagarukamu byona.,The interviewer was going terribly until l mentioned my volunteer work- that changed everything.
noyetagisibwa okukebera igufwa lyawe ly'omugongo,You needed to have your bone density tested.
tukaguza embaga y'amakungula hakumalira kwa sizoni,We celebrated the harvest festival at the end of the season.
akacweka kaisooka y'ekaayi y'omwani nikyo kirogo ekitono ekitarugwamu.,The first sip of morning coffee is a small ritual I never skip.
ekyenyi kikaimirira kimu omumigyera y'amaizi,The egret stood perfectly still in the shallow water.
"obu nakwataga omwana wange omuhyaka, nkatahura omukyoleka Ruhanga okutugonziza omungeri empyaka","When I held my newborn baby, I understood God's love for us in a new way."
kiki ekirikwija okuba enkora y'eka yaawe eya kookoro,What will be your family history of cancer?
"kakuba nkaba ntatungire bbaisi ekiro ekyo, tinandyetanganisize munyani wange muno","if i hadn't missed the bus that day, i never would have met my best friend."
emmunyeenye zakaimya muno omumwanya gwekiro kuruga omumasana g'omubuga,The stars brightly shone in the night sky away from city lights.
nkagonzaga obu omusomesa yatusomeraga hali isomero ly'omuhendo,I loved when the teacher would read aloud to us—even in high school.
NRA etandikireho enkora y'okubanza.,The NRA has developed a parallel administration.
Irwarro likagira ebitabu by'abarwayi ebirimwo amakuru ag'obulwadde bwabo.,The hospital had a patient library with health information.
omusomesa wange owunyenda akangambira ngu nyine ekisembo ky'okuhandiika ebigambo ebyo bikasigara nanye,My favorite teacher tells me that i had a gift- for writing those words stayed with me.
"ninyija okubuuza nyinenkuru nyowe kiki ekiyarorire- akamwenya kandi akagamba,""ekyererezi"".","I will ask my grandma what she saw- she smiled and said,""Light""."
embuzi zikaba nizihimbisibwe ebiwuka buli kaire,The goats were regularly dewormed.
okucweka kw'entaama y'omuliro nikwija kutekaho ekisoro ekihyaka omumigyera y'enyanja,The volcanic eruption will create a new island in the middle of the ocean.
noija kwetagisibwa okuyonja amaino gawe emirundi ebiri buli mwaka,You'll need to have your teeth cleaned twice a year.
ninyija okujwara omusalaba omumukufu gwange- nikyojukyo ky'okuba ndi owange,I will wear a cross around my neck-it's a areminder of who i belong to.
omuzani akozire emigenzo okurinda ebirimwa ijo,The rainmaker has performed the ritual to protect the crops yesterday.
omufumu naija kukozesa ebisaka n'emirimo y'eby'omwoyo,Traditional healers will use herbs and spiritual practices.
ekitebe kigwaire omwaka gwa 1977 habwobutahurizani bw'eby'obufuzi,The community has collapsed in 1977 due to political differences.
sente zempapura empyaka ziri haihi okutandikibwaho,The new currency notes have soon been introduced.
enyonyi y'omuyanja ekakora akasumi kaingi kakuba ekareeba enjoka,The guinea fowl made a loud chattering sound when it saw the snake.
emirimo y'okwombeka obuhyaka erukwijaho omubicweka ebyahikire,Reconstruction efforts continue in affected areas.
Abakazi ab'obukama nibaija kugira ekifo ky'omuhendo omubukama.,Royal wives will hold significant status in the kingdom.
ekibuga nikitandikaho ekitebe ky'okwehinguliriza embeera y'oburwaire okukendeeza carbon footprint,The city is developing a climate action plan to reduce its carbon footprint.
ekitebe ky'emizano ekihyaka nikija kuba kikuhikire hali abantu abaine obulema,The new theater will be accessible to people with disabilities.
obukama bwa kitara bukajukibwa omubugani n'omubizina,The Empire of Kitara was remembered in epic poems and songs.
ekijumba kikebera amaizi okuraba omumacweka gaakyo okutunga ebyokulya,The sponge filtered water through its pores to get food.
abaana nibeyigira emizano ebajigiriza okugumisiriza,The children are learning the games that teach them to be patient.
tusiima emyoyo y'omurusozi habwe amabale namabale,We give thanks to the spirits of the mountains for the rocks and stones.
noyetagisibwe okukebera igufwa lyawe ly'omugongo,You have needed to have your bone density tested.
okucweka kwokubanza okwa caayi y'omwani gwali murwa omutaito ogutakubaireho,The first sip of morning coffee was a small ritual I never skip.
Tuzika abafu baitu omwitaka nambere baisenkuru itwe bahumura,We bury our dead in the ground where our ancestors rest.
atungire ebyama by'obusubuzi omubitebe by'ensi,He has diversified his investments across sectors.
Yoweri Museveni akatekaho Ekitebe ky'okuhakanisa abantu.,Yoweri Museveni formed the popular Resistance Army.
kotoni ekaba ekirimwa kyasente muno omukyasumi kya 20th muuganda,Cotton became a major cash crop in the early 20th century Uganda.
abantu nibaija okukijaguza ekitebe ky'okuzina akazina kandi kamu,The crowd will cheer for the band to play one more song.
omulimo gw'okugarura amaizi g'omu ruzi gugarura ekisoro ky'ebintu eby'omubuhangwa kumara emyaka etaano,The river reclamation project restores the ecosystem for five years.
"Obwakaba akahikire, akaba asairwe kugenda.",No sooner has had she arrived than she had to leave.
endibu ekakwata esalmoni omumugga n'ebinono byayo ebikoto,The bear caught salmon in the river with its huge paws.
Orugendo rw'omunyoro okuraba omu byaro bukaba bulungi muno nti nkaba ntasobora kurora.,The train ride through the countryside has so been beautiful that i did'nt sleep a wink.
"tukaba twine obuhangwa obw'okukingura ekirabo kimu ha kiro kya kirisimasi, kandi buli kaire ni pijama","We had this tradition of opening one gift on Christmas Eve, and its always pajamas."
abaire nakoresa ekitebe kumara emyaka atakabaire omukuru,She had been managing a team for years before she became director.
ekibumbe kikora ekicweka kuruga omu kicweka kimu eky'omuti,The sculptor chisels a figure out of a single block of wood.
Kampuni egesaho ebikorwa byayo eby'obusubuzi kuruga omu byuma bya e-commerce.,The company has expanded its e-commerce operations.
kampuni nija okutunga omunywani omuto,The company will acquire a smaller competitor.
atungire okwelema omubyasente,He has achieved financial independence.
"Obwire omugenyi naija okubuuza ekikaguzo eki otakatekerezeho, nibwo burungi bw'okwegesa.",The moment a student will ask a question you've never considered is the best part of teaching.
kiki ekirikwija okuba omuhendo gw'omudago ogu?,What will be the side effects of this drug?
eka eri haihi naija okutugarukya ebyokulya eby'omwezi gwona hanyuma y'okusemezibwa kwange,The family next door will bring us meals for a whole month after my surgery.
ekitebe ky'okwegesa hali obutonde obuhikire abantu abarukukira kamu,The environmental awareness campaign reaches over one million people.
akahuka kabaire n'omubuyaga kandi kakasaasaana bwango.,The virus has been airborne and spreads easily.
"Ayi Ruhanga, nkusaba ogendere eka yange kandi obalinde.","Dear God ,please watch over my family and keep then safe."
"kakuba obaire owesiimire ebyigisibwa byawe, gambira omuntu eyabikusobozeseze","If you was grateful for your education, tell someone who made it possible."
omukora firimu atungire firimu ye kandi ayetekanize okugyoleka ensi,The filmmaker has edited her movie and is ready to show it to the world.
kiki ekibaire kiri omuringo gwawe gw'okworobamu?,What has been your exercise routine like?
Omurwaire atungire omusahi gurukwingana nkaha?,How many units of blood did the patient receive?
ekitebe ky'ebintu eby'omumaiso eky'obukama bw'aba Tooro kirakoramu ebintu eby'enyuma-maliriza.,The Tooro kingdom's museum exhibits historical artifacts.
buli muntu owabasanganize amanyire ekintu ky'otamanyire - ogwo mukisa ky'okwegera,Every person you met knows something you don't — that's a chance to learn.
abajanjabi ab'oruganda bakozeseze ebisaka n'emirimo y'eby'omwoyo,Traditional healers have used herbs and spiritual practices.
ekijwaro kikasahurira amaizi omubuzira bwakyo okutunga ebyokulya,The sponge filtered water through its pores to get food.
ninyija okusasura amaizi gange ijo,I will pay my water bill yesterday.
omukago gw'obusubuzi omuhyaka gukize ebyokutunda hamu nsi,The new trade deal has boosted exports.
omulimi naija okukungula amacande ge kandi yagatwara kugasima ijo,The farmer will harvest his sunflower and took it for pressing yesterday.
nkasubwa omulingo abantu boona abaliraanwa batungire ebiro by'embaganiza obu nkaba nkyali muto,I missed the way the whole neighborhood would decorate for festivals when l was a kid.
enkoko nizija kuliisibwa n'ebijanja by'eŋŋaano,The chickens will be fed with maize grain.
abantu nibaija okwombeka ekitaro ekihyaka ha musiri oguhikirra,The community will build a new shrine at the sacred spring.
akebembera ekitebe kumara emyaka atakabaire mukuru,She manages a team for years before she became director.
omukago gw'obusubuzi omuhyaka gukaimukya ebyokutunda namahanga goona,The new trade deal boosted exports.
ninyija okwijuka obwire bwona obwantegerize ekiteekateeko ekibaire nkirwanyisize okumara emyezi,L will always remember the moment l finally understood a concept l'd struggled with for months
tukazungaira kaaba emirundi musanju omubiseera bya hajji-kitwijukya obumu bw'abamenyi,We circled the kaaba seven times during Hajj-it reminds us of the unity of believers.
omusengero haihi n'eka yange nigwija kuba nigwo ebide ebiruka ekiro kyona-nyenda okubihuliriza,The temple near my home will have bells that ring all day-I love hearing them.
"Obwire omugenyi abuuza ekikaguzo eki otakatekerezeho, nibwo burungi bw'okwegesa.",The moment a student asks a question you've never considered is the best part of teaching.
nitwija okuhikya ekiro kyona niturora nitusaba kandi nitusera okuganyirwa,"We will up all stay night during Laylat al-Qadr, praying and seeking forgiveness."
Ninyibuka akasumi kenyini obwamanyire ekikwenda okukora n'obwomezi bwange.,I remember the exact moment l knew what l wanted to do with my life.
omuzani wa harmonica ayongeraho akasumi k'amabala omu murwa gw'ekibinja,The harmonica player adds a bluesy feel to the band's sound.
"kakuba nkozire ekintu kyona ntaine kutiina okulemererwa, ninyija kutandikaho bizinensi yange","If l has done anything without fear of failure, l'd start my own business."
akaba ali Parisi obubatangire okutangatangana.,It was in Paris that they first met.
okulima kurungi kukuratira ebicweka by'ensi,Contour plowing follows the land's natural contours.
ekitebe kyaitu nikija okurinda obusinge okuraba omubigambo by'abakuru,Our community will keep the peace through the words of the elders.
akahire muno hanyuma y'okumusemeza,She has made a full recovery after the operation.
"tukaba tuine obuhangwa obw'okugarura ekirabo kimu ha kiro kya kirisimasi, kandi buli kaire ni pijama","We have had this tradition of opening one gift on Christmas Eve, and its always pajamas."
"mureebere ebinyonyi omumwanya; tibisirimire rundi okukungula, baitu iwe ise owomwiguru obirisa.","Look at the birds of the air; they did not sow or reap, yet your heavenly father feeds them."
ekihoya kikajwara oburwaire n'obu kikalindirwa kurungi,The wound became infected despite proper care.
eka yaitu nija okugobera emigenzo y'orushwera egyo kumara ebyasa,Our family will follow the same marriage customs for generations.
nitwija kuhayo ebibira ebyokubanza hali baisenkuru itwe,We will offer the first beer from the new brew to the ancestors.
nsiimye omulingo abantu boona omububuga babaire nibasasaniza ebiro by'embaganiza obu nkaba nkyali muto,I have missed the way the whole neighborhood would decorate for festivals when l was a kid.
akozire omutaano gwabakasitoma okumara emyaka nyingi atakabaire maneja,She has worked in the customer service department for years before she became manager.
irwaro ryatekanize ekiro ky'okutangira abarwaire abarukwetagisibwa,The clinic has offered same-day appointments for urgent cases.
nkareeba orukurato rw'ebinyonyi ebirukugambaho oruganikyo rw'omukama ow'ekicweka ijo,I have watched a shadow puppet show that told the story of a great king yesterday.
omulimi akegulire omusiri gwe gw'omuzaabu wiiki ehweire,The farmer has weeded his cassava field last week.
enkoko nizirisibwa n'ebijanja by'eŋŋaano,The chickens are being fed with maize grain.
ngura ebintu omu supamaketi buli wiiki,I buy groceries from the supermarket every week.
Kisookuro ky'omusozi Stanley nikiija okuba Margherita peak.,Mount Stanley's highest peak will be Margherita peak.
"omurundi ogu wiiki erukwija, nitwija okugalamira ha musiri gw'enyanja","This time next week, we will lie on a beach."
nsasire amaizi gange ijo,I paid my water bill yesterday.
"kakuba noija okulwana, ekitabu ky'emirimo kyandibaire nikigamba- kiri hakubonabona n'okwikiriza","If you will struggle, the book of job might speak -its about suffering and faith."
Ekika kaitu nikija kuba n'engeri eyabo ey'okwaniriza omwaka omuhyaka.,Our clan will have its own special way of welcoming the new year.
"tokwija kukwataho kyonaligamba, tindija kukyusa omulingo gwange","No matter what you will say, I won't change my mind."
ekitebe ky'obusubuzi nikigezesa emihanda y'okurangira empyaka,The marketing team is testing new advertising channels.
eka yaitu ekahangira abanyamahanga omuka itwe,Our family always welcomed strangers into our home.
"kakuba obaire omuntu asabira, nosobora okusabira eka yange esaara emu?","If you was the praying type, could you say one for my family?"
abantu bakaterana omuka y'omukuru habw'orukurato,People gathered at the chief's house for the meeting.
ekisookuru ky'omusozi Stanley kibaire Margherita peak.,Mount Stanley's highest peak has been Margherita peak.
abantu nibaija okuterana omuka y'omukuru habw'orukurato,People will gather at the chief's house for the meeting.
akantwara okumara esaha yona,She made me wait for an hour.
ninyija kwetagisibwa okukendeeza sukali,I will need to cut down on sugar.
omulimi naija okulimira omusiri gwe ogw'omuzaabu wiiki erukwija,The farmer will weed his cassava field next week.
ekyenyi nikija kwiruka muno nti ekyenya tikisobora kukikwata,The gazelle will so fast run that the cheetah could not catch it.
enyonyi nija okucwekya omukira gwayo kandi etorokere omukono gw'enyonyi,The skink will wiggle its tail and escaped from the bird's grasp.
nitwija okuhikya ekiro kyona nitumalirra okutangaza kwaitu kandi tukamalirra nitwija kutunga A,We will stay up all night finishing our presentation and ended up getting an A.
omukora firimu atungire firimu ye kandi ayetekanize okugyoleka ensi,The filmmaker edits her movie and is ready to show it to the world.
okucwekyerezibwa kwitaka nikuhimiriza abalimi okuleka itaka lyabo kandi bakagenda mumbuga,The soil erosion forces farers to abandon their land and move to cities.
eka yaitu ehondera emigenzo y'obuhwezi egyo kumara ebyasa,Our family followed the same marriage customs for generations.
ninyija kukozesa kadi y'obusubuzi habwempembo,I will use a credit card for the rewards points.
abaana nibakora ebijwaro by'ekijaguzo ky'ekiro kya halloween,The children are designing costumes for the Halloween parade.
"kakuba okyetegereza muno, noija okurora ngu amalirizo gona gatwara ensigo y'entandikwa empyaka","If you have closely looked, you'll see that every ending carries the seed of a new beginning."
ekorogwe y'omuyanja nija okucwekya ensubo ezirukumira okwerwanaho,The sea cucumber will squirt sticky threads to defend itself.
Noja kunywera mwenge gurhi buli wiiki?,How much alcohol will do you drink per week?
ensonga z'abakoloni nizija kwetantara ebika by'abantu n'ebyabuhangwa,Colonial boundaries will ignore ethnic and cultural divisions.
kampuni egesaho ebikorwa byayo eby'obusubuzi,The company is expanding its e-commerce operations.
eka eyabaire haihi naitwe etutwarire ebyokulya eby'omwezi gwona hanyuma y'okusemezibwa kwange,The family next door brought us meals for a whole month after my surgery.
obujanjabi nibwija kuba butahikire hamu n'embeera y'omutima,The medication will be contraindicated with certain heart conditions.
omukazi akozire nk'omububuzi ow'obutebenkeire kumara emyaka atakatandikire ekitongole,She has worked as a freelance consultant for years before she joined the firm.
ekorogwe y'omuyanja etungire ensubo ezirukumira okwerwanaho,The sea cucumber has squirted sticky threads to defend itself.
Kampuni ekaija omu katale k'ebintu ebihyaka.,The company is entering new markets.
"Obwakaba akahikire, akaba asairwe kugenda.",No sooner had she arrived than she had to leave.
nyowe ntakabaire ntaine amasanyarazi,I have not lived without electricity.
omukazi akaba nakorora ensigo z'ekibanja muno okurinda,She had been collecting indigenous seeds for preservation.
enjura ekora emigenzo okurinda ebirimwa ijo,The rainmaker performs the ritual to protect the crops yesterday.
ekibumbe nikija okukora ekicweka kuruga omuti gumu,The sculptor will chisel a figure out of a single block of wood.
nkyetagisibwa okukebera sukali omumaro gange buli kaire,I have needed to have my blood sugar levels checked regularly.
"kakuba gavumenti ebaire etungire sente enkora y'omusana, abantu baingi nibaija kutandika kukozesa amasanyarazi","If the government has subsidized solar panels, more people would use renewable energy now."
nyijukize ekiro nkatunga kadi yange y'ebitabu obusobozi bwingi,L has remembered the day l got my library card so many posibilities
ebyefuna nibijuka omwezi ogurukwija,The economy recovers in the coming months.
kiki ekyakureetera okugura ekyambalo eki kirungi muno?,Where has done you buy that beautiful dress?
abekento nibaija okwetegereza ekitebe ky'ebyensimbi,The finance committee will review the proposal.
omusolo omuhyaka gwatandikire omwaka ogurukwija,The new tax was implemented next year.
ekikali kya Tooro mu Fort Portal kisikirize abagenyi baingi,The Tooro palace in Fort Portal has attracted many visitors.
Beeguriye emmotoka empyaka bonka na bonka.,They've bought themselves a new car.
abavubuka nibaija okuzimba ekisaka ekihyaka eky'ente,The young men will build the new kraal for the cattle.
Abakoloni bakahandika engeso z'abantu n'olulimi.,Colonial officials recorded local customs and languages.
UPDF nija kwetaba omubikorwa by'okulinda obusinge,UPDF will participate in peace keeping missions.
NRA nija kutandikaho enkora y'okutangiraho.,The NRA will develop a parallel administration.
tindiheire kutunga-nkihayo habwokuba mpaire nyine bingi,I have not given to be seen-I give because I've been given so much.
abaseruruzi bakaba nibasoma enkora y'ebinyonyi okutahuka obu bahinguire ekika ekihyaka,The researchers were studying bird migration patterns when they discovered a new species.
gavumenti erimuha enkora empyaka hali abalimi abakora eby'obulimi obuhikire.,The government is providing subsidies for farmers who practice sustainable agriculture.
amagoba gakubaire kintu kikuru omubuganizo bw'okusiga sente.,The interest rates have been a key factor in investment decisions.
noija kwetagisibwa okusiga omukono gwawe gukiimukize okukendeeza okuzimba,You will need to keep your leg elevated to reduce swelling.
ekisaka kikaswekire omumusenyi obu ekyeya kikahweruzamu,The clam has burrowed into the sand when the tide went out.
omuhanda gw'okwegesa eby'obuhangwa gukahikire abantu abarukukira kamu,The environmental awareness campaign has reached over one million people.
orukurato oruhyaka rw'emizaano kuruga ha tereviziyo buli omuntu akagambira.,The new comedy series on television had everyone talking.
tukaguza ebijuma ebyokubanza n'ekijaguzo ha irwaaro,We have celebrated the first fruits with a ceremony at the shrine.
omuzani wa harmonica akongyera akasumi k'omuziki omubizina by'ekitebe ky'okuyimba,The harmonica player added a bluesy feel to the band's sound.
noija kwetagisibwa okuteekaho obubugumu rundi obunyonyi ha kicweka ekyakasasiibwe,You'll need to apply heat or ice to the injured area.
embuzi ekiruka muno ngu cheeta takisobora okugikwata,The gazelle ran so fast that the cheetah could not catch it.
"kakuba gavumenti etekamu sente mubyamasanyarazi kare, ntusobora okuba n'obuhangwa oburungi hati","If the government has invested in renewable energy earlier, we could have a cleaner environment now."
"kakuba oyetaaga ekintu kyona, nkamanyise","Should you need anything, just let me know."
"Omurundi gw'okubanza nkalyako ekikooko ky'enjuki, kikaba kiri ky'ekyamagero.","The first time I have tasted fresh coconut, lt was magic."
okucwekyera kw'entaama y'omuliro nikuhangize ekisoro ekihyaka omumigyera y'enyanja,The volcanic eruption has created a new island in the middle of the ocean.
ekyaro kaitu kibaire nikiyamba abo boona abatakwesobora,Our village has always helped those who are in need.
ebihandiiko by'abaminsani nibiija okukakasa ekyasa ky'ekkumi na mwenda Uganda,Missionary writings will document 19th century Uganda.
ninyija okuhikya okubatizibwa kw'omunywani wange nobu kiraba tindi mukristayo- kikabaire kyekitiinisa okuba kaiso,I will attend a friend's baptism even though I'm not christian-it was an honor to witness.
"Omusaserdo wange aba hamu n'eka yaitu okurabira omu kuzaarwa, okufa n'ebintu byona hagati yaitu.","My pastor is with our family through births, deaths and everything in between."
ekitebe ky'abantu nibaija okwegesa n'okwegesa omubizina ebirukwija.,The crowd will back sway and forth to the slow music.
ekitebe ky'ebintu eby'omumaiso eky'obukama bw'aba Tooro kirorekanisize ebintu eby'ebyakale.,The Tooro kingdom's museum has exhibited historical artifacts.
ekitebe ky'abantu kikahimbisibwa omuziki ogutinda,The crowd back swayed and forth to the slow music.
"kakuba nkaba ntatungire obumanzi bw'okwogera nawe ekiro ekyo, tubaire tutaine omukwano ogu","If l does not muster the courage to talk to her that day, we would have missed out on this friendship."
atungire omuti ogutakahikire,He has barked up the wrong tree.
"omurundi gwokubanza nkagenda omubujanjabi, nkaba ntinaine ekinija okunsangaho hali nyowe","The first time I have gone to therapy, I was terrified of what I might discover about myself."
tuhimbire embaga y'amakungula hakumalira kwa sizoni,We have celebrated the harvest festival at the end of the season.
akahuka kazungire muno omubuganda,The virus widely circulated in the community.
akaba ali Parisi obubatangire okutangatangana.,It has been in Paris that they first met.
emihanda y'obusubuzi eyabaire etungire obumanzi n'enyanja,Pre-colonial trade routes connected the interior to the coast.
ekitebe kyensimbi kimalirize lipoota y'omwaka,The finance team has finalized the annual report.
ninyija okuba n'ekisaara ekirukunsemeza obworukugenda oturo - nikyo kintu ky'okumalira omubwongo bwange.,I will have a prayer I say when I'm falling asleep-it's the last thing on my mind.
omuzani akongezize akasumi k'omuzani omubizina by'ekitebe ky'okuzina,The harmonica player has added a bluesy feel to the band's sound.
"kakuba omurro gutakahire nyenkya, ogaruke omuraaliro","If the fever doesn't go down by tomorrow, come back to the clinic."
kotoni naija okuhinduka ekirimwa eky'omuhendo omukyasumi kya 20th m'uganda,Cotton will become a major cash crop in the early 20th century Uganda.
nkareeba ekyerekana ky'ebicu by'ebinyonyi ekyagambiraho oruganikyo rw'omukama ow'amaani ijo,I watched a shadow puppet show that told the story of a great king yesterday.
Ebisoro ebihyaka bibaire birungi habw'obukuru bwingi.,The new variety has been suitable for higher altitudes.
nsasura amaizi gange ijo,I pay my water bill yesterday.
Kampuni eri kugura omunywani omuto.,The company is acquiring a smaller competitor.
"kakuba nkaba ntatungire obumanzi bw'okwogera nawe ekiro ekyo , twandibuzire omukwano ogu","If l hadn't mustered the courage to talk to her that day , we would have missed out on this friendship."
eka eri haihi naitwe etutwarire ebyokulya eby'omwezi gwona hanyuma y'okusemezibwa kwange,The family next door brought us meals for a whole month after my surgery.
tukazika abafu baitu omwitaka oku baisenkuru itwe bahumura,We have buried our dead in the ground where our ancestors rest.
nuwe yanjigirize ngu tikine kizibu kyona kusaba obuyambi,He was the one who taught me that it's okay to ask for help.
"kakuba omuntu afwa, ekyaro kyona kija okusasura, oba bamanyire muno rundi batabamanyire.","When someone died, the whole village comes to pay respects, whether they knew them well or not."
irwaro nirija okuba n'ekitaro ky'okuzaara n'ebisenge eby'obwekyama,The hospital will have a maternity ward with private rooms.
ninyija okusima omusiri omwaka guno- okurorra ebintu nibimera nikimanyisa okurora esuubi nilimera emihama,I will plant a garden this year-watching things grow feels like watching hope take root.
"Kakuba ogambire kiki, tindihindura endowooza yange.","No matter what you said, I won't change my mind."
gavumenti nija kuhayo enkora hali abalimi abarukukoraho ebyobulimi obwomezi,The government will provide subsidies for farmers who practice sustainable agriculture.
omulimi agesa amacande ge kandi yagatwara kugasima ijo,The farmer harvested his sunflower and took it for pressing yesterday.
"tukamara ekiro kyona nitwetegereza, nitusaba kandi nitusera okuganyirwa","We have up all stayed night during Laylat al-Qadr, praying and seeking forgiveness."
"Omusaserdo wange naija kuba hamu n'eka yaitu okuraba okuzaarwa, okufa n'ebiri hagati yaitu","My pastor will be with our family through births, deaths and everything in between."
"mureebere ebinyonyi omumwanya; tibisirimanga rundi okukungula, baitu iwe ise owomwiguru obirisa.","Look at the birds of the air; they will not sow or reap, yet your heavenly father feeds them."
noyetagisibire okulisa amaino gawe emirundi ebiri buli mwaka,You have needed to have your teeth cleaned twice a year.
nsige omusiri omwaka guno- okurorra ebintu nibimera nikimanyisa okurora esuubi nilimera emihama,I have planted a garden this year-watching things grow feels like watching hope take root.
ekimera nikija okwija okukweka omumusenyi obucweka buhikire,The clam will burrow into the sand when the tide went out.
"kakuba ekitebe tikirisa muno itaka, itaka nirija kusigala lirungi","If the community does not overgraze the land, the soil would still be fertile."
emirimo y'okwombeka obuhyaka ekaba ekazire omubicweka ebyahikire,Reconstruction efforts have continued in affected areas.
omusomesa wange w'obugorerezi akangambira ngu tinina busobozi - nkamworeka ngu akyali mukyamu,My art teacher told me l had no talent - l proved her wrong.
Benedicto Kiwanuka akaba Omukuru wa Gavumenti ow'okubanza owa Uganda.,Benedicto Kiwanuka became Uganda's first chief minister.
ekitebe ky'emizano ekihyaka kihindwire hali abantu abaine obulema,The new theater has been accessible to people with disabilities.
Nyetaaga okukebera sukali omumusahi buli kaire.,I need to have my blood sugar levels checked regularly.
"kakuba isomero likukozire bwinja, tekerezamu kakuba haba haliyo omulingo gundi","If school has made you miserable, consider whether there's another way."
amagoba nigakintu kikuru omubuganizo bwokusiga sente,The interest rates are a key factor in investment decisions.
nisemerire okukendeeza sukali,I need to cut down on sugar.
abalimi nibaija okukozesa ebijunzire okulongoosa engeri y'itaka,Farmers will use compost to improve soil structure.
"omurundi gwokubanza nigwija okuja omubujanjabi, nkaba ntinaine ekinija okunsangaho hali nyowe","The first time I will go to therapy, I was terrified of what I might discover about myself."
nibaija okwegura emmotoka empyaka bonka na bonka,They will buy themselves a new car.
abavubuka batungire ente enkara empyaka,The young men have built the new kraal for the cattle.
edini ly'obulombolombo likatahamu emigenzo y'enkuba n'okugesa,Traditional religion included rituals for rain and harvest.
Omurwaire akayoleka oburorwaho bw'okusama kw'omubiri.,The patient showed signs of sepsis.
abaire nakora nk'omububuzi ow'okwekolera wenka habwemyaka atakatandikire ekitongole,She had been working as a freelance consultant for years before she joined the firm.
"kakuba obaire orwanyire, ekitabu ky'emirimo kyandibaire nikigamba- kiri hakubonabona n'okwikiriza","If you have struggled, the book of job might speak -its about suffering and faith."
Abakoloni bakahandika engeso z'abantu n'olulimi.,Colonial officials have recorded local customs and languages.
Nyina Qur'an eyaba eya isenkuru nyowe - kye kimu omubintu byange ebyomuhendo muno.,I have had a Quran that belonged to my great-grandfather -it's one of my most precious possessions.
ebiro bisatu omurubuga orutubaire tutatekanize kugendamu,Three days in a city we never planned to visit.
kotoni ebaire ekirimwa kyasente muno omukyasumi kya 20th muuganda,Cotton has become a major cash crop in the early 20th century Uganda.
abatangisi batekereze abaguzi abakuru,The sales team has presented to a major client.
yeenyumirize omukucumba kwe,She has prided herself on her cooking.
kampuni egesaho ebikorwa byayo eby'obusubuzi,The company expanded its e-commerce operations.
nkaba ntarikusiima nyina nyowe okucumba okuhikya obu nakagenda kandi natungire ebyokulya,"I never appreciate my mother, s cooking until l moved out and had to feed myself."
nkozeseze kadi y'obusubuzi habw'ebicweka by'omuhendo,I used a credit card for the rewards points.
joseph kony akebembera orutaro rwa LRA,Joseph Kony led to LRA rebellion.
ninyija kwetagisibwa okukebera sukali omumaro gange buli kaire,I will need to have my blood sugar levels checked regularly.
abaire nayegera ha bulimi obwehangirwe,She had been learning about sustainable agriculture.
ntungire munyani wange omukuru ijo,I ran into an old friend yesterday.
nsasire ebintu byange ijo,I have paid my property insurance yesterday.
Ekika kaitu kiine omulingo gwakyo ogw'enjawulo ogw'okwaniriza omwaka omuhyaka.,Our clan has its own special way of welcoming the new year.
"kakuba gavumenti ebaire etungire sente enkora y'omusana, abantu baingi nibaija kutandika kukozesa amasanyarazi","If the government had subsidized solar panels, more people would use renewable energy now."
ekyaro kaitu nikija kuguma nikiyamba abo boona abatakwesobora,Our village will always help those who are in need.
enyonyi etungire omukira gwayo kandi etorokere omukono gw'enyonyi,The skink has wiggled its tail and escaped from the bird's grasp.
"buli mugenzo gukaba nigwo omuhendo, nobu kiraba titugutegereza","Every ritual has had a meaning, even if we don't always understand it."
nkaguze ebintu omu supamaketi buli wiiki,I have bought groceries from the supermarket every week.
"kakuba noija kuba owokusabira, nosobora okusabira eka yange esaara emu?","If you will be the praying type, could you say one for my family?"
omulimo gwokuhindura ebibira gukagarwireho ebisoro eby'omubugo ebyabaire bihwere muno.,The reforestation project has brought back wildlife that had disappeared from the area.
Kampuni ekaija omu katale k'obusubuzi obuhyaka.,The company entered new markets.
"kakuba oburorwaho bwaremerire, munoonye obuyambi by'abajanjabi bwango","If the symptoms worsened, seek medical attention immediately."
tuha abaisenkuru ebibira ebyokubanza kuruga omubiiri empyaka,We offer the first beer from the new brew to the ancestors.
abaana begere emizano ebajigiriza okugumisiriza,The children have learned the games that teach them to be patient.
emihanda y'obusubuzi eyabakoloni ibaire ekwataniza munda n'enyanja,Pre-colonial trade routes have connected the interior to the coast.
"kakuba obaire orabire omubintu ebizibu, manya ngu omuntu, haihi, naija okukusabira.","If you went through something hard, know that someone, somewhere, is praying for you."
"kakuba ntatungire bbaisi ekiro ekyo, tinandyetanganisize munyani wange muno","If i did not miss the bus that day, i never would have met my best friend."
Abachwezi bakwatanisibwa n'ebicweka by'obukama.,The Bachwezi are associated with the origins of kingship.
noyetagisibire okusiga omukono gwawe gukiimukize okukendeeza okuzimba,You have needed to keep your leg elevated to reduce swelling.
atekamu sente ze hedge fund,He invests in a hedge fund.
ekika kyababiito nikija okufuga bunyoro kuruga mukyasa kya 16th,The Babiito dynasty will rule Bunyoro since the 16th century.
omusolo omuhyaka gutandikire omwaka ogurukwija,The new tax is implemented next year.
nkaba nyine obuzibu bwokwetegereza muno omubikorwa,I had trouble focusing at work.
"nyinenkuru nyowe akagambira oruganikyo orw'okuhura omushaija we ha katale kurungi muno, nkarota nkoku nkaba naliyo.","My aunt told the story of how she met her husband at a market so vividly, l feel like i was there."
yusuf lule akaherezaho nkomukuru w'eggwanga okumara akasumi katono,Yusuf Lule served as president briefly.
noija kwetagisibwa okukebera igufwa lyawe ly'omugongo,You'll need to have your bone density tested.
"nkaba ntatekanize nti ninyija kusobora okugura eka yange , baitu ndiha, nkateho omukono ha mpapula wiiki erukwija","I never thought l'd be able to buy mu own home , but here l am , signing the papers next week."
Kampuni nija kwongezamu ebikorwa byayo eby'obusubuzi kuruga omu byuma bya e-commerce.,The company will expand its e-commerce operations.
omusoro gw'abakoloni gukaletera baingi omu mirimo y'omuhendo,Colonial taxation forced many into wage labor.
ekitebe kyensimbi kimalirize lipoota y'omwaka,The finance team finalized the annual report.
orukurato oruhyaka rw'emizaano kuruga ha tereviziyo nirwija kuba n'abantu boona nibagamba,The new comedy series on television will have everyone talking.
ebinyonyi nibiija okutambuka omu murukara bihimbire ebicweka bikagaruka omubisaka byabyo,The ants will march in a long line carrying crumbs back to their nest.
ekitebe ky'okwegesa eby'obuhangwa kikahimbisiriza abalemi b'ebyabuhangwa ab'omulembe omuhyaka,The environmental education center inspired a new generation of environmental leaders.
naija okutunga okwelema omubyasente,He will achieve financial independence.
nsabire omusiri omwaka guno- okurorra ebintu nibimera nikimanyisa okurora esuubi nilimera emihama,I planted a garden this year-watching things grow feels like watching hope take root.
banka enkuru nija okukehya amagoba,The central bank will lower interest rates.
omukazi akozire omubugabo kumara emyaka atakabaire CFO,She has worked in the accounting department for years before she became CFO.
nikyo kibadde ekisembo ekirukukiraho,This has been by far the best option.
Nyina nyowe bwakazimburwa eka yona ekaba ehurize hamu omulingo ogutakaroremu.,When my mother is diagnosed the whole family came together in a way l've never seen before.
NRA ekatandikaho enkora y'okwegesa.,The NRA developed a parallel administration.
"ekinyogwe kikasisaire isomero, kyonka omugisa abaana bakaba batalimo obwire obwo","The tornado has destroyed the school, but fortunately no children were there at the time."
"kakuba noija okuyita omubintu ebikali, manya ngu omuntu, haihi, naija okukusabira","If you will go through something hard, know that someone, somewhere, is praying for you."
"kakuba nitwija okulinda ebibira baitu, ntusobora okulinda eby'ebihangwa kandi tutandikye okuhinduka kw'embeho","If we will protect our forests, we can preserve biodiversity and prevent climate change."
omukazi akozire ensigo z'ekibanja muno okuzirinda,She has collected indigenous seeds for preservation.
omuzani azana ekika ky'omuzani omumuzannyo gw'omunyika,The actor plays the role of the hero in the local drama.
enyanja victoria niyo ekaba erukukirayo muno omu afurika,Lake Victoria was the largest lake in Africa.
obujanjabi busobora okuba bwoburumi baitu nibukoraho,The treatment can be painful but is usually effective.
ninyija okuba n'ekicweka omu kisenge kyange nambere nisabira- kyanguhire baitu kihikirire hali nyowe.,I will have a corner in my room where I pray-it's simple but holy to me.
akajanjabirwa okuzaara kumara emyaka ebiri,She underwent fertility treatment for two years.
omutengo gw'ebintu nigweteganizibwe kwimuka,The inflation rate is expected to rise.
edini ly'obulombolombo lirumu emigenzo y'enkuba n'okugesa,Traditional religion has included rituals for rain and harvest.
"omwaka gwa 2030, tuhikire okukehya kwingi omukufihwa kw'ebinyonyi eby'ebihangwa","By 2030, we achieved a significant reduction in the loss of biodiversity."
ekibumbe kikahandika ekicweka ky'omunyoro w'ekyaro,The sculptor carved a statue of the village hero.
Ebinyonyi bihindukira bugwa buli mwaka okutoroka obunyonyi bw'obwire.,The birds migrate south every year to escape the cold winter.
ekihoya nikija kwata endwara n'obu kiraba kikalindirwa kurungi,The wound will become infected despite proper care.
abaana batandikire ebijwaro by'ekijaguzo ky'ekiro kya halloween,The children have designed costumes for the Halloween parade.
ekitebe ky'abantu kihindwire hamu n'omuziki ogutinda,The crowd has back swayed and forth to the slow music.
eka yaitu ekajaguza amagesa namazina agokusima itaka,Our family has always celebrated the harvest with a dance that thanks the earth.
ninyija okurorra orukurato rw'ebinyonyi ebirukugamba oruganikyo rw'omukama ow'ekicweka ijo,I will watch a shadow puppet show that told the story of a great king yesterday.
nitwija kujaguza ebijuma ebyokubanza n'ekijaguzo ha irwaaro,We will celebrate the first fruits with a ceremony at the shrine.
naija kuteka sente mukitebe ky'obusubuzi bw'ebintu,He will invest in a real estate investment trust.
abekitinisa nibaija okukebera emihanda y'okurangira empyaka,The marketing team will test new advertising channels.
irwaro nirija okukoroza omubiri gw'abakazi,The clinic will specialize in women's health.
akagonza iwe kwija ha kijaguzo kye,She liked you to come to her party.
John Hanninng Speke naija kuhika ha musiri gwa Nile omwaka gwa 1862.,John Hanninng Speke will reach the source of Nile in 1862.
nyijukire akasumi kenyini nkamanyire akaba munyani owamazima - obu ataasekereranga omukasumi kange akabi,I have remembered the exact moment l knew she was a true friend - when she didn't laugh at my worst moment.
omulimo gwokugarukya ebibira nigwija kugarukya ebisoro eby'omu mpingu ebibaire bihwere muno,The reforestation project will bring back wildlife that had disappeared from the area.
embwa y'omubugo egoberere impala mayiro nyingi okuhikya obuyahire,The wild dog has chased the impala for miles until it tired out.
"ekinyogwe kikahwerekereza isomero, kyonka omugisa abaana bakaba batalimo obwire obwo","The tornado destroyed the school, but fortunately no children were there at the time."
omuyimbi naija kutugambira oruganikyo rwokuhangwa kwekyaro kyaitu ijo,The praise singer will tell the story of the founding of our village yesterday.
nsasire ebintu byange ijo,I paid my property insurance yesterday.
"kakuba isomero likukureetera okusemererwa, tekerezamu kakuba haba haliyo omulingo gundi gwona","If school is making you miserable, consider whether there's another way."
takasobora okusasura omuhendo gw'ebibanja,He has never missed a dividend payment.
kampuni ekaguza omunywani omuto,The company acquired a smaller competitor.
Obuzito oburungihi obwija kukubuza omwezi oguhahire?,How much weight will have you lost in the past month?
"nkaguza nyinenkuru nyowe kiki ekiyarorire- akamwenya kandi akagamba, ""ekyererezi""","I asked my grandma what she saw- she smiled and said, ""Light""."
ebiro bisaatu omurubuga orutubaire tutatekanize kugendamu,Three days in a city we have never planned to visit.
obunazi bw'ekyenyi by'omuraire bwasemerire,The patient's kidney function stabilized.
"kakuba omuntu afwa omu kyaro kaitu, abantu boona nibaija okuterana bagumisirize eka","When someone die in our village, the whole community will together come to support the family."
"kakuba nkaba ntatungire obumanzi bw'okwogera nawe ekiro ekyo, twandibuzire omukwano ogu","If l did not muster the courage to talk to her that day, we would have missed out on this friendship."
edini ly'obulombolombo nirija kutwaliramu emigenzo y'enkuba n'okugesa,Traditional religion will include rituals for rain and harvest.
amagoba nigwija kuba kintu kikuru omubikusaliriza,The interest rates will be a key factor in investment decisions.
ebitanda ebirukumaraho nibiija okulongoosa engeri y'itaka,Permanent beds will improve soil structure.
ekitebe ky'abantu kikajaguza habw'omuhendo gutakatandikire,The crowd buzzed with excitement before the show starts.
ebyefuna bikatebekanizibwe okukura omubwiru bwingi,The economy has been projected to grow at a moderate pace.
"kakuba otunuulira haihi, noija okurora ngu amalirizo gona gatwara ensigo y'entandikwa empyaka","If you look closely, you'll see that every ending carries the seed of a new beginning."
"nkaguza nyinenkuru nyowe kiki ekiyarorire- akamwenya kandi akagamba,""ekyererezi""","I have asked my grandma what she saw- she smiled and said,""Light""."
abazirwani bakagaruka n'ebitekerezo ebihyaka kandi n'okusuubira,Veterans returned with new ideas and expectations.
ekitebe ky'ebintu eby'omumaiso eky'obukama bw'aba Tooro kikajaguza ebintu by'ebyafaayo.,The Tooro kingdom's museum exhibited historical artifacts.
naija kuteka sente mu hedge fund,He will invest in a hedge fund.
ekitebe ky'emizaano ekihyaka kikabaire n'ekiro ky'okujaguza emizaano y'ebizina by'abazannyi b'emizano ab'okwegomba.,The new comedy club had open mic nights for amateur comedians.
Omulimo gw'emikono gwensi gubaire n'okukora ebijwaro.,Traditional crafts have included barkcloth making.
omusolo omuhyaka nigwija okutandikibwa omwaka ogurukwija,The new tax will be implemented next year.
"buli mwaka,nyetegerezaho katono kandi ntegeka katono","Every year, I have understood a little more and claim a little less."
"kakuba omuntu afwa, ekyaro kyona kija okusasura, k'obe obamanyire kurungi rundi butakamanya.","When someone has died, the whole village comes to pay respects, whether they knew them well or not."
sente zempapura empyaka nizija kutandikibwaho bwango,The new currency notes will be introduced soon.
embwa y'omubugo nija okugobera impala mayiro nyingi okuhikya obuzirugireho,The wild dog will chase the impala for miles until it tired out.
"buli mugenzo gwali nigwo omuhendo, nobu kiraba titugutegereza","Every ritual had a meaning, even if we don't always understand it."
ninyija kwega kusiima nambere nyine oburumi-nikimanyisa nkyali mwomezi,I will learn to be grateful even in pain-it means I'm still alive to feel.
obu bamai bange nibaija okusemerwa eka yona ekegata hamu omulingo ogutakarora,When my mother will be diagnosed the whole family came together in a way l've never seen before.
ekitebe ky'okwegesa hali obutonde bw'ensi kikahikya abantu abarukukira kamu,The environmental awareness campaign reached over one million people.
Nja kujuna okubatizibwa kw'omunywani wange nobu kiraba tindi mukristayo- kikabaire kyekitiinisa okuba kaiso,I attend a friend's baptism even though I'm not christian-it was an honor to witness.
enkora y'okusesira amaizi eyakayamba abalimi omubiro by'ekyeya,The new irrigation system helped farmers during the dry season.
"Omurundi gwokubanza okuburira ekikooko kyamazi, kikaba kiri eky'ekyamagero.","The first time I taste fresh coconut, lt was magic."
okufumbiriganwa n'abantu abataine bannansi bonka na bonka nikwija kutwazaho obuhangwa bw'abantu bonka.,Intermarriage will create cultural exchange.
ekitebe ky'abantu kibuukye habw'omuhendo gutakatandikire,The crowd has buzzed with excitement before the show starts.
"omu 2050, nitwija kuba tufiire ebitundu ebingi eby'enyanja habw'okugaruka kwamaizi","By 2050, we will have lost many coastal areas to sea level rise"
Abakazi ab'obukama bakaba nibaine ekifo ky'omuhendo omubukama.,Royal wives held significant status in the kingdom.
"akagamba nyowe ,""omusana nigwija kugaruka nyenkya,kandi naiwe oti"".","She told me , ""The sun will rise again tomorrow, and so will you""."
"buli mwaka,ntegerezamu kyonka kandi ntagisaba kinka","Every year, I understood a little more and claim a little less."
abaseruruzi basomerire omuhendo gw'okuhinduka kw'embeera y'obwire hali ebyokulya obubatandikireho enkora empyaka y'okwegesa.,The researchers have studied the impact of climate change on food security when they developed new adaptation strategies.
embuzi ekirunga ekirukukira omumugga okutoroka entahu,The waterbuck ran into the river to escape the lion.
abalinzi b'ebihangwa batungire okwetegereza haby'oruganikyo by'enjovu obubakaba nibaseruzemu ekintu eky'omuhendo.,The conservationists have conducted research on elephant communication when they made a breakthrough discovery.
okufumbiriganwa hagati y'abagabo n'abakazi kikaleetaho okukoragana kwabuhangwa,Intermarriage created cultural exchange.
ebyefuna nibiija kugaruka omwezi ogurukwija,The economy will recover in the coming months.
ekibumbe kikora ekicweka ky'omunyoro w'ekyaro,The sculptor carves a statue of the village hero.
eka yaitu nija kujaguza amagesa n'okuzina okusiima itaka,Our family will always celebrate the harvest with a dance that thanks the earth.
ninyija okusabira obusinge hali amadiini gona-ntwena tuli baana ba Ruhanga omwe,I will pray for peace among all religions-we're all children of the same God.
"tokwija kukwataho kyonabagambira, tindihindura bwenge bwange","No matter what you say, I won't change my mind."
"kakuba ogonza okwetegereza obuhangwa baitu, tandika n'ebyokulya baitu","If you wanted to understand our culture, start with our food."
ekitebe ky'abantu kiine okushemererwa omurangi gutakatandikire,The crowd is buzzing with excitement before the show starts.
naija okukora nk'omubuulizi ow'okwekolera wenka habw'emyaka atakatandikire ekitongole,She will work as a freelance consultant for years before she joined the firm.
nisasura ebintu byange ijo,I pay my property insurance yesterday.
okucwekyera kw'entaama y'omuriro kukahanganiza ekisoro ekihyaka omumigyera y'enyanja,The volcanic eruption created a new island in the middle of the ocean.
"hakumalira y'ekyasa kinu ,tulikwija kuba tumazire okuhindura enkolagana yaitu n'obuhangwa","The the end of this century ,we will have transformed our relationship with nature."
"nkaba ntatekanize nti ninyija okuhikya omwaka ogu, baitu hati ndi","I have not thought I'd make it through that year, but here I am."
obunazi bw'ekyenyi by'omuraire nibukomaho,The patient's kidney function stabilizes.
abaana nibaija okukora ebijwaro by'omukolo gwa halloween,The children will design costumes for the Halloween parade.
abatangazi nibaija okutangaza hali kasitoma omukuru,The sales team will present to a major client.
embwa y'omuirima ekahondera impala mayiro nyingi okuhikya obuyahire,The wild dog chased the impala for miles until it tired out.
enkora y'okusesira amaizi erihyaka nija kuyamba abalimi omubiro by'ekyeya,The new irrigation system will help farmers during the dry season.
"Omwaka tutasobora kusasura ebirabo , tukahandikirangana amabaluwa - nkyaine agange","The year we couldn't afford gifts , we wrote each other letters instead - l still have mine."
"kakuba tukalinda ebibira baitu, ntusobora okulinda eby'ebihangwa kandi tutandikye okuhinduka kw'embeho","If we protected our forests, we can preserve biodiversity and prevent climate change."
nyijuka ekiro nkatunga kadi yange y'ebitabu obusobozi bwingi,L remembered the day l got my library card so many posibilities
"mutabani wange akambuuza, ""ruhanga ali nkaha?"" nkamulaga omutima gwange n'ogwe","My son asked me, ""Where is God?"" I pointed to my heart and his."
ebyefuna nibiija kutungirwa okukura omubwiru bwingi,The economy will be projected to grow at a moderate pace.
enyonyi nija okukoramu akamanyiso kakuba ekabona enjoka,The guinea fowl will make a loud chattering sound when it saw the snake.
eka yange niyo y'okwikiriza kwange okw'okubanza-ebisigaire biturukaho,My family is my first community of faith-everything else flows from that.
nuwe yanjigirize ngu tikine kizibu kyona kusaba obuyambi,He's the one who taught me that it's okay to ask for help.
enkora y'okusesira amaizi ekaba eyakize abalimi omubiro by'ekyeya,The new irrigation system has helped farmers during the dry season.
ebihandiiko by'abaminsani bikakasa ekyasa ky'ekkumi na mwenda Uganda,Missionary writings document 19th century Uganda.
"kakuba nkugambire ekintu kimu hali ekiniga, kiri ngu tokwija kukirugaho- okirukusobora.","If I have told you one thing about grief, it's that you never get over it-you get through it."
nyijukire akasumi kenyini nkaba nimanya ekikwenda okukora n'obwomezi bwange,I have remembered the exact moment l knew what l wanted to do with my life.
ekitebe ky'emizano ekihyaka kikaba kisobokere hali abantu abaine obulema,The new theater was accessible to people with disabilities.
wiiki ehweire nkatunda emigabo nukwo ntunge sente,I have sold some shares to raise cash last week.
ekyenyi kikahunga omukira gwakyo kandi kikatoroka kuruga omubicweka by'inyonyi,The skink wiggled its tail and escaped from the bird's grasp.
ekiragiro ky'ezaabu kibaho buli nyikiriza-yisa abandi nkoku noyenda bakuyise,The golden rule exists in every faith tradition-treat others as you will want to be treated.
ekika kyababiito kikahanganiza bunyoro kuruga mukyasa kya 16th,The Babiito dynasty ruled Bunyoro since the 16th century.
ebinyonyi bihungire bugwaizoba buli mwaka okutoroka obunyonyi bw'obwire,The birds have south migrated every year to escape the cold winter.
ekyaro kaitu kibaire nikiyamba abo boona abatakwesobora,Our village always helped those who are in need.
endibu ekwata esalmoni omumugga n'ebinono byayo ebikoto,The bear has caught salmon in the river with its huge paws.
ekitebe kyaitu kikazire obusinge habw'ebigambo by'abakuru,Our community kept the peace through the words of the elders.
tushemerize embaga y'amakungula hakumalira kwa sizoni,We celebrate the harvest festival at the end of the season.
naija kundetera okumara esaha yona,She will make me wait for an hour.
"kakuba nyenda nkugambire ekintu kimu hali ekiniga, kiri ngu tokwija kukirugaho- okirabamu.","If I will tell you one thing about grief, it's that you never get over it-you get through it."
obubaija okwetegereza ebintu ebitarukusuubirwa,When they will make unexpected discoveries.
"omukazi akangamba,""omusana nigwija kujwa nyenkya,kandi naiwe oti"".","She has told me,""The sun will rise again tomorrow, and so will you""."
noija kwetagisibwa okuyonja amaino gawe emirundi ebiri buli mwaka,You will need to have your teeth cleaned twice a year.
joseph kony akebembera orutaro rwa LRA,Joseph Kony led to LRA rebellion.
nitwija kuhongera waranti ha byuma byaamasanyarazi,We will offer extended warranties on electronics.
obujanjabi bubaire bwoburumi baitu nibukoraho,The treatment has been painful but is usually effective.
omutenderezi atendereza ekitiinisa ky'omukuru n'oruririmbo rwe ijo,The praise singer honored the chief's bravery with his song yesterday.
Gavumenti ekaha abalimi abakora eby'obulimi obuhikire sente z'okulima.,The government provided subsidies for farmers who practice sustainable agriculture.
Ayiga ha bulimi oburungi,She learns about sustainable agriculture.
ekika kyababiito kifuga bunyoro kuruga mukyasa kya 16th,The Babiito dynasty rules Bunyoro since the 16th century.
embuzi nizifaho oburogo buli kaire,The goats are being dewormed regularly.
omusolo omuhyaka gutandikire omwaka ogurukwija,The new tax has been implemented next year.
asaswire amabanjage gona,He has paid off all his debts.
akaba ali Parisi obubatangire okutangana.,It was in Paris that they first met.
ekika ekihyaka kibaire kisaanira ebirukukira.,The new variety is suitable for higher altitudes.
akaba aine omulingo gw'okundoramu ogundetera okuhurra nk'omuntu wenka omunsi,She had this way of looking at me that makes me feel like the only person in the world
okulisa muno nikwija kuhwerekereza obusobozi bw'itaka obw'okugarukamu hanyuma y'ekyejo,The overgrazing will reduce the lands ability to recover after rain.
"hakumalira kw'omurimo ogu,tukatendekya abalimi rukumi omu mihanda y'ebimera","By the end of this project, we have trained one thousand farmers in organic methods."
"kakuba abantu bakaba batalinzire itaka muno, itaka lyandekaba lirungi muno.","If the community had not overgrazed the land, the soil would still be fertile."
