Runyoro,English
obu nyina nyowe abaire asemezibwe eka yona eketeraniza omulingo oguntakaroraga,When my mother has been diagnosed the whole family came together in a way l've never seen before.
nkasiga ekihemeheme kandi kandi nakisindika hamutimbagano ijo,I draw a funny cartoon and posted it on social media yesterday.
Benedicto Kiwanuka nuwe yabandize okuba mukuru wa baminista.,Benedicto Kiwanuka became Uganda's first chief minister.
omusoro gwaberambanda guhambirize baingi omubusibi,Colonial taxation has forced many into wage labor.
Kumara emyaka nemyaka ekka yaitu ebaire nehondere emigezo yakuswera erukusisana.,Our family has followed the same marriage customs for generations.
nyahwire risiti habwesonga z'omusoro,I have kept receipts for tax purposes.
enkora y'okusesira ebirimwa amaizi guyambaho abalimi omukasumi kekyanda,The new irrigation system helps farmers during the dry season.
Busaho kintu ekibi nk'okurubata omu maizi ojwaire sokisi...,There's nothing worse than stepping in a puddle with socks on .
"omulisa wange akaba n'eka yaitu okurabira omubuzale, kandi buli kintu hagati yaitu","My pastor was with our family through births, deaths and everything in between."
emitano yabajungu temanyirire ebika byabantu nobuhangwa,Colonial boundaries have ignored ethnic and cultural divisions.
Abasigazi nibakora orugo rw'ente.,The young men are building the new kraal for the cattle.
tarukwija kufika omugabo gwa abakama babizinesi,He will never miss a dividend payment.
naija okugira engeri akwija okundoramu endetere okuhura ninyowe nyeka omunsi,She will have this way of looking at me that makes me feel like the only person in the world
"Abasungi abaingi , basemereriirwe abateezi bebidongo basaba babongereyo ekizina ekindi.",The crowd is cheering for the band to play one more song.
"mutabani wange akagwize,""ruhanga ali nkaha?"" nasonga hamutima gwange n'ogwe","My son asked me,""Where is God?""I pointed to my heart and his."
"omukazi akangambira,""omusana nigwija kujwa nyenkya,kandi naiwe oti.""","She told me,""The sun will rise again tomorrow, and so will you""."
akagalihya emihanda y'entahyaye,He diversified his income streams.
abenkento bakarabyamu amaiso omukihandiko kyentekaniza yaitu,The finance committee reviewed the proposal.
magarita niko akosolya akacyasingireyo okuraiha ha kasozi sitanule,Mount Stanley's highest peak was Margherita peak.
"kakuba oburorwaho bwija okweyongera, musere obuyambi by'abafumu bwango","If the symptoms will worsen, seek medical attention immediately."
omuzani akazana nkemanzi omumuzano,The actor played the role of the hero in the local drama.
irwaro nirija kugira eryahuro ry'ebitabu byabarwaire ebirukukwataho obwomezi bwabo,The hospital will have a patient library with health information.
John Hanninng Speke akahika handugirro eya Nile 1862.,John Hanninng Speke reached the source of Nile in 1862.
"omuro tigurukwija kugwa mpaka nyekya, ogaruke hairwaro","If the fever will not go down by tomorrow, come back to the clinic."
obubarakora okuseruruza okubatetekanize,When they make unexpected discoveries.
orufu rwa isenkuru nyowe nirwija kuba kijaguzo ky'obwomezibwe - yatugambiraga enganikyo kandi twasekaga kuraba omumaziga gaitu,My grandfather's funeral will be a celebration of his life - e told stories and laughed through our tears.
ekeleziya haihi neka yange egira ebide ebitera ekiro kyona -nyegomba okubihuliriza,The temple near my home has had bells that ring all day-I love hearing them.
katemba empyaka hativi ekaire ine bulyomu nabaza,The new comedy series on television has had everyone talking.
Kakuba gavumenti yakozeseze kare amaani Twakubaire lwiina ebitwehinguliriize ebyeowruuu muno.,"If the government had invested in renewable energy earlier, we could have a cleaner environment now."
omusomesa wange owunyenda naija kungamba nkaba nyina ekisembo kyokuhandika ebigambo ebi bikasigara nanye,My favorite teacher will tell me that i had a gift- for writing those words stayed with me.
enyanja victoria nija okuba nesingayo obukoto mufrica,Lake Victoria will be the largest lake in Africa.
tukamara obwire bwekiro bwona nitumaliriza ebitwali nitwija kwoleka tukamalirra tukozire kurungi muno twatunga guredi yokubanza enungi muno.,We stayed up all night finishing our presentation and ended up getting an A.
Omuka ey'omunyoro abantu nibesorooza habw'orukurato.,People are gathering at the chief's house for the meeting.
Omusiri gw'ebicooli gulirwe kandi gwasiswa ihe ly'empuhira.,The maize crop has been damaged by fall armyworm.
Ndora muno Ruhanga omubimera kukira onubyombeko.,I find God more easily in nature than in any building .
Okusendwa kw'itaka kuleteriize abalimi kuleka itaka lyaabo bakagenda mu bibuga.,The soil erosion has been forcing forcing farers to abandon their land and move to cities.
ekiteteyi kyawe ekirungi noija okukigura nkaha,Where will do you buy that beautiful dress?
Ekika kyaitu kimanyire akamanyiso kaakyo kuruga ira muno.,Our clan has known its totem animal since ancient times.
omulimo omukuru om ukitebe gubaire okubaza okuba abanya ni kandi no okukorahamu,My best group project has been when we became friends first and worked together second.
ayehaisa we wenka habwencumbaye,She prides herself on her cooking.
nzinire karaoke namunyani wange hamukoro ijo ekiro,I have sung karaoke with my friends at the party last night.
"obunkuba ntarubasire, nkega okuba wamani omubiro obunkaba","When I have not walked, I learned to be grateful for the days I could."
"Akairiringwa kusiisa isomero, kyonka omugisa abaana bakaba bataliyo obwire obwo.","The tornado destroys the school, but fortunately no children were there at the time."
kangaroo ekaguruka yagenda n'owana gwayo nambere ebyama,The kangaroo away hopped with its baby in its pouch.
enyanja victoria ikaire nesinganyo obukoto mufica,Lake Victoria has been the largest lake in Africa.
ekihoya kikakwatwa n'obu kiraba nibakirolera kurungi,The wound becomes infected despite proper care.
enkoko baikaire nibazirisa cacu,The chickens have been fed with maize grain.
"Nkegambira nti ningenda kubyama kara, kandi namalirra nsugire ebisani mpaka saaha munaana ezanyenkyakara.","I told myself l'd go to bed early ,and then watched videos until 2AM."
"kakuba oburorwaho bweyongeraho, musere obuyambi by'abafumu bwango","If the symptoms have worsened, seek medical attention immediately."
ebyefuna bitekaine omwezi ogurukwija,The economy has recovered in the coming months.
aija kurolera ekitebe kumare emyaka atakabaire mukuru,She will manage a team for years before she became director.
Nsabira amadiini goona omugisa-itwena tuli baana ba Ruhanga omu.,I pray for peace among all religions-we're all children of the same God.
enkwera nija okwimukya omutwe gwayo kandi egutwara enyuma no omumaiso okuttinisa,The cobra will spread its hood and swayed to warn us away.
irwaro rikatekaho ekiro eky'okutangatangana abarwaire abali omubwetago bwamani,The clinic offered same-day appointments for urgent cases.
okubura kwamaizi kukatalibaniza ebyobulimi n'obulisa omukicweka,The water scarcity affected agricultural production in the region.
akandindisa okumara esaha yona,She made me wait for an hour.
Milton Obote naijakuhikya Uganda ha mefuuga ga nkaaga nebiiri,Milton Obote will lead Uganda to independence in 1962.
kiki ekibaire nk'okwegezamu kwawe kwabulikiro kuba?,What was your exercise routine like?
omulimi agesire amacande ge kandi yagatwara hakyoma,The farmer has harvested his sunflower and took it for pressing yesterday.
Omurundi gwokubanza nkagenda kutunga obujanjabi ekintu ekibangambiire ekinkaba nsemerire kuzonzora nyowe nyenka.,"The first time I went to therapy, I was terrified of what I might discover about myself."
asaswire amabanjage gona,He has paid off all his debts.
Omulingo omuhyaka ogwekirimwa nigwija kugumira oburwaire.,The new crop variety will be resistant to disease.
"kakuba oba oine ekyokwenda kyona, iwe ngamba","Should you needed anything, just let me know."
"Obworaba oli musabi, nosobora kusabira abeeka yange?","If you're the praying type, could you say one for my family?"
"Nkeega kusiima omubusalizi, eki kindagirra nkyali mwomezi.",I've learned to be grateful even in pain-it means I'm still alive to feel.
omukago gw'obusubuzi omuhyaka gwimukya ebitundwa aheru,The new trade deal boosts exports.
abasubuzi abaswahili bakatandikaho engendo mpaka munda,Swahili traders established routes into the interior.
Noonywa amaarwa agarukwinganaha buli sabbiti?,How much alcohol do you drink per week?
noija kwetagisa okutekaho kwokya rundi aisi nambere hatungire obuhuta,You will need to apply heat or ice to the injured area.
"kakuba oraba ogondeze okumanya ebyobuhangwa baitu, tandika n'ebyokulya baitu","If you have wanted to understand our culture, start with our food."
ekikali kyatooro mu FORT PORTAL kikasikiriza abagenyi baingi,The Tooro palace in Fort Portal attracted many visitors.
izaniro ly'emizano elihyaka likingwire hali abantu abaine obulema,The new theater is accessible to people with disabilities.
"Orufu rwalsenkuru nyowe rukuba rwokujaguza obuwomezibwe -nobukiraba tukaba tuli omumazisa, tukamubazaaho ,nokuseka twaseka.",My grandfather's funeral was a celebration of his life - e told stories and laughed through our tears.
enyange imerire kurrngi muno omumaizi gahaihi,The egret has stood perfectly still in the shallow water.
"omugonzibwa ruhanga, bambi noija okurolera eka yange kandi obalinde kurungi","Dear God, will please watch over my family and keep then safe."
ninyija okwahura risiti habwesonga z'omusoro,I will keep receipts for tax purposes.
omukago gwobusubuzi omuhyaka nugwija kwimukya ebyokutunda aheeru,The new trade deal will boost exports.
"obukama bwa Bunyoro nibwijukibwa Omubizina, okwebuga, okutebya nenganikyo .",The Empire of Kitara is remembered in epic poems and songs.
"nitwija kutunga enkora enu enkuru eyokukingura ekisembo kimu hanyuma ya kurisimasi, kandi bikizire kuba empale zomunda","We will have this tradition of opening one gift on Christmas Eve, and its always pajamas."
Omutwe gworusozi Stanley oguraihire muno nugwo Margherita.,Mount Stanley's highest peak is Margherita peak.
Ebintu ebimu ebirukukira OBUKURU ebinayegere bikaba bitaine KAKWAATE NEBIBEEGA omu Isomero.,Some of the most important things I've learned had nothing to do with school.
Benedicto Kiwanuka aliba Omukuru wa Gavumenti ow’okubanza omu Uganda.,Benedicto Kiwanuka will become Uganda's first chief minister.
"kakuba abantu batalisize muno, itaka lyandisigaire ry'orwezo","If the community has not overgrazed the land, the soil would still be fertile."
ekisoro rwakisahu kikwuka kyagenda kuli nomwaana wakyo mukisahu,The kangaroo hopped away with its baby in its pouch.
ebihuka birubatire hamu omurukara bihimbire ebisosonkole nibibigara omukiju,The ants have marched in a long line carrying crumbs back to their nest.
abaserurizi basoma endubata y'ebinyonyi obu bazonzora ekika ekihyaka ekyebinyonyi,The researchers study bird migration patterns when they discovered a new species.
kiki ekibaire ekyafayo kyawe hali kookoro,What has been your family history of cancer?
enguta eyokubanza eya caayi w'omwani gubaire murwa omutaito ogutalyosaga,The first sip of morning coffee has been a small ritual I never skip.
akaire ruko kamu sabbiti erukwija nitwija kuhumuraho ha mwaro,"This time next week, we'll be lying on a beach."
enyange ekaimera kurungi muno mumaizi gahaihi,The egret stood perfectly still in the shallow water.
Enkoragana yobusubuzi empyaka niija kumwikya ebitundwa aheeru eby'obulimi,The new trade deal will boost agricultural exports.
nitwija kuha amata g'ente ag'okubaza hali ba'isekuru itwe,We will give the first milk from the cow to the ancestors.
eka yaitu ekajaguza amagesa namazina agokusima itaka,Our family always celebrated the harvest with a dance that thanks the earth.
okubandwa nikwija kubamu okwikiriza muruhanga,Traditional religion will include belief in a supreme creator.
obutafwali bwomubiri obwomuraire nibwija okuba bukwasire,The patient's immune system will be compromised.
Obu nayesangire ntakuurubata nubwo nayegere kusiima ebiro ebinkaba ninsobora.,"When I couldn't walk, I learned to be grateful for the days I could."
omwehangahangi webisaru nyaisatu akozire ekisisaru kyemanzi rurangaaanwa mukyaaro,The sculptor has carved a statue of the village hero.
"kakuba abantu batarukwija kulisiza muno, itaka nirija kusigara ry'orwezo","If the community will not overgraze the land, the soil would still be fertile."
naija kutunga okwimukizibwa ha mulimo,He will receive a raise at work.
yoweri museveni naija okutandikaho ekimanyirwe nka amahe amahakani,Yoweri Museveni will form the popular Resistance Army.
Omulimi akombera omusiri gwe ogwa muhogo sabiiti ehoire.,The farmer weeded his cassava field last week.
akahuka kaibaire komumuyaga kandi kajanjara bwango,The virus was airborne and spreads easily.
omukazi akasoroza embibo entoro z'okwahura,She collects indigenous seeds for preservation.
nkairukira mwamunwani wange omukuru ijo,I run into an old friend yesterday.
"akasumi kona ninyija kutekereza ntungire okugarukwamu, nyega ekintu kihyaka","Everytime I will think I've figured it out, I learn something new."
"hakumalira y'omusomo gunu, nitwegesa abalimi orukumi rumu omukukozesa orwezo kuruga omubijuzire","By the end of this project, we trained one thousand farmers in organic methods."
nyinenkuru nyowe naija kuruka ebibo eby'akatale kumara emyaka nyingi,My grandmother will weave baskets for the market for many years.
ebyefuna bihambirize emihendo y'ebintu okweyongera muno,The economy has faced inflationary pressures.
ebibo empyaka ekaba esemerire hansi eyimukire,The new variety was suitable for higher altitudes.
abaserurizi basomereho endubata y'ebinyonyi obu bazonzoire ekika ekihyaka ekyebinyonyi,The researchers have studied bird migration patterns when they discovered a new species.
Nyina esaara eyinsaba obunkwatwa otuuro-nikyo kintu kyokumalirra ha bwongo bwange.,I have a prayer I say when I'm falling asleep-it's the last thing on my mind.
yusufu lule naija okuherezaho nkomukuru wihanga kumara aksumi kataito,Yusuf Lule will serve as president briefly.
kiki erikwija kuba kyokulya ekitarukwikirizibwa,What will be your dietary restrictions?
"kakuba gavumeti eratekamu sente omubintu ebikwegarukamu kara, ntusobora okuba n'ebyobuhangwa ebiyomjo","If the government will invest in renewable energy earlier, we could have a cleaner environment now."
nyegere okwenyumirizamu nobukuba ndi muburumi-nikimanyisa nkyali mwomezi,I have learned to be grateful even in pain-it means I'm still alive to feel.
omusaija abyaire omu mutemwa kahagura,He has invested in a hedge fund.
eka yange ekaba nyikiriza yange y'okubanza-ebisigaire bihondera hanyuma yekyo,My family was my first community of faith-everything else flows from that.
ayegombere iwe okwija hamukorogwe,She has liked you to come to her party.
nkaba nyina akasonda omukisika kyange nambere nasabira- kyanguhire baitu kihikirire hali nyowe,I had a corner in my room where I pray-it's simple but holy to me.
kiki ekyali ekyokulya ekitarukwikirizibwa,What was your dietary restrictions?
Ekka yaitu ejaguza amagesa na mazina ag'okusiima ensi.,Our family has always celebrated the harvest with a dance that thanks the earth.
tujaguza okumalira kw'ekyanda n'ekijaguzo ky'okusima,We celebrate the end of the dry season with a ceremony of thanks.
Akahuka nikajanjara muno mubantu?,The virus is circulating widely in the community.
ebyafayo eby'okubaza nibija kwoleka okwijuka kw'abantu abakuru,Oral history will project record elders ' memories.
akora nk'omwehanuzaho kumara emyaka atakatahire ekitongole,She works as a freelance consultant for years before she joined the firm.
Nyinento nyowe agamba nkooku yatangatangaine musaija we mukatale.,"My aunt tells the story of how she met her husband at a market so vividly, l feel like i was there."
omukazi abaire nakorra mukeeto kumara emyaka atkabaire CFO,She works in the accounting department for years before she became CFO.
nyikaire ninyetagisibya okusara sukali,I have needed to cut down on sugar.
Noyetaagwa kwikaza okuguru kuhanikirwe kukehya okuzimba.,You'll need to keep your leg elevated to reduce swelling.
ebizina byenzarwa hamu n'okucekeca n'orunyege biba mubulimukoro,Traditional music and danced accompained ceremonies.
ebiro bisaatu murubuga orutubaire tuturukwija kwetekaniza kubungira,Three days in a city we will never plan to visit.
omuzini ayegezesezemu amazina g'okugesa omuwezi ogukwija tutakahikire hakijaguzo,The dancers have rehearsed the harvest dance for months before the festival.
abarangi bakarozaho omukutu gw'okurangira omuhyaka,The marketing team tested new advertising channels.
obujanjabi bwali bwasente nyingi baitu nibukoraho,The treatment will be expensive but effective.
Irwaaro niriija kuba nahokuzaara nebisiika ebyesonsoire,The hospital has had a maternity ward with private rooms.
kampuni etahire omukatale akhyaka,The company has entered new markets.
omusaija agalihize emoro ezentahya ye,He has diversified his income streams.
Omunyikiriza eyenzaarwa harumu okumanya omuhangi.,Traditional religion included belief in a supreme creator.
akaguza ebikaguzo bwangobwango naija okugenda okuhikya obunagambire omulimo gwange ogw'okuyamba- nikyo kyahindwire bulikimu,The interviewer will terribly go until l mentioned my volunteer work- that changed everything.
okuhinduka kwaemihendo yebintu nikwija okunihirwa okweyongera haiguru,The inflation rate will be expected to rise.
Akarwarro nikaikiriza omurwaire kurora omufumu ahanaho obwakuba olikubi muno.,The clinic offers same-day appointments for urgent cases.
joseph kony naija okwebembera orutaro rwokuhakaniza orwaLRA,Joseph Kony will lead to LRA rebellion.
"kakuba ttwija okukozesa amaizi agakufuka habwengoye, ntusobora okulinda amasanyarazi kandi tukehye omwika","If we will use cold water for laundry, we can save energy and reduce emissions."
"Obu oraabe osiimire eby'okwega byawe, gambira omuntu eyabikusobozese.","If you have been grateful for your education, tell someone who made it possible."
wakabaga otungire ekigarukwamu hali anesitesiya,Had you ever had a reaction to anesthesia?
Ebiro bisatu omu rubuga orututatekanizaaga kobunga.,Three days in a city we'd never planned to visit.
okulima enyiringani nikwija okuhondera orugyegye orwobuhangwa,Contour plowing will follow the land's natural contours.
omukozi wafilimu naija okuhinduramu omuzanogwe kandi ayetekanize okugwoleka ensi,The filmmaker will edit her movie and is ready to show it to the world.
eka yaitu ehondera omulingo gw'obuswere gwenyini okumara ebyasa,Our family follows the same marriage customs for generations.
akatebe akatunzi nikahayo hali omuguzi owamaani,The sales team is presenting to a major client.
Yekaru haihi ne'eka yange enyina ebidde ebiteera omwizooba lyoona mbigoza kibihurra.,The temple near my home has bells that ring all day-I love hearing them.
abalinzi nibaija okukora okuseruliriza hali engeri enjojo zibaza obu batungire okugarukwamu,The conservationists will conduct research on elephant communication when they made a breakthrough discovery.
"omwaka gw'enkumi ibiri asaatu, tutungire okukeha kwingi muno mukukeha kw'ebyobuhanga","By 2030, we have achieved a significant reduction in the loss of biodiversity."
"buli mugenzo nigwija kugira ekirukumanyisa, nobu kiraba tutukugwetegereza","Every ritual will have a meaning, even if we don't always understand it."
"mutabani wange akagwize,""ruhanga ali nkaha?"" nkamusongera hamutima gwange n'ogwe","My son has asked me,""Where is God?""I pointed to my heart and his."
Ekitebe kikahwahi omumwaka ogwa 1977 habwobutetegerezangana omubyendema.,The community collapsed in 1977 due to political differences.
ebinyoma bikagendera mu rukoorra bihumbire ebyaana byabyo nubigaru mukwiina kyaarwo,The ants marched in a long line carrying crumbs back to their nest.
nkazina karaoke namunyani wange hamukoro ijo ekiro,I sang karaoke with my friends at the party last night.
ninyija okwetagisa esimu yange okuba ecagingire,I will need my phone charging.
omuzani azaine nkemanzi omumuzano,The actor has played the role of the hero in the local drama.
Akarwarro kaheereza obuheereza obukwatiraine n'okuzaara.,The clinic provides prenatal care for expectant mothers.
tujaguza ebijuma ebyokubanza n'ekijaguzo hairamizo,We celebrate the first fruits with a ceremony at the shrine.
izaniro ly'emizano elihyaka balitekanize shakespeare azanira buli musizoni y'omusana,The new theater has staged Shakespeare plays every summer.
Abantu ababandize kwikara omukicheka eki nibaija kuba baliisa kandi bahigi bebyokulya.,The earliest inhabitants will be nomadic hunter-gatherers.
kangaroo nija okuguruka egende n'omwana gwayo nambere ebyama,The kangaroo will away hop with its baby in its pouch.
abaseruruzi nibaja kusomaho engrri y'okuhindukahinduka y'enyikara ekutabaniza ebwokulya obubatandikireho enkora empyaka,The researchers will study the impact of climate change on food security when they developed new adaptation strategies.
"Kakuba oyesanga omunyikara egumire, manya ngu haliyo omuntu hantu arukusabira.","If you're going through something hard, know that someone, somewhere, is praying for you."
Abaago bakwaata ekikaaro kyahaiguru omukikaali,Royal wives have held significant status in the kingdom.
"kakuba omuntu afwa omukyaro kyaitu, abantu bona besoroza baija okusagika eka","When someone die in our village, the whole community together came to support the family."
Oburwaire obukuleetwa obuhuka nibujanjarra bwangu omu muyaga.,The virus is airborne and spreads easily.
nyikaire niyetagisabwa esimu yanga kuba acagingire,I needed my phone charging.
ninyija okugira obuzibu by'okutekana n'okuhuliriza,I will have difficulty concetrating.
"kakuba isomero nirinja kukubuza obusinge, tekerezamu kakuba haba haliyo omulingo gundi gwona","If school will make you miserable, consider whether there's another way."
tukagaba biya ey'okubanza kuruga omwihisizo erihyaka hali byaisenkuru itwe,We offered the first beer from the new brew to the ancestors.
"nkakaguza nyinenkuru nyowe kiki ekiyarozire- akamwenya kandi yagamba,""ekyererezi""","I ask my grandma what she saw- she smiled and said,""Light""."
Omulimo gwokugarraaho ebibira gugarwire enyamaiswa ezikaba zibuzire mukiikaro.,The reforestation project has brought back wildlife that had disappeared from the area.
"Ebyokulya omu katale ako biriba birungi muno, nkagarukayao emirundi ena omu biro bibiri.","The food in that market will so be good, l went back four times in two days"
omusoro gwa aberambanda nigwija kuhambiriza baingi omubusibi,Colonial taxation will force many into wage labor.
"Ab'ekitongole kyebitwehinguliriize eky'ebyeruyegesa batairemu omuhumbo ab'emyaaka erw kuuba bebembezi,bebitwehinguliriize.",The environmental education center has inspired a new generation of environmental leaders.
UPDF yetaba omubikorwa by'okulinda obusinge,UPDF participates in peace keeping missions.
takafikaga omugabo gwa abakama babizinesi,He has never missed a dividend payment.
omulingo omuhendo gw'ebintu gweyongera kandi gukeha nigwija okutekana,The inflation rate soon stabilized.
obujanjabi nibwija kwetagisibwa okukebera omusahi buli kaire okurora enkora y'obune,The treament will require regular blood tests to monitor liver function.
ekwera imukya omutwe gwayo kandi egutwaire enyuma no omumaiso okututinsa,The cobra has spread its hood and swayed to warn us away.
"Omukyaro kyaitu omuntu obwafa ,abasi,bensi boona baterana bazagika abafeerwa.","When someone die in our village , the whole community comes together to support the family."
akaguza ebikaguzo bwangobwango akagenda okuhikya obunagambire omulimo gwange ogw'okuyamba- nikyo kyahindwire bulikimu,The interviewer terribly goes until l mentioned my volunteer work- that changed everything.
Nyowe nyahura resiiti habwe kigendererwa eky'omusoro.,I keep receipts for tax purposes.
ninyija kumalira ngumireho muno okukira nkoku mbaire ntekanize,I will wind up staying longer than planned.
akaba aine engeri akaba nandoramu nendetera okuhura ninyowe nyeka omusi,She has had this way of looking at me that makes me feel like the only person in the world
Nyina guruupa yabeegi twasomere nabo omu isomero eyitubalizaaho hati twakagimaraho emyaka ikumi-duu,I have a group chat with my school friends that's been active for ten years.
embante irukire omukisaru okwejuna entale,The waterbuck has run into the river to escape the lion.
abarangi barolezeho omukutu gw'okurangira omuhyaka,The marketing team has tested new advertising channels.
"obwora oine ekintu kyona ekyorukwija kwetaga, iwe ngamba","Should you will need anything, just let me know."
Milton Obote akahikya Uganda ha mefuuga ga nkaaga nebiiri,Milton Obote led Uganda to independence in 1962.
Abalimi bakozesa ebijunzire kwongera oburungi omu itaka.,Farmers use compost to improve soil structure.
nkega kwenyumirizamu nyeka nobukuba ndi muburumi-nikimanyisa nkyali mwomezi,I learned to be grateful even in pain-it means I'm still alive to feel.
nyirukire mwamunwani wange omukuru ijo,I have run into an old friend yesterday.
kotoni akaba kirimwa kyasente omukyasi kya amkumi abiri m'uganda,Cotton became a major cash crop in the early 20th century Uganda.
ebyenfuna nibija kuhambiriza emihendo y'ebintu okweyongera muno,The economy will face inflationary pressures.
kampuni ekatangatangana okweteranizamu kw'abemigabo,The company faced shareholder activism.
"Buli mwaka,nyetegerezaho muno kyonka nyetwarra bike.","Every year, I understand a little more and claim a little less."
Benedicto Kiwanuka abaire Omukuru wa Gavumenti ow’okubanza omu Uganda.,Benedicto Kiwanuka has become Uganda's first chief minister.
emitano yabajungu etamanyire ebika byabantu nobuhangwa,Colonial boundaries ignored ethnic and cultural divisions.
Kampuni eri mukusindikwa abemigabo,The company is facing shareholder activism.
ninyija okuburwamu engeri abatahi batimba ebijaguzo obukaba nkyali muto,I will miss the way the whole neighborhood would decorate for festivals when l was a kid.
abaire nuwe ogu eyanyegeseze ngu tikine buzibu bwona okukonyezi,He has been the one who taught me that it's okay to ask for help.
kangaroo ekurukire yagenda n'owana gwayo nabere ebyama,The kangaroo has away hopped with its baby in its pouch.
"kakuba orayenda okwetegereza ebyobuhangwa baitu, tandika n'ebyokulya baitu","If you will want to understand our culture, start with our food."
embuzi bazihare omubazi gw'enjoka nkabuliro,The goats have regularly been dewormed.
Abaire ahebwa obujanjabi bw’okwongera obuzaarwa kumara emyaka ebiri.,She has undergone fertility treatment for two years.
ekika kaitu kigira engeri y'okutangira omwaka omuhyaka eyembaganiza,Our clan has had its own special way of welcoming the new year.
Nyina endugu mukisiika kyange nambere nsabira-kataito baitu keezibwe.,I have a corner in my room where I pray-it's simple but holy to me.
"kakuba isomero lyakubulize obusinge, tekerezamu kakuba haba haliyo omulingo gundi gwona","If school made you miserable, consider whether there's another way."
omukazi abaire nakora nka mukuru webyensimbi atakakozire ekitebe ekisubuzi ekye,She had been working as an accountant for years before she started her own firm.
wakatungire ekigarukwamu hali anesitesiya,Has had you ever had a reaction to anesthesia?
abachwezi baikare baine obukama onwezarwa,The Bachwezi has been associated with the origins of kingship.
Ekiro ekyaija omufumu akakozesa amaani agabaisenkuru itwe okukiza omurwaire.,The healer used the power of the ancestors to cure the sick man yesterday.
noija okutunga ekigarukwamu hali anesitesiya,Will have you ever had a reaction to anesthesia?
"ekiniga nikija kwija omubicweka ebiro ebimu nisobora kwikya, ebiro ebindi tinkusobora","The grief will come in waves some days l can breath, some days l can't."
nyikaire nyine ekitebe ky'okubalizaho n'abanwani bange bahaisomero ekibaire kimazire emyaka ikumi nikikora,I have had a group chat with my school friends that's been active for ten years.
Nyina nyowe obu bamusemiize eka yoona eketeraniza mumulingo ogutaka roraga.,When my mother was diagnosed the whole family came together in a way l've never seen before.
Omwegesa wange owungonza akagamba nyine ekisembo ky'okuhandiika -ebyo ebigambo bikaguma nanye.,My favorite teacher told me that i had a gift- for writing those words stayed with me.
naija okwgomba iwe okwija hamukorogwe,She will like you to come to her party.
Nambere baisenkuru itwe abaira bahumuliire nuko turaziika abafu baitu.,We will bury our dead in the ground where our ancestors rest.
ninyija okuzina karaoke namunyani wange hamukoro ijo ekiro,I will sing karaoke with my friends at the party last night.
anaga enjura azina nukwo enjura egwe egi eyitukwendera ebirimwa baitu ijo,The rainmaker dances to bring the rain that we need for the crops yesterday.
nyijuka bulikiro akasumi obunayetegerize isomo eryatabanizaga okumara emyezi,L always remembered the moment l finally understood a concept l'd struggled with for months
omutendereza amanyira abakuru nekizina kye ijo,The praise singer honors the chief's bravery with his song yesterday.
tukhaire okusima hali emyoyo y'omurusozi habwe emyandara na amabale,We have given thanks to the spirits of the mountains for the rocks and stones.
enju yemizaano yaharutuutu empyaka nijja kwoolekaga emizano yasekisipiya buli bwiirre oburutagata,The new theater will stage Shakespeare plays every summer.
ekitehayi kirungi eki okakigura nkaha,Where did you buy that beautiful dress?
Nagonzaga obu omusomesa yatusomeraga itweena omu high school,I loved when the teacher would read aloud to us — even in high school.
enu haihi nija okuba nsonga nkuru,This will be by far the best option.
ngira obuzibu by'okutekana n'okuhuliriza,I have had difficulty concetrating.
obusiri bwensigo zokubyara busemeza omulingo gwiltaka,Permanent beds improve soil structure.
Ekika ekihsyaka eky'ebihingwa kigumire endwara.,The new crop variety has been resistant to disease.
nkagira esaara eyinasabaga kakuba nahuraga oyuro - nikyo kintu ky'okumalira omubwongo bwange,I have had a prayer I say when I'm falling asleep-it's the last thing on my mind.
Mwezi gurukwija nitwija kutangirra omunyoro omuhyaha.,We will welcome the new chief with a big celebration next month.
anaga enjura naija kuzina nukwo enjura egwe egi eyitukwendera ebirimwa ijo,The rainmaker will dance to bring the rain that we need for the crops yesterday.
Irwarro line ekyahuro kyebitabu ebirukukwataho ebyobwomezi.,The hospital has a patient library with health information.
okubura kwamaizi kutalibaniza ebyobulimi n'obulisa omukicweka,The water scarcity affects agricultural production in the region.
izaniroly'emizano erihyakalitekanizibwe shakespeare plays buli musizoni y'omusana,The new theater staged Shakespeare plays every summer.
"akasumi kona ntekereza ntungire okugarukwamu, nyega ekintu kihyaka","Everytime I thought I've figured it out, I learn something new."
omutendereza amanyirire abakuru nekizina kye ijo,The praise singer has honored the chief's bravery with his song yesterday.
Ekika kyaitu kikamanyaga akamanyiso kaakyo kuruga ira muno.,Our clan knew its totem animal since ancient times.
"kakuba oba orbire omukintu kigumangaine, manya ngu omuntu, ahantu, nibakusabira","If you have gone through something hard, know that someone, somewhere, is praying for you."
Ekaali kya Tooro omu Fort Portal kisikiriza abagenyi baingi.,The Tooro palace in Fort Portal attracts many visitors.
Okeehere omu bulemeezi ekirukwingana nkaha.,How much weight have you lost in the past month?
bulemeziki obwokeheze omwezi oguhaire,How much weight had you lost in the past month?
abaana baitu bahulire nkonku twatangatagaine - batuletereza okukibazaho buli hanyuma y'omwaka mubuswere baitu,Our children have heard the story of how we met -they make us tell it every anniversary.
"Abazini bamazina bataaha niarabamu amazina kokugesa , kumara ameezi omwoleko gutakahikire.",The dancers had been rehearsing the harvest dance for months before the festival.
yoweri museveni atandikireho ekimanyirwe nka amahe amhakani,Yoweri Museveni has formed the popular Resistance Army.
enyange nija kwemera kurungi muno omumaizi gahaihi,The egret will stand perfectly still in the shallow water.
omusomesa wange naija okungamba ngu tinyine ekisembo - nkamwoleka nti agwiri,My art teacher will tell me l had no talent - l proved her wrong.
irwaro ritaireho obujanjabi bw'abzaire abaine enda,The clinic has provided prenatal care for expectant mothers.
ensama ekairukira mu kisaaru kwesereka entale,The waterbuck ran into the river to escape the lion.
Ekika kyaitu kirimanya akamanyiso kaakyo ira muno,Our clan will know its totem animal since ancient times.
"mutabani wange naija kukaguza,""ruhanga ali nkaha?"" ninjakusomnga hamutima gwange n'ogwe","My son will ask me,""Where is God?""I pointed to my heart and his."
ebisosoro byebitinda bikaire nibikora nkasente omubwire bwokulema kwabajungu,Cowrie shells have been used currency in pre-colonial times.
akahuka nikaija kujanjara muno mubantu,The virus will widely circulate in the community.
abekento nibaija kumaliriza alipota y'omwaka,The finance team will finalize the annual report.
"Ekiro ekyaijo omurwa gw'okulinda ebirimwa, omwigi wenjura agukozirege.",The rainmaker performed the ritual to protect the crops yesterday.
yusufu lule aherizeho nkomukuru wihanga okumara akasumi kataito,Yusuf Lule has served as president briefly.
Ebinyonyi nibiija kufurukira bugwaizoba buri mwaka kwetantara obutiti bw’obwire bw’embewo.,The birds will south migrate every year to escape the cold winter.
Obuguuda bwihanga butungire omurro ogwokutemba okwemihendo.,The economy is facing inflationary pressures.
embibo enu emyaka nija ruba nungi ha bwebicweeka ebyensozi,The new variety will be suitable for higher altitudes.
nitwija kuha okusima hali emyoyo y'murusozi habwe emyandara na amabale,We will give thanks to the spirits of the mountains for the rocks and stones.
ebara eykatemba ekingwireho ekiro ekyamahano hali abakatemba abakuru,The new comedy club has open mic nights for amateur comedians.
enguta eyokubanza eya caayi w'omwani nigwija okuba omurwa omutaito ogutalyosaga,The first sip of morning coffee will be a small ritual I never skip.
atafike omugabo gwa bakama babizinesi,He never missed a dividend payment.
akatekamu sente nyingi muno,He invested in a hedge fund.
beeya nija okukwata esamaki n'ebinono byayo ebikoto,The bear will catch salmon in the river with its huge paws.
Abasebeni bakagaruka nentekereza empyaka hamu nokunihira.,Veterans returned with new ideas and expectations.
Okuswerrana kulesireho okuterana okwamahanga,Intermarriage has created cultural exchange.
Nkaba ntakasiimaga encumba ya nyina nyowe kuhikya obu naganzire aheeru Kandi niyeriisa.,"I never appreciated my mother,s cooking until l moved out and had to feed myself."
ebizina byenzarwa hamu n'okucekeca n'orunyege bibaire mokijaguzo,Traditional music and has danced accompained ceremonies.
nsabire obusnge omumadini gona-ntwena tuli bana baruhanga omu,I have prayed for peace among all religions-we're all children of the same God.
yusufu lule akaherezaho nkomukuru wihanga kumara akasumi kataito,Yusuf Lule served as president briefly.
yoweri museveni akatandikaho ekimanyire nka amahe amahakani,Yoweri Museveni formed the popular Resistance Army.
Ebisasaizi byawe obikora ota kandi bwireki?,What is your exercise routine like?
"Omuntu obwafa , ekyaro kiija kugaragara , kababe bamanyire kurungi rundi tibamanyire.","When someone dies , the whole village comes to pay respects , whether they knew them well or not."
omusaija ateka sente ze omumasamba,He invests in a real estate investment trust.
orufu rwa isenkuru nyowe kiri kijaguzo ky'obwomezibwe - yatugambiraga enganikyo kandi twsekaga kuraba omumaziga gaitu,My grandfather's funeral is a celebration of his life - e told stories and laughed through our tears.
Nyina koran yaisenkuru nyowe omukuru egikintu kyangekyomuhendo.,I have a Quran that belonged to my great-grandfather -it's one of my most precious possessions.
encweera ekazimbya ekitwe kyaayo yayehungya kututinisa,The cobra spread its hood and swayed to warn us away.
embya yomukisaka ekahambya impala mayiro nyingi okuhikya ejwahire,The wild dog chased the impala for miles until it tired out.
"ekiniga kizirege omubicweka ebiro ebimu ninsobora okwikya, ebiro ebindi tinkusobora","The grief has come in waves some days l can breath, some days l can't."
"omurindi gwange ogwokubanza okurora enyunyuzi okuraba omukitangazo, nkahura okubaho kwekintu ekitakuhwayo","The first time I saw the starts through a telescope, I felt the presence of something infinite."
"hakumalira ye kyasa kinu, tuhindwire enkoragana yaitu n'ebyobuhangwa","The the end of this century, we have transformed our relationship with nature."
akatunga okwelema omubyasente,He achieved financial independence.
akaire nakora nk'owekento okumara emyaka nyingi atakatandikireho ekitongole ekye,She has worked as an accountant for years before she started her own firm.
abaana baitu nibaija okuhura nkonku twatangatagaine - batuletereza okukibazaho buli hanyuma y'omwaka mubuswere baitu,Our children will hear the story of how we met -they make us tell it every anniversary.
Milton Obote ahikize Uganda ha mefuuga ga nkaaga nebiiri,Milton Obote has led Uganda to independence in 1962.
omulimo omukuru omukitebe guli okubanza okuba abanyani kandi no okukorahamu,My best group project is when we became friends first and worked together second.
tukazika isenkuru nyowe kyakabiri omunjura nukwo kikakwataho embera yabuli omu,We buried my grandfather on a rainy Tuesday that matched everyone's mood.
Ekiragiro rumara kiri omudiini zoona-okorre abandi iwe ebyokwenda bakukorre.,The golden rule exists in every faith tradition-treat others as you want to be treated.
omusomesa wange oyokusiga akangamba ngu tinyine ekisembo- nkaka mwoleka nti agwiri,My art teacher tells me l had no talent - l proved her wrong.
Abalinzi bebitwehingulirize babaire nibaseruliriza ha kurubata kw'enjojo baatunga okuvumbura kwoonyini.,The conservationists were conducting research on elephant communication when they made a breakthrough discovery.
"kakuba gavumenti erakehya omuhendo gwa sola pano, abantu baingi nibaija kutandika kukozesa amasanyarazi","If the government will subsidize solar panels, more people would use renewable energy now."
omukazi aija kukora omukeeto kumara emyaka nyingi atakafokere CFO,She will work in the accounting department for years before she became CFO.
omulimi agesa amacande ge kandi yagatwara hakyoma ijo,The farmer harvests his sunflower and took it for pressing yesterday.
"omu 2050, tufirwa ebisa by'enyanja ha kweyongera kwamaizi","By 2050, we lose many coastal areas to sea level rise"
sente zempapura empyaka balihaihi okuzireta,The new currency notes are soon introduced.
Obulemi obw'ababiito bwebembiire Bunyoro kuruga omukyasa ekya ikumi na mukaaga.,The Babiito dynasty has ruled Bunyoro since the 16th century.
ekikali kyatooro mu FORT PORTAL kikasikiriza abagenyi baingi,The Tooro palace in Fort Portal will attract many visitors.
Irwaaro likaba liine hokuzaara nebisiika ebyesonsoire,The hospital had a maternity ward with private rooms.
Ekka yaitu etangirra entambaruki omuka yaitu.,Our family has always welcomed strangers into our home.
ekijumankuba nikija okunya amaizi okuraba omubuhuru bwakyo okutunga eby'okulya,The sponge will filter water through its pores to get food.
naija okugalihya emihanda y'entahyaye,He will diversify his income streams.
nkatera ekihemeheme kandi nakisindika hamutimbagano ijo,I have drawn a funny cartoon and posted it on social media yesterday.
"Kakuba twogiisa amaizi garukufuka, ntuuba ntukeehyaabo kutuumuka kw'orwooya orurukugenda mumwanya.","If we use cold water for laundry, we can save energy and reduce emissions."
enu haihi niyo ebaire nsonga nkuru,This was by far the best option.
"ekiniga kiaizira omubicweka ebiro ebimu nisobora kwikya, ebiro ebindi tinkusobora","The grief came in waves some days l can breath, some days l can't."
tutangira omuhikirwaho omuhyaka n'ekijaguzo kyamani omwezi ogurukwija,We welcome the new chief with a big celebration next month.
amani g'okwombeka buhyaka nigaija kweyongera omubicweka ebyalibihikirweho,Reconstruction efforts will continue in affected areas.
ntahire okubatizibwa kwamunyani wange nobu kiraba tindi mukurisitayo- kibaire kyekitinisa okuba kaiso,I have attended a friend's baptism even though I'm not christian-it was an honor to witness.
akahuka nikaija kuba komumwanya kandi kajanjara bwango,The virus will be airborne and spreads easily.
Alihebwa obujanjabi bw’okwongera obuzaarwa kumara emyaka ebiri.,She will undergo fertility treatment for two years.
Ekika ekihsyaka eky'ebihingwa kigumira endwara.,The new crop variety is resistant to disease.
tumazire ekiro kyona niturora nitumaliriza omwolekyo gwaitu kandi tukamalira tutungire A,We have stayed up all night finishing our presentation and ended up getting an A.
"hakumalira ye kyasa kinu, tuhindura ekoragana yaitu n'ebyobuhangwa","The the end of this century, we transform our relationship with nature."
"Obwire omwegi yakaguza ekikaguuzo eki otakatekerezeho, nibwo burungi bw’okwegesa.",The moment a student has asked a question you've never considered is the best part of teaching.
omukozi wafilimu akahinduramu omuzanogwe kandi ayetekanize okugwoleka ensi,The filmmaker edited her movie and is ready to show it to the world.
Ntaaha nyine obuleemezi okutekaho omutiima.,I've been having difficulty concetrating.
akora nkwenketo okumara emyaka nyingi atakatandikireho ekitongole ekye,She works as an accountant for years before she started her own firm.
ekwera imukya omutwe gwayo kandi egutwara enyuma no omumaiso okututinisa,The cobra spread its hood and swayed to warn us away.
okutwarwa kwitaka nikwija okuletera abalimi okuleka itaka lyabo kandi bakagenda mumbuga,The soil erosion will force farers to abandon their land and move to cities.
Kukuba oburorwaho bugumizamu hikirra abafumu ahonaho.,"If the symptoms worsen, seek medical attention immediately."
biki ebibaire birugiremu omukukozesa omubazi ogu?,What has been the side effects of this drug?
omrwaire naija kwoleka oburorwaho obwokwekengera,The patient will show signs of sepsis.
noija kwetagisibya okujwara pulasita okumara wiiki mukaaga,You will need to wear a cast for six weeks.
ebihuka bikarubatira hamu murukara bihimbire ebisosonkole nibibigara omukiju,The ants marched in a long line carrying crumbs back to their nest.
"tukaguma niturora ntwena hakiro ekyani, nitusaba kandi nitusera okuganyirwa","We up all stayed night during Laylat al-Qadr, praying and seeking forgiveness."
okubaira emiti nambere ebaire etemerwe kigaraho irindiro lyebisoro by'omukisaka mukicweka nambere byali,The reforestation project brings back wildlife that had disappeared from the area.
abaana bakakora ebijwaro by'ekiro ky'ebimeke,The children designed costumes for the Halloween parade.
"Omurundi gwange ogwokubanza kurora enyunyuzi mukimulika, nkehurra ndozire ekitakuhwayo.","The first time I saw the starts through a telescope, I felt the presence of something infinite."
tindikwija okusima inyina nyowe habw'okucumba okuhikya obunagezire natandika okwerisa,"I never will appreciate my mother, s cooking until l moved out and had to feed myself."
ebyenfuna bikatekana omwezi ogurukwija,The economy recovered in the coming months.
nkahura risiti habwesonga z'omusoro,I kept receipts for tax purposes.
nyinenkuru nyowe arukire ebigega eby'akatale kumara emyaka nyingi,My grandmother has woven baskets for the market for many years.
ngura ebintu omu supamaketi buli wiiki,I bought groceries from the supermarket every week.
okuhandika kwabaramagi kukatandikwaho omukyasa kya 19th om'uganda,Missionary writings have documented 19th century Uganda.
omubirri gw'omurwaire tigurukusobora kurwanisa burwaire.,The patient's immune system is compromised.
"kakuba gavumenti ekehya omuhendo gwa sola pano, abantu baingi nibaija kutandi kukozesa amasanyarazi","If the government subsidizes solar panels, more people would use renewable energy now."
noyetagisibwa okuyonja amaino gawe emirundi ebiri buli mwaka,You needed to have your teeth cleaned twice a year.
enkoragana empyaka eyobusubuzi imukize entundwa ye bw'obulimi aheru yihanga,The new trade deal has boosted agricultural exports.
Omubazi nigutalibanizibwa omu barwaire abarukurwara obune.,The medication is contraindicated with certain heart conditions.
"obunahimbire owaana wange owunzaire,nketegereza engozi zaruhanga hali itwe omungeri emyaka","When I held my newborn baby, I understood God's love for us in a new way."
ehudu ekakwaata encu eyebiriisa bingi omukisaaru nekiganja kyaayo ekikooto,The bear caught salmon in the river with its huge paws.
ebintu by'emikono by'enzarwa nitwija kutwarana okukora orubugo,Traditional crafts will include barkcloth making.
ninyijuba kurungi omurundi gwange ogwokuba kumuga ekikaasa kyokwetiirizaho ebitabu omulyahurro lyebitabu nkamanyira kimu nti hati emihanda yange nyingi,l remember the day l got my library card so many posibilities
okubandwa kukaba kulimu emigenzo y'enjura n'okugesa,Traditional religion included rituals for rain and harvest.
Irwarro line ekisiika ky'abakazi benda nabaruku zaara hamu n'ebisika nambere omurwaire akusasurra obujanjabi.,The hospital has a maternity ward with private rooms.
entajumba ekakunga namaani obuyarozire enjoka,The guinea fowl made a loud chattering sound when it saw the snake.
akatunga okwimukiza ha mulimo,He received a raise at work.
"Tubanza okuha abakuru abaira , amata agatubanza okukama omunte.",We give the first milk from the cow to the ancestors.
Abalinzi bebitwehinguliriize babaire nibekebiija engeso yebikuya byahansozi obubarozire ebintu ebikozesiibwe.,The conservationist were studying the behavior of mountain gorillas when they observed tool use.
"kakuba obaire omuntu akusaba, nosobora okusabira eka yange esaara emu","If you have been the praying type, could you say one for my family?"
Twetoroora Kaaba emirundi musanju omukasumi ka Hajji-kitumanyisa obumu bwabaikiriza.,We circle the kaaba seven times during Hajj-it reminds us of the unity of believers.
"nyegambira nyowe nyeka ninyija okugenda omukitabu bukyali, kandi narora vidiyo mpaka saaha munana ez'ekiro","I tell myself l'd go to bed early, and then watched videos until 2AM."
amagoba kyali nsonga nkuru muno omusonga y'okusiga sente,The interest rates were a key factor in investment decisions.
nkaba nyine esaara eyinasabaga kakuba mpura oturo - nikyo kintu ky'okumalira omubwongo bwange,I had a prayer I say when I'm falling asleep-it's the last thing on my mind.
ekeleziya haihi neka yange ekaba ine ebide ebitera ekiro kyona -nyegomba okubihuliriza,The temple near my home had bells that ring all day-I love hearing them.
elyahuro ly'ebintu ebyafayo omubukama byatoro nirija okutunga enyonyi y'ebyafayo,The Tooro kingdom's museum will exhibit historical artifacts.
busayo kintu ekibi nkokurubata mukigana otajaire sokisi,There was nothing worse than stepping in a puddle with socks on.
"buli mwaka, ninyija okwetegerezamu kataito kandi nyebundanze kataito","Every year, I will understand a little more and claim a little less."
"kakuba nakozire ekintu kyona ntaine okutina rundi okulemererwa,ninyija okutandikaho bizinesi yange","If l did anything without fear of failure, l'd start my own business."
obujanjabi bubaire bwasente nyingi baitu nibukoraho,The treatment has been expensive but effective.
omusisi gupimirwe musanju nobutonyezi butano ha mizina ya ricita,The earthquake has measured seven point five on the Richter scale.
ninyija okwijuka akasumi kenyini nkaba nimanya ekikwenda okukora noby'omwezi bwange,I will remember the exact moment l knew what l wanted to do with my life.
akakurato akebyensimbi niketegereza ekitekerezo ekitegekerwe,The finance committee is reviewing the proposal.
Enganikyo zoleka ebya abantu abakuru ebibamanyire,Oral history projects record elders' memories.
"tifwireyo ogambireki, tikwija kuhindura ebitekerezo byange","No matter what you have said, I won't change my mind."
Ngondezege obu omusomesa yatusomeraga itweena omu high school,I have loved when the teacher would read aloud to us — even in high school.
agalihya emihanda y'entahyaye,He diversifies his income streams.
nyinenkuru nyowe arukaka ebigega eby'akatale kumara emyaka nyingi,My grandmother weaves baskets for the market for many years.
ekijumankaba kinwire amaizi okuraba omubuhuru bwakyo okutunga eby'okulya,The sponge has filtered water through its pores to get food.
ebyafayo eby'okubaza byayolekaga okwijuka kw'abantu abakuru,Oral history projected record elders ' memories.
Obusonsogoro bwobutindinda bwakozesibwaga nka sente omubusinge obwobulemi obwamatwale butakabaireho.,Cowrie shells were used currency in pre-colonial times.
atungire okwelema omubyasente,He achieves financial independence.
anagisa enjura naija kubanza okukora emigenzo kulinda ebirimwa ijo,The rainmaker will perform the ritual to protect the crops yesterday.
Buli murwa guba namakuru noobu kiraaba tutugetegereza.,"Every ritual has a meaning, even if we don't always understand it."
"omwaka nambere titutrukwija okusobora ebisembo, nitwija kwahandikira ebaroha - nkyaine eyange","The year we will not afford gifts, we wrote each other letters instead - l still have mine."
ekyoma kyomubaizi kikabaija ekisisani kuruga omukihinju kyekiti,The sculptor chiseled a figure out of a single block of wood.
ekihoya kikwasirwe n'obukiraba nibakirolera kurungi,The wound has become infected despite proper care.
nikija okuba muparisi niho babandize okutangatangana,It will be in Paris that they first met.
"Alika ahikire, alishemereire kugenda bwangu.",No sooner will have she arrived than she had to leave.
Omurwaira atungiire omusaahi gurukwingana nkaaha?,How many units of blood has done the patient receive?
Akarwarro nikakira kujanjaba abakazi.,The clinic specializes in women's health.
obujanjabi bukaba nibwetagisa okukebera omusahi buli kaire okurora enkora y'obune,The treament required regular blood tests to monitor liver function.
nuwe akwija okunyegesa ngu tikine buzibu bwona okusaba obukonyezi,He will be the one who taught me that it's okay to ask for help.
omusaija angire ensimbi omubyara ensimbi omubihanfanzi,He has invested in a real estate investment trust.
UPDF eketaba omubikorwa by'okulinda obusinge,UPDF participated in peace keeping missions.
ekiragiro ky'ezaabu kibaho buli nyikiriza eyobuzale abandi nibakyenda nkoku betwaza,The golden rule exists in every faith tradition-treat others as you have wanted to be treated.
"Abarukuseruliriza bakaba nibecumuliriza habirukubaho habwempinda hinduka y'obwire haby'okulunda ebyokulya ,obubatandukire emihanda y'okulinda empyaaka.",The researchers were studying the impact of climate change on food security when they developed new adaptation strategies.
gavumenti etairo enkora empyaka hali abalimi abakulima ebyokulya,The government has provided subsidies for farmers who practice sustainable agriculture.
ebicoli bikasiswa kadoima,The maize crop was damaged by fall armyworm.
tuhaireyo okwongezebwayo waranti ha masanyarazi,We have offered extended warranties on electronics.
abaana nibaija okwega emizano eyeyegesa okuba bagumisiriza,The children will learn the games that teach them to be patient.
omusisi nigwija okupimwa musanju nobutonyezi butano ha mizani ya ricita,The earthquake will measure seven point five on the Richter scale.
abalimi bakozesaze ebijunzire okuhindura engeri y'itaka,Farmers have used compost to improve soil structure.
akakira kimu obubamazire okumusemeza,She made a full recovery after the operation.
abantu bombeka iramizo erihyaka nambere bona batina,The community builds a new shrine at the sacred spring.
Hampero ey'ebiro eby'okugesa nitwija kukora obugenyi.,We will celebrate the harvest festival at the end of the season.
Ntiirelye ebisisani rudingisa nabusindika hamura kiro kyaijo.,I drew a funny cartoon and posted it on social media yesterday.
"ntindikwija kunihira nti ninyija kumaraho omwaka gunu, baitu hati ndihanu","I will not think I'd make it through that year, but here I am."
Aine omulingo ogwandoramu ogunde tera kwehurra nk'omuntu wenka omunsi yoona.,She has this way of looking at me that makes me feel like the only person in the world
"Rora ebinyonyi omumwanya, tibisiga, tibigesa baitu Isinywe anyakuli omwiguru abiriisa.","Look at the birds of the air; they do not sow or reap, yet your heavenly father feeds them."
njwaire omusalaba omubikya byange - kijukyo ekogu nambere ngwa,I have worn a cross around my neck-it's a areminder of who i belong to.
nandibaire ngumireho muno okukira mbaire ntekanize,I have wound up staying longer than planned.
"kakuba oyegendereza okarora, noija okurora ngu okumalira kwona kugira esigo eyetandika empyaka","If you closely looked, you'll see that every ending carries the seed of a new beginning."
atunga okwimukiza ha mulimo,He receives a raise at work.
obujanjabi bukakora hamu n'emibazi endi,The medication interacted with other drugs.
noyetagisa okujwara pulasita okumara wiiki mukaaga,You have needed to wear a cast for six weeks.
Omukika kyawe haliyo oburwaire bw'ekookoro?,What's your family history of cancer?
omukazi naija kusoroza embibo entoro z'okwahura,She will collect indigenous seeds for preservation.
akahuka kajanjaire muno mubantu,The virus has widely circulated in the community.
omuranga gw'okumanyira eby'obuhangwa nigwija kuhika akakaikuru kamu,The environmental awareness campaign will reach over one million people.
Oratungireho obulemezi kuruga hamubazi gw'okukabisa batakakusemize?,Have you ever had a reaction to anesthesia?
buli muntu orukwija kutangatangana amanyire ekintu ky'otamanyire - nigw'omugisa kukyega,Every person you will meet knows something you don't — that's a chance to learn.
nitwijaguza ebijuma ebyokubanza n'ekijaguzo hairamizo,We celebrated the first fruits with a ceremony at the shrine.
"kakuba nalintalitire obutobo bw'ibale, tinandyombekere obwomezi bwange ngeri nali ni nyenda","If l had'nt has hit rock bottom, l never would have rebuilt my life the way l wanted it."
omusoro gwa aberambanda gukahambiriza baingi omubusibi,Colonial taxation forced many into wage labor.
"Hakubatizibwa kwamunywani wange, nkabaho nobundaba ntali mukristo baitu gwali mugisa kubaho.",I attended a friend's baptism even though I'm not christian-it was an honor to witness.
ekyenyanja rulindwa ngamba kikezimbiiko mumusenyi obwe bigonzi byaculiire,The clam burrowed into the sand when the tide went out.
ngizire akasonda omukisika kyange nambera nsaabira- kyanguhire baitu kihikirire hali nyowe,I have had a corner in my room where I pray-it's simple but holy to me.
Ekitebe kyemizaano erukusekesa eihyaaka nikiija kukinguraho okuzaana kwanyegondize okwekiro habwabazaani abebigene abato.,The new comedy club will have open mic nights for amateur comedians.
"Kakuba ndi wokukugambira ekintu kimu hali enaku, nikyo ngu otaligyehugura-ogirabemu.","If I could tell you one thing about grief, it's that you never get over it-you get through it."
nsangire ruhanga ayanguhire muno omuby'obuhangwa kukira omubyombeko,I have found God more easily in nature than in any building.
irwaro likomeremu okujanjaba obwomezi byabakazi bonka,The clinic has specialized in women's health.
akenyumirizamu omukucumba kwe,She prided herself on her cooking.
omufumu akakozesa ebisaka n'oburogo,Traditional healers used herbs and spiritual practices.
eka yaitu ikaire netangira abanyamahanga omunju yaitu,Our family has always welcomed strangers into our home.
Ebinyonyi Bikafurukira bugwaizoba buri mwaka kwetantara obutiti bw’obwire bw’embewo.,The birds south migrated every year to escape the cold winter.
kiki ekirikwija okuba ekyokwegezamu kyawe kyabulikiro kuba?,What will be your exercise routine like?
tinadisimire nyina nyowe habwocumba okuhikya obunagenzire natandika okwerisa,"I never have appreciated my mother, s cooking until l moved out and had to feed myself."
omuzini ayegezamu amazina g'okugesa omwezi ogukwija tutakahikire hakijaguzo,The dancers rehearse the harvest dance for months before the festival.
"ninyija okwegambira nyeka ninyija okugenda omukitabu bukyali, kandi narora vidiyo mpaka saaha munana ez'ekiro","I will tell myself l'd go to bed early, and then watched videos until 2AM."
Balimire amawinde nibakozesa karakita.,They have plowed the fields using a tractor.
ninyja okusasura ebintu byange nsuwarensi ijo,I will pay my property insurance yesterday.
Ibura ly'amaizi likwasireho muno ebyobulimi mu kicweeka kyaito.,The water scarcity has been affecting agricultural production in the region.
"omukazi akangamba,""omusana nigwija kujwa omurundi gundi nyenkya, kandi naiwe oti.""","She tells me,""The sun will rise again tomorrow, and so will you""."
omuzani naija okuzana nkenmazi omumuzano,The actor will play the role of the hero in the local drama.
obujanjabi bwetagisizibwe okukebera omusahi buli kaire okurora enkora y'omusahi,The treament has required regular blood tests to monitor liver function.
tuhaireyo okwongezebwa kwa waranti hamasanyarazi,We offered extended warranties on electronics.
okubandwa kubairemu okwikiriza omuruhanga,Traditional religion has included belief in a supreme creator.
Noija kwetaaga kujwara ekiseminti kumara sabiiti mukaaga.,You'll need to wear a cast for six weeks.
"kakuba tutulinzire ebibira baitu, ntusobora okulinda engeri eby'ebihangwa eby'emihanda n'emihanda","If we have protected our forests, we can preserve biodiversity and prevent climate change."
nibaija kulima omusiri ni bakozesa turakita,They will plow the fields using a tractor.
egali y'omwika eraba aheru y'orubuga ekaba nungi muno nti nkaba ntasobora okubyama ntagirozire,The train ride through the countryside was so beautiful that i did'nt sleep a wink.
omumwaka gw'enkumi ibiri asaatu tufunire okukeha kwingi muno hakusisika kwobuhanwa,"By 2030, we achieve a significant reduction in the loss of biodiversity."
"omu 2050, tukafirwa ebisa by'enyanja habwo okweyongera kwamaizi","By 2050, we lost many coastal areas to sea level rise"
obuguuda bwihanfa nubuleberizibwe okukurra ha ndubata ingaine -ingaine,The economy is projected to grow at a moderate pace.
naija okukira kimu hanyuma y'okumusemeza,She will make a full recovery after the operation.
ebitabu ebihanganzi bihindwire engeri y'itaka,Permanent beds have improved soil structure.
anaga ejura azinire nukwo enjura egwe egi eyitubaire nitwendera ebirimwa ijo,The rainmaker has danced to bring the rain that we need for the crops yesterday.
"Nkaba ntamanyire ndisobora kurabamu ogu omwaka, baitu dora kandi hanu.","I didn't think I'd make it through that year, but here I am."
omujajabi akozeseze amani gabaisenkuru okukiza omusaija omurwaire ijo,The healer has used the power of the ancestors to cure the sick man yesterday.
ebicoli bisisirwe kadoima,The maize crop is damaged by fall armyworm.
"gunu omurundi wiiki erukwija, tubyamire hamusa gwenyanja","This time next week, we have lied on a beach."
ninyenda okusara sukali,I needed to cut down on sugar.
"nkegambira nyowe nyeka ninyija okuganda omukitabu bukyali, kandi narora vidiyo mpaka saaha munana ez'ekiro","I have told myself l'd go to bed early, and then watched videos until 2AM."
omurwaire ayolere oburorwaho obwokwekengera,The patient has shown signs of sepsis.
"omugonzibwa ruhanga, arolerire eka yange kandi obalindi kurungi","Dear God, has pleased watch over my family and keep then safe."
irwaro rigagira eryahuro ry'ebitabu byabarwaire ebirukukwataho obwomezi bwabo,The hospital has had a patient library with health information.
ekicweka kaitu kirinzire obusinge okuraba omubigambo by'abakuru,Our community has kept the peace through the words of the elders.
Akatebe akeby'ensimbi nikamaliiriza ensoborra ( ripoota ) eyabuli mwaka.,The finance team is finalizing the annual report.
"Kakuba nakukozire ekintu ntaine butiine butiini bwokugwa, nakutandikireho entaahya yange.","If l could do anything without fear of failure , l'd start my own business."
Omurwaire nayoleka oburorwaho bwokuba kubi.,The patient is showing signs of sepsis.
Wiiki ehweire ninja kutunda emu hamigabo nukwo ntunge sente.,I will sell some shares to raise cash last week.
abajungu bakahandi ebyamaguzi kandi nendimi,Colonial officials recorded local customs and languages.
"omugozibwa ruhanga, bambi rolera eka yange kandi obalinde kurungi","Dear God, pleased watch over my family and keep then safe."
Ninja kukigonzaga obu omusomesa yatusomeraga itweena omu high school,I will love when the teacher would read aloud to us — even in high school.
"obunahimba omwaana wange owunazara, nketegereza engozi zaruhanga hali itwe omungeri empyaka","When I will hold my newborn baby, I understood God's love for us in a new way."
sente zempapura empyakabakaziturukya,The new currency notes were soon introduced.
okulima enyiringanikihondire orugyegye orwobuhangwa,Contour plowing has followed the land's natural contours.
Yakugondeze oije ha bugenyibwe.,She'd like you to come to her party.
tihakwija kuba kintu kibi nkokurubata mukigana otaine sokisi,There will be nothing worse than stepping in a puddle with socks on.
Omubazi nigusobora kukoragana n'emibazi endi.,The medication may interact with other drugs.
kanpuni etungire abahakaniza abataito,The company has acquired a smaller competitor.
Tukaziika Isenkuru nyowe omunjura kyakabiri yahindura buli muntu entekereza.,We buried my grandfather on a rainy Tuesday that matched everyone's mood.
omutendereza naija kumanyira abakuru nekizina kye ijo,The praise singer will honor the chief's bravery with his song yesterday.
obutafwali bwomubiri obwomurairebubaire bukwasirwe,The patient's immune system has been compromised.
ninyija okwijuka ekiro natungire kadi y'erwahuro ly'ebitabu obujunanizibwa bwingi,L will remember the day l got my library card so many posibilities
tukaha okusima hali emyoyo y'omurusozi habwa emyandara na amabale,We gave thanks to the spirits of the mountains for the rocks and stones.
"Akairiringwa nikaija kusiisa isomero, kyonka omugisa murungi abaana bakaba bataliyo obwire obwo.","The tornado will destroy the school, but fortunately no children were there at the time."
obukama byakitara bwikaire nibwijukibwa omunganikyo n'omubizina,The Empire of Kitara has been remembered in epic poems and songs.
ebisosoro byebitindinda bikora nkasente buwire kw'okulema kwabajungu,Cowrie shells are used currency in pre-colonial times.
ninyija kwijuka akasumi kenyini akaba munyani owamazima-nambere atalinsekeraize omukasumi obukaba ndi kubi,I will remember the exact moment l knew she was a true friend - when she didn't laugh at my worst moment.
john hanning speak akahika hansibuko y'ekisaru kya nile omu 1862,John Hanninng Speke reached the source of Nile in 1862.
orulengo rwemihendo nurwija kutekaana omubwanfu,The inflation rate will stabilize soon.
Ekiro ekyaijo omuzini azinirege nkonku ekyaro kyaitu kyatandikire.,The praise singer told the story of the founding of our village yesterday.
NRA ekaleeta endema endi.,The NRA developed a parallel administration.
okulisa muno kukehya obusobozi bwitaka okugara enjura,The overgrazing reduces the lands ability to recover after rain.
abalimi bakakozesa ebijunzire okuhidura engeri y'itaka,Farmers used compost to improve soil structure.
"Obwire omwegi yakagwize ekikaguuzo eki otakatekerezeho, nibwo burungi bw’okwegesa.",The moment a student asked a question you've never considered is the best part of teaching.
"kakuba watilibaine, ekitabu ky'emirimo kyandibalize- kiri hakubonabona n'okwikiriza","If you struggled, the book of job might speak -its about suffering and faith."
nzinirenge ekidandali nabanywaani bange ekiro,I sang karaoke with my friends at the party last night.
"kakuba nkugambira ekintu kimu hali ekiniga,kiri ngu tokwija kukirugaho-nokirabamu","If I told you one thing about grief, it's that you never get over it-you get through it."
"nyikaire ntakukinihira ngu ninyija kugura eka yange, baitu ndi hanu, ninyija kutekaho omukono hakipapura wiiki ekwija","I never will think l'd be able to buy mu own home, but here l am, signing the papers next week."
ebintu by'emikono by'enzarwa tutwaraine okukora orubugo,Traditional crafts included barkcloth making.
Omuhabiremu abaire atali nuwe.,He's barking up the wrong tree.
ninyijuka akasumi kenyini nikimanya akaba munyani owamazima-atansekereze omukasumi obukaba nidi kubi,I remembered the exact moment l knew she was a true friend - when she didn't laugh at my worst moment.
ekitebe nikija kugwa omu1977 habw'okwahukana mupolipo,The community will collapse in 1977 due to political differences.
Abantu ababandize kwikara omukicheka eki bakaba bali baliisa kandi bahigi bebyokulya.,The earliest inhabitants have been nomadic hunter-gatherers.
ebintu ebimu ebyomugasotinyine ekikwetagisa isomero,Some of the most important things I have had nothing to do with school.
"nkaba nttaine kuninhira kwona ngu ninyija kusobora kugura eka eyang,baitu ndi hanu, nitekakaho omukono hakipapura wiiki erukwija","I never have thought l'd be able to buy mu own home, but here l am, signing the papers next week."
amani g'okwombeka buhyaka geyongire omubicweka ebyali bihikirweho,Reconstruction efforts continued in affected areas.
"nkaba ntakunihira ngu nisobora okugura eka yange, baitu ndi hanu, nitekaho omukono hakipapura wiiki ekwija","I never thought l'd be able to buy mu own home, but here l am, signing the papers next week."
Wiiki ehweire nintunda emu hamigabo nukwo ntunge sente.,I sell some shares to raise cash last week.
amaya iruka muno nti ekitalago tesobora okugigwata,The gazelle so fast ran that the cheetah could not catch it.
okutwarwa kwitaka kukaletera abalimi okuleka itaka lyabo kandi bakagenda ummbuga,The soil erosion forced farers to abandon their land and move to cities.
okubura kwamaizi nikwija kutabaniza ebyokulima n'obulisa omukicweka,The water scarcity will affect agricultural production in the region.
"akasumi kona mbaire nitekereza ntungire okugarukwamu, nyega ekintu kihyaka","Everytime I have thought I've figured it out, I learn something new."
tuzikire isenkuru nyowe kyakabiri omunjura nukwo kikakwataho embera yabuli omu,We have buried my grandfather on a rainy Tuesday that matched everyone's mood.
omulimo omukuru omukitebe nigwija okuba okubanza okuba abanyani kandi no okukorahamu,My best group project will be when we became friends first and worked together second.
omusomesa wange oyokusiga akaba agambire ngu tinyine ekisembo -nkamwoleka nti agwire,My art teacher has told me l had no talent - l proved her wrong.
omulimo gy'okuzirukya ekisaru gukagaraho obwomezi bw'ebihangwa okumara emyaka eataano,The river reclamation project restored the ecosystem for five years.
eka yange nija okuba niyikiriza yange ey'okubanza -ebisigare bihondera hanyuma yekyo,My family will be my first community of faith-everything else flows from that.
nigenza esimu yange egendwehoomuire,I need my phone charging.
"Ebyokulya omu katale ako bibaire birungi muno, nkagarukayo emirundi ena omu biro bibiri.","The food in that market has so been good, l went back four times in two days"
UPDF eketaba omubitebe kalinda businge.,UPDF has participated in peace keeping missions.
Ninyijuka obwire obu bwonyini nkamanya ekiniakwetaaga kukorra nobwomezi bwange.,I remember the exact moment l knew what l wanted to do with my life.
embuzi nibaja kuziha omubazi gw'enjoka nkabulikiro,The goats will regularly be dewormed.
nsaswire amaizi gange ijo,I have paid my water bill yesterday.
"kakuba ntatereobutobo bw'ibale, tinandyombekere obwomezi bwange ngeri nali ni nyenda","If l had'nt will hit rock bottom, l never would have rebuilt my life the way l wanted it."
Emitaano ayabakemi bamatwale etafeeho obuzaale nengeso ezobuzalirwana.,Colonial boundaries ignored ethnic and cultural divisions.
nitwija okuzika isenkuru nyowe kyakabiri omunjura nukwo kikakwataho embera yabuli omu,We will bury my grandfather on a rainy Tuesday that matched everyone's mood.
abazirweneho bagarukire n'ebitekerezo ebihyaka n'okunihira,Veterans have returned with new ideas and expectations.
Aliyo nayetekanizira ebigezo.,She's busy preparing for her exams.
irwaro likakomamu okujanjaba obwomezi bya abakaizi bonka,The clinic specialized in women's health.
begulire emotoka empyaka bonka na bonka,They have bought themselves a new car.
abaana baitu bakahura nkonku twatangatagaine- batuletereza okukibazaho buli hanyuma y'omwaka mubuswere baitu,Our children heard the story of how we met -they make us tell it every anniversary.
irwaro rikatekaho obujanjabi bw'abazaire abaine enda,The clinic provided prenatal care for expectant mothers.
kampuni neja kutangatangana okweteranizamu kw'abemigabo,The company will face shareholder activism.
obukama byakitara nibwija okwijukibwa omunganikyo n'omubizina,The Empire of Kitara will be remembered in epic poems and songs.
obujanjabi nibwija kuba bwoburumi baitu nibukoraho,The treatment will be painful but is usually effective.
buli muntu oratangatangaineho amanyire ekintu ky'otamanyire - nigw'omugisa kukyega,Every person you have met knows something you don't — that's a chance to learn.
Milton Obote akebembera Uganda okuhika ha kwereme.,Milton Obote led Uganda to independence in 1962.
tuhaire amata g'ent ag'okubanza hali ba'isenkuru itwe,We have given the first milk from the cow to the ancestors.
Enyanja Victoria niyo erukukira obukooto omu Africa.,Lake Victoria is the largest lake in Africa.
naija okubaigora omuti ogutali nugwo,He will bark up the wrong tree.
sitage y'ebyemizano empyaka shakespeare azanira buli musizoni youmsana,The new theater stages Shakespeare plays every summer.
andindisize okumara esaha yona,She has made me wait for an hour.
omukazi akabanza kukora omukitongole kyokuhereza abaguzi atakabaire kirolerra mirimo.,She had been working in the customer service department for years before she became manager.
Orugendo rwegaali y'omwika kuraba omu bugwa izooba rukaba muno habwokuba nta hungi reho kakube kukoimya.,The train ride through the countryside was so beautiful that i did'nt sleep a wink.
kiki ekibaire ekyokulya ekitarukwikirizibwa,What has been your dietary restrictions?
egali y'omwika eraba aheru y'orubuga neja kuba nungi muno nti nkaba ntasobora okubyama ntagirozire,The train ride through the countryside will so be beautiful that i did'nt sleep a wink.
Kumara emyaka nyingi nyinenkuru nyowe aruka ebiibo eby'akatale.,My grandmother had been weaving baskets for the market for many years.
Ninja kutunga obuzibu nokuteekana hamulimo,I will have trouble focusing at work.
tinkwija okwomera ntaine amasanyarazi,I will not live without electricity.
ekiragiro ky'ezaabu kibaho buli nyikiriza eyobuzale abandi nkoku betwaza,The golden rule exists in every faith tradition-treat others as you wanted to be treated.
noyetagisibwa okuwikaza okuguru kwawe kwimukize kukehya okuzimba,You needed to keep your leg elevated to reduce swelling.
amaya ekakairuka muno nti ekitalago tikisobora okugikwata,The gazelle has so fast run that the cheetah could not catch it.
tukatangira omuhikirwaho omuhyaka n'ekijaguzo kyamani omumwezi ogurukwija,We welcomed the new chief with a big celebration next month.
Omurwaira naija kutuunga omusaahi gurukwingana nkaaha?,How many units of blood will do the patient receive?
eka yange ebaire nyikirza yange y'okubanzaba -ebisigaire bihondara hanyuma yekyo,My family has been my first community of faith-everything else flows from that.
abantu baisoroize omuka y'omunyoro habworukurato,People have gathered at the chief's house for the meeting.
"kakuba tubaire tukozeseze amaizi agakufuka habwengoye, ntusobora okulinda amasanyarazi kandi tukehye omwika","If we have used cold water for laundry, we can save energy and reduce emissions."
ekinyonyi rururbatatoro kirekuurra handa kyacwanganiza ebiruka nukwo kihikeho amaizi,The penguin slid on its belly across the ice to reach the water.
obubakozire okuseruruza okubatetekanize,When they have made unexpected discoveries.
"omuntu weena owotaganana tangana anyina ekyamanyire iwe ekyotamanyire , kandi kinu nikisemera kukuha omugisa okwega",Every person you meet knows something you don't—that's a chance to learn.
nyikaire ninyetagisa okukebeza sukali mumubiri buli kaire,I needed to have my blood sugar levels checked regularly.
Omubazi gwa sente nyingi baitu nigukora.,The treatment is expensive but effective.
omusisi gukapimwa musanju nobutonyezi butano ha mizani ya ricita,The earthquake measured seven point five on the Richter scale.
"Omuzaano ogworutimbi ourukusekesa buli omu, nagubazaaho.",The new comedy series on television has everyone talking.
Omuziini akateeekaniza ebyafaayo by’okutandikaho ekyaro kyaitu nyomwabazyo.,The praise singer tells the story of the founding of our village yesterday.
Omurwaira akatuunga omusaahi gurukwingana nkaaha?,How many units of blood did the patient receive?
joseph kony ayebembire orutaro rwokuhakaniza orwaLRA,Joseph Kony has led to LRA rebellion.
Obubavumbuire ebibakaba batarukuruhira.,When they made unexpected discoveries.
itwe tuha endagaano eraihireho eyokulinda ebyamasanyarazi ebiguzirwe.,We offer extended warranties on electronics.
banka enkuru ekehya amagoba,The central bank lowers interest rates.
obutafwali bwomubiri obwomuraire bukwasirwe,The patient's immune system was compromised.
"nkaba ntakinihira nti ninyija kumaraho omwaka gunu, baitu hati ndihanu","I did not think I'd make it through that year, but here I am."
tukazika abafu baitu omwitaka nambere baisenkuru itwe bahumura,We buried our dead in the ground where our ancestors rest.
Buleemeziki obusobora kurunga omu kukozesa omubazi gunu?,What are the side effects of this drug?
"gunu omurundi wiiki erukwija, tubyame kubyama hamusa gwenyanja","This time next week, we lay on a beach."
nakwikaireho akasumi karaihireho kukira akankaba ntegekere,I wound up staying longer than planned.
akabaighora omuti ogutali nigwo,He barked up the wrong tree.
obujanjabi butaikiranganize n'ebera y'omutima,The medication was contraindicated with certain heart conditions.
ekigongoro kikatahira omumusenyi obu ekihu kyagenzire,The clam burrows into the sand when the tide went out.
akasasura amabanjage gona,He paid off all his debts.
Ntugireemu obuzibu nokuteekana hamulimo,I have had trouble focusing at work.
obujanjabi bubaire tiburukwinganiza n'embera y'omutima,The medication has been contraindicated with certain heart conditions.
"Obuntekereza ngu nkyetegeriize,nubwo nyega ekintu ekihyaka.","Everytime I think I've figured it out, I learn something new."
obujanjabi byasente nyingi baitu nibukoraho,The treatment was expensive but effective.
naija okusasura amabanjage gona,He will pay off all his debts.
"Obusasi bwija nkebigonzi ebiro ebimu ninyikya ,ebiro ebindi tindukusobora.","The grief comes in waves some days l can breath , some days l can't."
Ninyujuka akasumi akananyiire kimu ngu nuwe nywani owahikire- obwataransekeriize omukasu kange akabi.,I remember the exact moment l knew she was a true friend - when she didn't laugh at my worst moment.
"omurundi gwokubanza obundukwija okurora enyunyuzi okuraba omukitangazo, niyija okuhura okubaho kwenkintu ekitakuhwaho","The first time I will see the starts through a telescope, I felt the presence of something infinite."
ekibumbe nikija owoleka ekisani ky'omurwani w'ekyaro,The sculptor will carve a statue of the village hero.
buli bwirebwona nyijuka akasumi na yetegerrizemu ekintu ruksabe mazire akasumi kaingi obwire bwingi obwa ameezi nindengaho kukyetegereza kirembe,l'll always remember the moment l finally understood a concept l'd struggled with for months
enkoko bakazirisa cacu,The chickens were fed with maize grain.
nyine koriyani eyekaba ya isekuru nyowe- kikaba kimu habintu ebyomuhendo ebyobugwetwa,I had a Quran that belonged to my great-grandfather -it's one of my most precious possessions.
akaba alibize nayetekaniriza ebirenngeso,She was busy preparing for her exams.
abekento barabizemu amaiso omukihandiko kyentekaniza yaitu,The finance committee has reviewed the proposal.
ekitebe kyabantu kikasagika bandi okuterayo akazina kandi kamu,The crowd cheered for the band to play one more song.
"Twine omugenzo gwokukingura ekisembo kimu hanweri okuzooka , kandi nukwo butoosa.","We have this tradition of opening one gift on Christmas Eve , and its always pajamas."
"kakuba tukozeseze amaizi agkufuka habwengoye, ntusobara okulinda amasanyarazi kandi tukendeze omwika","If we used cold water for laundry, we can save energy and reduce emissions."
Abasubuzi abaswahiri bakatema emihanda kutaaha hagati.,Swahili traders established routes into the interior.
eka yaitu nija okutangira abanyamahanga omunju yaitu,Our family will always welcome strangers into our home.
Akahebwa obujanjabi bw’okwongera obuzaarwa kumara emyaka ebiri.,She underwent fertility treatment for two years.
"obumpimbire owaana wange owunazaire, nketegereza engozi zaruhanga hali itwe omungeri empyaka","When I have held my newborn baby, I understood God's love for us in a new way."
Kuruga ira na ira oruganda rwaitu rukamanya ekisoro eky'omuziro gwabu.,Our clan has known its totem animal since ancient times.
Nkatunda emigabo nukwo nyunge ezaburoho.,I sold some shares to raise cash last week.
nija kugura ebintu mu supamaketi buli wiiki,I will buy groceries from the supermarket every week.
"omu 20250, tuferirwe ebisa byenyanja habwo okweyongera kwamaizi","By 2050, we have lost many coastal areas to sea level rise"
"dora ebinyonyi omumwanya; tibisigire rundi okugesa, baitu iwe ise owomwiguru obirisa","Look at the birds of the air; they have not sown or reap, yet your heavenly father feeds them."
Omusaija akuziibwe hamulimo.,He has received a raise at work.
noija okwetagisibwa okukebera igufwa lyawe ly'omugongo,You will need to have your bone density tested.
naija okukora omukicweka abaguzi batungira obuyambi kumara emyaka atakabaire omurolerezi,She will work in the customer service department for years before she became manager.
okuhandika kwabaramagi kukatandika mukyasa kya 19th m'uganda,Missionary writings documented 19th century Uganda.
Omukazi abaire nakora omukikeeto kumara emyaka atakafokere mukuru w'ebyensimbi.,She had been working in the accounting department for years before she became CFO.
"omwaka nambere tutalisobwoire ebisembo, tukehandikira ebaroha - nkyaine eyange","The year we did not afford gifts, we wrote each other letters instead - l still have mine."
"Omwehanga hangi ekisisani nyaisatu , akaiihamu kurungi ,mukikuya kyomuti kimu kiti.",The sculptor has chiseled a figure out of a single block of wood.
"obu ntalirubasire, nkega okuba wamani omubiro obunkaba","When I did not walk, I learned to be grateful for the days I could."
"Njwara omusalaba omubikya byange,gunyijukya nooha owumpondera.",I wear a cross around my neck-it's a areminder of who i belong to.
abantu bombekere iramizo erihyaka namebere bona batina,The community has built a new shrine at the sacred spring.
"hakumalira ye kyasa kinu, tukahindura ekoragana yaitu n'byobuhangwa","The the end of this century, we transformed our relationship with nature."
naija kubabize nayetekaniriza ebirengeso,She will be busy preparing for her exams.
naija okwenyumirizamu omukucumba kwe,She will pride herself on her cooking.
Okukaguzibwa kukaba kutali kurungi okuhikya obunabalizeeho emirimu ei nakozire niiya-mba buyamba ekyahindwire buli kimu.,The interviewer was going terribly until l mentioned my volunteer work- that changed everything.
okaire noyetagisibya okukebera igufwa lyawe ly'omugongo,You needed to have your bone density tested.
tukajaguza amagesa hakumalira kwa sizoni,We celebrated the harvest festival at the end of the season.
Enguta y'okubanza eya caayi yanyenkyakara nigwo omugenzo oguke ogutagurukaga.,The first sip of morning coffee is a small ritual I never skip.
enyange ekeemerra eterekeriire mumaizi agatahamire,The egret stood perfectly still in the shallow water.
"Obunahimbire omwana waitu,nketegereza okugonza kwa Ruhanga halitwe buhyaka.","When I held my newborn baby, I understood God's love for us in a new way."
kiki ekirikwija kuba ekyafayo ekyeka yawe hali kookoro,What will be your family history of cancer?
kakuba ntararabirweho baasi ekiro eki tinakutangaine engajani yange.,"if i hadn't missed the bus that day, i never would have met my best friend."
enyunyuzi zikaka muno ekiro omumwanya kukira ebitara by'omurubuga,The stars brightly shone in the night sky away from city lights.
nagonzaga obwomumwegesa rundi omusomesa yasomaga bbwa nayatura ebigambo hali itwe nobundaaba nkaaba omu kilassa za haigure omu lsomero,I loved when the teacher would read aloud to us—even in high school.
NRA etandikire enkora endi,The NRA has developed a parallel administration.
irwaro line erahuro ry'ebitabu byabarwaire ebikukwataho obwomezi bwabo,The hospital had a patient library with health information.
omusomesa wange owunyenda agambira ngu nkaba nyina ekisembo kyokuhandika ebigambo ebi bikasigara nanye,My favorite teacher tells me that i had a gift- for writing those words stayed with me.
"ninyija okukaguza nyinenkuru nyowe kiki ekiyarozire- akamwenya kandi yangamba,""ekyererezi""","I will ask my grandma what she saw- she smiled and said,""Light""."
embuzi bakaziha omubazi gw'enjoka nkabulikiro,The goats were regularly dewormed.
okucamuka kwamabale hansi omwitak nikwija kuletaho okuhangwaho obuhanga muhagati y'enyanja,The volcanic eruption will create a new island in the middle of the ocean.
Noija kweetagisibwa amaino gawe kwogebwa omu irwarro emirundi ebiiri omwaka.,You'll need to have your teeth cleaned twice a year.
ninyija okujwara omusalaba omubikya byange -kijukyo ekyogu nambere ngwa,I will wear a cross around my neck-it's a areminder of who i belong to.
anagisa enjura akozire emigenzo lulinda ebirimwa ijo,The rainmaker has performed the ritual to protect the crops yesterday.
omufumu naija okukozesa ebisaka n'oburogo,Traditional healers will use herbs and spiritual practices.
ekitebe kigwire omu 1977 habw'okwahukana mupolipo,The community has collapsed in 1977 due to political differences.
sente zempapura empyaka zibaire haihi okuturuka,The new currency notes have soon been introduced.
entajumba ekakora omuranga ogurukusandara obu yaboine enjoka,The guinea fowl made a loud chattering sound when it saw the snake.
Kugarraho buhyaka ebyasisikaire nukugenda omumaiso omubikaro ebyasisikaire.,Reconstruction efforts continue in affected areas.
Abaago nibajakukwaita ekikaaro kyahaiguru omukikaali,Royal wives will hold significant status in the kingdom.
"Aborubuga orukooto, bataireho entekaniza n'enkora y'okukeehya orwooya orwebisoro biikya kugenda mumwaanya.",The city is developing a climate action plan to reduce its carbon footprint.
ekiikaro kyokukoorramu emizaano nikiiji kwanguhira naabalema kukutahamu,The new theater will be accessible to people with disabilities.
obukama byakitara bukaijukizibwa omunganikyo n'omubizina,The Empire of Kitara was remembered in epic poems and songs.
obusoro rwomunyanja rusengiija burasengiija amaizi kuraba mubuhuru bwabwo kutunga ekyokulya,The sponge filtered water through its pores to get food.
Abaana nibeega emuzaano eyokubegesa okugumisiriza.,The children are learning the games that teach them to be patient.
Itwe tusiima emizimu ey'omunsozi nomumyandara namabaale.,We give thanks to the spirits of the mountains for the rocks and stones.
noyetagisibwa okukebara igufwa lyawe ly'omugongo,You have needed to have your bone density tested.
enguta eyokubanza eya caayi w'omwani gwali murwa omutaito oguntalyosaga,The first sip of morning coffee was a small ritual I never skip.
tuzika abafu baitu omwitaka nambere baisenkuru itwe bahumura,We bury our dead in the ground where our ancestors rest.
Omusaija ataire embyarwa omubuli katongole,He has diversified his investments across sectors.
Yoweri Museveni akataho Amahe agaboona Rwangirra.,Yoweri Museveni formed the popular Resistance Army.
Pamba ekafooka ekirimwa ekirukuleeta entahya omu Uganda omukutandika okwekyasa ekya 20.,Cotton became a major cash crop in the early 20th century Uganda.
ekitebe kyabantu nikinja kusagika bandi okuterayo akazina kandi kamu,The crowd will cheer for the band to play one more song.
omulimo gy'okuzirukya ekisaru gugaraho obwomezi bw'ebihangwa okumara emyaka etaano,The river reclamation project restores the ecosystem for five years.
"Amahikireho kakye, yaahita agendaho.",No sooner has had she arrived than she had to leave.
beeya ekakwata esamaki omukyeya n'ebinono byayo ebikoto,The bear caught salmon in the river with its huge paws.
egali y'omwika eraba aheru y'orubuga ebaire nungi muno nti nkaba ntasobora kubyama ntagirozire,The train ride through the countryside has so been beautiful that i did'nt sleep a wink.
"tukaba twine enkora enu enkuru eyokukingura ekisembo kimu hanyuma ya crisimasi, kandi bikizire kuba empale zomunda","We had this tradition of opening one gift on Christmas Eve, and its always pajamas."
Abaire nayebembera akatebe kumara emyaka atakafokere karagiira omukuru,She had been managing a team for years before she became director.
ekyoma kyomubaizi kikabaija ekisisani kuruga omukihinju kyekiti,The sculptor chisels a figure out of a single block of wood.
kanpuni egalihize enkora yayo ey'okukora habyoma byakalimagezi,The company has expanded its e-commerce operations.
kanpuni nija okutunga abahakaniza abataito,The company will acquire a smaller competitor.
omusaija atungire okweyemerezaaho omusimbi,He has achieved financial independence.
"Obwire omwegi Alikaguza ekikaguuzo eki otakatekerezeho, nibwo burungi bw’okwegesa.",The moment a student will ask a question you've never considered is the best part of teaching.
kiki ekirikwija okurugamu omukukozesa omubazi ogu?,What will be the side effects of this drug?
eka harwigi orukugarukaho nibaija okutugura ebyokulya by'omwezi gwona hanyuma y'okusemeza,The family next door will bring us meals for a whole month after my surgery.
omuranga gw'okumanyira eby'obuhangwa guhikire abantu akakaikuru kamu,The environmental awareness campaign reaches over one million people.
akahuka kabaire komumwanya kandi kajanjaire bwango,The virus has been airborne and spreads easily.
Ai Ruhanga nolema ekayange kandi obalinde.,"Dear God ,please watch over my family and keep then safe."
"Obu oraabe wakasiimire eby'okwega byawe, gambira omuntu eyabikusobozese.","If you was grateful for your education, tell someone who made it possible."
"Omutekanisa webisisani by'oeutmbi ayecencwiire omuzaana gw'ebisisani ebiruugenda , n'amaraka gaakyo kandi ayeteekaiize kugwoleka omunsi yoona.",The filmmaker has edited her movie and is ready to show it to the world.
kiki ekibaire kwokwegezamu kyawe kyabulikiro kuba,What has been your exercise routine like?
Omurwaire atungire esagama erukwingana nkaha?,How many units of blood did the patient receive?
Ekikaro ekyolekerwamu ebintu harumu n'emirimo y'engaro eyaira.,The Tooro kingdom's museum exhibits historical artifacts.
buli muntu watangantangaine amanyire ekintu ky'otamanyire - nigw'omugisa kukyega,Every person you met knows something you don't — that's a chance to learn.
omufumu akozeseze rbisaka n'oburogo,Traditional healers have used herbs and spiritual practices.
ekijumakuiba kikanwa amaizi okuraba omubuhuru bwakyo okutunga eby'okulya,The sponge filtered water through its pores to get food.
ninyija okusasura amaizi gange ijo,I will pay my water bill yesterday.
omukago gw'obusubuzi omuhyaka gwimukize ebitundwa aheru,The new trade deal has boosted exports.
omulimi naija kugesa amacande ge kandi agatwale hakyoma,The farmer will harvest his sunflower and took it for pressing yesterday.
nyikaire niburwamu omulingo abatahi batimba ebijaguzo obukaba nkyali muto,I missed the way the whole neighborhood would decorate for festivals when l was a kid.
enkoko nibaija okuzirisa cacu,The chickens will be fed with maize grain.
abantu nibaija kwombeka iramizo erihyaka nambere bona batina,The community will build a new shrine at the sacred spring.
arolera ekitebe kumara emyaka nyingi atakabaire mukuru,She manages a team for years before she became director.
omukago gw'obusubuzi omuhyaka gukaimukya ebitundwa aheru,The new trade deal boosted exports.
niyija okwijuka bulikiro akasumi nayetegerizemu isomo eryatabanizaga okumara emyezi,L will always remember the moment l finally understood a concept l'd struggled with for months
tuketorora kaaba emirundi musanjuomukaire kahaji- kitwijukya obumu nkabaikiriza,We circled the kaaba seven times during Hajj-it reminds us of the unity of believers.
ekeleziya haihi neka yange nija okuba iine ebide ebitara ekiro kyona -nyegomba okubihuliriza,The temple near my home will have bells that ring all day-I love hearing them.
"Akasumi ak'omweegi akagilizaamu EKIKAGUZO ekyobaire otarukhra, ako nuuko akasumi KONYINI akokwegesezaamu.",The moment a student asks a question you've never considered is the best part of teaching.
"nitwija okumara ekiro ekyani kyona niturora, nitusaba kandi nitusera okuganyirwa","We will up all stay night during Laylat al-Qadr, praying and seeking forgiveness."
nyijukire akasumi kenyini nkaba nimanya ekikwenda okukora noby'omezi bwange,I remember the exact moment l knew what l wanted to do with my life.
owenanga ruhuhwa nayongeramu okukwatwaho kwobujure nokwecumitiriza omumaraka gebidongp,The harmonica player adds a bluesy feel to the band's sound.
"kakuba mba nkozire ekintu kyona ntaine kutina rundi okulemererwa, ninyija kutandikaho bizinesi yange","If l has done anything without fear of failure, l'd start my own business."
nkaba ndi parisi ngu nambere twatangata gaine,It was in Paris that they first met.
Kulima kwemikiiko hansozi kuhondera emera yensi eyobuhangwa.,Contour plowing follows the land's natural contours.
ekicweka kaitu nikija olinda obusinge kuraba omubigambo by'abakuru,Our community will keep the peace through the words of the elders.
akirire kimu hanyuma y'okumusemeza,She has made a full recovery after the operation.
"tutungire enkora eyokukingura ekisembo kimu hanyuma ya kurisimasi, kandi bikizire kuba empale zomunda","We have had this tradition of opening one gift on Christmas Eve, and its always pajamas."
"dora ebinyonyi omumwanya; bitasige rundi okugesa, baitu iwe ise owomwiguru obirisa","Look at the birds of the air; they did not sow or reap, yet your heavenly father feeds them."
Ekihoya kikatahwamu obuhuka noobu kikarolererwa nkooku kisemerire.,The wound became infected despite proper care.
eka yaitu nija okuhondera omulingo gw'obusere gwenyini okumara ebyasa,Our family will follow the same marriage customs for generations.
nitwija kutunda omwenge ogw'okubanza kuruga omwihisizo erihyaka hali byaisenkuru itwe,We will offer the first beer from the new brew to the ancestors.
nbuzirwemu omulingo abatahi batimba ebijaguzo obukaba nkyali muto,I have missed the way the whole neighborhood would decorate for festivals when l was a kid.
akozire omukicweka abaguzi batungira obuyambi kumara emyaka atakabaire omurolerezi,She has worked in the customer service department for years before she became manager.
irwaro ritaireho ekiro eky'okutangatanganiramu abarwaire abali omubwetago,The clinic has offered same-day appointments for urgent cases.
ndozirege ekituru kyomutini nikyoleka ngu kikagamba oruganikyo orw'omukama owamani ijo,I have watched a shadow puppet show that told the story of a great king yesterday.
omulimi ayombire omusiri gwe gwamuhogo wiiki ehwaire,The farmer has weeded his cassava field last week.
Enkoko nibaziriisa enjuma z'ebicooli.,The chickens are being fed with maize grain.
nyowe ngura ebintu omu duuka etakanizibwe buli wiiki,I buy groceries from the supermarket every week.
magarita nikaija okuba akasolya akacyasingireyo okuraiha ha kasozi sitanule,Mount Stanley's highest peak will be Margherita peak.
"gunu omurundi wiiki erukwija, nitwija kubyama hamusa gwenyanja","This time next week, we will lie on a beach."
Ekiro ekyaijo nkasasura ibanja lyamaizi.,I paid my water bill yesterday.
"kakuba orabonabona, ekitabu ky'emirimo kyandibalize- kiri hakubonabona n'okwikiriza","If you will struggle, the book of job might speak -its about suffering and faith."
ekika kaitu nikija kugira engeri y'okutangira omwaka omuhyaka eyemabaganiza,Our clan will have its own special way of welcoming the new year.
"tifwireyo biki obworukwija kabaza, tinkwija kuhindura ebitekerezo byange","No matter what you will say, I won't change my mind."
Akatebe akobutale nikalengesaho emikura kamanyisa amakuru,The marketing team is testing new advertising channels.
eka yaitu etangira abanyamahanga omunju yaitu,Our family always welcomed strangers into our home.
"kakuba obaira omuntu akusaba, nosobora okusabira eka yange esaara emu?","If you was the praying type, could you say one for my family?"
abantu bakwesoroleza omuka y'omunyoro habw'orukurato,People gathered at the chief's house for the meeting.
magarita kabaire kasolya akacyasingireyo okuba karaire ha kasozi sitanule,Mount Stanley's highest peak has been Margherita peak.
abantu nibaija kwesoroza omuka y'omunyoro habw'orukurato,People will gather at the chief's house for the meeting.
akandindisa kumara esaaha,She made me wait for an hour.
ninyija okusara sukali,I will need to cut down on sugar.
omulimi naija kwombera omusirigwe gwamuhogo wiiki ekwija,The farmer will weed his cassava field next week.
amaya nija kwiruka muno nti ekitalago tikisobora okugikwata,The gazelle will so fast run that the cheetah could not catch it.
omunya nigwija okucicya omukira gwako kandi katoroke hali ekinyonyi,The skink will wiggle its tail and escaped from the bird's grasp.
nitwija okumara ekiro kyona niturora ntumaliriza omwolekyo gwaitu kandi tukamalira tutungire A,We will stay up all night finishing our presentation and ended up getting an A.
omukozi wafilimu ahinduramu omuzanogwe kandi ayetekanize okugwoleka ensi,The filmmaker edits her movie and is ready to show it to the world.
okutwarwa kwitaka kihambiriza abalimi okuleka itaka lyabo kandi bagenda mumbuga,The soil erosion forces farers to abandon their land and move to cities.
eka yaitu ekahondera omulingo gw'obusere gwenyini okumara ebyasa,Our family followed the same marriage customs for generations.
ninyija okukozesa kadi yabanka okutunga obugoba,I will use a credit card for the rewards points.
abaana nibakora ebyokujwaara byekiro kyokuraba murubuga nibasaba mugenzo gwabajungi,The children are designing costumes for the Halloween parade.
"kakuba oyendereza okarora, noija okurora ngu okumalira kwona kugira esigo eyetandikwa empyaka","If you have closely looked, you'll see that every ending carries the seed of a new beginning."
cukamba y'omuyanja nejakuturukya ehuzo zamakamba okwerwanaho,The sea cucumber will squirt sticky threads to defend itself.
Noija kunywa amaarwa gakwinganaki buli wiiki ?,How much alcohol will do you drink per week?
emitano yabajungu terukwija okumanyira ebika byabantu nobuhangwa,Colonial boundaries will ignore ethnic and cultural divisions.
Kampuni nigalihya emirimoyayo omubusubuzi obwakalimagezi.,The company is expanding its e-commerce operations.
eka harwigi orukugarukaho batugulire ebyokulya by'omwezi gwona hanyuma y;okusemeza,The family next door brought us meals for a whole month after my surgery.
obujanjabi tiburukwija okwikiranganiza n'embera y'omutima,The medication will be contraindicated with certain heart conditions.
akozire nk'mwehanuzaho kumara emyaka atakatahire ekitongole,She has worked as a freelance consultant for years before she joined the firm.
cukamba y'omuyanja eturukize ehuzo zamakamba okwerwanaho,The sea cucumber has squirted sticky threads to defend itself.
kampuni eriyo netaaha omubutale obuhyaka.,The company is entering new markets.
Obwakaba nakyahika ati nokugenderaho.,No sooner had she arrived than she had to leave.
tinyomaire ntaine amasanyarazi,I have not lived without electricity.
omukazi ataaha naworoza hamu nokulinda,She had been collecting indigenous seeds for preservation.
anagisa enjura abanza okukora emigenzo kulinda ebirimwa ijo,The rainmaker performs the ritual to protect the crops yesterday.
ekyoma kyomubaizi nikija kubaija ekisisani kuruga omukihinju kyekiti,The sculptor will chisel a figure out of a single block of wood.
nyetagisibwe okukebera sukali omumubiri buli kaire,I have needed to have my blood sugar levels checked regularly.
"kakuba gavumenti eba ekendize omuhendo gwa sola pano, abantu baingi nibaija kutandika kukozesa amasanyarazi","If the government has subsidized solar panels, more people would use renewable energy now."
nyijukire ekiro natungire kadi y'eryahuro ly'ebitabu obujunanizibwa bwingi,L has remembered the day l got my library card so many posibilities
ebyefuna nibija bitekana omwezi ogurukwija,The economy recovers in the coming months.
ekiteteyi kyawe ekirungi okiguzire nkaha,Where has done you buy that beautiful dress?
abekento nibaija okurabyamu amiso omukihandiko kyentekaniza yatu,The finance committee will review the proposal.
taxi empyaka bakagitandikaho omwaka oguhwaire,The new tax was implemented next year.
ekikali kya tooro mu FORT PORTAL kisikirize abagenyi baingi,The Tooro palace in Fort Portal has attracted many visitors.
begulire motoka empyaka,They've bought themselves a new car.
abasaija abato nibaija okwombeka orugo rw'ente oruhyaka,The young men will build the new kraal for the cattle.
Abalemi aba matwale bakahandika engeso zobusi bwensi hamu n'ediini.,Colonial officials recorded local customs and languages.
UPDF nija okwetaba omubikorwa by'okulinda obusinge,UPDF will participate in peace keeping missions.
NRA nejakutandikaho ekora endi,The NRA will develop a parallel administration.
Tindahaire kugira ngu bandole mpa ahabw'okuba nanyowe nahairebwe bingi muno.,I have not given to be seen-I give because I've been given so much.
Abebyokuseruliriza bakaba nibecumitiriza obubarozire emiringo y'ebinyonyi ebihyaaka.,The researchers were studying bird migration patterns when they discovered a new species.
Gavumenti eresire enkora y'okucwaaho emihendo y'ebintu habw'abalimi abarukukozesa ebyolimi ebirukwikaraho.,The government is providing subsidies for farmers who practice sustainable agriculture.
amgaba ebaire nsonga nkuru muno omukusiga sente,The interest rates have been a key factor in investment decisions.
noija okwetagisibwa okwikaza okuguru kwawe kwimukize kukehya okuzimba,You will need to keep your leg elevated to reduce swelling.
ekigongoro kitahire omumusenyi obu ekihu kigenzire,The clam has burrowed into the sand when the tide went out.
kaliitango y'okwegesa habyobuhangwo ehikireho abantu abarukuhingura mukyaaro,The environmental awareness campaign has reached over one million people.
katemba empyaka hativi ekaba ine bulyomu nabaza,The new comedy series on television had everyone talking.
tujagwize ebijuma ebyokubanza n'ekijaguzo hairamizo,We have celebrated the first fruits with a ceremony at the shrine.
omutezi wenanga akateranizaho omulere ha bandi,The harmonica player added a bluesy feel to the band's sound.
Noija kwetaagibwa kuteekaho obutagasi rundi obufuki ha kicweka ekihutaire.,You'll need to apply heat or ice to the injured area.
engabi katanga ekairuka ekirurru neliina hurutu kukurwaata,The gazelle ran so fast that the cheetah could not catch it.
"kakuba gavumenti ebaire etairemu sente kara, ntusobora okuba n'ebyobuhangwa ebiyounjo","If the government has invested in renewable energy earlier, we could have a cleaner environment now."
obworayetaaga ekintu kyona omwanyise,"Should you need anything, just let me know."
"omurundi gwokubanza obunarolezeho ekinazi, kyali kadyo","The first time I have tasted fresh coconut, lt was magic."
okucamuka kwamabale hansi omwitaka kuleterire okuhangwaho obuhanga muhagati y'enyanja,The volcanic eruption has created a new island in the middle of the ocean.
ekyaro kaitu kibaire nikiyamba abo boona abatakwesobora,Our village has always helped those who are in need.
okuhandika kwabaramagi nikwija okutandika omukyasa kya 19th m'uganda,Missionary writings will document 19th century Uganda.
ninyija okutaha okubatizi kwamunyani wange nobu kiraba tindi mukurisitayo- kibaire kyekitinisa okuba kaiso,I will attend a friend's baptism even though I'm not christian-it was an honor to witness.
"omulisa wange ali n'eka yaitu okurabira omubuzale, kandi bulikintu hagati yaitu","My pastor is with our family through births, deaths and everything in between."
abantu nibaija kwehumuzamu habizina ebymporampora,The crowd will back sway and forth to the slow music.
elyahuro ly'ebintu ebyafayo omubukama byatoro litungire enyonyi y'ebyafayo,The Tooro kingdom's museum has exhibited historical artifacts.
abantu bakehumuzamu habizina ebyamporampora,The crowd back swayed and forth to the slow music.
"kakuba ntatunga okwgaramu obumanzi nkabaza nawe kirokinu, titwanditungire obunyani bunu","If l does not muster the courage to talk to her that day, we would have missed out on this friendship."
aboigolire omuti ogutali nigwo,He has barked up the wrong tree.
"omurundi gw'okubanza nkagenda mwoyomubudabuda, nkatina ekinazonzora hali nyo","The first time I have gone to therapy, I was terrified of what I might discover about myself."
tujagwize amagesa hakumalira kwa sizoni,We have celebrated the harvest festival at the end of the season.
akahuka kajanjaire muno mubantu,The virus widely circulated in the community.
ebaire parisi nambere nabandize okutangatangana,It has been in Paris that they first met.
emihanda y'obusubuzi eyabajungu ekaba nenwanisa okuraga hanyanja mpaka munda,Pre-colonial trade routes connected the interior to the coast.
abekento bamalirizege alipota y'omwaka,The finance team has finalized the annual report.
ninyija kugira esaara eyinasabaga kakuba mpura oturo - nikyo kintu ky'okumalira omubwongo bwange,I will have a prayer I say when I'm falling asleep-it's the last thing on my mind.
omutezi wenanga naija kuteranizaho omulere ha bandi,The harmonica player has added a bluesy feel to the band's sound.
"Kakuba omuswija gutakeeha kikahika nyekya, ogaruke omu karwarro.","If the fever doesn't go down by tomorrow, come back to the clinic."
kotoni naija kuba kirimwa kyasente mukyasi kya amkumi abiri m'uganda,Cotton will become a major cash crop in the early 20th century Uganda.
ndozirege ebituuru byebisisaru ebisarazirwe ebirukugambaho oruganikyo rwomukama owamaani kiro kyaijo,I watched a shadow puppet show that told the story of a great king yesterday.
ebibo emyaka ebaire nungi hansi eyimukire,The new variety has been suitable for higher altitudes.
nkasasu amaizi gange ijo,I pay my water bill yesterday.
Kampuni netunga hokutundira hataito,The company is acquiring a smaller competitor.
"Kakuba ntaratungire obumanzi bw'okubaza nawe eki, twakuferirwe buno obunywani.","If l hadn't mustered the courage to talk to her that day , we would have missed out on this friendship."
Eka eyeri haihi naitwe ekakuletera ebyokulya habwomwezi gwona nyuma yange yokusemezibwa.,The family next door brought us meals for a whole month after my surgery.
tuzikire abafu baitu omwitaka nambere baisenkuru itwe bahumura,We have buried our dead in the ground where our ancestors rest.
nuwe yanyegeseze ngu tikine buzibu bwona okusaba obukonyezi,He was the one who taught me that it's okay to ask for help.
"kakuba omuntu afwa, ekyaro kyona kija okunahukara, oba babamanyire muno rundi tibabamanyire","When someone died, the whole village comes to pay respects, whether they knew them well or not."
Irwaaro niriija kuba nahokuzaara nebisiika ebyesonsoire,The hospital will have a maternity ward with private rooms.
ninyija okubaira omusiri omwaka gunu- okurolera enbitu nibikura nikisana nsana okuhura okunihira nikutunga emihama,I will plant a garden this year-watching things grow feels like watching hope take root.
"tifwireyo biki bwobailize, tinkwija kuhindura ebitekerezo byange","No matter what you said, I won't change my mind."
gavumenti neja kuletaho enkora empyaka hali abalimi abakulima ebyokulya,The government will provide subsidies for farmers who practice sustainable agriculture.
ljo omulimi akagesa ama candege agekijungu yagatwara rugasa,The farmer harvested his sunflower and took it for pressing yesterday.
"ntwena tukamara ekiro kyona ekyamani niturora, nitusaba kandi nitusera okuganyirwa","We have up all stayed night during Laylat al-Qadr, praying and seeking forgiveness."
"omulisa wange naija okuba neka yaitu okurabira omubuzale, kandi buli kintu hagati yaitu","My pastor will be with our family through births, deaths and everything in between."
"dora ebinyonyi omumwanya; tibirikwija kusiga rundi okugesa, baitu iwe ise owomwiguru obirisa","Look at the birds of the air; they will not sow or reap, yet your heavenly father feeds them."
okaire noyetagisibwa okuba oyonjire amaino gawe emirundi ebiri buli mwaka,You have needed to have your teeth cleaned twice a year.
nbaire omusiri omwaka gunu- okurolera enbintu nibikura nsana okuhura okunihira nikutunga emihama,I have planted a garden this year-watching things grow feels like watching hope take root.
ekigongoro nikija okutahira omumusenyi obu ekihu kiragenda,The clam will burrow into the sand when the tide went out.
"kakuba abantu batalisiza muno, itaka nirija kusigara rw'orwezo","If the community does not overgraze the land, the soil would still be fertile."
amani g'okwombeka buhyaka geyongire omubicweka ebyali bihikirweho,Reconstruction efforts have continued in affected areas.
Omusomesa wange webisisani akangamba tinyine kisembo kyobuhangwa mwolekere nabiiha.,My art teacher told me l had no talent - l proved her wrong.
Benedicto Kiwanuka akaba Omukuru wa Gavumenti ow’okubanza omu Uganda.,Benedicto Kiwanuka became Uganda's first chief minister.
izaniro ly'emizano elihyaka likigwireho hali abantu abane obulema,The new theater has been accessible to people with disabilities.
Ninyetaaga okukebera sukali yange buli kaire.,I need to have my blood sugar levels checked regularly.
"kakuba isomero likuburanganize obusinge, tekerezamu kakuba haba haliyo omulingo gundi gwona","If school has made you miserable, consider whether there's another way."
orulengo rwa magoba hansimbi nikyo kisumuruzo omuncwamu eyokubyara ensimbi,The interest rates are a key factor in investment decisions.
ninyetaga kukehya sukali,I need to cut down on sugar.
ablimi nibaja kuozesa ebijunzire okuhindura engeri y'itaka,Farmers will use compost to improve soil structure.
"omurundi gw'okubanza ninyija kugenda mwomubudabuda, nkatina ekinazonzora hali nyowe","The first time I will go to therapy, I was terrified of what I might discover about myself."
nibaja okwegura emotoka empyaka bonka na bonka,They will buy themselves a new car.
abasija abato bombekere orugo rw'ente ouhyaka,The young men have built the new kraal for the cattle.
Enyikiriza enzaarwa ekaba erumu emirwa y'okwisa enjura n'okugesa.,Traditional religion included rituals for rain and harvest.
omrwaire ayolekerege oburorwaho obwokwekengera,The patient showed signs of sepsis.
abaire nayekozusa atakahungire omulimo gwobutoose,She had been working as a freelance consultant for years before she joined the firm.
"kakuba oba oboineboine, ekitabu ky'emirimo kyandibalize- kiri hakubonabona n'okwikiriza","If you have struggled, the book of job might speak -its about suffering and faith."
abajungu bahandikire ebyamaguzi kandi nendimi,Colonial officials have recorded local customs and languages.
ntungire koriyani eyekaba ya isenkuru nyowe- kikaba kimu ekyomuhendo ebyomugwetwa,I have had a Quran that belonged to my great-grandfather -it's one of my most precious possessions.
ebiro bisaatu murubuga orutubaire tutwetekanizi kubungira,Three days in a city we never planned to visit.
kotoni ebaire kirimwa kyasente muno mukyasi kya amakumi abiri m'uganda,Cotton has become a major cash crop in the early 20th century Uganda.
bakitunzi batangatangaine kiguzi omukuru,The sales team has presented to a major client.
ayenyumirize omukucumba kwe,She has prided herself on her cooking.
kanpuni ekagalihya enkora yayo ey'okusubura byoma byakalimagezi,The company expanded its e-commerce operations.
tisima iyina nyowe habw'okucumba okuhikya obunagezire natandika okwerisa,"I never appreciate my mother, s cooking until l moved out and had to feed myself."
nkozeseze kadi yabanka okutunga obugoba,I used a credit card for the rewards points.
Yozefu Konyi akebembera obwemi.,Joseph Kony led to LRA rebellion.
ninyija okwetagisibwa okukebera sukali omumubiri buli kaire,I will need to have my blood sugar levels checked regularly.
omukazi nayega kukozesa emirungo nigwija kuba nigukozesa ebyama ebirukumuga sira randi eko bikamanya empindurra hinduka nenyakuli orumwanya nomubwire,She had been learning about sustainable agriculture.
ntangainege munywani wange owaira ijo,I ran into an old friend yesterday.
niyinja okusasura ebintu byange nsuwarensi ijo,I have paid my property insurance yesterday.
oruganda rwaitu rwina omulingo omutongole nkoku tutagiira omwaka omuhyaka .,Our clan has its own special way of welcoming the new year.
kakuba gavumenti yataireho omuhendo gwahansiho habwengo zamani gizooba abantu abaingi bakubaire nibakozesa amaani agaani agarukugarurwa buhyaaka,"If the government had subsidized solar panels, more people would use renewable energy now."
ekyaro kaitu kiraguma nikiyamba abo boona abatakwesobora,Our village will always help those who are in need.
omunya gucikize omukira gwako kandi katoroka hali ekinyonyi,The skink has wiggled its tail and escaped from the bird's grasp.
"buli mugenzo gubaire gwine ekigurukumanyisa,nobu kiraba tutukugwetegereza","Every ritual has had a meaning, even if we don't always understand it."
nguzire ebuntu omu supamaketi buli wiiki,I have bought groceries from the supermarket every week.
"kakuba obaire omuntu akusaba, nosobora okusabira eka yange esaara emu","If you will be the praying type, could you say one for my family?"
okubaira emiti nambere ebaire etemerwe kigarwireho irindiro lyebisoro byomukisaka mukicweka nambere byali,The reforestation project has brought back wildlife that had disappeared from the area.
kampini ekataha omukatale akahyaka,The company entered new markets.
"kakuba oburorwaho bweyongera, omusere obuyambi by'abafumu bwango","If the symptoms worsened, seek medical attention immediately."
Amaarwa ago'kubanza kuruga omu maarwa agalisiibwe buhyaka tugahongera baisenkuru itwe abaira.,We offer the first beer from the new brew to the ancestors.
abaana begere emizano y'okuba bagumisiriza,The children have learned the games that teach them to be patient.
emihanda y'obusubuzi eyabajungu enwanisize okuruga hanyaja mpaka muda,Pre-colonial trade routes have connected the interior to the coast.
"kakuba oba warabire omukintu kigumangaine, manya ngu omuntu, ahantu, nibakusabira","If you went through something hard, know that someone, somewhere, is praying for you."
"kakuba basi etalindekere ekiro eki, tinandibwoine munyani wange muno.","If i did not miss the bus that day, i never would have met my best friend."
Oburugwa obwendema eya Bakama nibusangwa omu Bacwezi.,The Bachwezi are associated with the origins of kingship.
okaire noyetagisibwa okwikaza okuguru kwawe kwimukize kukehya okuzimba,You have needed to keep your leg elevated to reduce swelling.
atekamu sentu nyigi muno,He invests in a hedge fund.
ekika kyabaiito nikija kulema bunyoro kurugira kimu mukyasi kya 16th,The Babiito dynasty will rule Bunyoro since the 16th century.
taxi empyaka nejakutandika omwaka ogurukwija,The new tax is implemented next year.
Ntugireege obuzibu nokuteekana hamulimo,I had trouble focusing at work.
isenkati nyowe akangabira oruganikyo nkoko engeri yatangatagaine iba hakatale nuko akunekaneka,"My aunt told the story of how she met her husband at a market so vividly, l feel like i was there."
Yusuf Lule akebembera ihanga habwakasumi kake.,Yusuf Lule served as president briefly.
Noija kwetaagisa kupima obulemeezi bw'amagufa gaawe.,You'll need to have your bone density tested.
"Nkaba ntukaterezaaga ngu ndisobora kusura enju eka , baitu dera ndihamu , ninyija kutekaho omukono hampapura sabbiti erukwija.","I never thought l'd be able to buy mu own home , but here l am , signing the papers next week."
kanpuni nija okugalihya enkora yayo ey'okusubura habyoma bakalimagezi,The company will expand its e-commerce operations.
Omusoro og'wendema eya matwale kukahambiriza baingi kupagasa.,Colonial taxation forced many into wage labor.
abekento bamalirize alipota y'omwaka,The finance team finalized the annual report.
katemba empyaka hativi nija kuba ine bulyomu nabaza,The new comedy series on television will have everyone talking.
ebihuka nibija kurubatira murukara bihimbire ebisosonkole nibibigara omukiju,The ants will march in a long line carrying crumbs back to their nest.
isomero ly'ebyobuhangwa likagaramu amani abebembezi abeby'obuhangwa ab'omulembe omuhyaka,The environmental education center inspired a new generation of environmental leaders.
naija okutunga okwelema omubyasente,He will achieve financial independence.
Nkabyara omusiri gunu omwaka-kusunga ebintu nibimera nikisisana kusunga kunihira nikutwaara emihama.,I planted a garden this year-watching things grow feels like watching hope take root.
banka enkuru niija kukekya amagoba,The central bank will lower interest rates.
omukazi akozire mukeeto kumara emyaka nyingi atakafokere CFO,She has worked in the accounting department for years before she became CFO.
enu haihi ebaire nsonga kuru,This has been by far the best option.
obu basemize nyina nyowe eka yona eketerana hamu omulingo ogunkaba ntakaroraga,When my mother is diagnosed the whole family came together in a way l've never seen before.
NRA ekatandikaho ekora endi,The NRA developed a parallel administration.
"Akairiringwa kusiisire isomero, kyonka omugisa abaana bakaba bataliyo obwire obwo.","The tornado has destroyed the school, but fortunately no children were there at the time."
"kakuba noija okuraba omukintu kigumangaine, manya ngu omuntu, ahantu, nibakusabira","If you will go through something hard, know that someone, somewhere, is praying for you."
"kakuba twija okilinda ebibira baitu, ntusobora okulinda engeri eby'ebihangwa eby'emihanda n'emihanda","If we will protect our forests, we can preserve biodiversity and prevent climate change."
omukazi asoraize embibo entoro z'okwahura,She has collected indigenous seeds for preservation.
omuzaani womuzaano gwaharutuutu ataaha nazaana ekicweeka kyomusinguzi mu muzaano eyabulikiro,The actor plays the role of the hero in the local drama.
enyanja victoria ekaba nesingayo obukoto muafrika,Lake Victoria was the largest lake in Africa.
Omubazi nigusobara kusasa baitu nigukora.,The treatment can be painful but is usually effective.
ninyija oba na akasondo omukisika kyange nambere nsasbira- kyanguhire baitu kihikirire hali nyowe,I will have a corner in my room where I pray-it's simple but holy to me.
Akateekwa ha mubazi ogurukuleeta oruzaaro kumarra emyaka ebiri.,She underwent fertility treatment for two years.
Emihendo y'ebintu nenihirwa kutemba.,The inflation rate is expected to rise.
okubandwa kubairemu emigenzo y'enjura n'okugesa,Traditional religion has included rituals for rain and harvest.
omwaka gw'enkumi ibiri asaatu tukatunga okukeha kwingi muno habwokusisikara kwobuhangwa,"By 2030, we achieved a significant reduction in the loss of biodiversity."
ekibumbe kyoleka ekisani ky'omurwani w'ekyaro,The sculptor carved a statue of the village hero.
Ebinyonyi bifuruka nibigenda habulyo mubwiire bw'omusana.,The birds migrate south every year to escape the cold winter.
ekihoya nikija kukwatya n'obukiraba nibakirolera kurungi,The wound will become infected despite proper care.
abaana bakozire ebijwaro by'ekiro ky'ebimenke,The children have designed costumes for the Halloween parade.
abantu behumwize habizina ebyamporampora,The crowd has back swayed and forth to the slow music.
eka yaitu ebaire nejaguza amagesa namazina agokusima itaka,Our family has always celebrated the harvest with a dance that thanks the earth.
ninyija kusunga ekituru kyomutini ekirikyoleka ngu kikagamba oruganikyo orw'omukama owamani ijo,I will watch a shadow puppet show that told the story of a great king yesterday.
Haibandiro nuho turukwiija kujaguliza ebijuma ebyokubanza.,We will celebrate the first fruits with a ceremony at the shrine.
omusaija naija kuteka sente ze omumasamba,He will invest in a real estate investment trust.
abarangi nibaija okurozaho omukutu gw'okurangira omuhysks,The marketing team will test new advertising channels.
irwaro nirija okukomamu okujanjaba obwomezi bya abakazi bonka,The clinic will specialize in women's health.
akegomba iwe oije hamukorogwe,She liked you to come to her party.
john hanning speak naija okuhika hansiboko y'ekisaru kya nile omu 1862,John Hanninng Speke will reach the source of Nile in 1862.
nyijukire aksumi kenyini nkimanyire akaba munyani owamazima-nambere atalinsekeraize omukasumi obukaba kubi,I have remembered the exact moment l knew she was a true friend - when she didn't laugh at my worst moment.
okubaira emiti nambere ebaire etemerwe nikija kugaraho irindiro lyebesoro by'omukisaka mukicweka nambere byali,The reforestation project will bring back wildlife that had disappeared from the area.
embya y'omukisaka ehambizege impala mayiro nyingi okuhikya ejwahire,The wild dog has chased the impala for miles until it tired out.
Omuyaga ogwamaani gukasiisa isomero kyonka enkyomugisa abaana bwirobu bakaba batarumu.,"The tornado destroyed the school, but fortunately no children were there at the time."
Omuziini naija kuteeekaniza ebyafaayo by’okutandikaho ekyaro kyaitu nyomwabazyo.,The praise singer will tell the story of the founding of our village yesterday.
Ekiro ekyaijo nsaswirege ensuwarensi eya matungo gange,I paid my property insurance yesterday.
obu lsomero liraaba nirikubuza obusinge tekerezaaho muno obuharaaba hasroho omulingo ogundi,"If school is making you miserable, consider whether there's another way."
omusaija takasferwaya embaagwa,He has never missed a dividend payment.
kanpuni etungirege abahakanizi abataito,The company acquired a smaller competitor.
bulemeziki obworukwija okukehya omwezi oguhaire,How much weight will have you lost in the past month?
"Nkakaguza nyinenkuru nyowe obwakaba omumpiko zokufa nti,nororaki-akamwegerra yagamba ati ""Eyererezi"".","I asked my grandma what she saw- she smiled and said, ""Light""."
ebiro bisaatu omurubuga orututekanizaga kubungira,Three days in a city we have never planned to visit.
ensigo z'omuraire zikatekana,The patient's kidney function stabilized.
"kakuba omuntu afwa omukyaro kyaitu, abantu bona nibaija kwesoroza baije okusagika eka","When someone die in our village, the whole community will together come to support the family."
"kakuba ntalitungire okwegaramu obumanzi nkabaza nawe kirokinu, titwanditungire obunyani bunu","If l did not muster the courage to talk to her that day, we would have missed out on this friendship."
okubandwa nikwija kubamu emigenzo y'enjura n'okugesa,Traditional religion will include rituals for rain and harvest.
amagoba nija okuba ensonga nkuru muno omukusuga sente,The interest rates will be a key factor in investment decisions.
ebitabu ebihangazi nibija okuhindura engeri y'itaka,Permanent beds will improve soil structure.
igana lyabantu bakatoka nokusemererwa omukoro gutakatandikire,The crowd buzzed with excitement before the show starts.
ebyefuna biteberizibwe okukura mporamporam,The economy has been projected to grow at a moderate pace.
Obwokurorra haihi buli malirra ehimba embibo y'entandikwa ehyaka.,"If you look closely, you'll see that every ending carries the seed of a new beginning."
"nkagwize nyinenkuru nyowe kiki ekiyarozire- akamwenya kandi yangamba, ""ekyererezi","I have asked my grandma what she saw- she smiled and said,""Light""."
abazirweneho bakagaruka n'ebitekerezo ebihyaka kandi n'okunihira,Veterans returned with new ideas and expectations.
elyahuro ly'ebintu ebyafayo omubukama byatoro likatunga enyonyi y'ekijukyo,The Tooro kingdom's museum exhibited historical artifacts.
naija kutekamu sente nyingi muno,He will invest in a hedge fund.
ebara eyakatemba ekaba ekingwireho ekiro kyebyamahano hali abakatemba abakuru,The new comedy club had open mic nights for amateur comedians.
ebintu by'emikono by'enzarwa tutwaraine okukora orubugo,Traditional crafts have included barkcloth making.
omusoro omuhya nigwija kuteebwa omuunkora mumwaka omuhyaka,The new tax will be implemented next year.
"buli mwaka, nyetegereza kataito kandi nyebundaza kataito","Every year, I have understood a little more and claim a little less."
"kakuba omuntu afwa, ekyaro kyona kija okunahukara, oba babamanyire muno rundi tibabamanyire","When someone has died, the whole village comes to pay respects, whether they knew them well or not."
sente zempapura empyaka niziijza kutandikisibwa bwango,The new currency notes will be introduced soon.
embya y'omukisaka nija kuhambya impala mayiro nyingi okuhikya ejwahire,The wild dog will chase the impala for miles until it tired out.
"buli mugenzo gwali gwine ekigurukumanyisa, nobu kiraba tutukugwetegereza.","Every ritual had a meaning, even if we don't always understand it."
nijnja kwenga kwenyumirizamu nobukuba ndi omuburumi-nikimanyisa nkyali mwomezi,I will learn to be grateful even in pain-it means I'm still alive to feel.
obu barasemeze nyina nyowe eka yona nija okuterana hamu omulingo oguntakaroraga,When my mother will be diagnosed the whole family came together in a way l've never seen before.
omuranga gw'okumanyira eby'obuhangwa gukahika abantu akakaikuru kamu,The environmental awareness campaign reached over one million people.
nkataha okubatizibwa kwamunyani wange nobu kiraba tindi mukurisitayo- kibaire kyekitinisa okuba kaiso,I attend a friend's baptism even though I'm not christian-it was an honor to witness.
enkora y'okusesira ebirimwa amaizi ekayamba abalimi omukasumi kekyanda,The new irrigation system helped farmers during the dry season.
"omurundi gwokubanza okurozaho ekinaz, kyali kakodyo","The first time I taste fresh coconut, lt was magic."
Okuzaarana hagati y’amaka n’amahanga nikuja kukaleeta okuhingisaniza engeso n’obuhangwa.,Intermarriage will create cultural exchange.
igana lyabantu lika semererwa omukoro gutakatandikire,The crowd has buzzed with excitement before the show starts.
"Omumwaaka enkumi ibuli n'ataano , nitwiija kuba tuferurwe ebicweeka eburi hamyegeego y'eryarya,eburi harulengo orwamaizi orwahansi.","By 2050, we will have lost many coastal areas to sea level rise"
Abaago bakwaitaga ekikaaro kyahaiguru omukikaali,Royal wives held significant status in the kingdom.
"Akangambira ,""lzooba ndigenda kwongera kwimuka nyenkya, kandi naiwe nukwo"".","She told me , ""The sun will rise again tomorrow, and so will you""."
"buli mwaka, nketegerezamu kataito kandi nayebundaza kataito","Every year, I understood a little more and claim a little less."
abaseruruzi basomereho engeri y'okuhindukahindikuka y'enyikara ekutabaniza ebyokulya obubatandikireho enkora empyaka,The researchers have studied the impact of climate change on food security when they developed new adaptation strategies.
embante ekairukira omukisaru okwejuna entale,The waterbuck ran into the river to escape the lion.
"abalinzi bakozire okuseruliriza hali engeri enjojo zibazamu obu bantugire okugarukwa,mu",The conservationists have conducted research on elephant communication when they made a breakthrough discovery.
Okuzaarana hagati y’amaka n’amahanga kukaleeta okuhingisaniza engeso n’obuhangwa.,Intermarriage created cultural exchange.
obuguuda nibwija kugaruka buhyaka omu meezi agarukwiya,The economy will recover in the coming months.
ekibumbe kyoleka ekisani ky'omurani w'ekyaro,The sculptor carves a statue of the village hero.
eka yaitu nija kujaguzaga amagesa namazina agokusima itaka,Our family will always celebrate the harvest with a dance that thanks the earth.
ninyija kusabira obusinge omumadini gona-ntwena tuli baana baruhanga omu,I will pray for peace among all religions-we're all children of the same God.
hobworambagambaki tinsobora kuhingisa ebitekerezo,"No matter what you say, I won't change my mind."
"kakuba obaire noyenda okwetegereza ebyobuhangwa baitu, tandika n'ebyokulya baitu.","If you wanted to understand our culture, start with our food."
abantu abaingi abesoroize abaijwiire omwiro omuzaano gutakatandikire,The crowd is buzzing with excitement before the show starts.
naija okukora nk'omwehanuzaho kumara emyaka atakatahire ekitongole,She will work as a freelance consultant for years before she joined the firm.
nsasura ebintu byange nsuwarensi ijo,I pay my property insurance yesterday.
okucamuka kwamabale hansi omwitaka kukabaruka kwaletaho okuhangwaho obuhanga muhagati y'enyanja,The volcanic eruption created a new island in the middle of the ocean.
Hakumaliira kwe kyaasa kiru nitwiija kuba tumazire kwatundwira enkoragana yaitu n'ebyobuhangwa.,"The the end of this century ,we will have transformed our relationship with nature."
"tikatekerezahoga nti ninyija okumaraho omwaka gunu, baitu hati ndihanu","I have not thought I'd make it through that year, but here I am."
ensigo z'omuraire nizikora zitaikaine,The patient's kidney function stabilizes.
abaana nibaija okukora ebijwaro by'ekiro ky'ebimeke,The children will design costumes for the Halloween parade.
bakitunnzi naija kutangatangana kiguzi omukuru,The sales team will present to a major client.
embina yomukisaka ekairukya empara habwa mairu nyingiho kuhirya obuyajwahire,The wild dog chased the impala for miles until it tired out.
omulingo omuhyaaka ogwokucungira maizi nigwija ruronyera abalimu mubwire buse kyanda,The new irrigation system will help farmers during the dry season.
"Omwaka tutarasoboire ebisembo , tukahandikira ngana ebbaruha omukikaro -eyange nkyagiine.","The year we couldn't afford gifts , we wrote each other letters instead - l still have mine."
"kakuba twalinzire ebibira baitu, ntusobora okulinda engeri eby'ebihangwa eby'emihanda n'emihanda","If we protected our forests, we can preserve biodiversity and prevent climate change."
nkaijuka ekiro obunatungire kadi yeryahuro ly'ebitabu obujunanizibwa bwingi,L remembered the day l got my library card so many posibilities
"Mutabani wange akankaguza ""Ruhanga araha?"" namwoleka hamutima gwange nogwe.","My son asked me, ""Where is God?"" I pointed to my heart and his."
ebyefuna nibija okuteberizibwa okukura mpora mpora,The economy will be projected to grow at a moderate pace.
entajumba nija okutera omuranga ogurukusandara obu yaboine enjoka,The guinea fowl will make a loud chattering sound when it saw the snake.
Abekika kyange nibu bantu bange bokubanza munyikiriza-ebindi byoona birugirra aho.,My family is my first community of faith-everything else flows from that.
Nuwe yangambiire ngu kirungi kusaba obuyambi.,He's the one who taught me that it's okay to ask for help.
enkora y'okusesira ebirimwa amaizi gayambire abalimi omukasumi kekyanda,The new irrigation system has helped farmers during the dry season.
Uganda ey'ekyasa ekya 19 eri omubihandiiko ebyabakwenda abenjiri.,Missionary writings document 19th century Uganda.
"kakuba mba nkugambire ekintu kimu hali ekiniga, ngu tokwija kukirugaho-nokirabam","If I have told you one thing about grief, it's that you never get over it-you get through it."
nyijukire akasumi kenyini nkaba nimanya ekikwenda okukora noby'omezi bwange,I have remembered the exact moment l knew what l wanted to do with my life.
izaniro ly'emizano elihyaka likakingurwaho hali abantu abaine obulema,The new theater was accessible to people with disabilities.
Wiiki ehweire nkatunda emu hamigabo nukwo ntunge sente.,I have sold some shares to raise cash last week.
omunya gukacicya omukira gwako kandi katoroka hali ekinyonyi,The skink wiggled its tail and escaped from the bird's grasp.
ekiragiro ky'ezaabu kibaho buli nyikiriza eyobuzale abandi nibakyenda nkoku betwaza,The golden rule exists in every faith tradition-treat others as you will want to be treated.
ekika ky'ababiito kiremere bunyoro kurugira kimu omkyasi kya 16th,The Babiito dynasty ruled Bunyoro since the 16th century.
Ebinyonyi Bikafurukira bugwaizoba buri mwaka kwetantara obutiti bw’obwire bw’embewo.,The birds have south migrated every year to escape the cold winter.
ekyaro kaitu kiguma nikiyamba abo boona abatakwesobora,Our village always helped those who are in need.
beeya ekakwata esamaki omukyeya nebinono byayo ebikoto,The bear has caught salmon in the river with its huge paws.
ekicweka kaitu kikalinda obusinge kuraba omubigambo by'abakuru,Our community kept the peace through the words of the elders.
tujaguza amagesa hakumalira kwa sizoni,We celebrate the harvest festival at the end of the season.
naija okundindisa okumara esha yona,She will make me wait for an hour.
"kakuba nakugambira ekintu kimu hali ekiniga, kiri ngu tokwija kukirugaho-nokirabamu","If I will tell you one thing about grief, it's that you never get over it-you get through it."
obubarakoradi okuseruruza okubatetekanize,When they will make unexpected discoveries.
"omukazi abaire agambire,""izoba nirija kwimuka nyenkya,kandi naiwe oti.""","She has told me,""The sun will rise again tomorrow, and so will you""."
nojakwetagisibwa okuyonja amaino gawe emirundi ebiri buli mwaka,You will need to have your teeth cleaned twice a year.
joseph kony akebembera orutaro rwokuhakaniza orwaLRA,Joseph Kony led to LRA rebellion.
nitwija okwongezayo waranti hamasanyarazi,We will offer extended warranties on electronics.
obujanjabi bubaire bwoburumi baitu nibukoraho,The treatment has been painful but is usually effective.
Kiro kyaijo omuzini ahaisanizeege omunyoro habwo bumanzibwe.,The praise singer honored the chief's bravery with his song yesterday.
gavumenti eresireho enkora empyaka hali abalimi abakulima ebyokulya,The government provided subsidies for farmers who practice sustainable agriculture.
omukazi akega hakulima n'okulisa habwokwebaisaho,She learns about sustainable agriculture.
ekika kyababiito kilema bunyoro kurugira kimu omukyasa kya 16th,The Babiito dynasty rules Bunyoro since the 16th century.
embuzi nizihebwa omubazi gwenjoka buli kasumi,The goats are being dewormed regularly.
taxi empyaka bagitandikireho omwaka ogurukwija,The new tax has been implemented next year.
Omusaija asaswire amabanjage goona,He has paid off all his debts.
bakabanza kutangatarra parisi,It was in Paris that they first met.
ebibo empyaka nekora kurungi hansi eyimukire,The new variety is suitable for higher altitudes.
akaba aine engeri akundoramu eyekaba nendetera okuhura ninyo nyeka omunsi,She had this way of looking at me that makes me feel like the only person in the world
okulisa muno nikwija okukehya obusobozi bwitaka okugara enjura,The overgrazing will reduce the lands ability to recover after rain.
"hakumalira y'omusomo gunu, twegeseze abalimi orukumi rumu omukukozesa orwezo kuruga omubijuzire","By the end of this project, we have trained one thousand farmers in organic methods."
"Kakuba abasi bensi batungire itaka likooto eryokulisizamu, itaka lyakubaire likyarumu ekiriisa.","If the community had not overgrazed the land, the soil would still be fertile."
