Runyoro,English
"hakumalira ye kyasa kinu, tuhindura ekoragana yaitu n'ebyobuhangwa","The the end of this century, we transform our relationship with nature."
omukazi abaire nakorra mukeeto kumara emyaka atkabaire CFO,She works in the accounting department for years before she became CFO.
ndozirege ekituru kyomutini nikyoleka ngu kikagamba oruganikyo orw'omukama owamani ijo,I have watched a shadow puppet show that told the story of a great king yesterday.
omutezi wenanga naijakuteranizaho omulere ha bandi,The harmonica player will add a bluesy feel to the band's sound.
nijnja kwenga kwenyumirizamu nobukuba ndi omuburumi-nikimanyisa nkyali mwomezi,I will learn to be grateful even in pain-it means I'm still alive to feel.
naija kutunga okwimukizibwa ha mulimo,He will receive a raise at work.
"dora ebinyonyi omumwanya; bitasige rundi okugesa, baitu iwe ise owomwiguru obirisa","Look at the birds of the air; they did not sow or reap, yet your heavenly father feeds them."
nkasiga ekihemeheme kandi kandi nakisindika hamutimbagano ijo,I draw a funny cartoon and posted it on social media yesterday.
ntangainege munywani wange owaira ijo,I ran into an old friend yesterday.
"hakumalira ye kyasa kinu, tuhindwire enkoragana yaitu n'ebyobuhangwa","The the end of this century, we have transformed our relationship with nature."
omulimi ayombire omusiri gwe gwamuhogo wiiki ehwaire,The farmer has weeded his cassava field last week.
Hakumaliira kwe kyaasa kiru nitwiija kuba tumazire kwatundwira enkoragana yaitu n'ebyobuhangwa.,"The the end of this century ,we will have transformed our relationship with nature."
"kakuba orayenda okwetegereza ebyobuhangwa baitu, tandika n'ebyokulya baitu","If you will want to understand our culture, start with our food."
"Nkaba ntukaterezaaga ngu ndisobora kusura enju eka , baitu dera ndihamu , ninyija kutekaho omukono hampapura sabbiti erukwija.","I never thought l'd be able to buy mu own home , but here l am , signing the papers next week."
nkatera ekihemeheme kandi nakisindika hamutimbagano ijo,I have drawn a funny cartoon and posted it on social media yesterday.
ebizina byenzarwa hamu n'okucekeca n'orunyegebirabaga mubuli mukoro,Traditional music and will dance accompained ceremonies.
omukazi akozire mukeeto kumara emyaka nyingi atakafokere CFO,She has worked in the accounting department for years before she became CFO.
omulimi agesa amacande ge kandi yagatwara hakyoma ijo,The farmer harvests his sunflower and took it for pressing yesterday.
omulimi agesire amacande ge kandi yagatwara hakyoma,The farmer has harvested his sunflower and took it for pressing yesterday.
igana lyabantu nirija kusemererwa omukoro gutakatandikire,The crowd will buzz with excitement before the show starts.
taxi empyaka bakagitandikaho omwaka oguhwaire,The new tax was implemented next year.
"kakuba gavumenti erakehya omuhendo gwa sola pano, abantu baingi nibaija kutandika kukozesa amasanyarazi","If the government will subsidize solar panels, more people would use renewable energy now."
omusomesa wange owunyenda naija kungamba nkaba nyina ekisembo kyokuhandika ebigambo ebi bikasigara nanye,My favorite teacher will tell me that i had a gift- for writing those words stayed with me.
ebiro bisaatu murubuga orutubaire tuturukwija kwetekaniza kubungira,Three days in a city we will never plan to visit.
abekento nibaija kumaliriza alipota y'omwaka,The finance team will finalize the annual report.
irwaro ritaireho obujanjabi bw'abzaire abaine enda,The clinic has provided prenatal care for expectant mothers.
nkasunga ekituru kyomutini nikyoleka ngu kikagamba oruganikyo rw'omukama owamani ijo,I watch a shadow puppet show that told the story of a great king yesterday.
omwaka gw'enkumi ibiri asaatu tukatunga okukeha kwingi muno habwokusisikara kwobuhangwa,"By 2030, we achieved a significant reduction in the loss of biodiversity."
NRA ekatandikaho ekora endi,The NRA developed a parallel administration.
"Rora ebinyonyi omumwanya, tibisiga, tibigesa baitu Isinywe anyakuli omwiguru abiriisa.","Look at the birds of the air; they do not sow or reap, yet your heavenly father feeds them."
omulimi naija kwombera omusirigwe gwamuhogo wiiki ekwija,The farmer will weed his cassava field next week.
omunya nigwija okucicya omukira gwako kandi katoroke hali ekinyonyi,The skink will wiggle its tail and escaped from the bird's grasp.
eka yaitu ekajaguza amagesa namazina agokusima itaka,Our family always celebrated the harvest with a dance that thanks the earth.
tukazika abafu baitu omwitaka nambere baisenkuru itwe bahumura,We buried our dead in the ground where our ancestors rest.
cukamba y'omuyanja eturukize ehuzo zamakamba okwerwanaho,The sea cucumber has squirted sticky threads to defend itself.
gavumenti etairo enkora empyaka hali abalimi abakulima ebyokulya,The government has provided subsidies for farmers who practice sustainable agriculture.
ebizina byenzarwa hamu n'okucekeca n'orunyege biba mubulimukoro,Traditional music and danced accompained ceremonies.
tukhaire okusima hali emyoyo y'omurusozi habwe emyandara na amabale,We have given thanks to the spirits of the mountains for the rocks and stones.
Ekka yaitu ejaguza amagesa na mazina ag'okusiima ensi.,Our family has always celebrated the harvest with a dance that thanks the earth.
omulimi ayombire omusiri gwamuhogo wiiki ehwaire,The farmer weeds his cassava field last week.
Obworaba nogonza kwetrgereza ebyobuhangi bwaaitu tandika nebyokulya byaitu.,"If you want to understand our culture, start with our food."
omusomesa wange owunyenda agambire ngu nkaba nyine ekisembo kyokuhandika ebigambo ebi bikasigara nanye,My favorite teacher has told me that i had a gift- for writing those words stayed with me.
bakitunnzi naija kutangatangana kiguzi omukuru,The sales team will present to a major client.
ninja kwirukira mwa munyani wange omukuru nyencya,I will run into an old friend yesterday.
okucamuka kwamabale hansi omwitaka kuleterire okuhangwaho obuhanga muhagati y'enyanja,The volcanic eruption has created a new island in the middle of the ocean.
irwaro nirija kugira eryahuro ry'ebitabu byabarwaire ebirukukwataho obwomezi bwabo,The hospital will have a patient library with health information.
abantu nibaija kwehumuzamu habizina ebymporampora,The crowd will back sway and forth to the slow music.
omumwaka gw'enkumi ibiri asaatu tufunire okukeha kwingi muno hakusisika kwobuhanwa,"By 2030, we achieve a significant reduction in the loss of biodiversity."
embina yomukisaka ekairukya empara habwa mairu nyingiho kuhirya obuyajwahire,The wild dog chased the impala for miles until it tired out.
okubura kwamaizi kutalibaniza ebyobulimi n'obulisa omukicweka,The water scarcity affects agricultural production in the region.
ekyaro kaitu kibaire nikiyamba abo boona abatakwesobora,Our village has always helped those who are in need.
ninyija kusunga ekituru kyomutini ekirikyoleka ngu kikagamba oruganikyo orw'omukama owamani ijo,I will watch a shadow puppet show that told the story of a great king yesterday.
tukaha okusima hali emyoyo y'omurusozi habwa emyandara na amabale,We gave thanks to the spirits of the mountains for the rocks and stones.
ekitebe ky'abantu kisagikire bandi okuterayo akazina kandi kamu,The crowd has cheered for the band to play one more song.
anaga ejura azinire nukwo enjura egwe egi eyitubaire nitwendera ebirimwa ijo,The rainmaker has danced to bring the rain that we need for the crops yesterday.
omunya gukacicya omukira gwako kandi katoroka hali ekinyonyi,The skink wiggled its tail and escaped from the bird's grasp.
okucamuka kwamabale hansi omwitak nikwija kuletaho okuhangwaho obuhanga muhagati y'enyanja,The volcanic eruption will create a new island in the middle of the ocean.
nojakwetagisibwa okuyonja amaino gawe emirundi ebiri buli mwaka,You will need to have your teeth cleaned twice a year.
obujanjabi bwali bwasente nyingi baitu nibukoraho,The treatment will be expensive but effective.
akaire ruko kamu sabbiti erukwija nitwija kuhumuraho ha mwaro,"This time next week, we'll be lying on a beach."
nyinenkuru nyowe arukire ebigega eby'akatale kumara emyaka nyingi,My grandmother has woven baskets for the market for many years.
"kakuba basi etandeka eki ekiro, tindikwija kurora munyani wange muno","If i will not miss the bus that day, i never would have met my best friend."
arolera ekitebe kumara emyaka nyingi atakabaire mukuru,She manages a team for years before she became director.
"omukazi akangambira,""omusana nigwija kujwa nyenkya,kandi naiwe oti.""","She told me,""The sun will rise again tomorrow, and so will you""."
bakitunzi atangatagaine kiguzi omukuru,The sales team presented to a major client.
Pamba ekafooka ekirimwa ekirukuleeta entahya omu Uganda omukutandika okwekyasa ekya 20.,Cotton became a major cash crop in the early 20th century Uganda.
"omukazi abaire agambire,""izoba nirija kwimuka nyenkya,kandi naiwe oti.""","She has told me,""The sun will rise again tomorrow, and so will you""."
abekento bamalirize alipota y'omwaka,The finance team finalized the annual report.
bakozesa turakita okulima omusiri,They plow the fields using a tractor.
arolerire ekitebe kumara emyaka atakabaire mukuru,She has managed a team for years before she became director.
omukazi akega hakulima n'okulisa habwokwebaisaho,She learns about sustainable agriculture.
enyange ekeemerra eterekeriire mumaizi agatahamire,The egret stood perfectly still in the shallow water.
akahuka kajanjaire muno mubantu,The virus widely circulated in the community.
cukamba y'omuyanja ekaturukya ehuzo z'amakamba okwerwanaho,The sea cucumber squirted sticky threads to defend itself.
nyegere okwenyumirizamu nobukuba ndi muburumi-nikimanyisa nkyali mwomezi,I have learned to be grateful even in pain-it means I'm still alive to feel.
ekika kaitu kikaba kine engeri y'okutangira omwaka omuhyaka eyembaganiza,Our clan had its own special way of welcoming the new year.
irwaro nirija kutekaho obujanjabi bw'abazaire abaine enda,The clinic will provide prenatal care for expectant mothers.
taxi empyaka bagitandikireho omwaka ogurukwija,The new tax has been implemented next year.
"Omwehanga hangi ekisisani nyaisatu , akaiihamu kurungi ,mukikuya kyomuti kimu kiti.",The sculptor has chiseled a figure out of a single block of wood.
ndozirege ebituuru byebisisaru ebisarazirwe ebirukugambaho oruganikyo rwomukama owamaani kiro kyaijo,I watched a shadow puppet show that told the story of a great king yesterday.
Abaikazi bombekere ibandiro lihyaka haiziba ly'emirwa.,The community has built a new shrine at the sacred spring.
"gunu omurundi wiiki erukwija, tubyame kubyama hamusa gwenyanja","This time next week, we lay on a beach."
"kakuba gavumenti eba ekendize omuhendo gwa sola pano, abantu baingi nibaija kutandika kukozesa amasanyarazi","If the government has subsidized solar panels, more people would use renewable energy now."
ninyija kusiga ekihemeheme kandi nkisindike hamutimbagano nyekya,I will draw a funny cartoon and posted it on social media yesterday.
aija kurolera ekitebe kumare emyaka atakabaire mukuru,She will manage a team for years before she became director.
enkoragana empyaka eyobusubuzi imukize entundwa ye bw'obulimi aheru yihanga,The new trade deal has boosted agricultural exports.
ekyoma kyomubaizi kikabaija ekisisani kuruga omukihinju kyekiti,The sculptor chiseled a figure out of a single block of wood.
omukazi naija kusoroza embibo entoro z'okwahura,She will collect indigenous seeds for preservation.
embya y'omukisaka nija kuhambya impala mayiro nyingi okuhikya ejwahire,The wild dog will chase the impala for miles until it tired out.
"dora ebinyonyi omumwanya; tibirikwija kusiga rundi okugesa, baitu iwe ise owomwiguru obirisa","Look at the birds of the air; they will not sow or reap, yet your heavenly father feeds them."
okubaira emiti nambere ebaire etemerwe kigarwireho irindiro lyebisoro byomukisaka mukicweka nambere byali,The reforestation project has brought back wildlife that had disappeared from the area.
nsabire obusnge omumadini gona-ntwena tuli bana baruhanga omu,I have prayed for peace among all religions-we're all children of the same God.
abantu bombeka iramizo erihyaka nambere bona batina,The community builds a new shrine at the sacred spring.
noyetagisibwa okuyonja amaino gawe emirundi ebiri buli mwaka,You needed to have your teeth cleaned twice a year.
ekitebe kyabantu nikinja kusagika bandi okuterayo akazina kandi kamu,The crowd will cheer for the band to play one more song.
omutezi wenanga akateranizaho omulere ha bandi,The harmonica player added a bluesy feel to the band's sound.
"kakuba bus etandekere, tinanditangatangaine munyani wange muno","If i have not missed the bus that day, i never would have met my best friend."
Itwe tusiima emizimu ey'omunsozi nomumyandara namabaale.,We give thanks to the spirits of the mountains for the rocks and stones.
irwaro line erahuro ry'ebitabu byabarwaire ebikukwataho obwomezi bwabo,The hospital had a patient library with health information.
NRA nejakutandikaho ekora endi,The NRA will develop a parallel administration.
"mutabani wange akagwize,""ruhanga ali nkaha?"" nasonga hamutima gwange n'ogwe","My son asked me,""Where is God?""I pointed to my heart and his."
omukago gw'obusubuzi omuhyaka gukaimukya ebitundwa aheru,The new trade deal boosted exports.
Ekiro kyaijo omwigi w'enjura eyiturukwetaaga acekecerege kuleeta rnjura.,The rainmaker danced to bring the rain that we need for the crops yesterday.
"kakuba gavumenti ekehya omuhendo gwa sola pano, abantu baingi nibaija kutandi kukozesa amasanyarazi","If the government subsidizes solar panels, more people would use renewable energy now."
omusomesa wange owunyenda agambira ngu nkaba nyina ekisembo kyokuhandika ebigambo ebi bikasigara nanye,My favorite teacher tells me that i had a gift- for writing those words stayed with me.
gavumenti eresireho enkora empyaka hali abalimi abakulima ebyokulya,The government provided subsidies for farmers who practice sustainable agriculture.
omunya ruraiha rahuhanyga kira yairuka ekinyonyi kugikwaata,The skink wiggled its tail and escaped from the bird's grasp.
"kakuba mba nkugambire ekintu kimu hali ekiniga, ngu tokwija kukirugaho-nokirabam","If I have told you one thing about grief, it's that you never get over it-you get through it."
kakuba gavumenti yataireho omuhendo gwahansiho habwengo zamani gizooba abantu abaingi bakubaire nibakozesa amaani agaani agarukugarurwa buhyaaka,"If the government had subsidized solar panels, more people would use renewable energy now."
kotoni akaba kirimwa kyasente omukyasi kya amkumi abiri m'uganda,Cotton became a major cash crop in the early 20th century Uganda.
nibaija kulima omusiri ni bakozesa turakita,They will plow the fields using a tractor.
Balimire amawinde nibakozesa karakita.,They have plowed the fields using a tractor.
omukazi ayegere hakulima n'okulisa okwokwebaisaho,She has learned about sustainable agriculture.
akahuka kajanjaire muno mubantu,The virus has widely circulated in the community.
eka yaitu ebaire nejaguza amagesa namazina agokusima itaka,Our family has always celebrated the harvest with a dance that thanks the earth.
omukago gw'obusubuzi omuhyaka gwimukize ebitundwa aheru,The new trade deal has boosted exports.
anaga enjura azina nukwo enjura egwe egi eyitukwendera ebirimwa baitu ijo,The rainmaker dances to bring the rain that we need for the crops yesterday.
abantu nibaija kwesoroza omuka y'omunyoro habw'orukurato,People will gather at the chief's house for the meeting.
omulimi naija kugesa amacande ge kandi agatwale hakyoma,The farmer will harvest his sunflower and took it for pressing yesterday.
omunya gucikize omukira gwako kandi katoroka hali ekinyonyi,The skink has wiggled its tail and escaped from the bird's grasp.
embya yomukisaka ekahambya impala mayiro nyingi okuhikya ejwahire,The wild dog chased the impala for miles until it tired out.
obujanjabi byasente nyingi baitu nibukoraho,The treatment was expensive but effective.
okubaira emiti nambere ebaire etemerwe kigaraho irindiro lyebisoro by'omukisaka mukicweka nambere byali,The reforestation project brings back wildlife that had disappeared from the area.
okubaira emiti nambere ebaire etemerwe nikija kugaraho irindiro lyebesoro by'omukisaka mukicweka nambere byali,The reforestation project will bring back wildlife that had disappeared from the area.
ngura ebintu omu supamaketi buli wiiki,I bought groceries from the supermarket every week.
irwaro rigagira eryahuro ry'ebitabu byabarwaire ebirukukwataho obwomezi bwabo,The hospital has had a patient library with health information.
"omwaka gw'enkumi ibiri asaatu, tutungire okukeha kwingi muno mukukeha kw'ebyobuhanga","By 2030, we have achieved a significant reduction in the loss of biodiversity."
"nkaba ntakunihira ngu nisobora okugura eka yange, baitu ndi hanu, nitekaho omukono hakipapura wiiki ekwija","I never thought l'd be able to buy mu own home, but here l am, signing the papers next week."
kakuba ntararabirweho baasi ekiro eki tinakutangaine engajani yange.,"if i hadn't missed the bus that day, i never would have met my best friend."
abantu behumwize habizina ebyamporampora,The crowd has back swayed and forth to the slow music.
Ntiirelye ebisisani rudingisa nabusindika hamura kiro kyaijo.,I drew a funny cartoon and posted it on social media yesterday.
okubura kwamaizi nikwija kutabaniza ebyokulima n'obulisa omukicweka,The water scarcity will affect agricultural production in the region.
abantu bakwesoroleza omuka y'omunyoro habw'orukurato,People gathered at the chief's house for the meeting.
ebiro bisaatu omurubuga orututekanizaga kubungira,Three days in a city we have never planned to visit.
okucamuka kwamabale hansi omwitaka kukabaruka kwaletaho okuhangwaho obuhanga muhagati y'enyanja,The volcanic eruption created a new island in the middle of the ocean.
akatunga okwimukiza ha mulimo,He received a raise at work.
nyinenkuru nyowe naija kuruka ebibo eby'akatale kumara emyaka nyingi,My grandmother will weave baskets for the market for many years.
"kakuba isomero likuburanganize obusinge, tekerezamu kakuba haba haliyo omulingo gundi gwona","If school has made you miserable, consider whether there's another way."
"hakumalira y'omusomo gunu, twegeseze abalimi orukumi rumu omukukozesa orwezo kuruga omubijuzire","By the end of this project, we have trained one thousand farmers in organic methods."
Ebiro bisatu omu rubuga orututatekanizaaga kobunga.,Three days in a city we'd never planned to visit.
omusaija ateka sente ze omumasamba,He invests in a real estate investment trust.
tihakwija kuba kintu kibi nkokurubata mukigana otaine sokisi,There will be nothing worse than stepping in a puddle with socks on.
ebihuka birubatire hamu omurukara bihimbire ebisosonkole nibibigara omukiju,The ants have marched in a long line carrying crumbs back to their nest.
akatebe akatunzi nikahayo hali omuguzi owamaani,The sales team is presenting to a major client.
omukazi asoraize embibo entoro z'okwahura,She has collected indigenous seeds for preservation.
omusaija naija kuteka sente ze omumasamba,He will invest in a real estate investment trust.
tihabaireho ekintu ekibi nkoku rubata omukigana otaine sokisi,There has been nothing worse than stepping in a puddle with socks on.
ekitebe kyabantu kikasagika bandi okuterayo akazina kandi kamu,The crowd cheered for the band to play one more song.
"nkaba nttaine kuninhira kwona ngu ninyija kusobora kugura eka eyang,baitu ndi hanu, nitekakaho omukono hakipapura wiiki erukwija","I never have thought l'd be able to buy mu own home, but here l am, signing the papers next week."
anaga enjura naija kuzina nukwo enjura egwe egi eyitukwendera ebirimwa ijo,The rainmaker will dance to bring the rain that we need for the crops yesterday.
"dora ebinyonyi omumwanya; tibisigire rundi okugesa, baitu iwe ise owomwiguru obirisa","Look at the birds of the air; they have not sown or reap, yet your heavenly father feeds them."
Nsabira amadiini goona omugisa-itwena tuli baana ba Ruhanga omu.,I pray for peace among all religions-we're all children of the same God.
ekika kaitu kigira engeri y'okutangira omwaka omuhyaka eyembaganiza,Our clan has had its own special way of welcoming the new year.
"kakuba isomero nirinja kukubuza obusinge, tekerezamu kakuba haba haliyo omulingo gundi gwona","If school will make you miserable, consider whether there's another way."
omukago gw'obusubuzi omuhyaka gwimukya ebitundwa aheru,The new trade deal boosts exports.
tuzika abafu baitu omwitaka nambere baisenkuru itwe bahumura,We bury our dead in the ground where our ancestors rest.
Abasungi nibaseyeya enyuma nomumaiso habwekizina ekiruugenda mpora mpora.,The crowd is swaying back and forth to the slow music.
ebiro bisaatu murubuga orutubaire tutwetekanizi kubungira,Three days in a city we never planned to visit.
omukazi akasoroza embibo entoro z'okwahura,She collects indigenous seeds for preservation.
omukazi aija kukora omukeeto kumara emyaka nyingi atakafokere CFO,She will work in the accounting department for years before she became CFO.
nitwija kuha okusima hali emyoyo y'murusozi habwe emyandara na amabale,We will give thanks to the spirits of the mountains for the rocks and stones.
igana lyabantu lika semererwa omukoro gutakatandikire,The crowd has buzzed with excitement before the show starts.
bakitunzi batangatangaine kiguzi omukuru,The sales team has presented to a major client.
Omusaija akuziibwe hamulimo.,He has received a raise at work.
"gunu omurundi wiiki erukwija, nitwija kubyama hamusa gwenyanja","This time next week, we will lie on a beach."
balima omusiri ni bakozesa turakita,They plowed the fields using a tractor.
tuzikire abafu baitu omwitaka nambere baisenkuru itwe bahumura,We have buried our dead in the ground where our ancestors rest.
okubura kwamaizi kukatalibaniza ebyobulimi n'obulisa omukicweka,The water scarcity affected agricultural production in the region.
Akarwarro kaheereza obuheereza obukwatiraine n'okuzaara.,The clinic provides prenatal care for expectant mothers.
taxi empyaka nejakutandika omwaka ogurukwija,The new tax is implemented next year.
"Akangambira ,""lzooba ndigenda kwongera kwimuka nyenkya, kandi naiwe nukwo"".","She told me , ""The sun will rise again tomorrow, and so will you""."
nyinenkuru nyowe arukaka ebigega eby'akatale kumara emyaka nyingi,My grandmother weaves baskets for the market for many years.
enkoragana empyaka eyobusubuzi ekaimukya ebitundwa ye bw'obulimi aheru yihanga,The new trade deal boosted agricultural exports.
obujanjabi bubaire bwasente nyingi baitu nibukoraho,The treatment has been expensive but effective.
embya y'omukisaka ehambizege impala mayiro nyingi okuhikya ejwahire,The wild dog has chased the impala for miles until it tired out.
okaire noyetagisibwa okuba oyonjire amaino gawe emirundi ebiri buli mwaka,You have needed to have your teeth cleaned twice a year.
"kakuba oraba ogondeze okumanya ebyobuhangwa baitu, tandika n'ebyokulya baitu","If you have wanted to understand our culture, start with our food."
irwaro rikatekaho obujanjabi bw'abazaire abaine enda,The clinic provided prenatal care for expectant mothers.
nija kugura ebintu mu supamaketi buli wiiki,I will buy groceries from the supermarket every week.
nkairukira mwamunwani wange omukuru ijo,I run into an old friend yesterday.
omukazi naija kwega hakulima n'okulisa okwokwebaisaho,She will learn about sustainable agriculture.
kotoni ebaire kirimwa kyasente muno mukyasi kya amakumi abiri m'uganda,Cotton has become a major cash crop in the early 20th century Uganda.
"kakuba obaire noyenda okwetegereza ebyobuhangwa baitu, tandika n'ebyokulya baitu.","If you wanted to understand our culture, start with our food."
"kakuba isomero lyakubulize obusinge, tekerezamu kakuba haba haliyo omulingo gundi gwona","If school made you miserable, consider whether there's another way."
"omukazi akangamba,""omusana nigwija kujwa omurundi gundi nyenkya, kandi naiwe oti.""","She tells me,""The sun will rise again tomorrow, and so will you""."
ebihuka bikarubatira hamu murukara bihimbire ebisosonkole nibibigara omukiju,The ants marched in a long line carrying crumbs back to their nest.
cukamba y'omuyanja nejakuturukya ehuzo zamakamba okwerwanaho,The sea cucumber will squirt sticky threads to defend itself.
nyirukire mwamunwani wange omukuru ijo,I have run into an old friend yesterday.
"hakumalira ye kyasa kinu, tukahindura ekoragana yaitu n'byobuhangwa","The the end of this century, we transformed our relationship with nature."
nkega kwenyumirizamu nyeka nobukuba ndi muburumi-nikimanyisa nkyali mwomezi,I learned to be grateful even in pain-it means I'm still alive to feel.
ebihuka nibija kurubatira murukara bihimbire ebisosonkole nibibigara omukiju,The ants will march in a long line carrying crumbs back to their nest.
kotoni naija kuba kirimwa kyasente mukyasi kya amkumi abiri m'uganda,Cotton will become a major cash crop in the early 20th century Uganda.
abantu nibaija kwombeka iramizo erihyaka nambere bona batina,The community will build a new shrine at the sacred spring.
"gunu omurundi wiiki erukwija, tubyamire hamusa gwenyanja","This time next week, we have lied on a beach."
ebizina byenzarwa hamu n'okucekeca n'orunyege bibaire mokijaguzo,Traditional music and has danced accompained ceremonies.
omukazi ataaha naworoza hamu nokulinda,She had been collecting indigenous seeds for preservation.
enkoragana empyaka eyobusubuzi imukya ebitundwa ye bw'obulimi aheru yihanga,The new trade deal boosts agricultural exports.
"hakumalira y'omusomo gunu, ni twija kuba twegeseze abalimi orukumi rumu omukukozesa orwezo kuruga omubijunzire","By the end of this project, we train one thousand farmers in organic methods."
abantu abaingi abesoroize abaijwiire omwiro omuzaano gutakatandikire,The crowd is buzzing with excitement before the show starts.
"kakuba nkugambira ekintu kimu hali ekiniga,kiri ngu tokwija kukirugaho-nokirabamu","If I told you one thing about grief, it's that you never get over it-you get through it."
"Kakuba ndi wokukugambira ekintu kimu hali enaku, nikyo ngu otaligyehugura-ogirabemu.","If I could tell you one thing about grief, it's that you never get over it-you get through it."
ninyija kusabira obusinge omumadini gona-ntwena tuli baana baruhanga omu,I will pray for peace among all religions-we're all children of the same God.
omutezi wenanga naija kuteranizaho omulere ha bandi,The harmonica player has added a bluesy feel to the band's sound.
ekika kaitu nikija kugira engeri y'okutangira omwaka omuhyaka eyemabaganiza,Our clan will have its own special way of welcoming the new year.
"mutabani wange akagwize,""ruhanga ali nkaha?"" nkamusongera hamutima gwange n'ogwe","My son has asked me,""Where is God?""I pointed to my heart and his."
abantu baisoroize omuka y'omunyoro habworukurato,People have gathered at the chief's house for the meeting.
ekyoma kyomubaizi kikabaija ekisisani kuruga omukihinju kyekiti,The sculptor chisels a figure out of a single block of wood.
abantu bakehumuzamu habizina ebyamporampora,The crowd back swayed and forth to the slow music.
nkasabira obusinge omumadini gona- ntwena tuli baana baruhanga omu,I prayed for peace among all religions-we're all children of the same God.
"mutabani wange naija kukaguza,""ruhanga ali nkaha?"" ninjakusomnga hamutima gwange n'ogwe","My son will ask me,""Where is God?""I pointed to my heart and his."
nguzire ebuntu omu supamaketi buli wiiki,I have bought groceries from the supermarket every week.
omusaija akateka sente ze omumasamba,He invested in a real estate investment trust.
busayo kintu ekibi nkokurubata mukigana otajaire sokisi,There was nothing worse than stepping in a puddle with socks on.
abantu bombekere iramizo erihyaka namebere bona batina,The community has built a new shrine at the sacred spring.
eka yaitu nija kujaguzaga amagesa namazina agokusima itaka,Our family will always celebrate the harvest with a dance that thanks the earth.
omusoro omuhya nigwija kuteebwa omuunkora mumwaka omuhyaka,The new tax will be implemented next year.
gavumenti neja kuletaho enkora empyaka hali abalimi abakulima ebyokulya,The government will provide subsidies for farmers who practice sustainable agriculture.
NRA etandikire enkora endi,The NRA has developed a parallel administration.
ekyaro kaitu kiguma nikiyamba abo boona abatakwesobora,Our village always helped those who are in need.
abekento bamalirizege alipota y'omwaka,The finance team has finalized the annual report.
ekyaro kaitu kiraguma nikiyamba abo boona abatakwesobora,Our village will always help those who are in need.
atunga okwimukiza ha mulimo,He receives a raise at work.
"kakuba basi etalindekere ekiro eki, tinandibwoine munyani wange muno.","If i did not miss the bus that day, i never would have met my best friend."
Akatebe akeby'ensimbi nikamaliiriza ensoborra ( ripoota ) eyabuli mwaka.,The finance team is finalizing the annual report.
"nyikaire ntakukinihira ngu ninyija kugura eka yange, baitu ndi hanu, ninyija kutekaho omukono hakipapura wiiki ekwija","I never will think l'd be able to buy mu own home, but here l am, signing the papers next week."
owenanga ruhuhwa nayongeramu okukwatwaho kwobujure nokwecumitiriza omumaraka gebidongp,The harmonica player adds a bluesy feel to the band's sound.
ekyoma kyomubaizi nikija kubaija ekisisani kuruga omukihinju kyekiti,The sculptor will chisel a figure out of a single block of wood.
akahuka nikaija kujanjara muno mubantu,The virus will widely circulate in the community.
igana lyabantu bakatoka nokusemererwa omukoro gutakatandikire,The crowd buzzed with excitement before the show starts.
Omwegesa wange owungonza akagamba nyine ekisembo ky'okuhandiika -ebyo ebigambo bikaguma nanye.,My favorite teacher told me that i had a gift- for writing those words stayed with me.
"hakumalira y'omusomo gunu, nitwegesa abalimi orukumi rumu omukukozesa orwezo kuruga omubijuzire","By the end of this project, we trained one thousand farmers in organic methods."
"kakuba nakugambira ekintu kimu hali ekiniga, kiri ngu tokwija kukirugaho-nokirabamu","If I will tell you one thing about grief, it's that you never get over it-you get through it."
omutendereza amanyirire abakuru nekizina kye ijo,The praise singer has honored the chief's bravery with his song yesterday.
egali y'omwika eraba aheru y'orubuga ebaire nungi muno nti nkaba ntasobora kubyama ntagirozire,The train ride through the countryside has so been beautiful that i did'nt sleep a wink.
"omurundi gw'okubanza ninyija kugenda mwomubudabuda, nkatina ekinazonzora hali nyowe","The first time I will go to therapy, I was terrified of what I might discover about myself."
embuzi bazihare omubazi gw'enjoka nkabuliro,The goats have regularly been dewormed.
Kakuba gavumenti yakozeseze kare amaani Twakubaire lwiina ebitwehinguliriize ebyeowruuu muno.,"If the government had invested in renewable energy earlier, we could have a cleaner environment now."
Ntaaha nyine obuleemezi okutekaho omutiima.,I've been having difficulty concetrating.
ekika ky'ababiito kiremere bunyoro kurugira kimu omkyasi kya 16th,The Babiito dynasty ruled Bunyoro since the 16th century.
obaire noyenda okutekaho okwokya rundi aisi nambere hatunire obuhuta,You needed to apply heat or ice to the injured area.
Obuguuda bwihanga butungire omurro ogwokutemba okwemihendo.,The economy is facing inflationary pressures.
nyikaire ninyetagisibya okusara sukali,I have needed to cut down on sugar.
"kakuba omuntu afwa, ekyaro kyona kija okunahukara, oba babamanyire muno rundi tibabamanyire","When someone died, the whole village comes to pay respects, whether they knew them well or not."
atafike omugabo gwa bakama babizinesi,He never missed a dividend payment.
ebyefuna bikahambirize emihendo y'ebintu okweyongera muno,The economy faced inflationary pressures.
"kakuba omuntu afwa omukyaro kyaitu, abantu bona besoroza baija okusagika eka","When someone die in our village, the whole community together came to support the family."
ekika kyabaiito nikija kulema bunyoro kurugira kimu mukyasi kya 16th,The Babiito dynasty will rule Bunyoro since the 16th century.
ngira obuzibu by'okutekana n'okuhuliriza,I have had difficulty concetrating.
Enganikyo zoleka ebya abantu abakuru ebibamanyire,Oral history projects record elders' memories.
embuzi nizihebwa omubazi gwenjoka buli kasumi,The goats are being dewormed regularly.
"ekiniga kizirege omubicweka ebiro ebimu ninsobora okwikya, ebiro ebindi tinkusobora","The grief has come in waves some days l can breath, some days l can't."
abasija abato bombekere orugo rw'ente ouhyaka,The young men have built the new kraal for the cattle.
"kakuba gavumenti ebaire etairemu sente kara, ntusobora okuba n'ebyobuhangwa ebiyounjo","If the government has invested in renewable energy earlier, we could have a cleaner environment now."
"kakuba ntatunga okwgaramu obumanzi nkabaza nawe kirokinu, titwanditungire obunyani bunu","If l does not muster the courage to talk to her that day, we would have missed out on this friendship."
obujanjabi bukakora hamu n'emibazi endi,The medication interacted with other drugs.
izaniro ly'emizano elihyaka balitekanize shakespeare azanira buli musizoni y'omusana,The new theater has staged Shakespeare plays every summer.
"kakuba omuntu afwa omukyaro kyaitu, abantu bona baija kwesoroza baije okusagika eka","When someone die in our village, the whole community has together come to support the family."
naija okundindisa okumara esha yona,She will make me wait for an hour.
akandindisa kumara esaaha,She made me wait for an hour.
Okusendwa kw'itaka kuleteriize abalimi kuleka itaka lyaabo bakagenda mu bibuga.,The soil erosion has been forcing forcing farers to abandon their land and move to cities.
"kakuba ntalitungire okwegaramu obumanzi nkabaza nawe kirokinu, titwanditungire obunyani bunu","If l did not muster the courage to talk to her that day, we would have missed out on this friendship."
ebyenfuna nibija kuhambiriza emihendo y'ebintu okweyongera muno,The economy will face inflationary pressures.
omusaija takasferwaya embaagwa,He has never missed a dividend payment.
Noija kwetaagibwa kuteekaho obutagasi rundi obufuki ha kicweka ekihutaire.,You'll need to apply heat or ice to the injured area.
ninyija kwijuka akasumi kenyini akaba munyani owamazima-nambere atalinsekeraize omukasumi obukaba ndi kubi,I will remember the exact moment l knew she was a true friend - when she didn't laugh at my worst moment.
abasaija abato nibaija okwombeka orugo rw'ente oruhyaka,The young men will build the new kraal for the cattle.
ebyafayo eby'okubaza byolekere okwijuka kw'abantu abakuru,Oral history has projected record elders ' memories.
omutendereza naija kumanyira abakuru nekizina kye ijo,The praise singer will honor the chief's bravery with his song yesterday.
enju yemizaano yaharutuutu empyaka nijja kwoolekaga emizano yasekisipiya buli bwiirre oburutagata,The new theater will stage Shakespeare plays every summer.
ninyija okugira obuzibu by'okutekana n'okuhuliriza,I will have difficulty concetrating.
abazirweneho bagarukire n'ebitekerezo ebihyaka n'okunihira,Veterans have returned with new ideas and expectations.
omusoro gwaberambanda guhambirize baingi omubusibi,Colonial taxation has forced many into wage labor.
abaserurizi nibaija kusoma endubata y'ebinyonyi obu barazonzora ekika ekihyaka ekyebinyonyi,The researchers will study bird migration patterns when they discovered a new species.
ebyafayo eby'okubaza byayolekaga okwijuka kw'abantu abakuru,Oral history projected record elders ' memories.
Abasebeni bakagaruka nentekereza empyaka hamu nokunihira.,Veterans returned with new ideas and expectations.
andindisize okumara esaha yona,She has made me wait for an hour.
"Omukyaro kyaitu omuntu obwafa ,abasi,bensi boona baterana bazagika abafeerwa.","When someone die in our village , the whole community comes together to support the family."
Omusoro og'wendema eya matwale kukahambiriza baingi kupagasa.,Colonial taxation forced many into wage labor.
"kakuba omuntu afwa omukyaro kyaitu, abantu bona nibaija kwesoroza baije okusagika eka","When someone die in our village, the whole community will together come to support the family."
ebyefuna bihambirize emihendo y'ebintu okweyongera muno,The economy has faced inflationary pressures.
abasaija abato bakombekere orugo r'ente oruhyaka,The young men built the new kraal for the cattle.
okaba oine okujwara pulasita kumara wiiki mukaaga,You needed to wear a cast for six weeks.
"omuro gutagwe mpaka nyenkya,ogaruke hairwaro","If the fever did not go down by tomorrow, come back to the clinic."
Uganda ey'ekyasa ekya 19 eri omubihandiiko ebyabakwenda abenjiri.,Missionary writings document 19th century Uganda.
abazirweneho bakagaruka n'ebitekerezo ebihyaka kandi n'okunihira,Veterans returned with new ideas and expectations.
Kiro kyaijo omuzini ahaisanizeege omunyoro habwo bumanzibwe.,The praise singer honored the chief's bravery with his song yesterday.
Omurundi gwokubanza nkagenda kutunga obujanjabi ekintu ekibangambiire ekinkaba nsemerire kuzonzora nyowe nyenka.,"The first time I went to therapy, I was terrified of what I might discover about myself."
"omurundi gw'okubanza okugenda mwoyomubudabuda, nkatina ekinazonzora hali nyowe","The first time I go to therapy, I was terrified of what I might discover about myself."
izaniroly'emizano erihyakalitekanizibwe shakespeare plays buli musizoni y'omusana,The new theater staged Shakespeare plays every summer.
"kakuba ntatunge okwegaramu obumanzi nkabaza nawe kirokinu, titwanditungire obuyani bunu","If l will not muster the courage to talk to her that day, we would have missed out on this friendship."
"kakuba gavumeti eratekamu sente omubintu ebikwegarukamu kara, ntusobora okuba n'ebyobuhangwa ebiyomjo","If the government will invest in renewable energy earlier, we could have a cleaner environment now."
nuwe yanyegeseze ngu tikine buzibu bwona okusaba obukonyezi,He was the one who taught me that it's okay to ask for help.
"Kakuba omuswija gutakeeha kikahika nyekya, ogaruke omu karwarro.","If the fever doesn't go down by tomorrow, come back to the clinic."
ninyijuka akasumi kenyini nikimanya akaba munyani owamazima-atansekereze omukasumi obukaba nidi kubi,I remembered the exact moment l knew she was a true friend - when she didn't laugh at my worst moment.
akandindisa okumara esaha yona,She made me wait for an hour.
"Enyunyuzi zaaka kukungi obuziba zili haraha ,n'etaara zomwabuga.",The stars shine brightly in the night sky away from city lights.
takafikaga omugabo gwa abakama babizinesi,He has never missed a dividend payment.
enyange nija kwemera kurungi muno omumaizi gahaihi,The egret will stand perfectly still in the shallow water.
"kakuba omuntu afwa, ekyaro kyona nikija okunahukara, oba babamanyire muno rundi tibabamanyire","When someone will die, the whole village comes to pay respects, whether they knew them well or not."
buli muntu orukwija kutangatangana amanyire ekintu ky'otamanyire - nigw'omugisa kukyega,Every person you will meet knows something you don't — that's a chance to learn.
enyange ekaimera kurungi muno mumaizi gahaihi,The egret stood perfectly still in the shallow water.
"Obusasi bwija nkebigonzi ebiro ebimu ninyikya ,ebiro ebindi tindukusobora.","The grief comes in waves some days l can breath , some days l can't."
tarukwija kufika omugabo gwa abakama babizinesi,He will never miss a dividend payment.
enyunyuzi zikaka muno ekiro omumwanya kukira ebitara by'omurubuga,The stars brightly shone in the night sky away from city lights.
ebyafayo eby'okubaza nibija kwoleka okwijuka kw'abantu abakuru,Oral history will project record elders ' memories.
enyange imerire kurrngi muno omumaizi gahaihi,The egret has stood perfectly still in the shallow water.
"kakuba omuro guba tigugwire mpaka nyenkya, ogaruke hairwaro","If the fever has not gone down by tomorrow, come back to the clinic."
obujanjabi nibwija kukorahamu n'emibazi endi,The medication will interact with other drugs.
ninyija okusara sukali,I will need to cut down on sugar.
"Kakuba ntaratungire obumanzi bw'okubaza nawe eki, twakuferirwe buno obunywani.","If l hadn't mustered the courage to talk to her that day , we would have missed out on this friendship."
nyijukire aksumi kenyini nkimanyire akaba munyani owamazima-nambere atalinsekeraize omukasumi obukaba kubi,I have remembered the exact moment l knew she was a true friend - when she didn't laugh at my worst moment.
"omuro tigurukwija kugwa mpaka nyekya, ogaruke hairwaro","If the fever will not go down by tomorrow, come back to the clinic."
"Omuntu obwafa , ekyaro kiija kugaragara , kababe bamanyire kurungi rundi tibamanyire.","When someone dies , the whole village comes to pay respects , whether they knew them well or not."
Omubazi nigusobora kukoragana n'emibazi endi.,The medication may interact with other drugs.
"ekiniga kiaizira omubicweka ebiro ebimu nisobora kwikya, ebiro ebindi tinkusobora","The grief came in waves some days l can breath, some days l can't."
okuhandika kwabaramagi kukatandika mukyasa kya 19th m'uganda,Missionary writings documented 19th century Uganda.
omutendereza amanyira abakuru nekizina kye ijo,The praise singer honors the chief's bravery with his song yesterday.
Obulemi obw'ababiito bwebembiire Bunyoro kuruga omukyasa ekya ikumi na mukaaga.,The Babiito dynasty has ruled Bunyoro since the 16th century.
"akasumi kona mbaire nitekereza ntungire okugarukwamu, nyega ekintu kihyaka","Everytime I have thought I've figured it out, I learn something new."
egali y'omwika eraba aheru y'orubuga neja kuba nungi muno nti nkaba ntasobora okubyama ntagirozire,The train ride through the countryside will so be beautiful that i did'nt sleep a wink.
Ninyujuka akasumi akananyiire kimu ngu nuwe nywani owahikire- obwataransekeriize omukasu kange akabi.,I remember the exact moment l knew she was a true friend - when she didn't laugh at my worst moment.
enyunyuzi zakire muno ekiro omumwanya kukira ebitara by'omurubuga,The stars have brightly shone in the night sky away from city lights.
"ekiniga nikija kwija omubicweka ebiro ebimu nisobora kwikya, ebiro ebindi tinkusobora","The grief will come in waves some days l can breath, some days l can't."
egali y'omwika eraba aheru y'orubuga ekaba nungi muno nti nkaba ntasobora okubyama ntagirozire,The train ride through the countryside was so beautiful that i did'nt sleep a wink.
"kakuba omuntu afwa, ekyaro kyona kija okunahukara, oba babamanyire muno rundi tibabamanyire","When someone has died, the whole village comes to pay respects, whether they knew them well or not."
enyunyuzi nizija kwaka muno ekiro omumwanya kukira ebitara by'omurubuga,The stars will brightly shine in the night sky away from city lights.
"omurundi gw'okubanza nkagenda mwoyomubudabuda, nkatina ekinazonzora hali nyo","The first time I have gone to therapy, I was terrified of what I might discover about myself."
okutwarwa kwitaka kukaletera abalimi okuleka itaka lyabo kandi bakagenda ummbuga,The soil erosion forced farers to abandon their land and move to cities.
nuwe akwija okunyegesa ngu tikine buzibu bwona okusaba obukonyezi,He will be the one who taught me that it's okay to ask for help.
embuzi bakaziha omubazi gw'enjoka nkabulikiro,The goats were regularly dewormed.
noija kwetagisa okutekaho kwokya rundi aisi nambere hatungire obuhuta,You will need to apply heat or ice to the injured area.
ekika kyababiito kilema bunyoro kurugira kimu omukyasa kya 16th,The Babiito dynasty rules Bunyoro since the 16th century.
"akasumi kona ninyija kutekereza ntungire okugarukwamu, nyega ekintu kihyaka","Everytime I will think I've figured it out, I learn something new."
obujanjabi bukozire hamu n'emibazi endi,The medication has interacted with other drugs.
buli muntu watangantangaine amanyire ekintu ky'otamanyire - nigw'omugisa kukyega,Every person you met knows something you don't — that's a chance to learn.
Abasigazi nibakora orugo rw'ente.,The young men are building the new kraal for the cattle.
omusoro gwa aberambanda gukahambiriza baingi omubusibi,Colonial taxation forced many into wage labor.
okutwarwa kwitaka kihambiriza abalimi okuleka itaka lyabo kandi bagenda mumbuga,The soil erosion forces farers to abandon their land and move to cities.
"kakuba gavumenti etekamu sente omubintu ebikyegarukamu kara, ntusobora okuba nebyobuhangwa ebiyonjo","If the government invests in renewable energy earlier, we could have a cleaner environment now."
Nuwe yangambiire ngu kirungi kusaba obuyambi.,He's the one who taught me that it's okay to ask for help.
omusoro gwa aberambanda nigwija kuhambiriza baingi omubusibi,Colonial taxation will force many into wage labor.
okuhandika kwabaramagi kukatandikwaho omukyasa kya 19th om'uganda,Missionary writings have documented 19th century Uganda.
Abebyokuseruliriza bakaba nibecumitiriza obubarozire emiringo y'ebinyonyi ebihyaaka.,The researchers were studying bird migration patterns when they discovered a new species.
noyetagisa okujwara pulasita okumara wiiki mukaaga,You have needed to wear a cast for six weeks.
"akasumi kona ntekereza ntungire okugarukwamu, nyega ekintu kihyaka","Everytime I thought I've figured it out, I learn something new."
Noija kwetaaga kujwara ekiseminti kumara sabiiti mukaaga.,You'll need to wear a cast for six weeks.
okutwarwa kwitaka nikwija okuletera abalimi okuleka itaka lyabo kandi bakagenda mumbuga,The soil erosion will force farers to abandon their land and move to cities.
"Obuntekereza ngu nkyetegeriize,nubwo nyega ekintu ekihyaka.","Everytime I think I've figured it out, I learn something new."
abaserurizi basoma endubata y'ebinyonyi obu bazonzora ekika ekihyaka ekyebinyonyi,The researchers study bird migration patterns when they discovered a new species.
ekitebe kikagwa omu 1977 habw'okwahukana mupolipo,The community collapsed in 1977 due to political differences.
ekitebe nikija kugwa omu1977 habw'okwahukana mupolipo,The community will collapse in 1977 due to political differences.
abaserurizi basomereho endubata y'ebinyonyi obu bazonzoire ekika ekihyaka ekyebinyonyi,The researchers have studied bird migration patterns when they discovered a new species.
Orugendo rwegaali y'omwika kuraba omu bugwa izooba rukaba muno habwokuba nta hungi reho kakube kukoimya.,The train ride through the countryside was so beautiful that i did'nt sleep a wink.
buli muntu oratangatangaineho amanyire ekintu ky'otamanyire - nigw'omugisa kukyega,Every person you have met knows something you don't — that's a chance to learn.
oyetagisize okutekaho okwokya rundi aisi nambere hantungire obuhuta,You have needed to apply heat or ice to the injured area.
ninyenda okusara sukali,I needed to cut down on sugar.
Ekitebe kikahwahi omumwaka ogwa 1977 habwobutetegerezangana omubyendema.,The community collapsed in 1977 due to political differences.
noija kwetagisibya okujwara pulasita okumara wiiki mukaaga,You will need to wear a cast for six weeks.
abazirweneho nibaija kugaruka n'ebitekerezo ebihyaka n'okunihira,Veterans will return with new ideas and expectations.
embuzi nibaja kuziha omubazi gw'enjoka nkabulikiro,The goats will regularly be dewormed.
nkaba nyine obuzibu n'okutekana ahahuliriza,I had difficulty concetrating.
sitage y'ebyemizano empyaka shakespeare azanira buli musizoni youmsana,The new theater stages Shakespeare plays every summer.
okuhandika kwabaramagi nikwija okutandika omukyasa kya 19th m'uganda,Missionary writings will document 19th century Uganda.
ekitebe kigwire omu 1977 habw'okwahukana mupolipo,The community has collapsed in 1977 due to political differences.
ninyetaga kukehya sukali,I need to cut down on sugar.
"omuntu weena owotaganana tangana anyina ekyamanyire iwe ekyotamanyire , kandi kinu nikisemera kukuha omugisa okwega",Every person you meet knows something you don't—that's a chance to learn.
"buli mugenzo gubaire gwine ekigurukumanyisa,nobu kiraba tutukugwetegereza","Every ritual has had a meaning, even if we don't always understand it."
Omurwaire nayoleka oburorwaho bwokuba kubi.,The patient is showing signs of sepsis.
"nkaba ntakinihira nti ninyija kumaraho omwaka gunu, baitu hati ndihanu","I did not think I'd make it through that year, but here I am."
kaliitango y'okwegesa habyobuhangwo ehikireho abantu abarukuhingura mukyaaro,The environmental awareness campaign has reached over one million people.
ekikali kyatooro mu FORT PORTAL kikasikiriza abagenyi baingi,The Tooro palace in Fort Portal attracted many visitors.
tukaha amata g'ente ag'okubaza hali ba'isekuru itwe,We gave the first milk from the cow to the ancestors.
Kugarraho buhyaka ebyasisikaire nukugenda omumaiso omubikaro ebyasisikaire.,Reconstruction efforts continue in affected areas.
tuhaireyo okwongezebwa kwa waranti hamasanyarazi,We offered extended warranties on electronics.
banka enkuru ekeheze amagoba,The central bank has lowered interest rates.
amani g'okwombeka buhyaka geyongire omubicweka ebyali bihikirweho,Reconstruction efforts continued in affected areas.
abaseruruzi nibaja kusomaho engrri y'okuhindukahinduka y'enyikara ekutabaniza ebwokulya obubatandikireho enkora empyaka,The researchers will study the impact of climate change on food security when they developed new adaptation strategies.
"kakuba abantu batalisiza muno, itaka nirija kusigara rw'orwezo","If the community does not overgraze the land, the soil would still be fertile."
ninyja okusasura ebintu byange nsuwarensi ijo,I will pay my property insurance yesterday.
"Kakuba nakukozire ekintu ntaine butiine butiini bwokugwa, nakutandikireho entaahya yange.","If l could do anything without fear of failure , l'd start my own business."
UPDF yetaba omubikorwa by'okulinda obusinge,UPDF participates in peace keeping missions.
ayenyumirize omukucumba kwe,She has prided herself on her cooking.
Ekaali kya Tooro omu Fort Portal kisikiriza abagenyi baingi.,The Tooro palace in Fort Portal attracts many visitors.
abaire nuwe ogu eyanyegeseze ngu tikine buzibu bwona okukonyezi,He has been the one who taught me that it's okay to ask for help.
nitwija kuha amata g'ente ag'okubaza hali ba'isekuru itwe,We will give the first milk from the cow to the ancestors.
tujagwize amagesa hakumalira kwa sizoni,We have celebrated the harvest festival at the end of the season.
ekikali kyatooro mu FORT PORTAL kikasikiriza abagenyi baingi,The Tooro palace in Fort Portal will attract many visitors.
obubakozire okuseruruza okubatetekanize,When they have made unexpected discoveries.
nkozeseze kadi yabanka okutunga obugoba,I have used a credit card for the rewards points.
Abalimi bakozesa ebijunzire kwongera oburungi omu itaka.,Farmers use compost to improve soil structure.
orufu rwa isenkuru nyowe kiri kijaguzo ky'obwomezibwe - yatugambiraga enganikyo kandi twsekaga kuraba omumaziga gaitu,My grandfather's funeral is a celebration of his life - e told stories and laughed through our tears.
orufu rwa isenkuru nyowe rubairekijaguzo ky'obwomezibwe - yatugambiraga enganikyo kandi twasekaga kuraba omuziga gaitu,My grandfather's funeral has been a celebration of his life - e told stories and laughed through our tears.
izaniro ly'emizano elihyaka likakingurwaho hali abantu abaine obulema,The new theater was accessible to people with disabilities.
"kakuba abantu batarukwija kulisiza muno, itaka nirija kusigara ry'orwezo","If the community will not overgraze the land, the soil would still be fertile."
omuranga gw'okumanyira eby'obuhangwa nigwija kuhika akakaikuru kamu,The environmental awareness campaign will reach over one million people.
omuranga gw'okumanyira eby'obuhangwa guhikire abantu akakaikuru kamu,The environmental awareness campaign reaches over one million people.
UPDF eketaba omubikorwa by'okulinda obusinge,UPDF participated in peace keeping missions.
obujanjabi nibwija kuba bwoburumi baitu nibukoraho,The treatment will be painful but is usually effective.
amani g'okwombeka buhyaka geyongire omubicweka ebyali bihikirweho,Reconstruction efforts have continued in affected areas.
obujanjabi bubaire bwoburumi baitu nibukoraho,The treatment has been painful but is usually effective.
obubarakora okuseruruza okubatetekanize,When they make unexpected discoveries.
akatekamu sente nyingi muno,He invested in a hedge fund.
okaire noyetagisibwa okwikaza okuguru kwawe kwimukize kukehya okuzimba,You have needed to keep your leg elevated to reduce swelling.
tujaguza amagesa hakumalira kwa sizoni,We celebrate the harvest festival at the end of the season.
Hampero ey'ebiro eby'okugesa nitwija kukora obugenyi.,We will celebrate the harvest festival at the end of the season.
niyinja okusasura ebintu byange nsuwarensi ijo,I have paid my property insurance yesterday.
noija okwetagisibwa okwikaza okuguru kwawe kwimukize kukehya okuzimba,You will need to keep your leg elevated to reduce swelling.
abaana baitu nibaija okuhura nkonku twatangatagaine - batuletereza okukibazaho buli hanyuma y'omwaka mubuswere baitu,Our children will hear the story of how we met -they make us tell it every anniversary.
ebibo emyaka ebaire nungi hansi eyimukire,The new variety has been suitable for higher altitudes.
izaniro ly'emizano elihyaka likigwireho hali abantu abane obulema,The new theater has been accessible to people with disabilities.
"Abarukuseruliriza bakaba nibecumuliriza habirukubaho habwempinda hinduka y'obwire haby'okulunda ebyokulya ,obubatandukire emihanda y'okulinda empyaaka.",The researchers were studying the impact of climate change on food security when they developed new adaptation strategies.
"buli mugenzo nigwija kugira ekirukumanyisa, nobu kiraba tutukugwetegereza","Every ritual will have a meaning, even if we don't always understand it."
banka enkuru ekehya amagoba,The central bank lowers interest rates.
banka enkuru ekakehya amagoba,The central bank lowered interest rates.
"ntindikwija kunihira nti ninyija kumaraho omwaka gunu, baitu hati ndihanu","I will not think I'd make it through that year, but here I am."
nyowe nkozesa kaada -nsimbi habwobusiimo.,I use a credit card for the rewards points.
omuranga gw'okumanyira eby'obuhangwa gukahika abantu akakaikuru kamu,The environmental awareness campaign reached over one million people.
nsasura ebintu byange nsuwarensi ijo,I pay my property insurance yesterday.
Ekiro ekyaijo nsaswirege ensuwarensi eya matungo gange,I paid my property insurance yesterday.
abalimi bakakozesa ebijunzire okuhidura engeri y'itaka,Farmers used compost to improve soil structure.
ekiikaro kyokukoorramu emizaano nikiiji kwanguhira naabalema kukutahamu,The new theater will be accessible to people with disabilities.
Omusaija asaswire amabanjage goona,He has paid off all his debts.
abaseruruzi basomereho engeri y'okuhindukahindikuka y'enyikara ekutabaniza ebyokulya obubatandikireho enkora empyaka,The researchers have studied the impact of climate change on food security when they developed new adaptation strategies.
nkozeseze kadi yabanka okutunga obugoba,I used a credit card for the rewards points.
atekamu sentu nyigi muno,He invests in a hedge fund.
"Orufu rwalsenkuru nyowe rukuba rwokujaguza obuwomezibwe -nobukiraba tukaba tuli omumazisa, tukamubazaaho ,nokuseka twaseka.",My grandfather's funeral was a celebration of his life - e told stories and laughed through our tears.
nkaba nyine esaara eyinasabaga kakuba mpura oturo - nikyo kintu ky'okumalira omubwongo bwange,I had a prayer I say when I'm falling asleep-it's the last thing on my mind.
abaana baitu bahulire nkonku twatangatagaine - batuletereza okukibazaho buli hanyuma y'omwaka mubuswere baitu,Our children have heard the story of how we met -they make us tell it every anniversary.
akenyumirizamu omukucumba kwe,She prided herself on her cooking.
"tifwireyo biki obworukwija kabaza, tinkwija kuhindura ebitekerezo byange","No matter what you will say, I won't change my mind."
omusaija abyaire omu mutemwa kahagura,He has invested in a hedge fund.
noyetagisibwa okuwikaza okuguru kwawe kwimukize kukehya okuzimba,You needed to keep your leg elevated to reduce swelling.
naija kutekamu sente nyingi muno,He will invest in a hedge fund.
banka enkuru niija kukekya amagoba,The central bank will lower interest rates.
ablimi nibaja kuozesa ebijunzire okuhindura engeri y'itaka,Farmers will use compost to improve soil structure.
"Nkaba ntamanyire ndisobora kurabamu ogu omwaka, baitu dora kandi hanu.","I didn't think I'd make it through that year, but here I am."
Nyina esaara eyinsaba obunkwatwa otuuro-nikyo kintu kyokumalirra ha bwongo bwange.,I have a prayer I say when I'm falling asleep-it's the last thing on my mind.
akasasura amabanjage gona,He paid off all his debts.
kampuni eriyo netaaha omubutale obuhyaka.,The company is entering new markets.
naija okusasura amabanjage gona,He will pay off all his debts.
izaniro ly'emizano elihyaka likingwire hali abantu abaine obulema,The new theater is accessible to people with disabilities.
embibo enu emyaka nija ruba nungi ha bwebicweeka ebyensozi,The new variety will be suitable for higher altitudes.
ninyija kugira esaara eyinasabaga kakuba mpura oturo - nikyo kintu ky'okumalira omubwongo bwange,I will have a prayer I say when I'm falling asleep-it's the last thing on my mind.
ebibo empyaka nekora kurungi hansi eyimukire,The new variety is suitable for higher altitudes.
ninyija kusanga ruhanga ayanguhire muno omu by'obuhangwa kukira omubyombeko,I will find God more easily in nature than in any building.
Noyetaagwa kwikaza okuguru kuhanikirwe kukehya okuzimba.,You'll need to keep your leg elevated to reduce swelling.
"tifwireyo biki bwobailize, tinkwija kuhindura ebitekerezo byange","No matter what you said, I won't change my mind."
Obubavumbuire ebibakaba batarukuruhira.,When they made unexpected discoveries.
UPDF nija okwetaba omubikorwa by'okulinda obusinge,UPDF will participate in peace keeping missions.
tuhaireyo okwongezebwayo waranti ha masanyarazi,We have offered extended warranties on electronics.
Omubazi nigusobara kusasa baitu nigukora.,The treatment can be painful but is usually effective.
ebintu by'emikono by'enzarwa tutwaraine okukora orubugo,Traditional crafts have included barkcloth making.
omrwaire naija kwoleka oburorwaho obwokwekengera,The patient will show signs of sepsis.
itwe tuha endagaano eraihireho eyokulinda ebyamasanyarazi ebiguzirwe.,We offer extended warranties on electronics.
ebicoli bikasiswa kadoima,The maize crop was damaged by fall armyworm.
hobworambagambaki tinsobora kuhingisa ebitekerezo,"No matter what you say, I won't change my mind."
nsangire ruhanga ayanguhire muno omuby'obuhangwa kukira omubyombeko,I have found God more easily in nature than in any building.
"tifwireyo ogambireki, tikwija kuhindura ebitekerezo byange","No matter what you have said, I won't change my mind."
abaana baitu bakahura nkonku twatangatagaine- batuletereza okukibazaho buli hanyuma y'omwaka mubuswere baitu,Our children heard the story of how we met -they make us tell it every anniversary.
naija okwenyumirizamu omukucumba kwe,She will pride herself on her cooking.
"buli mugenzo gwali gwine ekigurukumanyisa, nobu kiraba tutukugwetegereza.","Every ritual had a meaning, even if we don't always understand it."
ebicoli bisisirwe kadoima,The maize crop is damaged by fall armyworm.
tukajaguza amagesa hakumalira kwa sizoni,We celebrated the harvest festival at the end of the season.
"kakuba nakozire ekintu kyona ntaine okutina rundi okulemererwa,ninyija okutandikaho bizinesi yange","If l did anything without fear of failure, l'd start my own business."
"tikatekerezahoga nti ninyija okumaraho omwaka gunu, baitu hati ndihanu","I have not thought I'd make it through that year, but here I am."
omrwaire ayolekerege oburorwaho obwokwekengera,The patient showed signs of sepsis.
kampuni nija kutaha mukatale akahyaka,The company will enter new markets.
obubarakoradi okuseruruza okubatetekanize,When they will make unexpected discoveries.
orufu rwa isenkuru nyowe nirwija kuba kijaguzo ky'obwomezibwe - yatugambiraga enganikyo kandi twasekaga kuraba omumaziga gaitu,My grandfather's funeral will be a celebration of his life - e told stories and laughed through our tears.
ebintu by'emikono by'enzarwa tutwaraine okukora orubugo,Traditional crafts included barkcloth making.
Omumirimo eyengaro ahakaba harumu n'okuteera embugo.,Traditional crafts included barkcloth making.
"kakuba mba nkozire ekintu kyona ntaine kutina rundi okulemererwa, ninyija kutandikaho bizinesi yange","If l has done anything without fear of failure, l'd start my own business."
kampini ekataha omukatale akahyaka,The company entered new markets.
ayehaisa we wenka habwencumbaye,She prides herself on her cooking.
amani g'okwombeka buhyaka nigaija kweyongera omubicweka ebyalibihikirweho,Reconstruction efforts will continue in affected areas.
obujanjabi bwali bwoburumi baitu bukakoraho,The treatment was painful but is usually effective.
"kakuba abantu batalisize muno, itaka lyandisigaire ry'orwezo","If the community has not overgrazed the land, the soil would still be fertile."
ebicoli nibija kusisibwa kadoima,The maize crop will be damaged by fall armyworm.
UPDF eketaba omubitebe kalinda businge.,UPDF has participated in peace keeping missions.
tuhaire amata g'ent ag'okubanza hali ba'isenkuru itwe,We have given the first milk from the cow to the ancestors.
Abaana baitu benda kuhurra oruganikyo nkoku twatangatangaine.,Our children love hearing the story oh how we met -they make us tell it every anniversary.
"Kakuba abasi bensi batungire itaka likooto eryokulisizamu, itaka lyakubaire likyarumu ekiriisa.","If the community had not overgrazed the land, the soil would still be fertile."
nkagira esaara eyinasabaga kakuba nahuraga oyuro - nikyo kintu ky'okumalira omubwongo bwange,I have had a prayer I say when I'm falling asleep-it's the last thing on my mind.
abaseruruzi bakasomaho engeri y'okuhinduka hinduka y'enyikara ekutalibaniza ebwokulya obubatandikireho enkora empyaka,The researchers study the impact of climate change on food security when they developed new adaptation strategies.
Ndora muno Ruhanga omubimera kukira onubyombeko.,I find God more easily in nature than in any building .
asaswire amabanjage gona,He has paid off all his debts.
Buli murwa guba namakuru noobu kiraaba tutugetegereza.,"Every ritual has a meaning, even if we don't always understand it."
omurwaire ayolere oburorwaho obwokwekengera,The patient has shown signs of sepsis.
ebintu by'emikono by'enzarwa nitwija kutwarana okukora orubugo,Traditional crafts will include barkcloth making.
"Tubanza okuha abakuru abaira , amata agatubanza okukama omunte.",We give the first milk from the cow to the ancestors.
ebibo empyaka ekaba esemerire hansi eyimukire,The new variety was suitable for higher altitudes.
nitwija okwongezayo waranti hamasanyarazi,We will offer extended warranties on electronics.
ekikali kya tooro mu FORT PORTAL kisikirize abagenyi baingi,The Tooro palace in Fort Portal has attracted many visitors.
ninyija okukozesa kadi yabanka okutunga obugoba,I will use a credit card for the rewards points.
"kakuba ninyija kukora ekintu kyona ntaine okutina rundi okulemererwa, ninyija kutandikaho bizinesi yange","If l will do anything without fear of failure, l'd start my own business."
abalimi bakozesaze ebijunzire okuhindura engeri y'itaka,Farmers have used compost to improve soil structure.
Omusiri gw'ebicooli gulirwe kandi gwasiswa ihe ly'empuhira.,The maize crop has been damaged by fall armyworm.
kampuni etahire omukatale akhyaka,The company has entered new markets.
nsangire ruhanga ayanguhire muno omuby'obuhangwa kukira ebyombeko,I found God more easily in nature than in any building.
"Ab'ekitongole kyebitwehinguliriize eky'ebyeruyegesa batairemu omuhumbo ab'emyaaka erw kuuba bebembezi,bebitwehinguliriize.",The environmental education center has inspired a new generation of environmental leaders.
isomero ly'ebyobuhangwa likagaramu amani abebembezi abeby'obuhangwa ab'omulembe omuhyaka,The environmental education center inspired a new generation of environmental leaders.
isomero ly'ebyobuhangwa nirija okugaramu amani abebembezi abeby'obuhangwa ab'omulebe omuhyaka,The environmental education center will inspire a new generation of environmental leaders.
"Omuzaano ogworutimbi ourukusekesa buli omu, nagubazaaho.",The new comedy series on television has everyone talking.
katemba empyaka hativi ekaba ine bulyomu nabaza,The new comedy series on television had everyone talking.
katemba empyaka hativi nija kuba ine bulyomu nabaza,The new comedy series on television will have everyone talking.
katemba empyaka hativi ekaire ine bulyomu nabaza,The new comedy series on television has had everyone talking.
Haibandiro nuho turukwiija kujaguliza ebijuma ebyokubanza.,We will celebrate the first fruits with a ceremony at the shrine.
tujaguza ebijuma ebyokubanza n'ekijaguzo hairamizo,We celebrate the first fruits with a ceremony at the shrine.
nitwijaguza ebijuma ebyokubanza n'ekijaguzo hairamizo,We celebrated the first fruits with a ceremony at the shrine.
tujagwize ebijuma ebyokubanza n'ekijaguzo hairamizo,We have celebrated the first fruits with a ceremony at the shrine.
"Ekiro ekyaijo omurwa gw'okulinda ebirimwa, omwigi wenjura agukozirege.",The rainmaker performed the ritual to protect the crops yesterday.
anagisa enjura abanza okukora emigenzo kulinda ebirimwa ijo,The rainmaker performs the ritual to protect the crops yesterday.
anagisa enjura naija kubanza okukora emigenzo kulinda ebirimwa ijo,The rainmaker will perform the ritual to protect the crops yesterday.
anagisa enjura akozire emigenzo lulinda ebirimwa ijo,The rainmaker has performed the ritual to protect the crops yesterday.
Aine omulingo ogwandoramu ogunde tera kwehurra nk'omuntu wenka omunsi yoona.,She has this way of looking at me that makes me feel like the only person in the world
akaba aine engeri akundoramu eyekaba nendetera okuhura ninyo nyeka omunsi,She had this way of looking at me that makes me feel like the only person in the world
naija okugira engeri akwija okundoramu endetere okuhura ninyowe nyeka omunsi,She will have this way of looking at me that makes me feel like the only person in the world
akaba aine engeri akaba nandoramu nendetera okuhura ninyowe nyeka omusi,She has had this way of looking at me that makes me feel like the only person in the world
obusiri bwensigo zokubyara busemeza omulingo gwiltaka,Permanent beds improve soil structure.
ebitabu ebihanganzi bihindura engeri y'itaka,Permanent beds improved soil structure.
ebitabu ebihangazi nibija okuhindura engeri y'itaka,Permanent beds will improve soil structure.
ebitabu ebihanganzi bihindwire engeri y'itaka,Permanent beds have improved soil structure.
Kukuba oburorwaho bugumizamu hikirra abafumu ahonaho.,"If the symptoms worsen, seek medical attention immediately."
"kakuba oburorwaho bweyongera, omusere obuyambi by'abafumu bwango","If the symptoms worsened, seek medical attention immediately."
"kakuba oburorwaho bwija okweyongera, musere obuyambi by'abafumu bwango","If the symptoms will worsen, seek medical attention immediately."
"kakuba oburorwaho bweyongeraho, musere obuyambi by'abafumu bwango","If the symptoms have worsened, seek medical attention immediately."
Nitwija kujaguza empero y'ekyanda nomukoro gw'okusiima.,We will celebrate the end of the dry season with a ceremony of thanks.
tujaguza okumalira kw'ekyanda n'ekijaguzo ky'okusima,We celebrate the end of the dry season with a ceremony of thanks.
tukajaguza okumalira kw'ekyanda n'ekijaguzo ky'okusima,We celebrated the end of the dry season with a ceremony of thanks.
tujagwize okumalira kw'ekyanda n'ekijaguzo ky'okusima,We have celebrated the end of the dry season with a ceremony of thanks.
Akatebe akobutale nikalengesaho emikura kamanyisa amakuru,The marketing team is testing new advertising channels.
abarangi bakarozaho omukutu gw'okurangira omuhyaka,The marketing team tested new advertising channels.
abarangi nibaija okurozaho omukutu gw'okurangira omuhysks,The marketing team will test new advertising channels.
abarangi barolezeho omukutu gw'okurangira omuhyaka,The marketing team has tested new advertising channels.
Abafumu abenzaarwa bakozesaaga ebisaka n'emyoyo emibi.,Traditional healers used herbs and spiritual practices.
omufumu akakozesa ebisaka n'oburogo,Traditional healers used herbs and spiritual practices.
omufumu naija okukozesa ebisaka n'oburogo,Traditional healers will use herbs and spiritual practices.
omufumu akozeseze rbisaka n'oburogo,Traditional healers have used herbs and spiritual practices.
engabi katanga ekairuka ekirurru neliina hurutu kukurwaata,The gazelle ran so fast that the cheetah could not catch it.
amaya iruka muno nti ekitalago tesobora okugigwata,The gazelle so fast ran that the cheetah could not catch it.
amaya nija kwiruka muno nti ekitalago tikisobora okugikwata,The gazelle will so fast run that the cheetah could not catch it.
amaya ekakairuka muno nti ekitalago tikisobora okugikwata,The gazelle has so fast run that the cheetah could not catch it.
Kampuni eri mukusindikwa abemigabo,The company is facing shareholder activism.
kampuni ekatangatangana okweteranizamu kw'abemigabo,The company faced shareholder activism.
kampuni neja kutangatangana okweteranizamu kw'abemigabo,The company will face shareholder activism.
kampuni etangaine okweteranizaho kw'abemigabo,The company has faced shareholder activism.
Kulima kwemikiiko hansozi kuhondera emera yensi eyobuhangwa.,Contour plowing follows the land's natural contours.
okulima enyiringani kukahondera orugyegye orwobuhangwa,Contour plowing followed the land's natural contours.
okulima enyiringani nikwija okuhondera orugyegye orwobuhangwa,Contour plowing will follow the land's natural contours.
okulima enyiringanikihondire orugyegye orwobuhangwa,Contour plowing has followed the land's natural contours.
Omunyikiriza eyenzaarwa harumu okumanya omuhangi.,Traditional religion included belief in a supreme creator.
okubandwa kubamu okwikiriza muruhanga,Traditional religion included belief in a supreme creator.
okubandwa nikwija kubamu okwikiriza muruhanga,Traditional religion will include belief in a supreme creator.
okubandwa kubairemu okwikiriza omuruhanga,Traditional religion has included belief in a supreme creator.
"Kakuba nali ntatiire hansi y'ibaale , tinakwongiire kwombeka obw'omeezi bwange nkooku bugondeze.","If l had'nt hit rock bottom , l never would have rebuilt my life the way l wanted it."
"kakuba ntalitire obutobo bw'ibale, tinandyombekere obwomezi bwange ngeri nali ni nyenda","If l had'nt hits rock bottom, l never would have rebuilt my life the way l wanted it."
"kakuba ntatereobutobo bw'ibale, tinandyombekere obwomezi bwange ngeri nali ni nyenda","If l had'nt will hit rock bottom, l never would have rebuilt my life the way l wanted it."
"kakuba nalintalitire obutobo bw'ibale, tinandyombekere obwomezi bwange ngeri nali ni nyenda","If l had'nt has hit rock bottom, l never would have rebuilt my life the way l wanted it."
Amaarwa ago'kubanza kuruga omu maarwa agalisiibwe buhyaka tugahongera baisenkuru itwe abaira.,We offer the first beer from the new brew to the ancestors.
tukagaba biya ey'okubanza kuruga omwihisizo erihyaka hali byaisenkuru itwe,We offered the first beer from the new brew to the ancestors.
nitwija kutunda omwenge ogw'okubanza kuruga omwihisizo erihyaka hali byaisenkuru itwe,We will offer the first beer from the new brew to the ancestors.
tuhaire omwenge ogw'okubanza kuruga omwihisizo erihyaka hali byaisenkuru itwe,We have offered the first beer from the new brew to the ancestors.
Enyikiriza enzaarwa ekaba erumu emirwa y'okwisa enjura n'okugesa.,Traditional religion included rituals for rain and harvest.
okubandwa kukaba kulimu emigenzo y'enjura n'okugesa,Traditional religion included rituals for rain and harvest.
okubandwa nikwija kubamu emigenzo y'enjura n'okugesa,Traditional religion will include rituals for rain and harvest.
okubandwa kubairemu emigenzo y'enjura n'okugesa,Traditional religion has included rituals for rain and harvest.
obuguuda bwihanfa nubuleberizibwe okukurra ha ndubata ingaine -ingaine,The economy is projected to grow at a moderate pace.
ebyefuna bakabitebereza okukura mporampora,The economy was projected to grow at a moderate pace.
ebyefuna nibija okuteberizibwa okukura mpora mpora,The economy will be projected to grow at a moderate pace.
ebyefuna biteberizibwe okukura mporamporam,The economy has been projected to grow at a moderate pace.
"Omutekanisa webisisani by'oeutmbi ayecencwiire omuzaana gw'ebisisani ebiruugenda , n'amaraka gaakyo kandi ayeteekaiize kugwoleka omunsi yoona.",The filmmaker has edited her movie and is ready to show it to the world.
omukozi wafilimu ahinduramu omuzanogwe kandi ayetekanize okugwoleka ensi,The filmmaker edits her movie and is ready to show it to the world.
omukozi wafilimu akahinduramu omuzanogwe kandi ayetekanize okugwoleka ensi,The filmmaker edited her movie and is ready to show it to the world.
omukozi wafilimu naija okuhinduramu omuzanogwe kandi ayetekanize okugwoleka ensi,The filmmaker will edit her movie and is ready to show it to the world.
"Buli mwaka,nyetegerezaho muno kyonka nyetwarra bike.","Every year, I understand a little more and claim a little less."
"buli mwaka, nketegerezamu kataito kandi nayebundaza kataito","Every year, I understood a little more and claim a little less."
"buli mwaka, ninyija okwetegerezamu kataito kandi nyebundanze kataito","Every year, I will understand a little more and claim a little less."
"buli mwaka, nyetegereza kataito kandi nyebundaza kataito","Every year, I have understood a little more and claim a little less."
Ekiro ekyaijo nkasasura ibanja lyamaizi.,I paid my water bill yesterday.
nkasasu amaizi gange ijo,I pay my water bill yesterday.
ninyija okusasura amaizi gange ijo,I will pay my water bill yesterday.
nsaswire amaizi gange ijo,I have paid my water bill yesterday.
"Hakubatizibwa kwamunywani wange, nkabaho nobundaba ntali mukristo baitu gwali mugisa kubaho.",I attended a friend's baptism even though I'm not christian-it was an honor to witness.
nkataha okubatizibwa kwamunyani wange nobu kiraba tindi mukurisitayo- kibaire kyekitinisa okuba kaiso,I attend a friend's baptism even though I'm not christian-it was an honor to witness.
ninyija okutaha okubatizi kwamunyani wange nobu kiraba tindi mukurisitayo- kibaire kyekitinisa okuba kaiso,I will attend a friend's baptism even though I'm not christian-it was an honor to witness.
ntahire okubatizibwa kwamunyani wange nobu kiraba tindi mukurisitayo- kibaire kyekitinisa okuba kaiso,I have attended a friend's baptism even though I'm not christian-it was an honor to witness.
Eka eyeri haihi naitwe ekakuletera ebyokulya habwomwezi gwona nyuma yange yokusemezibwa.,The family next door brought us meals for a whole month after my surgery.
eka harwigi orukugarukaho batugulire ebyokulya by'omwezi gwona hanyuma y;okusemeza,The family next door brought us meals for a whole month after my surgery.
eka harwigi orukugarukaho nibaija okutugura ebyokulya by'omwezi gwona hanyuma y'okusemeza,The family next door will bring us meals for a whole month after my surgery.
eka harwigi orukugarukaho etugulirege eby'okulya b'yomwezi gwona hanyuma y'okusemeza,The family next door has brought us meals for a whole month after my surgery.
"Omwaka tutarasoboire ebisembo , tukahandikira ngana ebbaruha omukikaro -eyange nkyagiine.","The year we couldn't afford gifts , we wrote each other letters instead - l still have mine."
"omwaka nambere tutalisobwoire ebisembo, tukehandikira ebaroha - nkyaine eyange","The year we did not afford gifts, we wrote each other letters instead - l still have mine."
"omwaka nambere titutrukwija okusobora ebisembo, nitwija kwahandikira ebaroha - nkyaine eyange","The year we will not afford gifts, we wrote each other letters instead - l still have mine."
"omwaka ogututasobwoire ebisembo, nitwija okuhandika ebaroha - ekyaine eyange","The year we have not afforded gifts, we wrote each other letters instead - l still have mine."
Kulisiza ebisolo biingi hataito kikeheze kugarurwa buhyaka oku'itaka enjura obwerukuba eqwiire.,The overgrazing has been reducing the lands ability to recover after rain.
okulisa muno kukehya obusobozi bwitaka okugara enjura,The overgrazing reduces the lands ability to recover after rain.
okulisa muno kukeheze obusobozi bwitaka okugara enjura,The overgrazing reduced the lands ability to recover after rain.
okulisa muno nikwija okukehya obusobozi bwitaka okugara enjura,The overgrazing will reduce the lands ability to recover after rain.
Noija kwetaagisa kupima obulemeezi bw'amagufa gaawe.,You'll need to have your bone density tested.
okaire noyetagisibya okukebera igufwa lyawe ly'omugongo,You needed to have your bone density tested.
noija okwetagisibwa okukebera igufwa lyawe ly'omugongo,You will need to have your bone density tested.
noyetagisibwa okukebara igufwa lyawe ly'omugongo,You have needed to have your bone density tested.
ehudu ekakwaata encu eyebiriisa bingi omukisaaru nekiganja kyaayo ekikooto,The bear caught salmon in the river with its huge paws.
beeya ekakwata esamaki omukyeya n'ebinono byayo ebikoto,The bear caught salmon in the river with its huge paws.
beeya nija okukwata esamaki n'ebinono byayo ebikoto,The bear will catch salmon in the river with its huge paws.
beeya ekakwata esamaki omukyeya nebinono byayo ebikoto,The bear has caught salmon in the river with its huge paws.
Nkaba ntakasiimaga encumba ya nyina nyowe kuhikya obu naganzire aheeru Kandi niyeriisa.,"I never appreciated my mother,s cooking until l moved out and had to feed myself."
tisima iyina nyowe habw'okucumba okuhikya obunagezire natandika okwerisa,"I never appreciate my mother, s cooking until l moved out and had to feed myself."
tindikwija okusima inyina nyowe habw'okucumba okuhikya obunagezire natandika okwerisa,"I never will appreciate my mother, s cooking until l moved out and had to feed myself."
tinadisimire nyina nyowe habwocumba okuhikya obunagenzire natandika okwerisa,"I never have appreciated my mother, s cooking until l moved out and had to feed myself."
Aliyo nayetekanizira ebigezo.,She's busy preparing for her exams.
akaba alibize nayetekaniriza ebirenngeso,She was busy preparing for her exams.
naija kubabize nayetekaniriza ebirengeso,She will be busy preparing for her exams.
abaire bize nayetekaniriza ebirengeso,She has been busy preparing for her exams.
Ninferwa omulingo amaka agatwetoraire nkoku bategekaga ebiro bikukuru nkyali mwana.,I miss the way the whole neighborhood would decorate for festivals when l was a kid.
nyikaire niburwamu omulingo abatahi batimba ebijaguzo obukaba nkyali muto,I missed the way the whole neighborhood would decorate for festivals when l was a kid.
ninyija okuburwamu engeri abatahi batimba ebijaguzo obukaba nkyali muto,I will miss the way the whole neighborhood would decorate for festivals when l was a kid.
nbuzirwemu omulingo abatahi batimba ebijaguzo obukaba nkyali muto,I have missed the way the whole neighborhood would decorate for festivals when l was a kid.
Yusuf Lule akebembera ihanga habwakasumi kake.,Yusuf Lule served as president briefly.
yusufu lule akaherezaho nkomukuru wihanga kumara akasumi kataito,Yusuf Lule served as president briefly.
yusufu lule naija okuherezaho nkomukuru wihanga kumara aksumi kataito,Yusuf Lule will serve as president briefly.
yusufu lule aherizeho nkomukuru wihanga okumara akasumi kataito,Yusuf Lule has served as president briefly.
Obworaba notalubana omubwomeezi ekitabu kya yobu nikisobora kukukanyere kuzazaaho okwikirza nokubonabona.,"If you're struggling , the book of job might speak -its about suffering and faith."
"kakuba watilibaine, ekitabu ky'emirimo kyandibalize- kiri hakubonabona n'okwikiriza","If you struggled, the book of job might speak -its about suffering and faith."
"kakuba orabonabona, ekitabu ky'emirimo kyandibalize- kiri hakubonabona n'okwikiriza","If you will struggle, the book of job might speak -its about suffering and faith."
"kakuba oba oboineboine, ekitabu ky'emirimo kyandibalize- kiri hakubonabona n'okwikiriza","If you have struggled, the book of job might speak -its about suffering and faith."
omukazi abaire nakora nka mukuru webyensimbi atakakozire ekitebe ekisubuzi ekye,She had been working as an accountant for years before she started her own firm.
akora nkwenketo okumara emyaka nyingi atakatandikireho ekitongole ekye,She works as an accountant for years before she started her own firm.
naija okukora nk'owekento okumar emyaka nyigi atakatandikireho ekitongole ekye,She will work as an accountant for years before she started her own firm.
akaire nakora nk'owekento okumara emyaka nyingi atakatandikireho ekitongole ekye,She has worked as an accountant for years before she started her own firm.
ekyenyanja rulindwa ngamba kikezimbiiko mumusenyi obwe bigonzi byaculiire,The clam burrowed into the sand when the tide went out.
ekigongoro kikatahira omumusenyi obu ekihu kyagenzire,The clam burrows into the sand when the tide went out.
ekigongoro nikija okutahira omumusenyi obu ekihu kiragenda,The clam will burrow into the sand when the tide went out.
ekigongoro kitahire omumusenyi obu ekihu kigenzire,The clam has burrowed into the sand when the tide went out.
Twetoroora Kaaba emirundi musanju omukasumi ka Hajji-kitumanyisa obumu bwabaikiriza.,We circle the kaaba seven times during Hajj-it reminds us of the unity of believers.
tuketorora kaaba emirundi musanjuomukaire kahaji- kitwijukya obumu nkabaikiriza,We circled the kaaba seven times during Hajj-it reminds us of the unity of believers.
nitwija okwetorora kaaba emirundi musanju omukaire kahaji-kitwijikya obumu nkabaikiriza,We will circle the kaaba seven times during Hajj-it reminds us of the unity of believers.
twetoroire kaaba emirundi musanju omukaire kahaji - kitwijikya obumu nkabaikiriza,We have circled the kaaba seven times during Hajj-it reminds us of the unity of believers.
Ekihoya kikatahwamu obuhuka noobu kikarolererwa nkooku kisemerire.,The wound became infected despite proper care.
ekihoya kikakwatwa n'obu kiraba nibakirolera kurungi,The wound becomes infected despite proper care.
ekihoya nikija kukwatya n'obukiraba nibakirolera kurungi,The wound will become infected despite proper care.
ekihoya kikwasirwe n'obukiraba nibakirolera kurungi,The wound has become infected despite proper care.
"Obunahimbire omwana waitu,nketegereza okugonza kwa Ruhanga halitwe buhyaka.","When I held my newborn baby, I understood God's love for us in a new way."
"obunahimbire owaana wange owunzaire,nketegereza engozi zaruhanga hali itwe omungeri emyaka","When I held my newborn baby, I understood God's love for us in a new way."
"obunahimba omwaana wange owunazara, nketegereza engozi zaruhanga hali itwe omungeri empyaka","When I will hold my newborn baby, I understood God's love for us in a new way."
"obumpimbire owaana wange owunazaire, nketegereza engozi zaruhanga hali itwe omungeri empyaka","When I have held my newborn baby, I understood God's love for us in a new way."
Emihanda eyobusubuzi yateranizaaga ensi eza hagati kuhika hamwaro omukooto.,Pre-colonial trade routes connected the interior to the coast.
emihanda y'obusubuzi eyabajungu ekaba nenwanisa okuraga hanyanja mpaka munda,Pre-colonial trade routes connected the interior to the coast.
emihanda y'obusubuzi eyabajungu nija kuba nenwanisa okuruga hanyaja mpaka munda,Pre-colonial trade routes will connect the interior to the coast.
emihanda y'obusubuzi eyabajungu enwanisize okuruga hanyaja mpaka muda,Pre-colonial trade routes have connected the interior to the coast.
Yoweri Museveni akataho Amahe agaboona Rwangirra.,Yoweri Museveni formed the popular Resistance Army.
yoweri museveni akatandikaho ekimanyire nka amahe amahakani,Yoweri Museveni formed the popular Resistance Army.
yoweri museveni naija okutandikaho ekimanyirwe nka amahe amahakani,Yoweri Museveni will form the popular Resistance Army.
yoweri museveni atandikireho ekimanyirwe nka amahe amhakani,Yoweri Museveni has formed the popular Resistance Army.
Abalemi aba matwale bakahandika engeso zobusi bwensi hamu n'ediini.,Colonial officials recorded local customs and languages.
abajungu bakahandi ebyamaguzi kandi nendimi,Colonial officials recorded local customs and languages.
abajungu nibaija okuhandika ebyamaguzi kandi nendimi,Colonial officials will record local customs and languages.
abajungu bahandikire ebyamaguzi kandi nendimi,Colonial officials have recorded local customs and languages.
Ebisasaizi byawe obikora ota kandi bwireki?,What is your exercise routine like?
kiki ekibaire nk'okwegezamu kwawe kwabulikiro kuba?,What was your exercise routine like?
kiki ekirikwija okuba ekyokwegezamu kyawe kyabulikiro kuba?,What will be your exercise routine like?
kiki ekibaire kwokwegezamu kyawe kyabulikiro kuba,What has been your exercise routine like?
nakwikaireho akasumi karaihireho kukira akankaba ntegekere,I wound up staying longer than planned.
nandigumireho muno okukira nkoku mbaire ntekanize,I wound up staying longer than planned.
ninyija kumalira ngumireho muno okukira nkoku mbaire ntekanize,I will wind up staying longer than planned.
nandibaire ngumireho muno okukira mbaire ntekanize,I have wound up staying longer than planned.
Oburwaire obukuleetwa obuhuka nibujanjarra bwangu omu muyaga.,The virus is airborne and spreads easily.
akahuka kaibaire komumuyaga kandi kajanjara bwango,The virus was airborne and spreads easily.
akahuka nikaija kuba komumwanya kandi kajanjara bwango,The virus will be airborne and spreads easily.
akahuka kabaire komumwanya kandi kajanjaire bwango,The virus has been airborne and spreads easily.
"Abazini bamazina bataaha niarabamu amazina kokugesa , kumara ameezi omwoleko gutakahikire.",The dancers had been rehearsing the harvest dance for months before the festival.
omuzini ayegezamu amazina g'okugesa omwezi ogukwija tutakahikire hakijaguzo,The dancers rehearse the harvest dance for months before the festival.
omuzini naija okwegezamu amazina g'okugesa omwezi ogukwija tutakahikire hakijaguzo,The dancers will rehearse the harvest dance for months before the festival.
omuzini ayegezesezemu amazina g'okugesa omuwezi ogukwija tutakahikire hakijaguzo,The dancers have rehearsed the harvest dance for months before the festival.
Obujanjabi nibwetaagisa kukebera esagama yawe kukeberwa buli kaire okwecencura enkora y'obune.,The treament requires regular blood tests to monitor liver function.
obujanjabi bukaba nibwetagisa okukebera omusahi buli kaire okurora enkora y'obune,The treament required regular blood tests to monitor liver function.
obujanjabi nibwija kwetagisibwa okukebera omusahi buli kaire okurora enkora y'obune,The treament will require regular blood tests to monitor liver function.
obujanjabi bwetagisizibwe okukebera omusahi buli kaire okurora enkora y'omusahi,The treament has required regular blood tests to monitor liver function.
Ebigambo ebyobusinje kuruga hali abakuru birinzire obusinge omubantu baitu.,Our community has kept the peace through the words of the elders.
ekicweka kaitu kikalinda obusinge kuraba omubigambo by'abakuru,Our community kept the peace through the words of the elders.
ekicweka kaitu nikija olinda obusinge kuraba omubigambo by'abakuru,Our community will keep the peace through the words of the elders.
ekicweka kaitu kirinzire obusinge okuraba omubigambo by'abakuru,Our community has kept the peace through the words of the elders.
Abaana nibeega emuzaano eyokubegesa okugumisiriza.,The children are learning the games that teach them to be patient.
abaana bakege emizano eyeyegesa okuba bagumisiriza,The children learned the games that teach them to be patient.
abaana nibaija okwega emizano eyeyegesa okuba bagumisiriza,The children will learn the games that teach them to be patient.
abaana begere emizano y'okuba bagumisiriza,The children have learned the games that teach them to be patient.
Obusonsogoro bwobutindinda bwakozesibwaga nka sente omubusinge obwobulemi obwamatwale butakabaireho.,Cowrie shells were used currency in pre-colonial times.
ebisosoro byebitindinda bikora nkasente buwire kw'okulema kwabajungu,Cowrie shells are used currency in pre-colonial times.
ebisosoro byebitindinda nibija okukora nkasente omubwire bwokulema kwabajungu,Cowrie shells will be used currency in pre-colonial times.
ebisosoro byebitinda bikaire nibikora nkasente omubwire bwokulema kwabajungu,Cowrie shells have been used currency in pre-colonial times.
omwehangahangi webisaru nyaisatu akozire ekisisaru kyemanzi rurangaaanwa mukyaaro,The sculptor has carved a statue of the village hero.
ekibumbe kyoleka ekisani ky'omurani w'ekyaro,The sculptor carves a statue of the village hero.
ekibumbe kyoleka ekisani ky'omurwani w'ekyaro,The sculptor carved a statue of the village hero.
ekibumbe nikija owoleka ekisani ky'omurwani w'ekyaro,The sculptor will carve a statue of the village hero.
Oratungireho obulemezi kuruga hamubazi gw'okukabisa batakakusemize?,Have you ever had a reaction to anesthesia?
wakabaga otungire ekigarukwamu hali anesitesiya,Had you ever had a reaction to anesthesia?
noija okutunga ekigarukwamu hali anesitesiya,Will have you ever had a reaction to anesthesia?
wakatungire ekigarukwamu hali anesitesiya,Has had you ever had a reaction to anesthesia?
ekisoro rwakisahu kikwuka kyagenda kuli nomwaana wakyo mukisahu,The kangaroo hopped away with its baby in its pouch.
kangaroo ekaguruka yagenda n'owana gwayo nambere ebyama,The kangaroo away hopped with its baby in its pouch.
kangaroo nija okuguruka egende n'omwana gwayo nambere ebyama,The kangaroo will away hop with its baby in its pouch.
kangaroo ekurukire yagenda n'owana gwayo nabere ebyama,The kangaroo has away hopped with its baby in its pouch.
"Nkakaguza nyinenkuru nyowe obwakaba omumpiko zokufa nti,nororaki-akamwegerra yagamba ati ""Eyererezi"".","I asked my grandma what she saw- she smiled and said, ""Light""."
"nkakaguza nyinenkuru nyowe kiki ekiyarozire- akamwenya kandi yagamba,""ekyererezi""","I ask my grandma what she saw- she smiled and said,""Light""."
"ninyija okukaguza nyinenkuru nyowe kiki ekiyarozire- akamwenya kandi yangamba,""ekyererezi""","I will ask my grandma what she saw- she smiled and said,""Light""."
"nkagwize nyinenkuru nyowe kiki ekiyarozire- akamwenya kandi yangamba, ""ekyererezi","I have asked my grandma what she saw- she smiled and said,""Light""."
ninyijuba kurungi omurundi gwange ogwokuba kumuga ekikaasa kyokwetiirizaho ebitabu omulyahurro lyebitabu nkamanyira kimu nti hati emihanda yange nyingi,l remember the day l got my library card so many posibilities
nkaijuka ekiro obunatungire kadi yeryahuro ly'ebitabu obujunanizibwa bwingi,L remembered the day l got my library card so many posibilities
ninyija okwijuka ekiro natungire kadi y'erwahuro ly'ebitabu obujunanizibwa bwingi,L will remember the day l got my library card so many posibilities
nyijukire ekiro natungire kadi y'eryahuro ly'ebitabu obujunanizibwa bwingi,L has remembered the day l got my library card so many posibilities
bakabanza kutangatarra parisi,It was in Paris that they first met.
nkaba ndi parisi ngu nambere twatangata gaine,It was in Paris that they first met.
nikija okuba muparisi niho babandize okutangatangana,It will be in Paris that they first met.
ebaire parisi nambere nabandize okutangatangana,It has been in Paris that they first met.
Omurundi ogwokubanza ogunaroleezeeho enaz kikamatiza ngu majiki.,"The first time I tasted fresh coconut, lt was magic."
"omurundi gwokubanza okurozaho ekinaz, kyali kakodyo","The first time I taste fresh coconut, lt was magic."
"omurundi ogurukwija okuba gwokubanza okurozaho ekinazi, kyali kakodyo","The first time I will taste fresh coconut, lt was magic."
"omurundi gwokubanza obunarolezeho ekinazi, kyali kadyo","The first time I have tasted fresh coconut, lt was magic."
Byokulyaki ebi otasemeriire kutalya.,What are your dietary restrictions?
kiki ekyali ekyokulya ekitarukwikirizibwa,What was your dietary restrictions?
kiki erikwija kuba kyokulya ekitarukwikirizibwa,What will be your dietary restrictions?
kiki ekibaire ekyokulya ekitarukwikirizibwa,What has been your dietary restrictions?
obusoro rwomunyanja rusengiija burasengiija amaizi kuraba mubuhuru bwabwo kutunga ekyokulya,The sponge filtered water through its pores to get food.
ekijumakuiba kikanwa amaizi okuraba omubuhuru bwakyo okutunga eby'okulya,The sponge filtered water through its pores to get food.
ekijumankuba nikija okunya amaizi okuraba omubuhuru bwakyo okutunga eby'okulya,The sponge will filter water through its pores to get food.
ekijumankaba kinwire amaizi okuraba omubuhuru bwakyo okutunga eby'okulya,The sponge has filtered water through its pores to get food.
Nyina koran yaisenkuru nyowe omukuru egikintu kyangekyomuhendo.,I have a Quran that belonged to my great-grandfather -it's one of my most precious possessions.
nyine koriyani eyekaba ya isekuru nyowe- kikaba kimu habintu ebyomuhendo ebyobugwetwa,I had a Quran that belonged to my great-grandfather -it's one of my most precious possessions.
niyija okutunga koruyani eyekaba ya isekuru nyowe-kikaba kimu ebyomuhendo ebyomugwetwa,I will have a Quran that belonged to my great-grandfather -it's one of my most precious possessions.
ntungire koriyani eyekaba ya isenkuru nyowe- kikaba kimu ekyomuhendo ebyomugwetwa,I have had a Quran that belonged to my great-grandfather -it's one of my most precious possessions.
Yakugondeze oije ha bugenyibwe.,She'd like you to come to her party.
akegomba iwe oije hamukorogwe,She liked you to come to her party.
naija okwgomba iwe okwija hamukorogwe,She will like you to come to her party.
ayegombere iwe okwija hamukorogwe,She has liked you to come to her party.
Ai Ruhanga nolema ekayange kandi obalinde.,"Dear God ,please watch over my family and keep then safe."
"omugozibwa ruhanga, bambi rolera eka yange kandi obalinde kurungi","Dear God, pleased watch over my family and keep then safe."
"omugonzibwa ruhanga, bambi noija okurolera eka yange kandi obalinde kurungi","Dear God, will please watch over my family and keep then safe."
"omugonzibwa ruhanga, arolerire eka yange kandi obalindi kurungi","Dear God, has pleased watch over my family and keep then safe."
Obwokurorra haihi buli malirra ehimba embibo y'entandikwa ehyaka.,"If you look closely, you'll see that every ending carries the seed of a new beginning."
"kakuba oyegendereza okarora, noija okurora ngu okumalira kwona kugira esigo eyetandika empyaka","If you closely looked, you'll see that every ending carries the seed of a new beginning."
"kakuba oyendereza okarora, noija kurora ngu okumalira kwona kugira esigo eyetandikwa empyaka","If you will closely look, you'll see that every ending carries the seed of a new beginning."
"kakuba oyendereza okarora, noija okurora ngu okumalira kwona kugira esigo eyetandikwa empyaka","If you have closely looked, you'll see that every ending carries the seed of a new beginning."
orulengo rwemihendo nurwija kutekaana omubwanfu,The inflation rate will stabilize soon.
omulingo omuhendo gw'ebintu gweyongera kandi gukeha gulihaihi okutekana,The inflation rate soon stabilizes.
omulingo omuhendo gw'ebintu gweyongera kandi gukeha nigwija okutekana,The inflation rate soon stabilized.
omulingo emihendo y'ebitnu yeyongera kandi ekeha ekaire etekaine,The inflation rate has soon stabilized.
Ekka yaitu etangirra entambaruki omuka yaitu.,Our family has always welcomed strangers into our home.
eka yaitu etangira abanyamahanga omunju yaitu,Our family always welcomed strangers into our home.
eka yaitu nija okutangira abanyamahanga omunju yaitu,Our family will always welcome strangers into our home.
eka yaitu ikaire netangira abanyamahanga omunju yaitu,Our family has always welcomed strangers into our home.
Nyinento nyowe agamba nkooku yatangatangaine musaija we mukatale.,"My aunt tells the story of how she met her husband at a market so vividly, l feel like i was there."
isenkati nyowe akangabira oruganikyo nkoko engeri yatangatagaine iba hakatale nuko akunekaneka,"My aunt told the story of how she met her husband at a market so vividly, l feel like i was there."
isenkati nyowe naija okugambira oruganikyo nkoku engeri yatangatagaine iba hakatale nukoakunekaneka,"My aunt will tell the story of how she met her husband at a market so vividly, l feel like i was there."
isenkati nyowe agambire oruganikyo nkoku engeri yatangatagaine iba hakatale nuko akunekaneka,"My aunt has told the story of how she met her husband at a market so vividly, l feel like i was there."
"Kakuba twogiisa amaizi garukufuka, ntuuba ntukeehyaabo kutuumuka kw'orwooya orurukugenda mumwanya.","If we use cold water for laundry, we can save energy and reduce emissions."
"kakuba tukozeseze amaizi agkufuka habwengoye, ntusobara okulinda amasanyarazi kandi tukendeze omwika","If we used cold water for laundry, we can save energy and reduce emissions."
"kakuba ttwija okukozesa amaizi agakufuka habwengoye, ntusobora okulinda amasanyarazi kandi tukehye omwika","If we will use cold water for laundry, we can save energy and reduce emissions."
"kakuba tubaire tukozeseze amaizi agakufuka habwengoye, ntusobora okulinda amasanyarazi kandi tukehye omwika","If we have used cold water for laundry, we can save energy and reduce emissions."
Nyina guruupa yabeegi twasomere nabo omu isomero eyitubalizaaho hati twakagimaraho emyaka ikumi-duu,I have a group chat with my school friends that's been active for ten years.
nkaba nyine ekitebe ky'okubalizaho n'abanyani bange bahaisomero ekibaire nikikora okumara emyaka ikumi,I had a group chat with my school friends that's been active for ten years.
ninyija okugira ekitebe ky'okubalizaho n'abanyani bange bahaisomero ekibaire kimazire emyaka ikumi nikikora,I will have a group chat with my school friends that's been active for ten years.
nyikaire nyine ekitebe ky'okubalizaho n'abanwani bange bahaisomero ekibaire kimazire emyaka ikumi nikikora,I have had a group chat with my school friends that's been active for ten years.
Tinsobora kutera akasisani kwikara tutaine amasanyarazi.,I can't imagine living without electricity.
ntayomere ntaine amasanyarazi,I did not live without electricity.
tinkwija okwomera ntaine amasanyarazi,I will not live without electricity.
tinyomaire ntaine amasanyarazi,I have not lived without electricity.
Ekiro ekyaija omufumu akakozesa amaani agabaisenkuru itwe okukiza omurwaire.,The healer used the power of the ancestors to cure the sick man yesterday.
omujajabi akozeseze amani gabaisenkuru okukiza omusaija omurwaire ijo,The healer has used the power of the ancestors to cure the sick man yesterday.
abaire nayekozusa atakahungire omulimo gwobutoose,She had been working as a freelance consultant for years before she joined the firm.
akora nk'omwehanuzaho kumara emyaka atakatahire ekitongole,She works as a freelance consultant for years before she joined the firm.
naija okukora nk'omwehanuzaho kumara emyaka atakatahire ekitongole,She will work as a freelance consultant for years before she joined the firm.
akozire nk'mwehanuzaho kumara emyaka atakatahire ekitongole,She has worked as a freelance consultant for years before she joined the firm.
omukazi akabanza kukora omukitongole kyokuhereza abaguzi atakabaire kirolerra mirimo.,She had been working in the customer service department for years before she became manager.
akora omukicweka abaguzi batungira obuyambi kumara emyaka atakabaire omurolerezi,She works in the customer service department for years before she became manager.
naija okukora omukicweka abaguzi batungira obuyambi kumara emyaka atakabaire omurolerezi,She will work in the customer service department for years before she became manager.
akozire omukicweka abaguzi batungira obuyambi kumara emyaka atakabaire omurolerezi,She has worked in the customer service department for years before she became manager.
abaana nibakora ebyokujwaara byekiro kyokuraba murubuga nibasaba mugenzo gwabajungi,The children are designing costumes for the Halloween parade.
abaana bakakora ebijwaro by'ekiro ky'ebimeke,The children designed costumes for the Halloween parade.
abaana nibaija okukora ebijwaro by'ekiro ky'ebimeke,The children will design costumes for the Halloween parade.
abaana bakozire ebijwaro by'ekiro ky'ebimenke,The children have designed costumes for the Halloween parade.
Nyowe nyahura resiiti habwe kigendererwa eky'omusoro.,I keep receipts for tax purposes.
nkahura risiti habwesonga z'omusoro,I kept receipts for tax purposes.
ninyija okwahura risiti habwesonga z'omusoro,I will keep receipts for tax purposes.
nyahwire risiti habwesonga z'omusoro,I have kept receipts for tax purposes.
Omutwe gworusozi Stanley oguraihire muno nugwo Margherita.,Mount Stanley's highest peak is Margherita peak.
magarita niko akosolya akacyasingireyo okuraiha ha kasozi sitanule,Mount Stanley's highest peak was Margherita peak.
magarita nikaija okuba akasolya akacyasingireyo okuraiha ha kasozi sitanule,Mount Stanley's highest peak will be Margherita peak.
magarita kabaire kasolya akacyasingireyo okuba karaire ha kasozi sitanule,Mount Stanley's highest peak has been Margherita peak.
Enyanja Victoria niyo erukukira obukooto omu Africa.,Lake Victoria is the largest lake in Africa.
enyanja victoria ekaba nesingayo obukoto muafrika,Lake Victoria was the largest lake in Africa.
enyanja victoria nija okuba nesingayo obukoto mufrica,Lake Victoria will be the largest lake in Africa.
enyanja victoria ikaire nesinganyo obukoto mufica,Lake Victoria has been the largest lake in Africa.
omusaija agalihize emoro ezentahya ye,He has diversified his income streams.
agalihya emihanda y'entahyaye,He diversifies his income streams.
akagalihya emihanda y'entahyaye,He diversified his income streams.
naija okugalihya emihanda y'entahyaye,He will diversify his income streams.
"obukama bwa Bunyoro nibwijukibwa Omubizina, okwebuga, okutebya nenganikyo .",The Empire of Kitara is remembered in epic poems and songs.
obukama byakitara bukaijukizibwa omunganikyo n'omubizina,The Empire of Kitara was remembered in epic poems and songs.
obukama byakitara nibwija okwijukibwa omunganikyo n'omubizina,The Empire of Kitara will be remembered in epic poems and songs.
obukama byakitara bwikaire nibwijukibwa omunganikyo n'omubizina,The Empire of Kitara has been remembered in epic poems and songs.
"Nkegambira nti ningenda kubyama kara, kandi namalirra nsugire ebisani mpaka saaha munaana ezanyenkyakara.","I told myself l'd go to bed early ,and then watched videos until 2AM."
"nyegambira nyowe nyeka ninyija okugenda omukitabu bukyali, kandi narora vidiyo mpaka saaha munana ez'ekiro","I tell myself l'd go to bed early, and then watched videos until 2AM."
"ninyija okwegambira nyeka ninyija okugenda omukitabu bukyali, kandi narora vidiyo mpaka saaha munana ez'ekiro","I will tell myself l'd go to bed early, and then watched videos until 2AM."
"nkegambira nyowe nyeka ninyija okuganda omukitabu bukyali, kandi narora vidiyo mpaka saaha munana ez'ekiro","I have told myself l'd go to bed early, and then watched videos until 2AM."
omusaija atungire okweyemerezaaho omusimbi,He has achieved financial independence.
atungire okwelema omubyasente,He achieves financial independence.
akatunga okwelema omubyasente,He achieved financial independence.
naija okutunga okwelema omubyasente,He will achieve financial independence.
nzinirenge ekidandali nabanywaani bange ekiro,I sang karaoke with my friends at the party last night.
nkazina karaoke namunyani wange hamukoro ijo ekiro,I sang karaoke with my friends at the party last night.
ninyija okuzina karaoke namunyani wange hamukoro ijo ekiro,I will sing karaoke with my friends at the party last night.
nzinire karaoke namunyani wange hamukoro ijo ekiro,I have sung karaoke with my friends at the party last night.
Enkoko nibaziriisa enjuma z'ebicooli.,The chickens are being fed with maize grain.
enkoko bakazirisa cacu,The chickens were fed with maize grain.
enkoko nibaija okuzirisa cacu,The chickens will be fed with maize grain.
enkoko baikaire nibazirisa cacu,The chickens have been fed with maize grain.
Oburugwa obwendema eya Bakama nibusangwa omu Bacwezi.,The Bachwezi are associated with the origins of kingship.
abachwezi bakaba baine obukama obwezarwa,The Bachwezi was associated with the origins of kingship.
abachwezi nibaija okuba baine obukama obwezarwa,The Bachwezi will be associated with the origins of kingship.
abachwezi baikare baine obukama onwezarwa,The Bachwezi has been associated with the origins of kingship.
Ekitebe kyemizaano erukusekesa eihyaaka nikiija kukinguraho okuzaana kwanyegondize okwekiro habwabazaani abebigene abato.,The new comedy club will have open mic nights for amateur comedians.
ebara eykatemba ekingwireho ekiro ekyamahano hali abakatemba abakuru,The new comedy club has open mic nights for amateur comedians.
ebara eyakatemba ekaba ekingwireho ekiro kyebyamahano hali abakatemba abakuru,The new comedy club had open mic nights for amateur comedians.
ebara eyakayemba ekaba ekingwireho ekiro kyebyamahano hali abakatemba abakuru,The new comedy club has had open mic nights for amateur comedians.
sente zempapura empyaka niziijza kutandikisibwa bwango,The new currency notes will be introduced soon.
sente zempapura empyaka balihaihi okuzireta,The new currency notes are soon introduced.
sente zempapura empyakabakaziturukya,The new currency notes were soon introduced.
sente zempapura empyaka zibaire haihi okuturuka,The new currency notes have soon been introduced.
Omukika kyawe haliyo oburwaire bw'ekookoro?,What's your family history of cancer?
kiki ekibaire kyafayo ekyaka yawe hali kookoro,What was your family history of cancer?
kiki ekirikwija kuba ekyafayo ekyeka yawe hali kookoro,What will be your family history of cancer?
kiki ekibaire ekyafayo kyawe hali kookoro,What has been your family history of cancer?
Mwezi gurukwija nitwija kutangirra omunyoro omuhyaha.,We will welcome the new chief with a big celebration next month.
tutangira omuhikirwaho omuhyaka n'ekijaguzo kyamani omwezi ogurukwija,We welcome the new chief with a big celebration next month.
tukatangira omuhikirwaho omuhyaka n'ekijaguzo kyamani omumwezi ogurukwija,We welcomed the new chief with a big celebration next month.
tutangirirege omuhikirwaho omuhyaka n'ekijaguzo kyamani omumwezi ogurukwija,We have welcomed the new chief with a big celebration next month.
"Turaara niturora omukasumi ka Laylat al-Qadr, nitusaba kandi nitwesengereza okuganyirwa.","We stay up all night during Laylat al-Qadr,praying and seeking forgiveness."
"tukaguma niturora ntwena hakiro ekyani, nitusaba kandi nitusera okuganyirwa","We up all stayed night during Laylat al-Qadr, praying and seeking forgiveness."
"nitwija okumara ekiro ekyani kyona niturora, nitusaba kandi nitusera okuganyirwa","We will up all stay night during Laylat al-Qadr, praying and seeking forgiveness."
"ntwena tukamara ekiro kyona ekyamani niturora, nitusaba kandi nitusera okuganyirwa","We have up all stayed night during Laylat al-Qadr, praying and seeking forgiveness."
Nyina nyowe obu bamusemiize eka yoona eketeraniza mumulingo ogutaka roraga.,When my mother was diagnosed the whole family came together in a way l've never seen before.
obu basemize nyina nyowe eka yona eketerana hamu omulingo ogunkaba ntakaroraga,When my mother is diagnosed the whole family came together in a way l've never seen before.
obu barasemeze nyina nyowe eka yona nija okuterana hamu omulingo oguntakaroraga,When my mother will be diagnosed the whole family came together in a way l've never seen before.
obu nyina nyowe abaire asemezibwe eka yona eketeraniza omulingo oguntakaroraga,When my mother has been diagnosed the whole family came together in a way l've never seen before.
"Omuliisa wange abaire nekka yange omukuzaarwa, omukufa, nebindi byoona hagati omu.","My pastor has been with our family through births, deaths and everything in between."
"omulisa wange ali n'eka yaitu okurabira omubuzale, kandi bulikintu hagati yaitu","My pastor is with our family through births, deaths and everything in between."
"omulisa wange akaba n'eka yaitu okurabira omubuzale, kandi buli kintu hagati yaitu","My pastor was with our family through births, deaths and everything in between."
"omulisa wange naija okuba neka yaitu okurabira omubuzale, kandi buli kintu hagati yaitu","My pastor will be with our family through births, deaths and everything in between."
Akarwarro nikaikiriza omurwaire kurora omufumu ahanaho obwakuba olikubi muno.,The clinic offers same-day appointments for urgent cases.
irwaro rikatekaho ekiro eky'okutangatangana abarwaire abali omubwetago bwamani,The clinic offered same-day appointments for urgent cases.
irwaro nirija okutekaho ekiro eky'okutangatanganiramu abarwaire abali omubwetago,The clinic will offer same-day appointments for urgent cases.
irwaro ritaireho ekiro eky'okutangatanganiramu abarwaire abali omubwetago,The clinic has offered same-day appointments for urgent cases.
Ninyetaaga okukebera sukali yange buli kaire.,I need to have my blood sugar levels checked regularly.
nyikaire ninyetagisa okukebeza sukali mumubiri buli kaire,I needed to have my blood sugar levels checked regularly.
ninyija okwetagisibwa okukebera sukali omumubiri buli kaire,I will need to have my blood sugar levels checked regularly.
nyetagisibwe okukebera sukali omumubiri buli kaire,I have needed to have my blood sugar levels checked regularly.
"Omulimoyokugarra ebisaaru munsisana, yabyo etaaha neekoraho ebintu ebiina obwomeezi n'ebitaina bwomeezi kumara emyaaka etaano.",The river reclamation project has been restoring the ecosystem for five years.
omulimo gy'okuzirukya ekisaru gugaraho obwomezi bw'ebihangwa okumara emyaka etaano,The river reclamation project restores the ecosystem for five years.
omulimo gy'okuzirukya ekisaru gukagaraho obwomezi bw'ebihangwa okumara emyaka eataano,The river reclamation project restored the ecosystem for five years.
omulimo gy'okuzirukya ekisaru nigwija okugaraho obwomezi bw'ebihangwa okumara emyaka etaano,The river reclamation project will restore the ecosystem for five years.
"Twine omugenzo gwokukingura ekisembo kimu hanweri okuzooka , kandi nukwo butoosa.","We have this tradition of opening one gift on Christmas Eve , and its always pajamas."
"tukaba twine enkora enu enkuru eyokukingura ekisembo kimu hanyuma ya crisimasi, kandi bikizire kuba empale zomunda","We had this tradition of opening one gift on Christmas Eve, and its always pajamas."
"nitwija kutunga enkora enu enkuru eyokukingura ekisembo kimu hanyuma ya kurisimasi, kandi bikizire kuba empale zomunda","We will have this tradition of opening one gift on Christmas Eve, and its always pajamas."
"tutungire enkora eyokukingura ekisembo kimu hanyuma ya kurisimasi, kandi bikizire kuba empale zomunda","We have had this tradition of opening one gift on Christmas Eve, and its always pajamas."
Ninyijuka obwire obu bwonyini nkamanya ekiniakwetaaga kukorra nobwomezi bwange.,I remember the exact moment l knew what l wanted to do with my life.
nyijukire akasumi kenyini nkaba nimanya ekikwenda okukora noby'omezi bwange,I remember the exact moment l knew what l wanted to do with my life.
ninyija okwijuka akasumi kenyini nkaba nimanya ekikwenda okukora noby'omwezi bwange,I will remember the exact moment l knew what l wanted to do with my life.
nyijukire akasumi kenyini nkaba nimanya ekikwenda okukora noby'omezi bwange,I have remembered the exact moment l knew what l wanted to do with my life.
"Obworaba oli musabi, nosobora kusabira abeeka yange?","If you're the praying type, could you say one for my family?"
"kakuba obaira omuntu akusaba, nosobora okusabira eka yange esaara emu?","If you was the praying type, could you say one for my family?"
"kakuba obaire omuntu akusaba, nosobora okusabira eka yange esaara emu","If you will be the praying type, could you say one for my family?"
"kakuba obaire omuntu akusaba, nosobora okusabira eka yange esaara emu","If you have been the praying type, could you say one for my family?"
Ekiragiro rumara kiri omudiini zoona-okorre abandi iwe ebyokwenda bakukorre.,The golden rule exists in every faith tradition-treat others as you want to be treated.
ekiragiro ky'ezaabu kibaho buli nyikiriza eyobuzale abandi nkoku betwaza,The golden rule exists in every faith tradition-treat others as you wanted to be treated.
ekiragiro ky'ezaabu kibaho buli nyikiriza eyobuzale abandi nibakyenda nkoku betwaza,The golden rule exists in every faith tradition-treat others as you will want to be treated.
ekiragiro ky'ezaabu kibaho buli nyikiriza eyobuzale abandi nibakyenda nkoku betwaza,The golden rule exists in every faith tradition-treat others as you have wanted to be treated.
Abasubuzi abaswahiri bakatema emihanda kutaaha hagati.,Swahili traders established routes into the interior.
abasubuzi abaswahili bakatandikaho engendo mpaka munda,Swahili traders established routes into the interior.
abasubuzi abaswahili nibaija okutandikaho engendo mpaka munda,Swahili traders will establish routes into the interior.
abasubuzi abaswahili batandikireho engendo mpaka munda,Swahili traders have established routes into the interior.
entajumba ekakunga namaani obuyarozire enjoka,The guinea fowl made a loud chattering sound when it saw the snake.
entajumba ekakora omuranga ogurukusandara obu yaboine enjoka,The guinea fowl made a loud chattering sound when it saw the snake.
entajumba nija okutera omuranga ogurukusandara obu yaboine enjoka,The guinea fowl will make a loud chattering sound when it saw the snake.
entajumba etire omuranga ogurukusandara obu yaboine enjoka,The guinea fowl has made a loud chattering sound when it saw the snake.
Obu nayesangire ntakuurubata nubwo nayegere kusiima ebiro ebinkaba ninsobora.,"When I couldn't walk, I learned to be grateful for the days I could."
"obu ntalirubasire, nkega okuba wamani omubiro obunkaba","When I did not walk, I learned to be grateful for the days I could."
"obu natarukwija okurubata, nkega okuba wamani omubiro obunkaba","When I will not walk, I learned to be grateful for the days I could."
"obunkuba ntarubasire, nkega okuba wamani omubiro obunkaba","When I have not walked, I learned to be grateful for the days I could."
ekitehayi kirungi eki okakigura nkaha,Where did you buy that beautiful dress?
ekiteteyi kyawe ekirungi okakigura nkaha?,Where did you buy that beautiful dress?
ekiteteyi kyawe ekirungi noija okukigura nkaha,Where will do you buy that beautiful dress?
ekiteteyi kyawe ekirungi okiguzire nkaha,Where has done you buy that beautiful dress?
Tukaziika Isenkuru nyowe omunjura kyakabiri yahindura buli muntu entekereza.,We buried my grandfather on a rainy Tuesday that matched everyone's mood.
tukazika isenkuru nyowe kyakabiri omunjura nukwo kikakwataho embera yabuli omu,We buried my grandfather on a rainy Tuesday that matched everyone's mood.
nitwija okuzika isenkuru nyowe kyakabiri omunjura nukwo kikakwataho embera yabuli omu,We will bury my grandfather on a rainy Tuesday that matched everyone's mood.
tuzikire isenkuru nyowe kyakabiri omunjura nukwo kikakwataho embera yabuli omu,We have buried my grandfather on a rainy Tuesday that matched everyone's mood.
Buleemeziki obusobora kurunga omu kukozesa omubazi gunu?,What are the side effects of this drug?
biki ebyarugiremu omukukozesa omubazi ogu?,What was the side effects of this drug?
kiki ekirikwija okurugamu omukukozesa omubazi ogu?,What will be the side effects of this drug?
biki ebibaire birugiremu omukukozesa omubazi ogu?,What has been the side effects of this drug?
Omuhabiremu abaire atali nuwe.,He's barking up the wrong tree.
akabaighora omuti ogutali nigwo,He barked up the wrong tree.
naija okubaigora omuti ogutali nugwo,He will bark up the wrong tree.
aboigolire omuti ogutali nigwo,He has barked up the wrong tree.
Ebintu ebimu ebirukukira OBUKURU ebinayegere bikaba bitaine KAKWAATE NEBIBEEGA omu Isomero.,Some of the most important things I've learned had nothing to do with school.
ebintu ebimu ebyomugaso tinyine ekikwetagisa isomero,Some of the most important things I have nothing to do with school.
ebentu ebimu ebyomugaso tikwija okwetagisa isomero,Some of the most important things I will have nothing to do with school.
ebintu ebimu ebyomugasotinyine ekikwetagisa isomero,Some of the most important things I have had nothing to do with school.
Kampuni nigalihya emirimoyayo omubusubuzi obwakalimagezi.,The company is expanding its e-commerce operations.
kanpuni ekagalihya enkora yayo ey'okusubura byoma byakalimagezi,The company expanded its e-commerce operations.
kanpuni nija okugalihya enkora yayo ey'okusubura habyoma bakalimagezi,The company will expand its e-commerce operations.
kanpuni egalihize enkora yayo ey'okukora habyoma byakalimagezi,The company has expanded its e-commerce operations.
kirwa nikirra hara oburungi,This is by far the best option.
enu haihi niyo ebaire nsonga nkuru,This was by far the best option.
enu haihi nija okuba nsonga nkuru,This will be by far the best option.
enu haihi ebaire nsonga kuru,This has been by far the best option.
akakurato akebyensimbi niketegereza ekitekerezo ekitegekerwe,The finance committee is reviewing the proposal.
abenkento bakarabyamu amaiso omukihandiko kyentekaniza yaitu,The finance committee reviewed the proposal.
abekento nibaija okurabyamu amiso omukihandiko kyentekaniza yatu,The finance committee will review the proposal.
abekento barabizemu amaiso omukihandiko kyentekaniza yaitu,The finance committee has reviewed the proposal.
nigenza esimu yange egendwehoomuire,I need my phone charging.
nyikaire niyetagisabwa esimu yanga kuba acagingire,I needed my phone charging.
ninyija okwetagisa esimu yange okuba ecagingire,I will need my phone charging.
getagisibwe esimu yange okuba ecagingire,I have needed my phone charging.
Kampuni netunga hokutundira hataito,The company is acquiring a smaller competitor.
kanpuni etungirege abahakanizi abataito,The company acquired a smaller competitor.
kanpuni nija okutunga abahakaniza abataito,The company will acquire a smaller competitor.
kanpuni etungire abahakaniza abataito,The company has acquired a smaller competitor.
begulire motoka empyaka,They've bought themselves a new car.
bakegura emotoka empaka bonka na bonka,They bought themselves a new car.
nibaja okwegura emotoka empyaka bonka na bonka,They will buy themselves a new car.
begulire emotoka empyaka bonka na bonka,They have bought themselves a new car.
"Omurundi gwange ogwokubanza kurora enyunyuzi mukimulika, nkehurra ndozire ekitakuhwayo.","The first time I saw the starts through a telescope, I felt the presence of something infinite."
"omurindi gwange ogwokubanza okurora enyunyuzi okuraba omukitangazo, nkahura okubaho kwekintu ekitakuhwayo","The first time I saw the starts through a telescope, I felt the presence of something infinite."
"omurundi gwokubanza obundukwija okurora enyunyuzi okuraba omukitangazo, niyija okuhura okubaho kwenkintu ekitakuhwaho","The first time I will see the starts through a telescope, I felt the presence of something infinite."
"omurundu gwokubanza okurora enyunyuzi okuraba omukitangazo, nkahura okubaho kwenkintu ekitakuhwayo","The first time I have seen the starts through a telescope, I felt the presence of something infinite."
Ekikaro ekyolekerwamu ebintu harumu n'emirimo y'engaro eyaira.,The Tooro kingdom's museum exhibits historical artifacts.
elyahuro ly'ebintu ebyafayo omubukama byatoro likatunga enyonyi y'ekijukyo,The Tooro kingdom's museum exhibited historical artifacts.
elyahuro ly'ebintu ebyafayo omubukama byatoro nirija okutunga enyonyi y'ebyafayo,The Tooro kingdom's museum will exhibit historical artifacts.
elyahuro ly'ebintu ebyafayo omubukama byatoro litungire enyonyi y'ebyafayo,The Tooro kingdom's museum has exhibited historical artifacts.
Emihendo y'ebintu nenihirwa kutemba.,The inflation rate is expected to rise.
okuhinduka kwamihendo nikinihirwa okweyongera haiguru,The inflation rate was expected to rise.
okuhinduka kwaemihendo yebintu nikwija okunihirwa okweyongera haiguru,The inflation rate will be expected to rise.
okuhinduka kwemihendo yebintu kunihirwe okweyongera haiguru,The inflation rate has been expected to rise.
Yekaru haihi ne'eka yange enyina ebidde ebiteera omwizooba lyoona mbigoza kibihurra.,The temple near my home has bells that ring all day-I love hearing them.
ekeleziya haihi neka yange ekaba ine ebide ebitera ekiro kyona -nyegomba okubihuliriza,The temple near my home had bells that ring all day-I love hearing them.
ekeleziya haihi neka yange nija okuba iine ebide ebitara ekiro kyona -nyegomba okubihuliriza,The temple near my home will have bells that ring all day-I love hearing them.
ekeleziya haihi neka yange egira ebide ebitera ekiro kyona -nyegomba okubihuliriza,The temple near my home has had bells that ring all day-I love hearing them.
Yozefu Konyi akebembera obwemi.,Joseph Kony led to LRA rebellion.
joseph kony akebembera orutaro rwokuhakaniza orwaLRA,Joseph Kony led to LRA rebellion.
joseph kony naija okwebembera orutaro rwokuhakaniza orwaLRA,Joseph Kony will lead to LRA rebellion.
joseph kony ayebembire orutaro rwokuhakaniza orwaLRA,Joseph Kony has led to LRA rebellion.
Nyina endugu mukisiika kyange nambere nsabira-kataito baitu keezibwe.,I have a corner in my room where I pray-it's simple but holy to me.
nkaba nyina akasonda omukisika kyange nambere nasabira- kyanguhire baitu kihikirire hali nyowe,I had a corner in my room where I pray-it's simple but holy to me.
ninyija oba na akasondo omukisika kyange nambere nsasbira- kyanguhire baitu kihikirire hali nyowe,I will have a corner in my room where I pray-it's simple but holy to me.
ngizire akasonda omukisika kyange nambera nsaabira- kyanguhire baitu kihikirire hali nyowe,I have had a corner in my room where I pray-it's simple but holy to me.
Okeehere omu bulemeezi ekirukwingana nkaha.,How much weight have you lost in the past month?
bulemeziki obwokeheze omwezi oguhaire,How much weight had you lost in the past month?
bulemeziki obworukwija okukehya omwezi oguhaire,How much weight will have you lost in the past month?
bulemeziki obwokehezeibwe omwezi oguhaire,How much weight has had you lost in the past month?
omulimo gwange omurungi ogutwakozire tuli bantu baingi gwali ogu ogutwabandize kunywana nukwo hamu kyayongeraho,My best group project was when we became friends first and worked together second.
omulimo omukuru omukitebe guli okubanza okuba abanyani kandi no okukorahamu,My best group project is when we became friends first and worked together second.
omulimo omukuru omukitebe nigwija okuba okubanza okuba abanyani kandi no okukorahamu,My best group project will be when we became friends first and worked together second.
omulimo omukuru om ukitebe gubaire okubaza okuba abanya ni kandi no okukorahamu,My best group project has been when we became friends first and worked together second.
Omusomesa wange webisisani akangamba tinyine kisembo kyobuhangwa mwolekere nabiiha.,My art teacher told me l had no talent - l proved her wrong.
omusomesa wange oyokusiga akangamba ngu tinyine ekisembo- nkaka mwoleka nti agwiri,My art teacher tells me l had no talent - l proved her wrong.
omusomesa wange naija okungamba ngu tinyine ekisembo - nkamwoleka nti agwiri,My art teacher will tell me l had no talent - l proved her wrong.
omusomesa wange oyokusiga akaba agambire ngu tinyine ekisembo -nkamwoleka nti agwire,My art teacher has told me l had no talent - l proved her wrong.
"Njwara omusalaba omubikya byange,gunyijukya nooha owumpondera.",I wear a cross around my neck-it's a areminder of who i belong to.
nkajwara omusalaba omubikya byange- kijukyokyo ekyogu nambere ngwa,I wore a cross around my neck-it's a areminder of who i belong to.
ninyija okujwara omusalaba omubikya byange -kijukyo ekyogu nambere ngwa,I will wear a cross around my neck-it's a areminder of who i belong to.
njwaire omusalaba omubikya byange - kijukyo ekogu nambere ngwa,I have worn a cross around my neck-it's a areminder of who i belong to.
tukamara obwire bwekiro bwona nitumaliriza ebitwali nitwija kwoleka tukamalirra tukozire kurungi muno twatunga guredi yokubanza enungi muno.,We stayed up all night finishing our presentation and ended up getting an A.
tukarara niturora ekiro kyona nitumaliriza omwolekyo gwaitu kandi tukamalira tutungire A,We stayed up all night finishing our presentation and ended up getting an A.
nitwija okumara ekiro kyona niturora ntumaliriza omwolekyo gwaitu kandi tukamalira tutungire A,We will stay up all night finishing our presentation and ended up getting an A.
tumazire ekiro kyona niturora nitumaliriza omwolekyo gwaitu kandi tukamalira tutungire A,We have stayed up all night finishing our presentation and ended up getting an A.
Omusaija ataire embyarwa omubuli katongole,He has diversified his investments across sectors.
ahinduramu okusiga senteze omubulikimu,He diversifies his investments across sectors.
akahinduramu okusiga senteze omubulikimu,He diversified his investments across sectors.
naija okuhinduramu okusiga senteze omubulikimu,He will diversify his investments across sectors.
omubirri gw'omurwaire tigurukusobora kurwanisa burwaire.,The patient's immune system is compromised.
obutafwali bwomubiri obwomuraire bukwasirwe,The patient's immune system was compromised.
obutafwali bwomubiri obwomuraire nibwija okuba bukwasire,The patient's immune system will be compromised.
obutafwali bwomubiri obwomurairebubaire bukwasirwe,The patient's immune system has been compromised.
Emitaano ayabakemi bamatwale etafeeho obuzaale nengeso ezobuzalirwana.,Colonial boundaries ignored ethnic and cultural divisions.
emitano yabajungu etamanyire ebika byabantu nobuhangwa,Colonial boundaries ignored ethnic and cultural divisions.
emitano yabajungu terukwija okumanyira ebika byabantu nobuhangwa,Colonial boundaries will ignore ethnic and cultural divisions.
emitano yabajungu temanyirire ebika byabantu nobuhangwa,Colonial boundaries have ignored ethnic and cultural divisions.
encweera ekazimbya ekitwe kyaayo yayehungya kututinisa,The cobra spread its hood and swayed to warn us away.
ekwera imukya omutwe gwayo kandi egutwara enyuma no omumaiso okututinisa,The cobra spread its hood and swayed to warn us away.
enkwera nija okwimukya omutwe gwayo kandi egutwara enyuma no omumaiso okuttinisa,The cobra will spread its hood and swayed to warn us away.
ekwera imukya omutwe gwayo kandi egutwaire enyuma no omumaiso okututinsa,The cobra has spread its hood and swayed to warn us away.
omuzaani womuzaano gwaharutuutu ataaha nazaana ekicweeka kyomusinguzi mu muzaano eyabulikiro,The actor plays the role of the hero in the local drama.
omuzani akazana nkemanzi omumuzano,The actor played the role of the hero in the local drama.
omuzani naija okuzana nkenmazi omumuzano,The actor will play the role of the hero in the local drama.
omuzani azaine nkemanzi omumuzano,The actor has played the role of the hero in the local drama.
Akarwarro nikakira kujanjaba abakazi.,The clinic specializes in women's health.
irwaro likakomamu okujanjaba obwomezi bya abakaizi bonka,The clinic specialized in women's health.
irwaro nirija okukomamu okujanjaba obwomezi bya abakazi bonka,The clinic will specialize in women's health.
irwaro likomeremu okujanjaba obwomezi byabakazi bonka,The clinic has specialized in women's health.
omusisa gukabima musanju nekicweka nobucweeka ha ricita muzaani yagwo,The earthquake measured seven point five on the Richter scale.
omusisi gukapimwa musanju nobutonyezi butano ha mizani ya ricita,The earthquake measured seven point five on the Richter scale.
omusisi nigwija okupimwa musanju nobutonyezi butano ha mizani ya ricita,The earthquake will measure seven point five on the Richter scale.
omusisi gupimirwe musanju nobutonyezi butano ha mizina ya ricita,The earthquake has measured seven point five on the Richter scale.
Kumara emyaka nemyaka ekka yaitu ebaire nehondere emigezo yakuswera erukusisana.,Our family has followed the same marriage customs for generations.
eka yaitu ehondera omulingo gw'obuswere gwenyini okumara ebyasa,Our family follows the same marriage customs for generations.
eka yaitu ekahondera omulingo gw'obusere gwenyini okumara ebyasa,Our family followed the same marriage customs for generations.
eka yaitu nija okuhondera omulingo gw'obusere gwenyini okumara ebyasa,Our family will follow the same marriage customs for generations.
"Omumwaaka enkumi ibuli n'ataano , nitwiija kuba tuferurwe ebicweeka eburi hamyegeego y'eryarya,eburi harulengo orwamaizi orwahansi.","By 2050, we will have lost many coastal areas to sea level rise"
"omu 2050, tufirwa ebisa by'enyanja ha kweyongera kwamaizi","By 2050, we lose many coastal areas to sea level rise"
"omu 2050, tukafirwa ebisa by'enyanja habwo okweyongera kwamaizi","By 2050, we lost many coastal areas to sea level rise"
"omu 20250, tuferirwe ebisa byenyanja habwo okweyongera kwamaizi","By 2050, we have lost many coastal areas to sea level rise"
Kakuba tulinda ebibira byaitu ntusobora kwikazaaho ebyobuhangwa ntutangirayo n'empindahinduka y'obwiire.,"If we protect our forests, we can preserve biodiversity and prevent climate change."
"kakuba twalinzire ebibira baitu, ntusobora okulinda engeri eby'ebihangwa eby'emihanda n'emihanda","If we protected our forests, we can preserve biodiversity and prevent climate change."
"kakuba twija okilinda ebibira baitu, ntusobora okulinda engeri eby'ebihangwa eby'emihanda n'emihanda","If we will protect our forests, we can preserve biodiversity and prevent climate change."
"kakuba tutulinzire ebibira baitu, ntusobora okulinda engeri eby'ebihangwa eby'emihanda n'emihanda","If we have protected our forests, we can preserve biodiversity and prevent climate change."
orulengo rwa magoba hansimbi nikyo kisumuruzo omuncwamu eyokubyara ensimbi,The interest rates are a key factor in investment decisions.
amagoba kyali nsonga nkuru muno omusonga y'okusiga sente,The interest rates were a key factor in investment decisions.
amagoba nija okuba ensonga nkuru muno omukusuga sente,The interest rates will be a key factor in investment decisions.
amgaba ebaire nsonga nkuru muno omukusiga sente,The interest rates have been a key factor in investment decisions.
Okukaguzibwa kukaba kutali kurungi okuhikya obunabalizeeho emirimu ei nakozire niiya-mba buyamba ekyahindwire buli kimu.,The interviewer was going terribly until l mentioned my volunteer work- that changed everything.
akaguza ebikaguzo bwangobwango akagenda okuhikya obunagambire omulimo gwange ogw'okuyamba- nikyo kyahindwire bulikimu,The interviewer terribly goes until l mentioned my volunteer work- that changed everything.
akaguza ebikaguzo bwangobwango naija okugenda okuhikya obunagambire omulimo gwange ogw'okuyamba- nikyo kyahindwire bulikimu,The interviewer will terribly go until l mentioned my volunteer work- that changed everything.
akaguza ebikaguzo bwangobwango agenzire okuhikya obunagambire omulimo gwange ogw'okuhamba- nikyo kyahindwire bulikimu,The interviewer has terribly gone until l mentioned my volunteer work- that changed everything.
ensama ekairukira mu kisaaru kwesereka entale,The waterbuck ran into the river to escape the lion.
embante ekairukira omukisaru okwejuna entale,The waterbuck ran into the river to escape the lion.
embante nija okwirukira omukisaru okwejuna entele,The waterbuck will run into the river to escape the lion.
embante irukire omukisaru okwejuna entale,The waterbuck has run into the river to escape the lion.
Akiiriire kimu hanyuma y'okumusemeza.,She made a full recovery after the operation.
akakira kimu obubamazire okumusemeza,She made a full recovery after the operation.
naija okukira kimu hanyuma y'okumusemeza,She will make a full recovery after the operation.
akirire kimu hanyuma y'okumusemeza,She has made a full recovery after the operation.
"Aborubuga orukooto, bataireho entekaniza n'enkora y'okukeehya orwooya orwebisoro biikya kugenda mumwaanya.",The city is developing a climate action plan to reduce its carbon footprint.
Abekika kyange nibu bantu bange bokubanza munyikiriza-ebindi byoona birugirra aho.,My family is my first community of faith-everything else flows from that.
eka yange ekaba nyikiriza yange y'okubanza-ebisigaire bihondera hanyuma yekyo,My family was my first community of faith-everything else flows from that.
eka yange nija okuba niyikiriza yange ey'okubanza -ebisigare bihondera hanyuma yekyo,My family will be my first community of faith-everything else flows from that.
eka yange ebaire nyikirza yange y'okubanzaba -ebisigaire bihondara hanyuma yekyo,My family has been my first community of faith-everything else flows from that.
Omurwaire ensigoye etandikire kukora kurungi.,The patient's kidney function has stabilized.
ensigo z'omuraire nizikora zitaikaine,The patient's kidney function stabilizes.
ensigo z'omuraire zikatekana,The patient's kidney function stabilized.
ensigo z'omuraire nizija okutekana,The patient's kidney function will stabilize.
Nkabyara omusiri gunu omwaka-kusunga ebintu nibimera nikisisana kusunga kunihira nikutwaara emihama.,I planted a garden this year-watching things grow feels like watching hope take root.
nkabyara omusiri gunu omwaka-okurolera enbitu nibikura nikisana nsana okuhura okunihira nikutunga emihama,I planted a garden this year-watching things grow feels like watching hope take root.
ninyija okubaira omusiri omwaka gunu- okurolera enbitu nibikura nikisana nsana okuhura okunihira nikutunga emihama,I will plant a garden this year-watching things grow feels like watching hope take root.
nbaire omusiri omwaka gunu- okurolera enbintu nibikura nsana okuhura okunihira nikutunga emihama,I have planted a garden this year-watching things grow feels like watching hope take root.
obuguuda nibwija kugaruka buhyaka omu meezi agarukwiya,The economy will recover in the coming months.
ebyefuna nibija bitekana omwezi ogurukwija,The economy recovers in the coming months.
ebyenfuna bikatekana omwezi ogurukwija,The economy recovered in the coming months.
ebyefuna bitekaine omwezi ogurukwija,The economy has recovered in the coming months.
Omubazi nigutalibanizibwa omu barwaire abarukurwara obune.,The medication is contraindicated with certain heart conditions.
obujanjabi butaikiranganize n'ebera y'omutima,The medication was contraindicated with certain heart conditions.
obujanjabi tiburukwija okwikiranganiza n'embera y'omutima,The medication will be contraindicated with certain heart conditions.
obujanjabi bubaire tiburukwinganiza n'embera y'omutima,The medication has been contraindicated with certain heart conditions.
Abalinzi bebitwehingulirize babaire nibaseruliriza ha kurubata kw'enjojo baatunga okuvumbura kwoonyini.,The conservationists were conducting research on elephant communication when they made a breakthrough discovery.
abalinzi bakora okuseruliriza hali engeri enjojo zibaza obu batungire okugarukwamu,The conservationists conduct research on elephant communication when they made a breakthrough discovery.
abalinzi nibaija okukora okuseruliriza hali engeri enjojo zibaza obu batungire okugarukwamu,The conservationists will conduct research on elephant communication when they made a breakthrough discovery.
"abalinzi bakozire okuseruliriza hali engeri enjojo zibazamu obu bantugire okugarukwa,mu",The conservationists have conducted research on elephant communication when they made a breakthrough discovery.
Enguta y'okubanza eya caayi yanyenkyakara nigwo omugenzo oguke ogutagurukaga.,The first sip of morning coffee is a small ritual I never skip.
enguta eyokubanza eya caayi w'omwani gwali murwa omutaito oguntalyosaga,The first sip of morning coffee was a small ritual I never skip.
enguta eyokubanza eya caayi w'omwani nigwija okuba omurwa omutaito ogutalyosaga,The first sip of morning coffee will be a small ritual I never skip.
enguta eyokubanza eya caayi w'omwani gubaire murwa omutaito ogutalyosaga,The first sip of morning coffee has been a small ritual I never skip.
"Kakuba oyesanga omunyikara egumire, manya ngu haliyo omuntu hantu arukusabira.","If you're going through something hard, know that someone, somewhere, is praying for you."
"kakuba oba warabire omukintu kigumangaine, manya ngu omuntu, ahantu, nibakusabira","If you went through something hard, know that someone, somewhere, is praying for you."
"kakuba noija okuraba omukintu kigumangaine, manya ngu omuntu, ahantu, nibakusabira","If you will go through something hard, know that someone, somewhere, is praying for you."
"kakuba oba orbire omukintu kigumangaine, manya ngu omuntu, ahantu, nibakusabira","If you have gone through something hard, know that someone, somewhere, is praying for you."
buli bwirebwona nyijuka akasumi na yetegerrizemu ekintu ruksabe mazire akasumi kaingi obwire bwingi obwa ameezi nindengaho kukyetegereza kirembe,l'll always remember the moment l finally understood a concept l'd struggled with for months
nyijuka bulikiro akasumi obunayetegerize isomo eryatabanizaga okumara emyezi,L always remembered the moment l finally understood a concept l'd struggled with for months
niyija okwijuka bulikiro akasumi nayetegerizemu isomo eryatabanizaga okumara emyezi,L will always remember the moment l finally understood a concept l'd struggled with for months
mbaire bulikiro nyijuka akasumi nayetegerizemu isomo eryatabanizaga okumara emyezi,L has always remembered the moment l finally understood a concept l'd struggled with for months
obworayetaaga ekintu kyona omwanyise,"Should you need anything, just let me know."
"kakuba oba oine ekyokwenda kyona, iwe ngamba","Should you needed anything, just let me know."
"obwora oine ekintu kyona ekyorukwija kwetaga, iwe ngamba","Should you will need anything, just let me know."
"obworaba oine ekintu kyona ekyoyetagisize,iwe ngamba","Should you have needed anything, just let me know."
omulingo omuhyaaka ogwokucungira maizi nigwija ruronyera abalimu mubwire buse kyanda,The new irrigation system will help farmers during the dry season.
enkora y'okusesira ebirimwa amaizi guyambaho abalimi omukasumi kekyanda,The new irrigation system helps farmers during the dry season.
enkora y'okusesira ebirimwa amaizi ekayamba abalimi omukasumi kekyanda,The new irrigation system helped farmers during the dry season.
enkora y'okusesira ebirimwa amaizi gayambire abalimi omukasumi kekyanda,The new irrigation system has helped farmers during the dry season.
John Hanninng Speke akahika handugirro eya Nile 1862.,John Hanninng Speke reached the source of Nile in 1862.
john hanning speak akahika hansibuko y'ekisaru kya nile omu 1862,John Hanninng Speke reached the source of Nile in 1862.
john hanning speak naija okuhika hansiboko y'ekisaru kya nile omu 1862,John Hanninng Speke will reach the source of Nile in 1862.
john hanning speak ahikire hansibuko y'ekisaru kya nile omu 1862,John Hanninng Speke has reached the source of Nile in 1862.
NRA ekaleeta endema endi.,The NRA developed a parallel administration.
"Omumwaaka enkumi ibiri nasatu, nittwiija kuba tumazire kukeehya okwamaani hakusisikalirwa ebyobuhagwa.","By 2030, we will have achieved a significant reduction in the loss of biodiversity."
Abaire nayebembera akatebe kumara emyaka atakafokere karagiira omukuru,She had been managing a team for years before she became director.
Ekyaro kyaitu kikonyera abanyakuli omukwetaaga.,Our village has always helped those who are in need.
Enkoragana yobusubuzi empyaka niija kumwikya ebitundwa aheeru eby'obulimi,The new trade deal will boost agricultural exports.
omusaija angire ensimbi omubyara ensimbi omubihanfanzi,He has invested in a real estate investment trust.
Omubazi gwa sente nyingi baitu nigukora.,The treatment is expensive but effective.
Kumara emyaka nyingi nyinenkuru nyowe aruka ebiibo eby'akatale.,My grandmother had been weaving baskets for the market for many years.
Ebijaguzo byona byabamuga okuzina nokucekeca.,Traditional music and dance accompained ceremonies.
Omukazi abaire nakora omukikeeto kumara emyaka atakafokere mukuru w'ebyensimbi.,She had been working in the accounting department for years before she became CFO.
nyowe ngura ebintu omu duuka etakanizibwe buli wiiki,I buy groceries from the supermarket every week.
Irwarro line ekyahuro kyebitabu ebirukukwataho ebyobwomezi.,The hospital has a patient library with health information.
"Hakumaliirra kwenteekaniz'enu , nitwija kuba lwegeseze abalimi hamuringo y'orwezo kuruga mubijunzire.","By the end of this project, we will have trained one thousand farmers in organic methods."
Noija kweetagisibwa amaino gawe kwogebwa omu irwarro emirundi ebiiri omwaka.,You'll need to have your teeth cleaned twice a year.
cukama rwomunyanja ekasinduka amahuuzo gamakamba,The sea cucumber squirted sticky threads to defend itself.
Gavumenti eresire enkora y'okucwaaho emihendo y'ebintu habw'abalimi abarukukozesa ebyolimi ebirukwikaraho.,The government is providing subsidies for farmers who practice sustainable agriculture.
omukazi nayega kukozesa emirungo nigwija kuba nigukozesa ebyama ebirukumuga sira randi eko bikamanya empindurra hinduka nenyakuli orumwanya nomubwire,She had been learning about sustainable agriculture.
Omuka ey'omunyoro abantu nibesorooza habw'orukurato.,People are gathering at the chief's house for the meeting.
omukago gwobusubuzi omuhyaka nugwija kwimukya ebyokutunda aheeru,The new trade deal will boost exports.
Akahuka nikajanjara muno mubantu?,The virus is circulating widely in the community.
Omulimi akombera omusiri gwe ogwa muhogo sabiiti ehoire.,The farmer weeded his cassava field last week.
Busaho kintu ekibi nk'okurubata omu maizi ojwaire sokisi...,There's nothing worse than stepping in a puddle with socks on .
"Mutabani wange akankaguza ""Ruhanga araha?"" namwoleka hamutima gwange nogwe.","My son asked me, ""Where is God?"" I pointed to my heart and his."
Omurro kahulika niguruga hansi gukahangaho ekizinga hagati y'enyanja enkooto.,The volcanic eruption created a new island in the middle of the ocean.
obu lsomero liraaba nirikubuza obusinge tekerezaaho muno obuharaaba hasroho omulingo ogundi,"If school is making you miserable, consider whether there's another way."
ljo omulimi akagesa ama candege agekijungu yagatwara rugasa,The farmer harvested his sunflower and took it for pressing yesterday.
"Abasungi abaingi , basemereriirwe abateezi bebidongo basaba babongereyo ekizina ekindi.",The crowd is cheering for the band to play one more song.
Nambere baisenkuru itwe abaira bahumuliire nuko turaziika abafu baitu.,We will bury our dead in the ground where our ancestors rest.
"Nkeega kusiima omubusalizi, eki kindagirra nkyali mwomezi.",I've learned to be grateful even in pain-it means I'm still alive to feel.
ebinyoma bikagendera mu rukoorra bihumbire ebyaana byabyo nubigaru mukwiina kyaarwo,The ants marched in a long line carrying crumbs back to their nest.
oruganda rwaitu rwina omulingo omutongole nkoku tutagiira omwaka omuhyaka .,Our clan has its own special way of welcoming the new year.
Ibura ly'amaizi likwasireho muno ebyobulimi mu kicweeka kyaito.,The water scarcity has been affecting agricultural production in the region.
Omulimo gwokugarraaho ebibira gugarwire enyamaiswa ezikaba zibuzire mukiikaro.,The reforestation project has brought back wildlife that had disappeared from the area.
Abantu abalembwire ensi enu bakafuka-furukaga bahiigaga kandi basorooza ebyokulya.,The earliest inhabitants were nomadic hunter-gatherers.
Obwakaba nakyahika ati nokugenderaho.,No sooner had she arrived than she had to leave.
"Akasumi ak'omweegi akagilizaamu EKIKAGUZO ekyobaire otarukhra, ako nuuko akasumi KONYINI akokwegesezaamu.",The moment a student asks a question you've never considered is the best part of teaching.
Ekiro ekyaijo omuzini azinirege nkonku ekyaro kyaitu kyatandikire.,The praise singer told the story of the founding of our village yesterday.
Nkatunda emigabo nukwo nyunge ezaburoho.,I sold some shares to raise cash last week.
Noonywa amaarwa agarukwinganaha buli sabbiti?,How much alcohol do you drink per week?
Ebinyonyi bifuruka nibigenda habulyo mubwiire bw'omusana.,The birds migrate south every year to escape the cold winter.
Omuyaga ogwamaani gukasiisa isomero kyonka enkyomugisa abaana bwirobu bakaba batarumu.,"The tornado destroyed the school, but fortunately no children were there at the time."
Okuswerrana kulesireho okuterana okwamahanga,Intermarriage has created cultural exchange.
Abalinzi bebitwehinguliriize babaire nibekebiija engeso yebikuya byahansozi obubarozire ebintu ebikozesiibwe.,The conservationist were studying the behavior of mountain gorillas when they observed tool use.
ekinyonyi rururbatatoro kirekuurra handa kyacwanganiza ebiruka nukwo kihikeho amaizi,The penguin slid on its belly across the ice to reach the water.
Ntaaha nyine obulemeezi kutekaho omutima habintu nkukora.,I've been having trouble focusing at work.
nagonzaga obwomumwegesa rundi omusomesa yasomaga bbwa nayatura ebigambo hali itwe nobundaaba nkaaba omu kilassa za haigure omu lsomero,I loved when the teacher would read aloud to us—even in high school.
Irwarro line ekisiika ky'abakazi benda nabaruku zaara hamu n'ebisika nambere omurwaire akusasurra obujanjabi.,The hospital has a maternity ward with private rooms.
Abago babaga bekitinisa omubukama.,Royal wives held significant status in the kingdom.
Milton Obote akebembera Uganda okuhika ha kwereme.,Milton Obote led Uganda to independence in 1962.
Omurwaire atungire esagama erukwingana nkaha?,How many units of blood did the patient receive?
Benedicto Kiwanuka nuwe yabandize okuba mukuru wa baminista.,Benedicto Kiwanuka became Uganda's first chief minister.
Akateekwa ha mubazi ogurukuleeta oruzaaro kumarra emyaka ebiri.,She underwent fertility treatment for two years.
Ebyokulya by'omu katale bikaba birungi muno kandi nkagyayo kugora emirundiena omubiro bibiri.,"The food in that market was so good ,l went back four times in two days"
Kuruga ira na ira oruganda rwaitu rukamanya ekisoro eky'omuziro gwabu.,Our clan has known its totem animal since ancient times.
Obworaba noyeuliza muno KWEEGA gambiraho OGU ayakisobozeseze kubaho.,"If you're grateful for your education, tell someone who made it possible."
Omulingo omuhyaka ogwekirimwa nigwija kugumira oburwaire.,The new crop variety will be resistant to disease.
Tingaba nukwo bandole baitu habwokuba nyowe nkaheebwa bingi.,I don't give to be seen-I give because I've been given so much.
Noija kwetaagisa kwesiigaho omubazi nambere hali akahere emirundi ebiri buli kiro.,You'll need to apply the cream to the rash twice daily.
okaire noyetagisibwa okutekaho ebizigo nambere hamomere emirundi ebiri bulikiro,You needed to apply the cream to the rash twice daily.
noija okwetagisibya okutekaho ebizigo nambere hamomere emirundi ebiri bulikiro,You will need to apply the cream to the rash twice daily.
okaire oyetagisibwe okutekaho ebizigo namberehamomere emirundi ebiri bulikiro,You have needed to apply the cream to the rash twice daily.
ekinyonhyi rugoro kikairuka kyacwanganiza ekisaka nebikya byaakyo kibirahiriize,The emu ran across the field with its long neck stretched out.
emu iruka okwetorora ekizaniro n'ebikya byayo ebiraihize,The emu runs across the field with its long neck stretched out.
emu nija okwiruka okwetorora ekizaniro n'ebikya byayo ebiraihize,The emu will run across the field with its long neck stretched out.
emu irukire ekwetorora ekizaniro m'ebikya byayo ebiraihize,The emu has run across the field with its long neck stretched out.
akamanyisa nkoku arukwetaaga kutaha mukitebe,He expressed interest in joining the club.
akoleka okugonza okutaha ekitebe,He expressed interest in joining the club.
naija okwoleka okugonza okutaha ekitebe,He will express interest in joining the club.
ayolekeze okugonza okutaha ekitebe,He has expressed interest in joining the club.
omwani gulinurwe hansi yebituuru bye ebitooke,The coffee has been shade-grown under banana trees.
omwani kituru hansi y'ebitoke,The coffee is shade-grown under banana trees.
omwani gukaba kituru hansi y'ebitoke,The coffee was shade-grown under banana trees.
omwani nigwija okuba kituru hansi y'ebitoke,The coffee will be shade-grown under banana trees.
bulikasumi abulirirwa ebisumuzobye,She is always losing her keys.
akizire okubuza ebisumuruzobye,She always lost her keys.
naija okubuza ebisumuruzobye,She will always lose her keys.
abuza ebisumuruzobye,She has always lost her keys.
Buli nyenkyakara ndora ha mihendo y'ebintu,I check the stock prices every morning.
nkakebera emihendo y'ebintu buli nyenkyakara,I checked the stock prices every morning.
ninyija okukebera emihendo yebintu buli nyenkyakara,I will check the stock prices every morning.
nkebire emihendo y'ebintu buli nyenkyakara,I have checked the stock prices every morning.
"Omurundi gw'okubanza obu nakozire enyanja eyetahwayo , ebyokubaza bikamburraaho.","The first time l saw the ocean , l was completely speechless."
"omurundi gwonkubanza okurora enyanja, nkaburwa ebigambo","The first time l saw the ocean, l was completely speechless."
"omurundu gwokubanza obundirora enyanja, ninyija okuburwa ebigambo","The first time l will see the ocean, l was completely speechless."
"omurundi gwokubanza obunaboine enyaja, nkaburwa ebigambo","The first time l has seen the ocean, l was completely speechless."
Tutakacwiremu ekyokukora itwe tusaba emizimu eturagirre.,We ask the spirits to guide us before we make important choices.
tukasaba omwoyo atwebembere tutakakozire ekwamu ey'omugaso,We asked the spirits to guide us before we make important choices.
nitwija okusaba omwyo atwebembere tutakakozire ekwamu ey'omugaso,We will ask the spirits to guide us before we make important choices.
tusabire omwoyo atwebembere tutakakozire ekwamu ey'omugaso,We have asked the spirits to guide us before we make important choices.
Omusaija asoroize omuganda ogwa embaagwa,He has accumulated a portfolio of dividend stocks.
ayongize emirimoye yona hamu habwe ebintubwe ebicwirwemu,He accumulates a portfolio of dividend stocks.
ayongizeho emirimoye yona hamu habwe ebintubwe ebicwirwemu,He accumulated a portfolio of dividend stocks.
naija okwongeze emirimoye yona habwe ebintubwe ebicwirwemu,He will accumulate a portfolio of dividend stocks.
Emirimo enyakozirwe haitaka neragirra amagezi maingi nobuginga.,The earth works demostrate sophisticated engineering.
ensi eyoleka obukugu obwekika kyahaiguru omumirimo,The earth demostrate worked sophisticated engineering.
ensi nija okwoleka obukugu obwekika kyahaiguru omumirimo,The earth will demostrate work sophisticated engineering.
ensi eyolekeze obukugu bwekika kyahaguru omumirimo,The earth has demostrate worked sophisticated engineering.
"Obworaaba oli hagatinahageti yeki cweka ekigumangaine , lkara nosoma tukuli kumahira kworuganikyo.","If you're in the middle of a hard chapter , keep reading - it's not the end of the story."
"kakuba wali omuhagati y'orukara orugumire, gumizamu n'osoma- tiniho hakumalira y'oruganikyo","If you was in the middle of a hard chapter, keep reading - it's not the end of the story."
"kakuba noija kuba omuhagati y'orukara orugumire, gumizamu n'osoma - tiniho hakumalira y'oruganikyo","If you will be in the middle of a hard chapter, keep reading - it's not the end of the story."
"kakuba obaire okyali omuhagati y'orukara orugumire, gumizamu n'osoma -tiniho hakumalira y'oruganikyo","If you have been in the middle of a hard chapter, keep reading - it's not the end of the story."
akaikara nakora nobuhabaire haloho etoko,He kept on working despite the noise.
akagumizamu nakora nobu habaireyo etoko,He kept on working despite the noise.
naija okugumizamu nakora nobuhabaireyo etoko,He will keep on working despite the noise.
agumizemu nakora nobukiraba haliyo etoko,He has kept on working despite the noise.
kiri kita kusunga omuzano kiro kinu,How about watching a movie tonight?
orora ota kasinga turoramu muvi kirokinu,How about watched a movie tonight?
orora ota kasinga twija okuroramu muvi kirokinu,How about will watch a movie tonight?
orora ota kasinga turora muvi kirokinu,How about has watched a movie tonight?
ningumya kurungi randi mimanya omuhimbo ogwomuntu agira obwaba ayegere orulimi oruhyaka obwaba mabaza namukama worulimi,"If you've ever learned a new language , you know the thrill of your first real conservation."
"kakuba wali oyegereho orulimi oruhyaka, nomanya omuniniro ry'orubazo rwonkubaza","If you ever learned a new language, you know the thrill of your first real conservation."
"kakuba orayega orulimi oruhyaka, noija okumanya omuniniro gwokubaza orubazo rwokubanza","If you will ever learn a new language, you know the thrill of your first real conservation."
"kakuba oba yagegereho orulimi oruhyaka, nomanya omuniniro ry'okubaza orubazo rwonkubaza","If you have ever learned a new language, you know the thrill of your first real conservation."
Ekitongole ky'ebitwehinguliriize nikitendeka abantu bomukucweeka habwebyokulima ebirukwikaraho.,The environmental organization is training community members in sustainable agriculture
ekitongole ky'ebyobuhangwa kyegeseze abantu omukulima n'okulisa okwokwebaisaho,The environmental organization trained community members in sustainable agriculture
ekitongole ky'ebyobuhangwa nikija okwegesa abantu okulima n'okulisa okwokwebaisaho,The environmental organization will train community members in sustainable agriculture
ekitongole ky'ebyobuhngwa kyegeseze abantu okulima n'okulisa okwokwebaisaho,The environmental organization has trained community members in sustainable agriculture
buli kiro kyoona nyega ekintu kuruga omubaana bange mbe nigonza rundi tinkugonza,I learn something from my children every single day—whether I want to or not.
nkega ekintu kuruga hali abaana bange bulikiro- oba ninyenda obu tiwenda,I learned something from my children every single day — whether I want to or not.
ninyija okwaga ekintu kuruga hali abaana bange bulikiro- ninyenda obu tinkwenda,I will learn something from my children every single day — whether I want to or not.
nyegere ekintu kuruga hali abaana bange bulikiro- oba ninyenda oba tikwenda,I have learned something from my children every single day — whether I want to or not.
Osemerire kwikarra kurungi n'okwemerra kurungi nukwe omugongo guleke kusasa.,You should practice good posture to prevent back pain.
oine okweyegesa enyikara enungi okutangira okurumwa omugongo,You should practice good posture to prevent back pain.
noija okwetagisibwa okweyegesa enyikara enungi okutangira okurumwa omugongo,You will shall practice good posture to prevent back pain.
wandi yegeseze okwikara kurungi okutangira okurumwa ky'omugongo,You have should practice good posture to prevent back pain.
Nyowe nkozesa akooma akabara omukutegekera ebyokubyara ensimbi,I use a financial calculator to plan investments.
nkakozesa kaliculeta ya abekento okutekaniza nambere nkugenda okusiga sente zange,I used a financial calculator to plan investments.
ninyija okukozesa kaliculeta ya abekento okutekaniza nambere nkugenda okusiga sente zange,I will use a financial calculator to plan investments.
nkozeseze kaliculeta ya abekento okutekaniza nambere nkugenda okusiga sente zange,I have used a financial calculator to plan investments.
ijo nkasasura obupangisa bwange,I paid my taxes on time yesterday.
nsasura omusoro omubwire ijo,I pay my taxes on time yesterday.
ninyi okusasura omusoro omubwire ijo,I will pay my taxes on time yesterday.
nsaswire omusoro omubwire ijo,I have paid my taxes on time yesterday.
Omurufikiriza enzarwa yabanuga okwaruya emizimu.,Traditional religion included ancestor veneration.
enyikiriza y'obuhangwa ekaba erumu bainsekuru abebika,Traditional religion included ancestor veneration.
enyikiriza y'obuhangwa nija okubamu bainsenkuru abebika,Traditional religion will include ancestor veneration.
enyikiriza y'obuhangwa ebairemu bainsekuru abebika,Traditional religion has included ancestor veneration.
Ekiro ekyaijo omuzini atoridogoroire ebyabaire omubulemu obwajurure obukama.,The praise singer told the story of the battle that saved the kingdom yesterday.
omuzini w'okutendereza agambire oruganikyo ry'orutaro orwajunire obukama ijo,The praise singer tells the story of the battle that saved the kingdom yesterday.
omuzini w'okutendereza naija okugamba oruganikyo ry'orutara orwajunire obukama ijo,The praise singer will tell the story of the battle that saved the kingdom yesterday.
omuzini w'okutendereza agambirege oruganikyo ry'orutaro orwajunire obukama ijo,The praise singer has told the story of the battle that saved the kingdom yesterday.
itwe tucweraho hali omwegi wobwongo bwa kalimagezi .,We offer student discounts on software.
tukaha okukehebwaho kw'emihendo hali abaana hali byakalimagezi,We offered student discounts on software.
nitwija okuha okukehebwaho kwemihendo hali abaana abakalimagezi,We will offer student discounts on software.
tukaha abaana okukehebwaho kwemihendo hali abaana abakalimagezi,We have offered student discounts on software.
Obworaba okaba orarairehonosoma ekitabu obwire bwoona obwekiro otabyamire ( OTAAIREHO ORUKOHI) nosemerra kuba nomanya OBUNUZI -bw'okwega.,"If you've ever stayed up all night reading a book because you couldn't put it down, you know real learning."
"kakuba wagumire norora ekiro kyona nosoma ekitabu habwokuba okaba otakukita hansi, nomanya okusoma kwenyini","If you ever stayed up all night reading a book because you couldn't put it down, you know real learning."
"kakuba noija okumara ekiro kyona norora nosoma ekitabu habwokuba okaba otakukita hansi, nomanya okusoma kwenyini","If you will ever stay up all night reading a book because you couldn't put it down, you know real learning."
"kakuba omazire ekiro kyona norora nosoma ekitabu habwokuba okaba otakukita hansi, nomanya okusoma kwenyini","If you have ever stayed up all night reading a book because you couldn't put it down, you know real learning."
abe bya sayansa babaire rubekebiya oburungi bworwoya obubamazi kwerenga orulengo rwakabi,The scientists were monitoring air quality when they detected dangerous levels of pollution.
abaseruzi bahondera embera y'omuyaga obubazora orulengo rw'akabi ry'okutokora,The scientists monitor air quality when they detected dangerous levels of pollution.
abaserurizi nibaija okuhondera embera y'omuyaga obubazora orulengo rw'akabi ry'okutokora,The scientists will monitor air quality when they detected dangerous levels of pollution.
abaserurizi bahondire embera y'omuyaga obubazora orulengo rw'akabi ry'okutokora,The scientists have monitored air quality when they detected dangerous levels of pollution.
Akabagambira nkoku yarozire ekyererezi kyembaganiza.,He reported seeing a strange light.
akarora ekyererezi ekyatakaroraga,He saw a strange light.
naija okurora ekyererezi ekyatakaroraga,He will see a strange light.
arozire ekyererezi ekyatakaroraga,He has seen a strange light.
Okehutaaza ota ha kuju?,How did you injure your knee?
okuju kwawe okuhutaize ota?,How did you injure your knee?
okuju kwawe noija okukuhutaza ota?,How will do you injure your knee?
okuju kwawe kuhutairege ota?,How has done you injure your knee?
Owaise nyowe abaire nayega orulimi orwensita orwabafumu.,My cousin had been learning the secret language of the healers.
omwaana wa isento nyowe ayegere orulimi orwensita orw'abakiza,My cousin learns the secret language of the healers.
omwaana wa isento nyowe naija okwega orulimi rwensita orw'abakiza,My cousin will learn the secret language of the healers.
omwaana wa isento nyowe ayegere orulimi orwensita orw'abakiza,My cousin has learned the secret language of the healers.
Ekingonza muno mumikoro ekicweka kyabuli omu kumalirra aikahire hansi hamu.,My favorite part of any celebration is the moment when everyone finally sits down together.
ekicweka ekikyasingireyo okunyumira omukujaguza kwona kali akasumi nambere buliomu aikara hansi bonahamu,My favorite part of any celebration was the moment when everyone finally sits down together.
ekicweka ekikyasingireyo okunyumira omukijaguzo kyona nikija okuba akasumi nambere buliomu yaikalire hansi bonahamu,My favorite part of any celebration will be the moment when everyone finally sits down together.
ekicweka ekikyasingireyo okunyumira omukijaguzo kyona kibaire akasumi nambere buliomu wena yaikalire hansi bonahamu,My favorite part of any celebration has been the moment when everyone finally sits down together.
Tuhemba emisimao kwijuka baisenkuru itwe kandi tugambira abaana baitu ebikubakwataho.,We light a candle for our ancestors and tell their stories to our children.
tukahemba kando habwa baisenkuru itwe kandi tugabere enganikyo zabo hali abaana baitu,We lit a candle for our ancestors and tell their stories to our children.
nitwija okuhemba kando hali baisenkurur baitu kandi tugambire enganikyo zabo hali abaana baitu,We will light a candle for our ancestors and tell their stories to our children.
tuhembere kando hali bainsekuru baitu kandi tugambire enganikyo zabo hali abaana baitu,We have lighted a candle for our ancestors and tell their stories to our children.
Itwe nitwiija okujaguza amagesa nibuyenyi oburumu ebyokulya byona ebitulimire.,We will celebrate the harvest with a feast that includes all the food we have grown.
tukajaguza amagesa n'ekihuro ekikaba kirumu ebyokulya bwona ebitwalimire,We celebrate the harvest with a feast that includes all the food we have grown.
tujaguza amagesa n'ekihuro ekiba kirumu ebyokulya byona ebitwalimire,We celebrated the harvest with a feast that includes all the food we have grown.
tujagwize amagesa n'ekihuro ekikaba kirumu ebyokulya byona ebitwalimire,We have celebrated the harvest with a feast that includes all the food we have grown.
engo rwa america akatemba omuli yalindiirra ekyokulya kiyaa hansi,The jaguar climbed the tree and waited for its prey below.
ekisuzi kikatemba omuti kandi kyalinda ebyokulya hansi,The jaguar climbed the tree and waited for its prey below.
ekisuzi nikija okutemba omuti kandi kirinde ebyokulya hansi,The jaguar will climb the tree and waited for its prey below.
ekisuzi kitembere omuti kandi kirinzire ebyokulya hansi,The jaguar has climbed the tree and waited for its prey below.
"Ebigonzi ebyaleesirwe omusisa ,nekiirro kyahansi y'enyanja bikateera hamyeegeko y'enyanja byaleeta kusisikalirwa kwingi muna.","The tsunami struck the coastline without warning , causing massive destruction."
"ebigonzi bikatera omusa gwenyanja gutabandi okutera omuranga, bikaletaho okusisa okwamani","The tsunami struck the coastline without warning, causing massive destruction."
"ebigonzi nigwija okutera omusa gwenyanja gutabandi okutera omuranga, bikaletaho okusisa okwamani","The tsunami will strike the coastline without warning, causing massive destruction."
ebigonzi bitire omusa gwe enyanja gutabandize okutera omuranga,"The tsunami has struck the coastline without warning, causing massive destruction."
Okuseruruza okwomwitaka nukuragirra hakaba haroho okusuburra okuruga hamwaro omukooto.,Archaelogical evidence shows trade connections with the coast.
oburorwaho by'ebikaro ebyakara bwoleka okukwatagana n'obusubuzi na hamwara,Archaelogical evidenced shows trade connections with the coast.
oburorwaho by'ebikaro ebyakara nibija okwoleka enkoragana nahamusa gwenyanja,Archaelogical will evidence shows trade connections with the coast.
oburorwaho by'ebikaro ebyakara byolekere enkoragana nahamusa gwenyanja,Archaelogical has evidenced shows trade connections with the coast.
Emibazi eyebisaka nekyakozesibwa hamu emibazi eyebrow binu.,Herbal medicine is widely used alongside modern medicine.
emibazi yebisaka lyali nirikora muno okukira emibazi eyahati,Herbal medicine was widely alongside used modern medicine.
emibazi yebisaka nija okukora muno okukira emibazi eyahati,Herbal medicine will widely alongside be used modern medicine.
emibazi yebisaka ebaire nekora muno okusinga emibazi eyahati,Herbal medicine has widely alongside been used modern medicine.
Bungereza ekakozesa amaani maingi okumaraho obutigi omubunyoro.,The British used military force to subdue resistance in Bunyoro.
abajungu bakakozesa ekitebe n'amani gamahe okumaraho obuhakani omu bunyoro,The British used military force to subdue resistance in Bunyoro.
abajungu nibaija okukozesa ekitebe n'amani gamahe okumaraho obuhakani omu bunyoro,The British will use military force to subdue resistance in Bunyoro.
abajungu bakozeseze ekitebe n'amani gamahe okumaraho obuhakani omu bunyoro,The British has used military force to subdue resistance in Bunyoro.
Oburwaire bukatandikira omu katale akarukutundirwamu ebyokulya ebibisi.,The outbreak originated in a wet market.
okucwekaho kukarugira omubugwa izoba byakatale,The outbreak originated in a wet market.
okucwekaho nikwija okurugira omubugwa izoba byakatale,The outbreak will originate in a wet market.
okucwekaho kurugirire omubugwa izoba byakatale,The outbreak has originated in a wet market.
Ira natinaga Ruhanga baitu hati mpumurra omungonzize.,I used to be afraid of God-now I rest in God's love.
nkaba nitina ruhanga -hati npumura omungozi zaruhanga,I used to be afraid of God-now I rest in God's love.
ninja kuba nintina ruhanga- hati mpumura omungozi zaruhanga,I will use to be afraid of God-now I rest in God's love.
mbaire nintina ruhanga - hati mpumura omungozi zaruhanga,I have used to be afraid of God-now I rest in God's love.
ningozab ombere wamanaru,I need you to be honest with me.
ngondezege iwe obe wamazima hali nyowe,I needed you to be honest with me.
nija kwenda iwe obe wamazima hali nyowe,I will need you to be honest with me.
nyikaire ninyenda iwe obe wamazima hali nyowe,I have needed you to be honest with me.
"Nkarora ebirukuhuniriza omukusaba okwokukizas,emibazi ekyetarukusaborra.",I've seen miracles of healing that medicine could'nt explain.
ndozirege ebyamahano by'okukiza omubazi ogu gutasobara okusoborra,I saw miracles of healing that medicine could'nt explain.
ninyija okurora ebyamahano by'okukiza omubazi ogu gutasobora okusoborra,I will see miracles of healing that medicine could'nt explain.
ndozire ebyamahano byokukiza omubazi ogu gutasobora okusoborra,I have seen miracles of healing that medicine could'nt explain.
"Obworaaba otarukugumya kurung muhanda orukutoma , tikiri kyawe wenka na abantu abandi baingi nabo nuko bali bati.","If you're unsure about your path, that's okay—most people are."
"kakuba okaba otakwesiga omuhanda gwawe, tikine buzibu- abantu abakusinga bali","If you was unsure about your path, that's okay — most people are."
"kakuba noija okutesiga omuhanda gwawe, tikine buzibu- abantu abakusinga bali","If you will be unsure about your path, that's okay — most people are."
"kakuba oba otakwesiga omuhanda gwawe, tikine buzibu- abantu abakusinga bali","If you have been unsure about your path, that's okay — most people are."
Obuleemi obwenzaarwa kwainganizaaga okugonza okutali kumu.,Traditional political systems balanced various interests.
obutegeki bwendema y'obuhangwa ekaba ninganiza ebintu ebyomugaso,Traditional political systems balanced various interests.
obutegeki bwendema y'obuhangwa nibwija okwinganiza ebintu ebyomugaso,Traditional political systems will balance various interests.
obutegeki bwendema y'obuhangwa bwinganize ebintu ebyomugaso,Traditional political systems have balanced various interests.
"Ha kitebe kyebyenyegesa habwebitwehiliriize, basomeseze enkumi z'abasomsa hamitwe y'ebintu ebitwehinguliriize.",The environmental education center has trained thousands of teachers in environmental topics.
ekicweka kyenyegesa ey'obuhangwa kyegesa ekumi nekumi zabasomesa omubicweka by'obuhangwa,The environmental education center trains thousands of teachers in environmental topics.
ekicweka kyenyegesa ey'obuhangwa kyegeseze ekumi nenkumi zabasomesa omubicweka by'obuhangwa,The environmental education center trained thousands of teachers in environmental topics.
ekicweka kyenygesa ey'obuhangwa nikija okusomesa ekumi nekumi zabasomesa omubicweka by'obuhangwa,The environmental education center will train thousands of teachers in environmental topics.
ekyomumaizi rwakaako kikafuuha amaizi namaani kulinda omwaanya gwaakyo hamusa,The elephant seal bellowed loudly to defend its territory on the beach.
enjojo ekaboroga niraka eryahaguru okulinda esarosaro zayo hamaizi,The elephant seal loudly bellowed to defend its territory on the beach.
enjojo nija okuboroga niraka eryahaiguru okulinda ensarosaro zayo ahamaizi,The elephant seal will loudly bellow to defend its territory on the beach.
enjojo eborogere niraka eryahaguru okulinda esarosaro zayo ahamaizi,The elephant seal has loudly bellowed to defend its territory on the beach.
encu nyakitoito rwebiriisa zikerwanda hamu kuburangaruza encu enkooto,The sardines packed together tightly to confuse the larger fish.
mukene zona zikekwata hamu okuburanganiza esamaki enkoto,The sardines together tightly packed to confuse the larger fish.
mukene nizija okwesora hamu zona okuburanganiza esamaki ekontu,The sardines will together tightly pack to confuse the larger fish.
mukene zesoroize hamu zona okuburanganiza esamaki enkoto,The sardines have together tightly packed to confuse the larger fish.
Abasungi esimu zaaba baziimukize nukwo bakwaate amaraka 'ebirukukorra.,The audience is holding up their phones to record the performance.
ekitebe kyabntu kikaihayo amasimu gabo okukwata obutambi bw'omwolekyo,The audience held up their phones to record the performance.
ekitebe kyabantu nikija okukwihayo amasimu gabo okukwata obutambi bw'omwolekyo,The audience will hold up their phones to record the performance.
ekitebe kyabantu kihireyo amasimu gabo okukwata obutambi bw'omwolekyo,The audience has held up their phones to record the performance.
ayangambire akaba mugenzi wawe omwi,The one who told me was your brother.
owuyangambire akaba mugenzi wawe omwojo,The one who told me was your brother.
arukwija okungambira naija okuba mugenzi wawe omwojo,The one who will tell me was your brother.
agambire abaire mugenzi wawe omwojo,The one who has told me was your brother.
omwehanahangi naija kuteera ekisisani nyamugundu ha kisiika kyisomero sabiiti erukwija,The artist will paint a mural on the school wall next week.
omusigi asigire ekisisani hakisika kisomero wiiki erukwija,The artist paints a mural on the school wall next week.
omusigi akasiga ekisisani hakisika kisomero wiiki erukwija,The artist painted a mural on the school wall next week.
omusigi asigire ekisisani hakisika kisomero wiiki erukwija,The artist has painted a mural on the school wall next week.
Akacweka enyugunyu obu yagwire.,She suffered a fractured hip in the fall.
akabonabona nigufwa ly'enyugunyu eryahendekere omukugwa,She suffered a fractured hip in the fall.
naija okubonabona nigufwa ly'enyugunyu eryahendekere omukugwa,She will suffer a fractured hip in the fall.
aboineboine nigufwa ly'enyugunyu eryahendekere omukugwa,She has suffered a fractured hip in the fall.
Ibara ly'omurwani ayalinzire ekyaro kyaitu nitwija kuliruka mutabani waitu.,We will name our son after the warrior who protected our village.
tukaruka ebira omwana waitu hanyuma y'emanzi eyalinzire ekyaro kyaitu,We name our son after the warrior who protected our village.
turukire ebira omwana waitu hanyuma y'emanzi eyalinzire ekyaro kayaitu,We named our son after the warrior who protected our village.
turukire omwana waitu hanyuma y'emanzi eyalinzire ekyaro kyatu,We have named our son after the warrior who protected our village.
"Obu oraaba wakasindikaga obutamwa otakigreriire ha muntu ou atali nuwe, omanyire ku kana okwahonaaho.",If you've ever accidentally sent a text to the wrong person . you know that immediate panic.
kakuba oba osindikire obutumwa hali omuntu atli nuwe otakigenderire. Nomanya ebikaratima byahonaho,If you ever accidentally sent a text to the wrong person. you know that immediate panic.
kakuba noija okusindika obutumwa hali omuntu atali nuwe otakigenderire. Noija okumanya ebikaratima byahonaho,If you will ever accidentally send a text to the wrong person. you know that immediate panic.
kakuba obaire osindikire obutumwa hali omuntu atali nuwe otakigenderire. Nomanya ebikaratima byahonaho,If you have ever accidentally sent a text to the wrong person. you know that immediate panic.
Endema eya matwale omu Uganda ekangirirwa ebitongole ebyabantu abatali bamu.,The Uganda protectorate faced resistance from various groups.
ekitebbe kya uganda porotekita kikatangatagana okuhakanizibwa kuruga omubitebbe ebindi,The Uganda protectorate faced resistance from various groups.
ekitebbe kya uganda porotekita nikija okutangatangana okuhakanizibwa omubitebbe ebindi,The Uganda protectorate will face resistance from various groups.
ekitebbe kya uganda porotekita kitangatangaine okuhakanizibwa hali ebitebbe ebindi,The Uganda protectorate has faced resistance from various groups.
"kurora enyuma , nibwe nakikiriize ngu niko buli kintu kyona obukyahindukire.","looking back, i realize that was the moment everything changed."
"obu ndora enyuma, nyetegereza ngu akokali kasumi nabere bulikimu kikahinduka","Back looks, i realize that was the moment everything changed."
"ninyija okurora enyuma, nyetegereza nti akokali kasumi nambere bulikimu kyahindukire","Will back look, i realize that was the moment everything changed."
"ndozirege enyuma, kandi nayetegeraza akasumi nambere bulikimu kyahindukire","Has back looked, i realize that was the moment everything changed."
akatebe akobutale nikecencura ebirugire omubintu ebibyarwe,The marketing team is analyzing the return on investment of campaigns.
ekitebe ky'bakitunzi kikececura amagoba gakapuni,The marketing team analyzed the return on investment of campaigns.
ekitebe kyabakituzi nikija okwececura amagoba gakampuni,The marketing team will analyze the return on investment of campaigns.
ekitebe kyabakituzi kyecwecwire amagoba gakampuni,The marketing team has analyzed the return on investment of campaigns.
Omusaija asaswire yamarayo ibanja eryomusimbo.,He has paid off his mortgage.
akasasura ibanja lyabanka,He paid off his mortgage.
naija okusasura ibanja lyabanka,He will pay off his mortgage.
asaswire ibanja lyabanka,He has paid off his mortgage.
Ebikaguzo ebinyina hati bihamire kukira ebyokugarukamu ebinkaba nyina kara.,The questions i have now are deeper than the answers i had before.
ebikaguzo hati byali byenziha okukira e bigarukwamu ebinkaba nyine hanyuma,The questions were now deeper than the answers i had before.
ebikaguzo nibija okuba byenziha okukira ebigarukwamu ebinkaba nyine hanyuma,The questions will now be deeper than the answers i had before.
ebikaguzo bibare byenziha okukira ebigarukwamu ebinkaba nyine,The questions have now been deeper than the answers i had before.
Endagaano eya Uganda ay 1900 ekyali y'omugaso.,The Uganda Agreement of 1900 remains historically significant.
endagano ya uganda ey'omwaka gwa 1900 ekasigara nkekyafayo kyamani,The Uganda Agreement of 1900 remained historically significant.
endagano ya uganda ey'omwaka gwa 1900 nija okusigara kyafayo kyamani,The Uganda Agreement of 1900 will remain historically significant.
endagano ya uganda ey'omwaka gwa 1900 esigaire kyafayo kyamani,The Uganda Agreement of 1900 has remained historically significant.
"Ebirimwa ebibalima kulinda itaka kutatwarwa omugezi, omuyaga nokuletamu orwezo.",Cover crops protect soil from erosion.
ebirimwa ebisweka ita bitangira okutwarwa kwitaka,Cover crops protected soil from erosion.
ebirimwa ebisweka ita nibija okutangira okutwarwa kwitaka,Cover crops will protect soil from erosion.
ebirimwa ebisweka ita birinzire okutwarwa kwitaka,Cover crops have protected soil from erosion.
Mpererra omwana omwihanga erindi-kataito baitu nikoleka embaganiza.,I sponsor a child in another country-it's a small way to make a difference.
enkasagika omwana omwihanga elindi- guli omulingo omutaito okukora embaganiza,I sponsored a child in another country-it's a small way to make a difference.
ninyija okusagika omwana omwihanga erindi- nigwija okuba omulingo omutaito okukora embaganiza,I will sponsor a child in another country-it's a small way to make a difference.
nsagikire owmana omwihanga erindi- kirri ngu mulingo omutaito okukora embaganiza,I have sponsored a child in another country-it's a small way to make a difference.
Abantu bakuru tubaramukya nekitiniisa habwokuba betwekere amagezi agaira.,We greet the elders with respect because they carry the wisdom of the past.
tukaramukya abantu abakuru n'ekitinisa habwokuba bahimba amagezi gaira,We greeted the elders with respect because they carry the wisdom of the past.
nitwija okuramukya abantu abakuru n'ekitinisa habwokuba bahimba amagezi gaira,We will greet the elders with respect because they carry the wisdom of the past.
turamukize abantu abakuru n'ekitinisa habwokuba bahimba amagezi gaira,We have greeted the elders with respect because they carry the wisdom of the past.
"Nsiima Ruhhanga obuba bwizire ntakabyamire , nomubiro ebigumire.","I thank God every night before sleep , even on the hard days."
"Nsima ruhanga bulikiro ntakabyamire, n'omubiro ebigumangaine","I thanked God every night before sleep, even on the hard days."
"ninyija okusima ruhanga bulikiro ntakabyamire, n'omubiro ebigumangaine","I will thank God every night before sleep, even on the hard days."
"nsimire ruhanga bulikiro ntakabyamire, n'omubiro ebigumangaine","I have thanked God every night before sleep, even on the hard days."
Ekitongole omubintu kirukukora kyeyongireho nokuliisa encu.,The farm has diversified into fish farming.
omulimi akahinduramu yagenda omukulinda eby'enyanja,The farm diversifies into fish farming.
omulimi akahindura yagenda omukulinda eby'enyanja,The farm diversified into fish farming.
omulimi naija okuhinduramu agende omukulinda eby'enyanja,The farm will diversify into fish farming.
Mbaire ninyimuka ninteerwa omutwe buli nyenkya.,I've been waking up with headaches every morning.
nkaimuka niterwa omutwe buli nyekyakara,I woke up with headaches every morning.
ninyija okwimuka niterwa omutwe buli nyekyakara,I will wake up with headaches every morning.
nyimukirege niterwa omutwe buli nyekyakara,I have waked up with headaches every morning.
nkepima nyenka kusoborra kwange kusigiki rra omwebi ebinakozire kumara emyaka nahati hoona nindengaho kubyebwa ryonka tibikanyebaga,I measured my worth by my GPA for years—I'm still unlearning that.
nkapima obusobozi byange na GPA ey'omwaka oguhwairre- ncyaliyo nikyakiterekereza,I measured my worth by my GPA for years — I'm still unlearning that.
ninyija okupima obusobozi bwange naGPA ey'omwaka oguhwaire- ncyaliyo nikyaketerekereza,I will measure my worth by my GPA for years — I'm still unlearning that.
mpimire obusobozi byange na GPA ey'omwaka oguhwaire- ncyaliyo nikyakiterekereza,I have measured my worth by my GPA for years — I'm still unlearning that.
Ekiro kyaijo nsaswirege ibanja lya intaneti,I paid my internet bill yesterday.
nsasura ebisale byange by'omutimbagano ijo,I pay my internet bill yesterday.
ninyija okusasura ebisale byange by'omutimbagano ijo,I will pay my internet bill yesterday.
nsaswire ebisale byange by'omutimbagano ijo,I have paid my internet bill yesterday.
Iguru nirisobororwa kuba rugonjo orwina ebyambu ebirukuera hansi yarwo-ekisisani eki kimpumuza.,Paradise is described as a garden with rivers flowing beneath it-that image comforts me.
iguru bakilisoboraho nk'omusiri ogwine ebisaru ebirukugera okuruga hansi- ekiekisani kibunda buda,Paradise was described as a garden with rivers flowing beneath it-that image comforts me.
iguru nibaija okulisoboraho nk'omusiri ogwine ebisaru ebirukugera kuruga hansi- eki ekisisani kibunda buda,Paradise will be described as a garden with rivers flowing beneath it-that image comforts me.
iguru balisoborwaireho nk'omusiri ogwine ebisaru ebirukugera kuruga hansi- eki ekisisani kibuda buda,Paradise has been described as a garden with rivers flowing beneath it-that image comforts me.
Kubyara embibo erukukira hemu omu musiri gumu kikonyera kukozesa kurungi itaka.,Intercropping maximizes land use.
okubyarana ebirimwa kiyamba okukozesa itaka,Intercroped maximizes land use.
okubyarana nikwija okuyamba okukozesa itaka,Will intercrop maximizes land use.
okubyarana kuyamba okukozesa itaka,Has intercroped maximizes land use.
akabahabura kutatunda enju,He persuaded them out of selling the house.
akababihabiha baruge omunju nukwo agitunde,He persuaded them out of selling the house.
nija okubabihabiha baruge omunju nukwo agitunde,He will persuade them out of selling the house.
ababihabihire okuruga omunju nukwo agitunde,He has persuaded them out of selling the house.
"Nkasaba cayi yakawa, baitu bandeteramu eyanmate habwensobi kandi namanyira ekyokunywa ekihyaka kyange.","I ordered coffee, but they brought me tea by mistake -and l discovered my new favorite drink."
"ntumya caayi y'omwani, baitu bakandentera amajani omusobi- kandi nkazonzora ekyokunya kyange kyembaganiza","I order coffee, but they brought me tea by mistake -and l discovered my new favorite drink."
"nija okutumya caayi y'omwani, baitu bakandetera amajani omusobi- nkazonzora ekyokunya kyange kyembaganiza","I will order coffee, but they brought me tea by mistake -and l discovered my new favorite drink."
"ntumisize caayi y'omwani, baitu bakandetera amajani omusobi- nkazonzora ekyokunya kyange kyembaganiza","I have ordered coffee, but they brought me tea by mistake -and l discovered my new favorite drink."
Akarwarro kaine obuheereza bw'okufaaho abaana kubajanjaba n'okugema.,The clinic offers well-child visits and vaccinations.
irwaro likaha okubungira n'okugema kwabaanakurungi,The clinic offered well-child visits and vaccinations.
irwaro nirija okubungira n'okurolera abaana kurungi,The clinic will offer well-child visits and vaccinations.
irwaro liherize okubungira n'okugema kwabaana kurungi,The clinic has offered well-child visits and vaccinations.
Nyegere biingi hakwikiriza kwange habwokubaza nabantu abenyikiriza ezindi.,I've learned more about my own faith by talking to people of other faiths.
nkenga muno hali okwikiriza kwange kuraba omukubaza nabantu abenyikiriza ezindi,I learned more about my own faith by talking to people of other faiths.
ninyija okwega muno hali okwikiriza kwange kuraba omukukaguza abantu abenyikirza ezindi,I will learn more about my own faith by talking to people of other faiths.
nyegere bingi hali enyikiriza yange omukuraba omukubaza nabantu abenyikiriza ezindi,I have learned more about my own faith by talking to people of other faiths.
"Ekiro ekyaijo, omwigi wenjura akacekeca kandi yasaba nukwo enjura eraijuza ebyambu bijule.",The rainmaker danced and prayed to bring the rain that would fill the rivers yesterday.
anagisa enjura akazina kandi yasaba okuleta enjura eyerukwijuza ebisaru ijo,The rainmaker dances and prayed to bring the rain that would fill the rivers yesterday.
anagisa enjura naija okuzina kandi asabe okuleta enjura eyerukwija okwijuza ebisaru ijo,The rainmaker will dance and prayed to bring the rain that would fill the rivers yesterday.
anagisa enjura azinirege kandi yasaba okuleta enjura eyerukwija okwijuza ebisaru ijo,The rainmaker has danced and prayed to bring the rain that would fill the rivers yesterday.
notayo kakuba tinyikarra hanu,Do you mind if I sit here?
nofwayo kakuba nyikara hanu?,Did you mind if I sit here?
noija okufayo kakuba nyikara hanu?,Will do you mind if I sit here?
orafayo kakuba nyikara hanu?,Has done you mind if I sit here?
Obuncumbira ekka yange ngitekerezaaho nkekikorwa ekyengonzi kandi okusaba.,"When I cook for my family, I think of it as an act of love-and prayer."
"obu nacumbire eka yange, nkitekerezaho nkekikorwa ky'engozi- kandi n'okusaba","When I cooked for my family, I think of it as an act of love-and prayer."
"obu ndicumbira eka yange, nkitekerezaho nkekikorwa ky'engozi- kandi n'okusaba","When I will cook for my family, I think of it as an act of love-and prayer."
"obu nacumbire eka yange, nkakitekerezaho nkekikorwa ky'engozi - n'okusaba","When I have cooked for my family, I think of it as an act of love-and prayer."
ndemererwa omu kwikya obu nkokora ebisasaizi.,I've been feeling short of breath when I exercise.
nkahura nalemesibwa okwicwa obu nyegezamu,I felt short of breath when I exercise.
ninyija okuhura nalemesibwa okwicya obunyegezamu,I will feel short of breath when I exercise.
ndemesibwe okwicya obu nayegezesezemu,I have felt short of breath when I exercise.
Nitwija kujaguza okuzaarwa kwomwa omukuha ebisembo hali nyina naise.,We will celebrate the birth of a child with gifts for the mother and father.
yukahaguza amazarwa g'omwana waitu n'ebisembo bya nyina na'ise,We celebrate the birth of a child with gifts for the mother and father.
tujagwize amazarwa g'omwana waitu n'ebisembo bya nyina na'ise,We celebrated the birth of a child with gifts for the mother and father.
tujagwize amazarwa g'omwana waitu n'ebisembo bya nyina na'ise,We have celebrated the birth of a child with gifts for the mother and father.
Bakamuhindura omubazi hanyuma yokutalibanizi yokutunga oburwaire bwomutwe obwokuhumunikwa.,She was prescribed a different antidepressant due to side effects.
obututakeehye kusasaaniza emiika emibi ebirukuga mu makoorro na handu ensi nijja kusisikara kukira hati,"If we don't reduce our carbon emissions, global warming will get worse."
"kakuba tutakehya okucumurra ekika, ekyanda nikija okweyongera","If we do not reduce our carbon emissions, global warming will get worse."
"kakuba twalititukeheze okucumurra ekika, ekyanda nikija okweyongera","If we did not reduce our carbon emissions, global warming will get worse."
"kakuba tutabaire tukeheze okucumurra ekika, ekyanda nikija okweyongera","If we have not reduced our carbon emissions, global warming will get worse."
Abasaija nibombeka ibandiro erunyaka erirukwija kutamu ekitinisa omuzimu ogw'ekyambu.,The men are building the new shrine that will honor the spirit of the river.
abasaija bombeka iramizo erihyaka erikwija okuha ekitinisa emyoyo y'ekisaru,The men build the new shrine that will honor the spirit of the river.
abasaija bakombeka iramizo erihyaka erikwija okuha ekitinisa emyoyo y'ekisaru,The men built the new shrine that will honor the spirit of the river.
abasaija bombekere iramizo erihyaka erikwija okuha ekitinisa emyoyo y'ekisaru,The men have built the new shrine that will honor the spirit of the river.
"Ekanisa yange enyina obugoonyo bwabo abataine hokuraara, kandi nyowe nkonyerayo buli sabbiti.","My church has a homeless shelter, and I try to help there once a week."
"ekanisa yange ekaba ine enju etalimu bantu, kandi ngezaho okuyambayo omurundi gumu omuwiiki","My church had a homeless shelter, and I try to help there once a week."
"ekanisa nija okugira enju etalimu bantu, kandi ndengaho okuyambayo omurundi gumu omuwiiki","My church will have a homeless shelter, and I try to help there once a week."
"ekanisa ekaba ine inju etalimu bantu, kandi ndengaho okuyambayo omurundi gumu omuwiiki","My church has had a homeless shelter, and I try to help there once a week."
Obwisurumba obutaito bugeta nibweborongasa haibaale nibwooleka erangi z'omuhangazima.,"The waterfall cascades down the cliff, creating a beautiful rainbow."
"ekisurumba kikaseseka hakibaale, kyakora omuhangaizima omurungi","The waterfall cascaded down the cliff, creating a beautiful rainbow."
"ekisurumba nikija okudedeka hakibaale, kyakora omuhangazima omurungi","The waterfall will cascade down the cliff, creating a beautiful rainbow."
"ekisurumba kisesekere hakibale, kyakora omuhangazima omurungi","The waterfall has cascaded down the cliff, creating a beautiful rainbow."
Omukwaasi w'ebisisani bya harutimbi okwasirege oburungi bwensi yayoleka ebisaaru ensozi n'ebihanga mumuingo ogurukuhuniiriza.,The filmmaker has captured the beauty of the landscape in stunning detail.
omukozi wa filimu akwasire obutambi bwebihangwa ebirungi omubwijwire,The filmmaker captures the beauty of the landscape in stunning detail.
omukozi wa filimu akakwata obutambi bwebihangwa ebirungi omubwijwire,The filmmaker captured the beauty of the landscape in stunning detail.
omukozi wa filimu naija okukwata obutambi bwebihangwa ebirungi omubwijwire,The filmmaker will capture the beauty of the landscape in stunning detail.
Itwe nitwiija kutangurra omunyoro omihyaka n'omukoro ogwokutamu ekitinisa abaisenkuru itwe abaire abamukomere.,We will welcome the new chief with a ceremony that honors the ancestors who chose him.
tutangira omwami omuhyaka n'ekijaguzo ekiha ekitinisa hali abaisenkuru abamukomeremu,We welcome the new chief with a ceremony that honors the ancestors who chose him.
tukatangira omwami omuhyaka n'ekijaguzo ky'ekitinisa hali abaisenkuru abamukomeremu,We welcomed the new chief with a ceremony that honors the ancestors who chose him.
tutangirirege omwami omuhyaka n'ekijaguzo ky'ekitinisa hali abaisenkuru abamukomeremu,We have welcomed the new chief with a ceremony that honors the ancestors who chose him.
"Kakuba oba oli muhyaka omukiteba kya baikiriza, oyeranyege, abantu bali kulagirre karungi.","If you're new to a faith community , introduce yourself -people will welcome you."
"kakuba oba omuhyaka omunyikiriza yabantu, weyanjule- abantu nibaija okukutangira","If you be new to a faith community, introduce yourself -people will welcome you."
"kakuba wali omuhyaka omunyikiriza yabantu, weyanjule- abantu nibaija okukutangira","If you was new to a faith community, introduce yourself -people will welcome you."
"kakuba obaire omunyikira yabantu, weyanjule-abntu nibaija okukutangira","If you have been new to a faith community, introduce yourself -people will welcome you."
"Omuurro gw'oruhiira gukasiisa enkurru z'amaju ,gwasiga abantu boona batairia maka.","The wildfire destroyed thousands of homes ,leaving families homeless."
"omuro gw'ekisaka gukasisa amaka maingi, gukaleka amaka maingi gataine owabu","The wildfire destroyed thousands of homes, leaving families homeless."
"omuro gw'ekisaka nigwija okusisa amaka maingi, gukaleka amaka maingi gataine owabu","The wildfire will destroy thousands of homes, leaving families homeless."
"omuro gw'ekisaka gusisire ekumi zamaka, gukaleka amaka maingi gataine owabu","The wildfire has destroyed thousands of homes, leaving families homeless."
oruganda rwaitu rugira ekizina kyarwo ekitongole ekituzina ha busumi obukuru.,Our clan has its own special song that we sing only at the most important times.
ekika kyaitu kikaba kine ekizina kyakyo ekyembaganiza ekituzina omukasumi akomugaso honka,Our clan had its own special song that we sing only at the most important times.
ekika kyatu nikija okugira ekizina ekyembaganiza ekituzina omukasumi akomugaso honka,Our clan will have its own special song that we sing only at the most important times.
ekika kyaitu kigira ekizina ekyembaganiza ekituzina omukasumi akomugaso honka,Our clan has had its own special song that we sing only at the most important times.
"Okuhulika kwe'kiirro ekyamaaru kuruga hansi ,kikambiriza enkumi z'abantu kurunga mu maka gaabo.",The volcanic eruption forced thousands of people to evacuate their homes.
okucamuka kworusozi kukahambiriza ekuminekumi zabantu okuruga omumaka gabo,The volcanic eruption forced thousands of people to evacuate their homes.
okucamuka kworusozi nikwija kuhambiriza ekuminekumi zabantu okuruga omumaka gabo,The volcanic eruption will force thousands of people to evacuate their homes.
okucamuka kworusozi kuhambirize ekuminekumi zabantu okuruga omumaka gabo,The volcanic eruption has forced thousands of people to evacuate their homes.
omukazi abaire nakora omukitongole ekirinda oburungi kumara emyaka atakafokere omwoleki.,She had been working in the quality assurance department for years before she became director.
akora omukicweka ky'okwetegereza enkora y'ebintu ebirungi okumara emyaka atakafwokere omukuru wekitongole,She works in the quality assurance department for years before she became director.
naija okukora omukicweka ky'okwetegereza enkora y'ebintu ebirungi okumara emyaka atakafwokere omukuru wekitongole,She will work in the quality assurance department for years before she became director.
akozire omukicweka ky'okwetegereza enkora y'ebintu ebirungi okumara emyaka atakafwokere omukuru wekitongole,She has worked in the quality assurance department for years before she became director.
Empingisa y'ensimbi nikara nehinduka tetekaine.,The exchange rate is fluctuating constantly.
omuhendo gw'okuhingisa guguma niguhinduka,The exchange rate constantly fluctuated.
omuhendo gw'okuhingisa nigwija kuguma niguhinduka,The exchange rate will constantly fluctuate.
omuhendo gw'okuhingisa gugumire niguhinduka,The exchange rate has constantly fluctuated.
okugonza nobutagoza ntugenda hatiburu,"Whether you like it or not, we're leaving now."
"oba nokyenda rundi tokucenda, tugenzire hati","Whether you like it or not, we now left."
"oba nocyenda rundi tokucyenda, n itwija okugende","Whether you like it or not, we will now leave."
"oba nocyenda rundi tokucyenda, tugenzire hati","Whether you like it or not, we have now left."
Omufumu akaragirra bamutwale omubafumu b'ebinywa.,The doctor recommended physical therapy.
omufumu andagirire okurora omubudabuda maisonamaiso,The doctor recommended physical therapy.
omufumu naija okundagira omubudabuda maisonamaiso,The doctor will recommend physical therapy.
omufumu andagirirege omubudabuda maisonamaiso,The doctor has recommended physical therapy.
Enganaani omubantu zacwibwamuga bakuru b'enganda.,Traditional justice was administered by clan elders.
okucwamu okwakakara okw'obuhangwa kwakorwaga omukuru woruganda,Traditional justice is administered by clan elders.
okucwamu okwakakara okw'obuhang wanikwija okukorwaho omukuru woruganda,Traditional justice will be administered by clan elders.
okucwamu okwakara okw'obuhangwa kukorwaho omukuru woruganda,Traditional justice has been administered by clan elders.
Okwikiriza obukuraba kutarumu kukaguza buli timanyire nyina kwukiriza.,"If faith means never questing , then l'm not sure l have faith."
"kakuba mba ntakasabaga, hati tinkumanya obunaba nyine okwikiriza","If never quested, then l'm not sure l have faith."
"kakuba mba ntarukwija okusabahoga, hati tinkumanya obunaba nyine okwikiriza","If will never quest, then l'm not sure l have faith."
"kakuba aba atakasabahoga, hati tinkumanya obunaba nyine okwikiriza","If has never quested, then l'm not sure l have faith."
bbaasi yokumalisa ekatusingana nahabweki tukaba twina kusaba abanyambabazi kututwa ho kugaruka omu kibuga,"If I could live anywhere in the world, I'd choose a small cottage by the sea."
"kakuba nayomiri ahantu hona omunsi, nandikomeremu akacweka akataito omunyanja","If I anywhere lived in the world, I'd choose a small cottage by the sea."
"kakuba ndaija okwomera ahantu hona omusi muno, nandikomeremu akacweka akataito omuyanja","If I will anywhere live in the world, I'd choose a small cottage by the sea."
"kakuba nyine ekicweka kwokomeramu ahantu hona omusi, nandikomeremu akacweka akataito omuyanja","If I have anywhere lived in the world, I'd choose a small cottage by the sea."
"Amaizi agarukwimuka gakoongera gakeebolongosa nka kuli! hanyanja gateeta ekyooya rundi obutagasi omunsi, nigainganainganiza ebyobwire omunsi yoona.","The ocean currents distribute heat around the planet, regulating global climate."
"omuyaga gw'enyanja gukatabaniza okwocya okwetorora ensi, nigukendezaho embera y'obwire omusi","The ocean currents distributed heat around the planet, regulating global climate."
"omuyaga gw'enyanja nigwija okutabaniza okwocya okwetorora ensi, nigukendezaho embera y'obwire omusi","The ocean currents will distribute heat around the planet, regulating global climate."
"omuyaga gw'enyanja guyambireho okutabaniza okwocya okwetorora ensi, nigukendezaho embera y'obwire omusi","The ocean currents have distributed heat around the planet, regulating global climate."
Hanyuma kwentegeka enu turaaba tumazire kweegesa abalimi eitwaaro ikumi ha byobulimi ebirukwikaraho.,"By the end of this project, we will have trained ten thousand farmers in sustainable practices."
"hakumalira kw'omulimo gunu, tukegesa abalimi omutwaro gumu omukulima ky'okwebaisaho","By the end of this project, we train ten thousand farmers in sustainable practices."
"hakumalira kw'omulimo gunu, nitwija okwegesa abalimi omutwaro gumu omukulima ky'owebaisaho","By the end of this project, we trained ten thousand farmers in sustainable practices."
"hakumulira kw'omulimo guno, twegeseze abalimi omutwaro gumu omukulima ky'owebaisaho","By the end of this project, we have trained ten thousand farmers in sustainable practices."
Nyowe Nkatungaho ebinarozire ebintakusoborra nyowe mbyeta by'omwoyo.,"I've had experiences that I can't explain,so I just call them sacred."
"nyine obukugu obuntasobora okusoboraho, hati nyowe mbeta abatini","I have experiences that I can't explain, so I just call them sacred."
"ninyija okuba nobukugu obutasobora okusobora, nukwo nsobole okubeta abatini","I will have experiences that I can't explain, so I just call them sacred."
"nkagira obukugugu obutasobora okusobora, nukwo nsobole okubeta abatini","I have had experiences that I can't explain, so I just call them sacred."
Kukaba tukozese orweezo kuruga mubinyansi tusobora kwongera orweezo m'itaka tutakozeseze mibazi ngu.,"If we use green manure, we can improve soil fertility without chemicals."
"kakuba twakozeseze orwezo orwkiibabi, ntusobora okuhindura orwezo rwitaka tutakozeseze emibazi","If we used green manure, we can improve soil fertility without chemicals."
"kakuba nitwija okukozesa orwezo orwakibabi, ntusobora okuhindura orwezo rwitaka tutakozeseze emibazi","If we will use green manure, we can improve soil fertility without chemicals."
"kakuba tubaire tukozeseze orwezo orwakibabi, ntusobora okuhidura orwezo rwitaka tutakozeseze emibazi","If we have used green manure, we can improve soil fertility without chemicals."
Ekiikaro ekya Ntusi nikiragirra amananu obu kutandikaho embuga.,The Ntusi site shows evidence of early urban settlement.
ekyombeko kya ntusi kyoleka obwakaiso byabaikazi orubuga abakara,The Ntusi sited shows evidence of early urban settlement.
ekyombeko kya ntusi nija okwoleka obwakaiso byabaikazi orubuga abakara,The Ntusi will site shows evidence of early urban settlement.
ekyombeko kya ntusi bolekeseze obwakaiso bwabaikazi murubuga abakaira,The Ntusi has sited shows evidence of early urban settlement.
Nkozesa okwahura okwahambeho omunkoragana ya banka,I use online banking for most transactions.
ekakozesa okwahura sente kuraba mubyakalimagezi mirundi gingi,I used online banking for most transactions.
ninyija okukozesa okwahura sente kuraba mubyakalimagezi emirundi nyingi,I will use online banking for most transactions.
nkozeseze okwahura sente omubanka kuraba mubyakalimagezi emirundi nyingi,I have used online banking for most transactions.
"Buli nyenkyara obumba ningenda kukokora, ndora omusaija nuwe omu naaliisa amaiba omu kiikaro kyo'kuhumurraamu.","Every morning on the way to work ,i'd see the same old man feeding pigeons in the park."
"buli nyekyakara obumba ningenda hamulimo, ndora omusaija omukuru omu nalisa ebinyonyi omwirindiro","Every morning on the way to worked, i'd see the same old man feeding pigeons in the park."
"buli nyekyakara obumba nigenda omuka, ninyija okurora omusaija omukuru omu nalisa ebinyonyi omwirindiro","Every morning on the way to will work, i'd see the same old man feeding pigeons in the park."
"buli nyenkyara obumba nigenda hamulimo, nija okurora omusaija omukuru omu nalisa ebinyonyi omwirindiro","Every morning on the way to has worked, i'd see the same old man feeding pigeons in the park."
Amahe amacunguzi gakaba g’baganiizemu.,The Uganda National Army was divided.
amahe gihanga gecwiremu,The Uganda National Army is divided.
amahe gihanga nigaija okuba gecwiremu,The Uganda National Army will be divided.
amahe gihanga gabaire gacwiremu,The Uganda National Army has been divided.
itwe abeeginabantu bakuru hubakekezaaho,We give discounts to students and seniors.
tukaha okukehebwaho hamihendo buli mwaana n'abakuru,We gave discounts to students and seniors.
nitwja okukehyaho emihendo buli mwaana n'abakuru,We will give discounts to students and seniors.
tuhaire okukehebwaho kwemihendo buli mwaana n'abakuru,We have given discounts to students and seniors.
Embaza y'omurwaire ehindukireho habw'obujanjabi bwokubaza.,The patient's speech has improved with speech therapy.
orubazo rwomuraire ruhindura n'orubazo rwomubudabuda,The patient's speech improves with speech therapy.
orubazo rwomuraire rukahindura orubazo rw'omubudabuda,The patient's speech improved with speech therapy.
orubazo rwomuraire nirwija okuhindura orubazo rw'mubudabuda,The patient's speech will improve with speech therapy.
kakuba ntaikalire nawe hakiro kyokuba omu isomero obwomeezi bwange bwakubaire butli nkoku buli kasuumi kanu.,"If I hadn't sat next to her on the first day of school, my life would be completely different."
"kakuba ntalikalire haihi nawe ekiro kyokubanza haisomero, obwomezi bwandibaire bwebaganiza muno","If I did not sit next to her on the first day of school, my life would be completely different."
"kakuba ntalikwija kwikara nawe ekiro kyokubanza haisomero, obwomezi bwange bwandibaire bwembaganiza muno","If I will not sit next to her on the first day of school, my life would be completely different."
"kakuba ntalikalire haihi nawe ekiro kyokubanza haisomero, obwomezi bwange bwandibaire bwembaganiza muno","If I have not sat next to her on the first day of school, my life would be completely different."
nambere orukuhika kukora ruho orukuhika kugoborra,"The more you practice, the better you get."
"nambere orakoma okulengaho, niho orakoma oktunga","The more you practice, the better you got."
"nambere orakoma okulengaho,nuho orukkwija okukoma okutunga","The more you practice, the better you will get."
"nambere orakoma okulengaho, niho okukoma okutunga","The more you practice, the better you have gotten."
