Runyoro,English
"hakumalira kyasa kinu, tuhindura ekoragana yaitu n'ebyobuhangwa","The end of century, we transform our relationship with"
"hakumalira ye kyasa kinu, tuhindura ekoragana n'ebyobuhangwa yaitu","The the end of this century, we transform our relationship with nature."
omukazi abaire nakorra mukeeto kumara emyaka atkabaire CFO,She works the accounting department for years before she became CFO.
abaire omukazi nakorra mukeeto kumara emyaka atkabaire CFO,She works in the accounting department for years before she became CFO.
ekituru kyomutini nikyoleka ngu kikagamba oruganikyo orw'omukama owamani ijo,I have watched a shadow puppet show that told the story of a great king yesterday.
ekituru ndozirege kyomutini nikyoleka ngu kikagamba oruganikyo orw'omukama owamani ijo,I have watched a shadow puppet show that told the story of a great king yesterday.
omutezi wenanga naijakuteranizaho omulere ha bandi,The harmonica player will add a bluesy feel to the band's sound.
omutezi naijakuteranizaho wenanga omulere ha bandi,The harmonica player will add a bluesy feel to the band's sound.
nijnja kwenga nobukuba ndi omuburumi-nikimanyisa nkyali mwomezi,I will learn to be even in pain-it means I'm still alive to feel.
nijnja kwenga kwenyumirizamu nobukuba ndi nkyali omuburumi-nikimanyisa mwomezi,I will learn to be grateful even in pain-it means I'm still alive to feel.
naija kutunga okwimukizibwa ha mulimo,He will receive a raise at work.
kutunga naija okwimukizibwa ha mulimo,He will receive a raise at work.
"dora ebinyonyi omumwanya; bitasige rundi okugesa, baitu iwe ise owomwiguru obirisa","Look at the birds of the air; they did not sow or reap, yet your heavenly father feeds them."
"dora ebinyonyi omumwanya; rundi bitasige okugesa, baitu iwe ise owomwiguru obirisa","Look at the birds of the air; they did not sow or reap, yet your heavenly father feeds them."
nkasiga ekihemeheme kandi kandi nakisindika hamutimbagano ijo,I draw a funny cartoon and posted it on social media yesterday.
nkasiga ekihemeheme kandi nakisindika kandi hamutimbagano ijo,I draw a funny cartoon and posted it on social media yesterday.
ntangainege munywani wange owaira ijo,I ran into an old friend yesterday.
ntangainege wange munywani owaira ijo,I ran into an old friend yesterday.
"hakumalira ye kyasa kinu, tuhindwire enkoragana yaitu n'ebyobuhangwa","The the end of century, we have transformed our relationship with nature."
"ye hakumalira kyasa kinu, tuhindwire enkoragana yaitu n'ebyobuhangwa","The the end of this century, we have transformed our relationship with nature."
omulimi ayombire omusiri gwe gwamuhogo wiiki ehwaire,The farmer has weeded his cassava field last week.
omulimi ayombire omusiri gwe wiiki gwamuhogo ehwaire,The farmer has weeded his cassava field last week.
Hakumaliira kwe kyaasa kiru nitwiija kuba tumazire kwatundwira enkoragana yaitu n'ebyobuhangwa.,"The the of this century ,we will have transformed our relationship with nature."
Hakumaliira kyaasa kwe kiru nitwiija kuba tumazire kwatundwira enkoragana yaitu n'ebyobuhangwa.,"The the end of this century ,we will have transformed our relationship with nature."
"orayenda okwetegereza ebyobuhangwa baitu, tandika n'ebyokulya baitu","If you will want to understand our culture, start with our food."
"orayenda kakuba okwetegereza ebyobuhangwa baitu, tandika n'ebyokulya baitu","If you will want to understand our culture, start with our food."
"Nkaba ntukaterezaaga ngu ndisobora kusura enju eka , baitu dera ndihamu , ninyija kutekaho omukono hampapura sabbiti","I never thought l'd be able buy mu own home , but here l am , signing the papers next week."
"Nkaba ntukaterezaaga ngu kusura ndisobora enju eka , baitu dera ndihamu , ninyija kutekaho omukono hampapura sabbiti erukwija.","I never thought l'd be able to buy mu own home , but here l am , signing the papers next week."
nkatera ekihemeheme kandi nakisindika hamutimbagano ijo,I have drawn a funny cartoon and posted it on social media yesterday.
ekihemeheme nkatera kandi nakisindika hamutimbagano ijo,I have drawn a funny cartoon and posted it on social media yesterday.
ebizina hamu n'okucekeca n'orunyegebirabaga mubuli mukoro,Traditional music and will dance accompained ceremonies.
ebizina byenzarwa n'okucekeca hamu n'orunyegebirabaga mubuli mukoro,Traditional music and will dance accompained ceremonies.
omukazi akozire mukeeto kumara emyaka nyingi atakafokere CFO,She has worked in the accounting department for years before she became
omukazi akozire mukeeto kumara emyaka nyingi CFO atakafokere,She has worked in the accounting department for years before she became CFO.
omulimi agesa amacande ge kandi yagatwara hakyoma ijo,The farmer harvests his sunflower and took it for pressing yesterday.
omulimi agesa amacande ge kandi hakyoma yagatwara ijo,The farmer harvests his sunflower and took it for pressing yesterday.
omulimi agesire amacande ge kandi yagatwara hakyoma,The farmer has harvested his sunflower and took it for pressing yesterday.
omulimi agesire amacande ge yagatwara kandi hakyoma,The farmer has harvested his sunflower and took it for pressing yesterday.
igana lyabantu nirija kusemererwa omukoro gutakatandikire,crowd will buzz with excitement before the show starts.
igana nirija lyabantu kusemererwa omukoro gutakatandikire,The crowd will buzz with excitement before the show starts.
taxi empyaka bakagitandikaho omwaka oguhwaire,The new tax was implemented next year.
empyaka taxi bakagitandikaho omwaka oguhwaire,The new tax was implemented next year.
"kakuba gavumenti erakehya omuhendo gwa sola pano, abantu baingi nibaija kutandika kukozesa amasanyarazi","If the government will subsidize solar panels, more people would use renewable energy now."
"kakuba gavumenti omuhendo erakehya gwa sola pano, abantu baingi nibaija kutandika kukozesa amasanyarazi","If the government will subsidize solar panels, more people would use renewable energy now."
omusomesa wange owunyenda naija kungamba nkaba nyina ekisembo kyokuhandika ebigambo ebi bikasigara,My favorite teacher will tell me that i had a gift- for writing those words stayed with me.
omusomesa wange owunyenda naija kungamba nkaba nyina ekisembo kyokuhandika ebigambo ebi nanye bikasigara,My favorite teacher will tell me that i had a gift- for writing those words stayed with me.
ebiro bisaatu murubuga orutubaire kwetekaniza kubungira,days in a city we will never plan to visit.
ebiro bisaatu murubuga tuturukwija orutubaire kwetekaniza kubungira,Three days in a city we will never plan to visit.
abekento nibaija alipota y'omwaka,The finance team will finalize the annual
abekento kumaliriza nibaija alipota y'omwaka,The finance team will finalize the annual report.
irwaro ritaireho obujanjabi bw'abzaire abaine enda,The clinic has provided prenatal care for expectant mothers.
irwaro ritaireho obujanjabi bw'abzaire enda abaine,The clinic has provided prenatal care for expectant mothers.
nkasunga ekituru kyomutini nikyoleka ngu kikagamba oruganikyo rw'omukama owamani ijo,I watch a shadow puppet show that told the story of a great king yesterday.
nkasunga ekituru nikyoleka kyomutini ngu kikagamba oruganikyo rw'omukama owamani ijo,I watch a shadow puppet show that told the story of a great king yesterday.
omwaka gw'enkumi ibiri asaatu tukatunga okukeha kwingi muno habwokusisikara kwobuhangwa,"By 2030, we achieved a significant reduction in loss of biodiversity."
omwaka gw'enkumi ibiri asaatu okukeha tukatunga kwingi muno habwokusisikara kwobuhangwa,"By 2030, we achieved a significant reduction in the loss of biodiversity."
NRA ekora ekatandikaho endi,The NRA developed a parallel administration.
"Rora ebinyonyi omumwanya, tibisiga, tibigesa baitu Isinywe anyakuli omwiguru abiriisa.","Look at the of the air; they do not sow or reap, yet your heavenly father feeds them."
"Rora ebinyonyi omumwanya, tibisiga, tibigesa baitu Isinywe anyakuli abiriisa. omwiguru","Look at the birds of the air; they do not sow or reap, yet your heavenly father feeds them."
omulimi naija kwombera omusirigwe gwamuhogo wiiki ekwija,The farmer will weed his cassava field next
naija omulimi kwombera omusirigwe gwamuhogo wiiki ekwija,The farmer will weed his cassava field next week.
omunya nigwija okucicya omukira gwako kandi katoroke hali ekinyonyi,The skink will wiggle its tail and escaped from the bird's grasp.
omunya nigwija okucicya gwako omukira kandi katoroke hali ekinyonyi,The skink will wiggle its tail and escaped from the bird's grasp.
eka yaitu ekajaguza amagesa namazina agokusima itaka,Our family always celebrated the harvest with a dance that thanks the earth.
yaitu eka ekajaguza amagesa namazina agokusima itaka,Our family always celebrated the harvest with a dance that thanks the earth.
tukazika abafu baitu omwitaka baisenkuru itwe bahumura,We buried our dead in the ground where our ancestors rest.
tukazika baitu abafu omwitaka nambere baisenkuru itwe bahumura,We buried our dead in the ground where our ancestors rest.
cukamba y'omuyanja eturukize ehuzo zamakamba okwerwanaho,The sea cucumber has squirted sticky threads defend itself.
cukamba y'omuyanja ehuzo eturukize zamakamba okwerwanaho,The sea cucumber has squirted sticky threads to defend itself.
etairo enkora empyaka hali abakulima ebyokulya,The government has provided subsidies for farmers who practice sustainable agriculture.
gavumenti etairo enkora hali empyaka abalimi abakulima ebyokulya,The government has provided subsidies for farmers who practice sustainable agriculture.
ebizina byenzarwa hamu n'okucekeca n'orunyege biba mubulimukoro,Traditional music and danced accompained ceremonies.
ebizina byenzarwa hamu n'orunyege n'okucekeca biba mubulimukoro,Traditional music and danced accompained ceremonies.
tukhaire okusima emyoyo y'omurusozi habwe emyandara na amabale,We have given thanks to the spirits the mountains for the and stones.
tukhaire hali okusima emyoyo y'omurusozi habwe emyandara na amabale,We have given thanks to the spirits of the mountains for the rocks and stones.
Ekka yaitu ejaguza amagesa na mazina ag'okusiima ensi.,Our family has always celebrated the harvest with a dance that thanks the earth.
Ekka yaitu amagesa ejaguza na mazina ag'okusiima ensi.,Our family has always celebrated the harvest with a dance that thanks the earth.
omulimi ayombire omusiri gwamuhogo wiiki ehwaire,The farmer weeds his cassava field last week.
omulimi ayombire omusiri wiiki gwamuhogo ehwaire,The farmer weeds his cassava field last week.
Obworaba nogonza ebyobuhangi bwaaitu tandika nebyokulya byaitu.,"If you want understand our culture, start with our food."
Obworaba nogonza kwetrgereza ebyobuhangi bwaaitu nebyokulya tandika byaitu.,"If you want to understand our culture, start with our food."
omusomesa wange owunyenda agambire ngu nkaba nyine ekisembo kyokuhandika ebigambo ebi bikasigara nanye,My favorite teacher has told me that i had a gift- for writing those words stayed me.
wange omusomesa owunyenda agambire ngu nkaba nyine ekisembo kyokuhandika ebigambo ebi bikasigara nanye,My favorite teacher has told me that i had a gift- for writing those words stayed with me.
bakitunnzi naija kutangatangana kiguzi omukuru,The sales team will present to a major client.
bakitunnzi naija kiguzi kutangatangana omukuru,The sales team will present to a major client.
ninja kwirukira mwa munyani wange omukuru nyencya,I will run into an old friend yesterday.
ninja kwirukira mwa wange munyani omukuru nyencya,I will run into an old friend yesterday.
okucamuka kwamabale hansi omwitaka kuleterire obuhanga muhagati,The volcanic eruption has created a new island in the middle of the ocean.
okucamuka kwamabale omwitaka hansi kuleterire okuhangwaho obuhanga muhagati y'enyanja,The volcanic eruption has created a new island in the middle of the ocean.
irwaro nirija kugira eryahuro ry'ebitabu byabarwaire ebirukukwataho obwomezi bwabo,The hospital will have a patient library with health information.
irwaro nirija kugira eryahuro ry'ebitabu byabarwaire ebirukukwataho bwabo obwomezi,The hospital will have a patient library with health information.
abantu nibaija kwehumuzamu habizina ebymporampora,The crowd will back sway and forth to the slow music.
nibaija abantu kwehumuzamu habizina ebymporampora,The crowd will back sway and forth to the slow music.
omumwaka gw'enkumi ibiri asaatu tufunire okukeha kwingi muno kwobuhanwa,"By 2030, we achieve a significant reduction in the loss of biodiversity."
omumwaka ibiri gw'enkumi asaatu tufunire okukeha kwingi muno hakusisika kwobuhanwa,"By 2030, we achieve a significant reduction in the loss of biodiversity."
embina yomukisaka ekairukya empara habwa mairu nyingiho kuhirya obuyajwahire,The wild dog chased the impala for miles until it tired out.
embina yomukisaka ekairukya empara habwa nyingiho mairu kuhirya obuyajwahire,The wild dog chased the impala for miles until it tired out.
okubura kwamaizi kutalibaniza ebyobulimi n'obulisa omukicweka,The water scarcity affects agricultural in the region.
okubura kwamaizi kutalibaniza ebyobulimi omukicweka n'obulisa,The water scarcity affects agricultural production in the region.
ekyaro kaitu kibaire nikiyamba abo boona abatakwesobora,Our village has always helped those who are in need.
ekyaro kaitu nikiyamba kibaire abo boona abatakwesobora,Our village has always helped those who are in need.
ninyija kusunga ekituru kyomutini ekirikyoleka ngu kikagamba oruganikyo orw'omukama owamani ijo,I will watch shadow puppet show that told the story of a great king yesterday.
ninyija ekituru kusunga kyomutini ekirikyoleka ngu kikagamba oruganikyo orw'omukama owamani ijo,I will watch a shadow puppet show that told the story of a great king yesterday.
tukaha okusima hali emyoyo y'omurusozi habwa emyandara na amabale,We gave thanks to the spirits of the mountains for the rocks and stones.
tukaha okusima hali emyoyo y'omurusozi emyandara habwa na amabale,We gave thanks to the spirits of the mountains for the rocks and stones.
ekitebe ky'abantu kisagikire bandi okuterayo akazina kandi kamu,The crowd has cheered for the band to play one more song.
ekitebe ky'abantu kisagikire bandi okuterayo kandi akazina kamu,The crowd has cheered for the band to play one more song.
anaga ejura azinire nukwo enjura egwe egi eyitubaire nitwendera ebirimwa ijo,The rainmaker has danced to bring the rain that we need the crops yesterday.
anaga ejura azinire nukwo enjura egi egwe eyitubaire nitwendera ebirimwa ijo,The rainmaker has danced to bring the rain that we need for the crops yesterday.
gukacicya omukira gwako kandi katoroka ekinyonyi,The skink wiggled its tail and escaped from the bird's grasp.
omunya gukacicya omukira gwako kandi hali katoroka ekinyonyi,The skink wiggled its tail and escaped from the bird's grasp.
okucamuka kwamabale hansi omwitak nikwija kuletaho okuhangwaho obuhanga muhagati y'enyanja,The volcanic eruption will create a new island in the middle of the ocean.
okucamuka kwamabale omwitak hansi nikwija kuletaho okuhangwaho obuhanga muhagati y'enyanja,The volcanic eruption will create a new island in the middle of the ocean.
nojakwetagisibwa okuyonja amaino gawe emirundi ebiri buli,will need to have your teeth cleaned a year.
nojakwetagisibwa okuyonja amaino gawe ebiri emirundi buli mwaka,You will need to have your teeth cleaned twice a year.
obujanjabi bwali bwasente nyingi baitu nibukoraho,The treatment will be expensive but effective.
bwali obujanjabi bwasente nyingi baitu nibukoraho,The treatment will be expensive but effective.
akaire ruko kamu sabbiti erukwija nitwija kuhumuraho ha mwaro,"This time next week, we'll be lying on a beach."
akaire ruko kamu sabbiti erukwija kuhumuraho nitwija ha mwaro,"This time next week, we'll be lying on a beach."
nyinenkuru nyowe arukire ebigega eby'akatale kumara emyaka nyingi,My grandmother has woven baskets for the market for many years.
nyinenkuru nyowe arukire ebigega kumara eby'akatale emyaka nyingi,My grandmother has woven baskets for the market for many years.
"kakuba basi eki ekiro, tindikwija kurora munyani wange muno","If i will not miss bus that day, i never would have met my best friend."
"kakuba basi etandeka eki ekiro, kurora tindikwija munyani wange muno","If i will not miss the bus that day, i never would have met my best friend."
arolera ekitebe kumara emyaka nyingi atakabaire mukuru,She manages a team for years before she became director.
arolera ekitebe emyaka kumara nyingi atakabaire mukuru,She manages a team for years before she became director.
"omukazi akangambira,""omusana nigwija kujwa nyenkya,kandi naiwe oti.""","She told me,""The sun rise again tomorrow, and so will you""."
"omukazi akangambira,""omusana kujwa nigwija nyenkya,kandi naiwe oti.""","She told me,""The sun will rise again tomorrow, and so will you""."
atangatagaine bakitunzi kiguzi omukuru,The sales team presented to a major client.
Pamba ekafooka ekirimwa ekirukuleeta entahya omu Uganda omukutandika okwekyasa ekya 20.,Cotton became a cash crop in the early 20th century Uganda.
Pamba ekafooka ekirimwa ekirukuleeta entahya omu Uganda okwekyasa omukutandika ekya 20.,Cotton became a major cash crop in the early 20th century Uganda.
"omukazi abaire agambire,""izoba nirija kwimuka nyenkya,kandi naiwe oti.""","She has told me,""The sun will rise again tomorrow, and so will you""."
"omukazi agambire,""izoba abaire nirija kwimuka nyenkya,kandi naiwe oti.""","She has told me,""The sun will rise again tomorrow, and so will you""."
abekento alipota bamalirize y'omwaka,The finance team finalized the annual report.
bakozesa okulima turakita omusiri,They plow the fields using a tractor.
arolerire ekitebe kumara emyaka atakabaire mukuru,She managed a team for years she became director.
arolerire kumara ekitebe emyaka atakabaire mukuru,She has managed a team for years before she became director.
omukazi akega hakulima n'okulisa habwokwebaisaho,She learns sustainable agriculture.
omukazi hakulima akega n'okulisa habwokwebaisaho,She learns about sustainable agriculture.
enyange ekeemerra eterekeriire mumaizi agatahamire,The stood perfectly still in the shallow
enyange eterekeriire ekeemerra mumaizi agatahamire,The egret stood perfectly still in the shallow water.
akahuka kajanjaire mubantu muno,The virus widely circulated in the community.
cukamba y'omuyanja ekaturukya ehuzo z'amakamba okwerwanaho,The sea cucumber squirted sticky threads to defend itself.
cukamba y'omuyanja ekaturukya z'amakamba ehuzo okwerwanaho,The sea cucumber squirted sticky threads to defend itself.
nyegere okwenyumirizamu ndi muburumi-nikimanyisa nkyali mwomezi,I have learned be grateful even in pain-it means I'm still alive to feel.
nyegere okwenyumirizamu ndi nobukuba muburumi-nikimanyisa nkyali mwomezi,I have learned to be grateful even in pain-it means I'm still alive to feel.
ekika kaitu kikaba kine engeri y'okutangira omwaka omuhyaka,Our clan had own special way of welcoming the new year.
ekika kaitu kine kikaba engeri y'okutangira omwaka omuhyaka eyembaganiza,Our clan had its own special way of welcoming the new year.
irwaro nirija kutekaho obujanjabi bw'abazaire abaine enda,The clinic will provide prenatal care for expectant mothers.
irwaro nirija kutekaho obujanjabi bw'abazaire enda abaine,The clinic will provide prenatal care for expectant mothers.
taxi empyaka bagitandikireho omwaka ogurukwija,The new tax has been implemented next year.
taxi bagitandikireho empyaka omwaka ogurukwija,The new tax has been implemented next year.
"Omwehanga hangi ekisisani nyaisatu akaiihamu kurungi ,mukikuya kyomuti kimu kiti.",The sculptor has chiseled a figure out of a single block of wood.
"Omwehanga hangi ekisisani nyaisatu , akaiihamu kurungi ,mukikuya kimu kyomuti kiti.",The sculptor has chiseled a figure out of a single block of wood.
ndozirege ebituuru byebisisaru ebisarazirwe ebirukugambaho oruganikyo rwomukama owamaani kiro kyaijo,I watched a shadow puppet show that told the story of a great king yesterday.
ndozirege ebituuru byebisisaru ebisarazirwe ebirukugambaho rwomukama oruganikyo owamaani kiro kyaijo,I watched a shadow puppet show that told the story of a great king yesterday.
Abaikazi bombekere ibandiro lihyaka haiziba,The community has built a new shrine at the sacred spring.
Abaikazi bombekere ibandiro lihyaka ly'emirwa. haiziba,The community has built a new shrine at the sacred spring.
"gunu omurundi wiiki erukwija, tubyame kubyama hamusa gwenyanja","This time next week, we lay on a beach."
"gunu omurundi erukwija, wiiki tubyame kubyama hamusa gwenyanja","This time next week, we lay on a beach."
"kakuba gavumenti eba ekendize omuhendo gwa sola pano, abantu baingi nibaija kutandika kukozesa amasanyarazi",If the government has subsidized solar more people would use renewable energy now.
"kakuba gavumenti eba ekendize omuhendo gwa sola pano, abantu nibaija baingi kutandika kukozesa amasanyarazi","If the government has subsidized solar panels, more people would use renewable energy now."
ninyija kusiga ekihemeheme kandi nkisindike hamutimbagano nyekya,I will draw a funny cartoon and posted it on social media yesterday.
ninyija ekihemeheme kusiga kandi nkisindike hamutimbagano nyekya,I will draw a funny cartoon and posted it on social media yesterday.
aija kurolera ekitebe kumare emyaka atakabaire mukuru,She will manage a team for years before she became director.
aija kurolera ekitebe kumare atakabaire emyaka mukuru,She will manage a team for years before she became director.
enkoragana empyaka eyobusubuzi imukize entundwa ye bw'obulimi aheru,The new trade deal has agricultural exports.
enkoragana empyaka eyobusubuzi imukize ye entundwa bw'obulimi aheru yihanga,The new trade deal has boosted agricultural exports.
ekyoma kyomubaizi kikabaija ekisisani kuruga omukihinju kyekiti,The sculptor chiseled a figure out of a single block of wood.
ekyoma kikabaija kyomubaizi ekisisani kuruga omukihinju kyekiti,The sculptor chiseled a figure out of a single block of wood.
omukazi naija kusoroza entoro z'okwahura,She will collect indigenous seeds for preservation.
omukazi naija kusoroza embibo z'okwahura entoro,She will collect indigenous seeds for preservation.
embya y'omukisaka nija kuhambya impala mayiro nyingi okuhikya ejwahire,The wild dog will chase the for miles until it tired out.
embya y'omukisaka nija kuhambya impala mayiro nyingi ejwahire okuhikya,The wild dog will chase the impala for miles until it tired out.
dora ebinyonyi omumwanya; tibirikwija kusiga rundi baitu iwe owomwiguru obirisa,"Look at the birds of the air; they will not sow or reap, yet your heavenly father feeds them."
"dora ebinyonyi omumwanya; tibirikwija kusiga rundi okugesa, baitu iwe ise obirisa owomwiguru","Look at the birds of the air; they will not sow or reap, yet your heavenly father feeds them."
okubaira emiti nambere ebaire etemerwe kigarwireho irindiro lyebisoro byomukisaka mukicweka nambere byali,The reforestation project has brought back wildlife that had disappeared from the
okubaira nambere emiti ebaire etemerwe kigarwireho irindiro lyebisoro byomukisaka mukicweka nambere byali,The reforestation project has brought back wildlife that had disappeared from the area.
nsabire obusnge omumadini gona-ntwena tuli bana baruhanga omu,I have prayed for peace among all religions-we're all children of the God.
nsabire omumadini obusnge gona-ntwena tuli bana baruhanga omu,I have prayed for peace among all religions-we're all children of the same God.
abantu bombeka iramizo erihyaka nambere bona batina,The community builds a new shrine at the sacred spring.
abantu iramizo bombeka erihyaka nambere bona batina,The community builds a new shrine at the sacred spring.
noyetagisibwa amaino gawe emirundi ebiri buli mwaka,needed to have your teeth cleaned twice a year.
noyetagisibwa okuyonja amaino gawe ebiri emirundi buli mwaka,You needed to have your teeth cleaned twice a year.
ekitebe kyabantu nikinja kusagika bandi okuterayo akazina kandi kamu,The crowd will cheer for the band to play one more song.
ekitebe kyabantu nikinja bandi kusagika okuterayo akazina kandi kamu,The crowd will cheer for the band to play one more song.
wenanga akateranizaho omulere ha bandi,The harmonica player added a bluesy feel to the band's sound.
wenanga omutezi akateranizaho omulere ha bandi,The harmonica player added a bluesy feel to the band's sound.
"kakuba bus etandekere, tinanditangatangaine munyani wange muno","If i have not missed the bus that day, i never would have met my best friend."
"kakuba bus etandekere, tinanditangatangaine wange munyani muno","If i have not missed the bus that day, i never would have met my best friend."
Itwe tusiima emizimu ey'omunsozi nomumyandara namabaale.,We give thanks to the spirits of the mountains for the and
Itwe emizimu tusiima ey'omunsozi nomumyandara namabaale.,We give thanks to the spirits of the mountains for the rocks and stones.
irwaro erahuro ry'ebitabu byabarwaire ebikukwataho obwomezi bwabo,hospital had a patient library with health information.
irwaro line erahuro ry'ebitabu byabarwaire ebikukwataho bwabo obwomezi,The hospital had a patient library with health information.
NRA ekora nejakutandikaho endi,The NRA will develop a parallel administration.
"mutabani wange akagwize,""ruhanga ali nkaha?"" nasonga hamutima gwange n'ogwe","My son is God?""I pointed to my heart and his."
"mutabani akagwize,""ruhanga wange ali nkaha?"" nasonga hamutima gwange n'ogwe","My son asked me,""Where is God?""I pointed to my heart and his."
gw'obusubuzi omuhyaka gukaimukya ebitundwa aheru,The new trade deal boosted exports.
gw'obusubuzi omukago omuhyaka gukaimukya ebitundwa aheru,The new trade deal boosted exports.
Ekiro kyaijo omwigi w'enjura eyiturukwetaaga acekecerege kuleeta rnjura.,The rainmaker danced to bring the rain that we need for the crops yesterday.
Ekiro kyaijo omwigi w'enjura eyiturukwetaaga kuleeta acekecerege rnjura.,The rainmaker danced to bring the rain that we need for the crops yesterday.
"kakuba gavumenti omuhendo gwa sola pano, abantu baingi nibaija kutandi kukozesa amasanyarazi","If the government subsidizes solar panels, more people would use renewable energy now."
"kakuba gavumenti ekehya omuhendo gwa pano, sola abantu baingi nibaija kutandi kukozesa amasanyarazi","If the government subsidizes solar panels, more people would use renewable energy now."
omusomesa wange owunyenda agambira ngu nkaba nyina ekisembo kyokuhandika ebigambo ebi bikasigara nanye,My favorite tells me that i had a gift- for writing those words stayed with me.
omusomesa wange owunyenda agambira nkaba ngu nyina ekisembo kyokuhandika ebigambo ebi bikasigara nanye,My favorite teacher tells me that i had a gift- for writing those words stayed with me.
gavumenti eresireho enkora empyaka hali abalimi abakulima ebyokulya,The provided subsidies farmers who practice sustainable agriculture.
gavumenti enkora eresireho empyaka hali abalimi abakulima ebyokulya,The government provided subsidies for farmers who practice sustainable agriculture.
omunya ruraiha rahuhanyga kira yairuka ekinyonyi kugikwaata,The skink wiggled its tail and escaped from the bird's grasp.
ruraiha omunya rahuhanyga kira yairuka ekinyonyi kugikwaata,The skink wiggled its tail and escaped from the bird's grasp.
"kakuba mba nkugambire ekintu ekiniga, ngu tokwija kukirugaho-nokirabam","If I have told you one thing grief, it's you never get over it-you get through it."
"kakuba nkugambire mba ekintu kimu hali ekiniga, ngu tokwija kukirugaho-nokirabam","If I have told you one thing about grief, it's that you never get over it-you get through it."
kakuba gavumenti yataireho omuhendo gwahansiho habwengo zamani gizooba abantu abaingi bakubaire nibakozesa amaani agaani agarukugarurwa buhyaaka,"the government had subsidized solar panels, more people would use renewable energy now."
kakuba gavumenti yataireho gwahansiho omuhendo habwengo zamani gizooba abantu abaingi bakubaire nibakozesa amaani agaani agarukugarurwa buhyaaka,"If the government had subsidized solar panels, more people would use renewable energy now."
kotoni akaba kirimwa kyasente kya amkumi abiri m'uganda,became a major cash crop in the early 20th century Uganda.
kotoni akaba kirimwa kyasente omukyasi kya abiri amkumi m'uganda,Cotton became a major cash crop in the early 20th century Uganda.
nibaija kulima omusiri ni bakozesa turakita,They will plow the fields using a tractor.
nibaija kulima omusiri ni turakita bakozesa,They will plow the fields using a tractor.
Balimire nibakozesa amawinde karakita.,They have plowed the fields using a tractor.
omukazi ayegere hakulima n'okulisa okwokwebaisaho,She has learned about sustainable agriculture.
omukazi ayegere n'okulisa hakulima okwokwebaisaho,She has learned about sustainable agriculture.
kajanjaire akahuka muno mubantu,The virus has widely circulated in the community.
eka yaitu ebaire nejaguza amagesa namazina agokusima itaka,family has always celebrated the harvest with a that thanks the earth.
eka yaitu ebaire amagesa nejaguza namazina agokusima itaka,Our family has always celebrated the harvest with a dance that thanks the earth.
gw'obusubuzi omuhyaka gwimukize ebitundwa aheru,The new trade deal has boosted exports.
omukago omuhyaka gw'obusubuzi gwimukize ebitundwa aheru,The new trade deal has boosted exports.
anaga enjura azina nukwo enjura egwe egi eyitukwendera ebirimwa baitu ijo,The rainmaker dances to bring the rain that we need for the crops yesterday.
anaga enjura azina nukwo enjura egwe eyitukwendera egi ebirimwa baitu ijo,The rainmaker dances to bring the rain that we need for the crops yesterday.
abantu nibaija kwesoroza omuka y'omunyoro habw'orukurato,People will gather at the chief's house for the meeting.
abantu nibaija kwesoroza y'omunyoro omuka habw'orukurato,People will gather at the chief's house for the meeting.
omulimi naija kugesa amacande ge kandi agatwale hakyoma,The farmer will harvest his sunflower and took it for pressing yesterday.
omulimi naija kugesa ge amacande kandi agatwale hakyoma,The farmer will harvest his sunflower and took it for pressing yesterday.
omunya gucikize omukira gwako kandi katoroka hali ekinyonyi,The skink has its tail and escaped from the grasp.
omunya gucikize omukira gwako katoroka kandi hali ekinyonyi,The skink has wiggled its tail and escaped from the bird's grasp.
embya yomukisaka ekahambya impala mayiro nyingi okuhikya ejwahire,The wild dog chased the impala for miles until it tired out.
embya yomukisaka impala ekahambya mayiro nyingi okuhikya ejwahire,The wild dog chased the impala for miles until it tired out.
obujanjabi byasente nyingi baitu nibukoraho,The treatment was expensive but effective.
obujanjabi nyingi byasente baitu nibukoraho,The treatment was expensive but effective.
okubaira emiti nambere ebaire etemerwe kigaraho irindiro lyebisoro by'omukisaka mukicweka nambere byali,The reforestation brings back wildlife that had disappeared from the area.
okubaira nambere emiti ebaire etemerwe kigaraho irindiro lyebisoro by'omukisaka mukicweka nambere byali,The reforestation project brings back wildlife that had disappeared from the area.
okubaira emiti nambere ebaire etemerwe nikija kugaraho irindiro lyebesoro by'omukisaka mukicweka nambere byali,The reforestation project will bring back wildlife that had disappeared from the area.
okubaira emiti nambere ebaire etemerwe nikija kugaraho irindiro lyebesoro by'omukisaka mukicweka byali nambere,The reforestation project will bring back wildlife that had disappeared from the area.
ngura ebintu omu supamaketi buli wiiki,I bought groceries from the supermarket every week.
ngura ebintu omu buli supamaketi wiiki,I bought groceries from the supermarket every week.
irwaro rigagira eryahuro ry'ebitabu byabarwaire ebirukukwataho obwomezi bwabo,hospital has had a patient library with health information.
irwaro rigagira eryahuro ry'ebitabu ebirukukwataho byabarwaire obwomezi bwabo,The hospital has had a patient library with health information.
omwaka gw'enkumi ibiri tutungire okukeha kwingi muno mukukeha kw'ebyobuhanga,"By 2030, we have achieved a significant reduction in the loss of biodiversity."
"omwaka gw'enkumi ibiri asaatu, tutungire okukeha muno kwingi mukukeha kw'ebyobuhanga","By 2030, we have achieved a significant reduction in the loss of biodiversity."
"nkaba ntakunihira ngu nisobora okugura eka yange, baitu ndi hanu, nitekaho omukono hakipapura wiiki ekwija","I never thought l'd be able to buy mu own home, but here l am, signing the papers next week."
"nkaba ngu ntakunihira nisobora okugura eka yange, baitu ndi hanu, nitekaho omukono hakipapura wiiki ekwija","I never thought l'd be able to buy mu own home, but here l am, signing the papers next week."
kakuba ntararabirweho baasi ekiro eki tinakutangaine engajani yange.,"if i hadn't missed the bus that day, i never would have met my best friend."
kakuba ntararabirweho baasi ekiro eki tinakutangaine yange. engajani,"if i hadn't missed the bus that day, i never would have met my best friend."
abantu habizina behumwize ebyamporampora,The crowd has back swayed and forth to the slow music.
Ntiirelye ebisisani nabusindika hamura kyaijo.,I drew a funny cartoon and posted it on social media yesterday.
ebisisani Ntiirelye rudingisa nabusindika hamura kiro kyaijo.,I drew a funny cartoon and posted it on social media yesterday.
okubura kwamaizi nikwija kutabaniza ebyokulima n'obulisa omukicweka,The water will affect agricultural production the region.
okubura kwamaizi nikwija ebyokulima kutabaniza n'obulisa omukicweka,The water scarcity will affect agricultural production in the region.
abantu bakwesoroleza omuka y'omunyoro habw'orukurato,People gathered at the chief's house for the meeting.
bakwesoroleza abantu omuka y'omunyoro habw'orukurato,People gathered at the chief's house for the meeting.
ebiro bisaatu omurubuga orututekanizaga kubungira,Three days in a city we have never planned to visit.
ebiro omurubuga bisaatu orututekanizaga kubungira,Three days in a city we have never planned to visit.
okucamuka kwamabale hansi omwitaka kukabaruka kwaletaho okuhangwaho obuhanga muhagati y'enyanja,The volcanic eruption created a new island in the middle of the ocean.
okucamuka kwamabale hansi omwitaka kukabaruka okuhangwaho kwaletaho obuhanga muhagati y'enyanja,The volcanic eruption created a new island in the middle of the ocean.
akatunga ha okwimukiza mulimo,He received a raise at work.
nyinenkuru nyowe naija kuruka ebibo eby'akatale kumara emyaka,My grandmother weave baskets for the market for many years.
nyinenkuru nyowe kuruka naija ebibo eby'akatale kumara emyaka nyingi,My grandmother will weave baskets for the market for many years.
"kakuba isomero likuburanganize obusinge, tekerezamu kakuba haba haliyo omulingo gundi gwona","If school has made you miserable, consider whether there's another way."
"kakuba likuburanganize isomero obusinge, tekerezamu kakuba haba haliyo omulingo gundi gwona","If school has made you miserable, consider whether there's another way."
y'omusomo twegeseze abalimi orukumi rumu omukukozesa orwezo kuruga omubijuzire,"By the end of this project, we have trained one thousand farmers in organic methods."
"hakumalira gunu, y'omusomo twegeseze abalimi orukumi rumu omukukozesa orwezo kuruga omubijuzire","By the end of this project, we have trained one thousand farmers in organic methods."
Ebiro bisatu omu rubuga kobunga.,in a city we'd planned to visit.
Ebiro omu bisatu rubuga orututatekanizaaga kobunga.,Three days in a city we'd never planned to visit.
omusaija ateka sente ze omumasamba,He invests in a real estate investment trust.
omusaija ateka sente omumasamba ze,He invests in a real estate investment trust.
tihakwija kuba kintu kibi nkokurubata mukigana otaine sokisi,There will be nothing worse than stepping in a puddle with on.
tihakwija kuba kintu kibi nkokurubata otaine mukigana sokisi,There will be nothing worse than stepping in a puddle with socks on.
ebihuka birubatire hamu bihimbire ebisosonkole nibibigara omukiju,The ants have marched in a long line carrying crumbs back to their nest.
birubatire ebihuka hamu omurukara bihimbire ebisosonkole nibibigara omukiju,The ants have marched in a long line carrying crumbs back to their nest.
akatebe akatunzi nikahayo hali omuguzi owamaani,The sales team is presenting to a major client.
akatebe nikahayo akatunzi hali omuguzi owamaani,The sales team is presenting to a major client.
omukazi asoraize embibo entoro z'okwahura,She has collected indigenous seeds for preservation.
asoraize omukazi embibo entoro z'okwahura,She has collected indigenous seeds for preservation.
omusaija naija kuteka sente omumasamba,He will invest in a real estate investment
omusaija naija kuteka ze sente omumasamba,He will invest in a real estate investment trust.
tihabaireho ekintu ekibi nkoku rubata omukigana otaine sokisi,There has been nothing worse than stepping in a puddle with socks on.
tihabaireho ekintu ekibi nkoku rubata omukigana sokisi otaine,There has been nothing worse than stepping in a puddle with socks on.
ekitebe kyabantu kikasagika bandi akazina kandi kamu,The crowd for the band to play one song.
ekitebe kikasagika kyabantu bandi okuterayo akazina kandi kamu,The crowd cheered for the band to play one more song.
"nkaba nttaine kuninhira kwona ngu ninyija kusobora kugura eka eyang,baitu ndi hanu, omukono hakipapura wiiki erukwija","I never have thought be to buy mu own home, but here l am, signing the papers next week."
"nkaba nttaine kuninhira kwona ngu ninyija kusobora eka kugura eyang,baitu ndi hanu, nitekakaho omukono hakipapura wiiki erukwija","I never have thought l'd be able to buy mu own home, but here l am, signing the papers next week."
anaga enjura naija kuzina nukwo enjura egwe egi eyitukwendera ebirimwa ijo,The rainmaker will dance to bring the rain that we for the yesterday.
anaga enjura naija kuzina nukwo egwe enjura egi eyitukwendera ebirimwa ijo,The rainmaker will dance to bring the rain that we need for the crops yesterday.
"dora ebinyonyi omumwanya; tibisigire rundi okugesa, baitu ise owomwiguru obirisa","Look at the birds of the air; they have not sown or reap, yet your heavenly father feeds them."
"dora ebinyonyi omumwanya; rundi tibisigire okugesa, baitu iwe ise owomwiguru obirisa","Look at the birds of the air; they have not sown or reap, yet your heavenly father feeds them."
Nsabira amadiini goona omugisa-itwena tuli baana Ruhanga omu.,I pray for peace among all religions-we're all children of the same God.
Nsabira amadiini goona omugisa-itwena tuli ba baana Ruhanga omu.,I pray for peace among all religions-we're all children of the same God.
ekika kaitu kigira engeri y'okutangira omwaka omuhyaka eyembaganiza,Our clan has had own special way of welcoming the new year.
ekika kaitu kigira y'okutangira engeri omwaka omuhyaka eyembaganiza,Our clan has had its own special way of welcoming the new year.
"kakuba isomero nirinja kukubuza obusinge, tekerezamu haliyo omulingo gundi gwona","If school will make you miserable, consider whether there's another way."
"kakuba isomero nirinja kukubuza obusinge, tekerezamu haba kakuba haliyo omulingo gundi gwona","If school will make you miserable, consider whether there's another way."
omukago gw'obusubuzi omuhyaka gwimukya ebitundwa aheru,The new trade deal exports.
omukago gw'obusubuzi omuhyaka ebitundwa gwimukya aheru,The new trade deal boosts exports.
tuzika abafu baitu omwitaka nambere baisenkuru itwe,We bury our dead in the ground where our ancestors rest.
tuzika abafu baitu nambere omwitaka baisenkuru itwe bahumura,We bury our dead in the ground where our ancestors rest.
Abasungi nibaseyeya enyuma nomumaiso habwekizina ekiruugenda mpora mpora.,The crowd is swaying back and forth to the slow music.
Abasungi nibaseyeya enyuma nomumaiso habwekizina ekiruugenda mpora. mpora,The crowd is swaying back and forth to the slow music.
ebiro bisaatu murubuga orutubaire tutwetekanizi kubungira,days in a city we never planned to visit.
ebiro murubuga bisaatu orutubaire tutwetekanizi kubungira,Three days in a city we never planned to visit.
omukazi akasoroza embibo entoro z'okwahura,She collects indigenous seeds for preservation.
akasoroza omukazi embibo entoro z'okwahura,She collects indigenous seeds for preservation.
omukazi aija kukora omukeeto kumara emyaka atakafokere CFO,She will work in the accounting department for years before she became CFO.
omukazi aija kukora omukeeto emyaka kumara nyingi atakafokere CFO,She will work in the accounting department for years before she became CFO.
nitwija kuha okusima emyoyo y'murusozi habwe emyandara amabale,We will give thanks to spirits of the mountains for the rocks and stones.
nitwija kuha okusima hali emyoyo y'murusozi habwe na emyandara amabale,We will give thanks to the spirits of the mountains for the rocks and stones.
igana lyabantu lika semererwa omukoro gutakatandikire,The crowd has buzzed with excitement before the show starts.
igana lyabantu lika semererwa gutakatandikire omukoro,The crowd has buzzed with excitement before the show starts.
bakitunzi batangatangaine omukuru kiguzi,The sales team has presented to a major client.
"omurundi wiiki erukwija, nitwija kubyama hamusa gwenyanja","This time next week, we lie on a beach."
"gunu omurundi wiiki erukwija, kubyama nitwija hamusa gwenyanja","This time next week, we will lie on a beach."
balima omusiri ni bakozesa turakita,They fields using a tractor.
balima ni omusiri bakozesa turakita,They plowed the fields using a tractor.
tuzikire abafu baitu nambere baisenkuru bahumura,We have our dead in the ground where our ancestors rest.
tuzikire abafu baitu nambere omwitaka baisenkuru itwe bahumura,We have buried our dead in the ground where our ancestors rest.
okubura kwamaizi kukatalibaniza ebyobulimi omukicweka,The water scarcity affected agricultural production in the region.
okubura kwamaizi ebyobulimi kukatalibaniza n'obulisa omukicweka,The water scarcity affected agricultural production in the region.
Akarwarro kaheereza obuheereza obukwatiraine n'okuzaara.,The clinic provides prenatal care for expectant mothers.
kaheereza Akarwarro obuheereza obukwatiraine n'okuzaara.,The clinic provides prenatal care for expectant mothers.
taxi empyaka nejakutandika omwaka ogurukwija,new tax is implemented next year.
taxi empyaka nejakutandika ogurukwija omwaka,The new tax is implemented next year.
"Akangambira ,""lzooba ndigenda kwongera kwimuka nyenkya, kandi naiwe nukwo"".","She told me , ""The sun will rise again tomorrow, and so will you""."
"Akangambira ndigenda ,""lzooba kwongera kwimuka nyenkya, kandi naiwe nukwo"".","She told me , ""The sun will rise again tomorrow, and so will you""."
nyinenkuru nyowe arukaka ebigega eby'akatale kumara emyaka nyingi,My grandmother weaves baskets for the market for many years.
nyinenkuru nyowe ebigega arukaka eby'akatale kumara emyaka nyingi,My grandmother weaves baskets for the market for many years.
enkoragana empyaka eyobusubuzi ekaimukya ebitundwa ye bw'obulimi aheru yihanga,The new trade deal boosted agricultural exports.
enkoragana empyaka eyobusubuzi ekaimukya ebitundwa ye aheru bw'obulimi yihanga,The new trade deal boosted agricultural exports.
obujanjabi bubaire bwasente baitu nibukoraho,treatment has been expensive but effective.
obujanjabi bubaire nyingi bwasente baitu nibukoraho,The treatment has been expensive but effective.
embya y'omukisaka ehambizege impala mayiro okuhikya ejwahire,The wild dog has chased the impala for miles until it out.
embya ehambizege y'omukisaka impala mayiro nyingi okuhikya ejwahire,The wild dog has chased the impala for miles until it tired out.
okaire okuba oyonjire amaino gawe emirundi ebiri buli mwaka,You needed to your teeth cleaned twice a year.
noyetagisibwa okaire okuba oyonjire amaino gawe emirundi ebiri buli mwaka,You have needed to have your teeth cleaned twice a year.
"kakuba oraba ogondeze okumanya ebyobuhangwa baitu, tandika n'ebyokulya baitu","If you have wanted to understand our culture, start with food."
"kakuba oraba ogondeze ebyobuhangwa okumanya baitu, tandika n'ebyokulya baitu","If you have wanted to understand our culture, start with our food."
irwaro rikatekaho obujanjabi abaine enda,The clinic provided prenatal care for expectant mothers.
irwaro rikatekaho obujanjabi abaine bw'abazaire enda,The clinic provided prenatal care for expectant mothers.
nija kugura ebintu mu supamaketi wiiki,I will buy groceries from supermarket every week.
nija kugura mu ebintu supamaketi buli wiiki,I will buy groceries from the supermarket every week.
nkairukira mwamunwani wange omukuru ijo,I run into an old friend yesterday.
nkairukira mwamunwani wange ijo omukuru,I run into an old friend yesterday.
omukazi naija kwega hakulima n'okulisa okwokwebaisaho,She will learn about sustainable agriculture.
omukazi naija kwega n'okulisa hakulima okwokwebaisaho,She will learn about sustainable agriculture.
kotoni ebaire kirimwa kyasente muno mukyasi kya amakumi abiri m'uganda,Cotton has a major cash crop in the early 20th century Uganda.
kotoni ebaire kirimwa kyasente muno mukyasi amakumi kya abiri m'uganda,Cotton has become a major cash crop in the early 20th century Uganda.
"kakuba obaire noyenda okwetegereza ebyobuhangwa baitu, tandika n'ebyokulya baitu.","If you wanted to understand our culture, start with our food."
"kakuba obaire noyenda okwetegereza ebyobuhangwa baitu, n'ebyokulya tandika baitu.","If you wanted to understand our culture, start with our food."
"kakuba isomero lyakubulize obusinge, tekerezamu kakuba haba haliyo omulingo gundi gwona","If school you miserable, consider whether there's another way."
"kakuba isomero lyakubulize obusinge, tekerezamu haba kakuba haliyo omulingo gundi gwona","If school made you miserable, consider whether there's another way."
"omukazi akangamba,""omusana nigwija kujwa omurundi gundi nyenkya, kandi naiwe oti.""","She tells me,""The sun will rise again tomorrow, so will you""."
"omukazi akangamba,""omusana nigwija kujwa omurundi gundi kandi nyenkya, naiwe oti.""","She tells me,""The sun will rise again tomorrow, and so will you""."
ebihuka bikarubatira hamu murukara bihimbire ebisosonkole nibibigara omukiju,The ants marched in a long line carrying crumbs back to their
ebihuka bikarubatira hamu bihimbire murukara ebisosonkole nibibigara omukiju,The ants marched in a long line carrying crumbs back to their nest.
cukamba y'omuyanja nejakuturukya ehuzo zamakamba okwerwanaho,The sea cucumber will squirt sticky threads to defend itself.
cukamba y'omuyanja ehuzo nejakuturukya zamakamba okwerwanaho,The sea cucumber will squirt sticky threads to defend itself.
nyirukire mwamunwani wange omukuru ijo,I have run into an old friend yesterday.
nyirukire wange mwamunwani omukuru ijo,I have run into an old friend yesterday.
"hakumalira ye kyasa kinu, tukahindura ekoragana yaitu n'byobuhangwa","The the end of this century, we transformed our relationship with nature."
"hakumalira ye kyasa kinu, tukahindura ekoragana n'byobuhangwa yaitu","The the end of this century, we transformed our relationship with nature."
nkega nyeka nobukuba ndi muburumi-nikimanyisa nkyali mwomezi,I learned to be grateful even in pain-it means I'm still alive to feel.
nkega kwenyumirizamu nyeka ndi nobukuba muburumi-nikimanyisa nkyali mwomezi,I learned to be grateful even in pain-it means I'm still alive to feel.
ebihuka nibija kurubatira murukara bihimbire ebisosonkole nibibigara omukiju,The ants will in a long line carrying crumbs back to their nest.
ebihuka nibija kurubatira murukara ebisosonkole bihimbire nibibigara omukiju,The ants will march in a long line carrying crumbs back to their nest.
kotoni naija kuba kirimwa kyasente mukyasi kya amkumi abiri,Cotton will become a cash crop the early 20th century Uganda.
kotoni naija kuba kirimwa mukyasi kyasente kya amkumi abiri m'uganda,Cotton will become a major cash crop in the early 20th century Uganda.
abantu nibaija kwombeka iramizo erihyaka nambere bona batina,The community will build a new shrine at the sacred spring.
abantu nibaija kwombeka iramizo nambere erihyaka bona batina,The community will build a new shrine at the sacred spring.
"gunu omurundi erukwija, tubyamire hamusa gwenyanja","This time next week, we have lied on a beach."
"gunu omurundi erukwija, wiiki tubyamire hamusa gwenyanja","This time next week, we have lied on a beach."
ebizina byenzarwa hamu n'okucekeca n'orunyege bibaire mokijaguzo,Traditional music and has danced accompained ceremonies.
ebizina hamu byenzarwa n'okucekeca n'orunyege bibaire mokijaguzo,Traditional music and has danced accompained ceremonies.
omukazi ataaha naworoza hamu nokulinda,She had been collecting indigenous seeds for preservation.
ataaha omukazi naworoza hamu nokulinda,She had been collecting indigenous seeds for preservation.
enkoragana empyaka eyobusubuzi imukya ebitundwa ye bw'obulimi aheru yihanga,The new trade boosts agricultural exports.
empyaka enkoragana eyobusubuzi imukya ebitundwa ye bw'obulimi aheru yihanga,The new trade deal boosts agricultural exports.
"hakumalira y'omusomo gunu, ni twija kuba twegeseze abalimi orukumi rumu omukukozesa orwezo kuruga omubijunzire","By the end of this project, we train one thousand farmers in organic methods."
"y'omusomo hakumalira gunu, ni twija kuba twegeseze abalimi orukumi rumu omukukozesa orwezo kuruga omubijunzire","By the end of this project, we train one thousand farmers in organic methods."
abantu abaingi abesoroize abaijwiire omwiro omuzaano gutakatandikire,The crowd is buzzing with excitement before the show starts.
abaingi abantu abesoroize abaijwiire omwiro omuzaano gutakatandikire,The crowd is buzzing with excitement before the show starts.
"kakuba nkugambira ekintu kimu hali ekiniga,kiri ngu tokwija kukirugaho-nokirabamu","If I told you one thing about grief, it's that you never get over it-you get it."
"kakuba nkugambira ekintu hali kimu ekiniga,kiri ngu tokwija kukirugaho-nokirabamu","If I told you one thing about grief, it's that you never get over it-you get through it."
"Kakuba ndi wokukugambira ekintu kimu hali enaku, nikyo ngu otaligyehugura-ogirabemu.","If I could tell you one thing about grief, it's that you never get over it-you get it."
"Kakuba ndi wokukugambira ekintu kimu hali enaku, nikyo otaligyehugura-ogirabemu. ngu","If I could tell you one thing about grief, it's that you never get over it-you get through it."
ninyija kusabira obusinge omumadini gona-ntwena tuli baana baruhanga omu,I will pray for peace among all religions-we're all children of the same God.
ninyija kusabira obusinge omumadini gona-ntwena tuli baana omu baruhanga,I will pray for peace among all religions-we're all children of the same God.
omutezi naija kuteranizaho omulere ha bandi,The harmonica player has added bluesy feel to the band's sound.
omutezi wenanga naija kuteranizaho ha omulere bandi,The harmonica player has added a bluesy feel to the band's sound.
ekika kaitu nikija kugira engeri y'okutangira omwaka omuhyaka eyemabaganiza,Our clan will have its own special way of welcoming the new year.
ekika kaitu nikija kugira engeri omwaka y'okutangira omuhyaka eyemabaganiza,Our clan will have its own special way of welcoming the new year.
"mutabani wange akagwize,""ruhanga ali nkaha?"" nkamusongera hamutima gwange n'ogwe","My son has asked me,""Where is God?""I pointed to my heart and his."
"wange mutabani akagwize,""ruhanga ali nkaha?"" nkamusongera hamutima gwange n'ogwe","My son has asked me,""Where is God?""I pointed to my heart and his."
abantu baisoroize omuka y'omunyoro habworukurato,People have gathered at the chief's house for the meeting.
abantu omuka baisoroize y'omunyoro habworukurato,People have gathered at the chief's house for the meeting.
ekyoma kyomubaizi kikabaija ekisisani kuruga omukihinju kyekiti,The sculptor chisels a figure out of a block of wood.
ekyoma kyomubaizi kikabaija kuruga ekisisani omukihinju kyekiti,The sculptor chisels a figure out of a single block of wood.
abantu bakehumuzamu ebyamporampora habizina,The crowd back swayed and forth to the slow music.
nkasabira obusinge omumadini gona- ntwena tuli baana baruhanga,I prayed for peace among all religions-we're all children of the same God.
nkasabira omumadini obusinge gona- ntwena tuli baana baruhanga omu,I prayed for peace among all religions-we're all children of the same God.
"mutabani wange naija kukaguza,""ruhanga ali nkaha?"" ninjakusomnga hamutima n'ogwe","My son will ask me,""Where is God?""I pointed to my heart and his."
"mutabani wange naija kukaguza,""ruhanga ali nkaha?"" ninjakusomnga hamutima n'ogwe gwange","My son will ask me,""Where is God?""I pointed to my heart and his."
nguzire ebuntu omu supamaketi buli wiiki,I have bought groceries from the supermarket every week.
nguzire ebuntu omu buli supamaketi wiiki,I have bought groceries from the supermarket every week.
omusaija akateka sente ze omumasamba,He invested in a real estate investment trust.
omusaija akateka ze sente omumasamba,He invested in a real estate investment trust.
busayo ekibi nkokurubata mukigana otajaire sokisi,There was nothing worse than stepping in a puddle socks on.
busayo ekibi kintu nkokurubata mukigana otajaire sokisi,There was nothing worse than stepping in a puddle with socks on.
abantu bombekere iramizo erihyaka namebere bona batina,The community has built new shrine at the sacred spring.
abantu bombekere erihyaka iramizo namebere bona batina,The community has built a new shrine at the sacred spring.
eka yaitu nija kujaguzaga amagesa namazina agokusima itaka,Our family will always celebrate the harvest with a dance that thanks the earth.
eka yaitu nija kujaguzaga amagesa namazina itaka agokusima,Our family will always celebrate the harvest with a dance that thanks the earth.
omusoro omuhya nigwija omuunkora mumwaka omuhyaka,The new tax will be implemented year.
omusoro nigwija omuhya kuteebwa omuunkora mumwaka omuhyaka,The new tax will be implemented next year.
gavumenti neja kuletaho enkora empyaka hali abalimi abakulima ebyokulya,The government will provide subsidies for farmers who practice sustainable agriculture.
gavumenti neja kuletaho enkora empyaka abalimi hali abakulima ebyokulya,The government will provide subsidies for farmers who practice sustainable agriculture.
etandikire NRA enkora endi,The NRA has developed a parallel administration.
ekyaro kaitu kiguma nikiyamba abo abatakwesobora,Our village always helped those who are in need.
ekyaro kaitu kiguma nikiyamba boona abo abatakwesobora,Our village always helped those who are in need.
abekento alipota bamalirizege y'omwaka,The finance team has finalized the annual report.
ekyaro kaitu kiraguma nikiyamba abo boona,Our village will always help those who in need.
kaitu ekyaro kiraguma nikiyamba abo boona abatakwesobora,Our village will always help those who are in need.
atunga ha okwimukiza mulimo,He receives a raise at work.
"kakuba basi etalindekere ekiro eki, tinandibwoine munyani wange muno.","If i did not miss the bus that day, i never would have met my best friend."
"basi kakuba etalindekere ekiro eki, tinandibwoine munyani wange muno.","If i did not miss the bus that day, i never would have met my best friend."
Akatebe akeby'ensimbi nikamaliiriza ensoborra ( ripoota ) eyabuli mwaka.,The finance team is finalizing the annual report.
Akatebe akeby'ensimbi nikamaliiriza ensoborra ( ) ripoota eyabuli mwaka.,The finance team is finalizing the annual report.
"nyikaire ntakukinihira ngu ninyija kugura eka yange, baitu ndi hanu, ninyija kutekaho omukono hakipapura wiiki ekwija","I never will think l'd be able to buy mu own home, but here l am, signing the papers next week."
"nyikaire ntakukinihira ngu ninyija kugura eka yange, baitu ndi hanu, ninyija kutekaho hakipapura omukono wiiki ekwija","I never will think l'd be able to buy mu own home, but here l am, signing the papers next week."
owenanga ruhuhwa nayongeramu okukwatwaho kwobujure nokwecumitiriza gebidongp,The harmonica player adds a bluesy feel to the sound.
owenanga ruhuhwa nayongeramu okukwatwaho kwobujure nokwecumitiriza gebidongp omumaraka,The harmonica player adds a bluesy feel to the band's sound.
ekyoma kyomubaizi nikija kubaija ekisisani kuruga omukihinju kyekiti,The sculptor will chisel figure out of a single block of wood.
ekyoma kyomubaizi nikija kubaija ekisisani omukihinju kuruga kyekiti,The sculptor will chisel a figure out of a single block of wood.
akahuka nikaija kujanjara muno mubantu,The virus will widely circulate in the community.
akahuka nikaija kujanjara mubantu muno,The virus will widely circulate in the community.
igana lyabantu nokusemererwa omukoro gutakatandikire,The buzzed with excitement the show starts.
lyabantu igana bakatoka nokusemererwa omukoro gutakatandikire,The crowd buzzed with excitement before the show starts.
Omwegesa wange owungonza akagamba nyine ekisembo ky'okuhandiika -ebyo ebigambo bikaguma nanye.,My favorite teacher told me that i had a gift- for writing those words stayed with me.
Omwegesa wange akagamba owungonza nyine ekisembo ky'okuhandiika -ebyo ebigambo bikaguma nanye.,My favorite teacher told me that i had a gift- for writing those words stayed with me.
"y'omusomo gunu, nitwegesa abalimi orukumi rumu omukukozesa orwezo kuruga omubijuzire","By the end of this project, we trained one thousand farmers in organic methods."
"hakumalira y'omusomo gunu, nitwegesa abalimi orukumi omukukozesa rumu orwezo kuruga omubijuzire","By the end of this project, we trained one thousand farmers in organic methods."
"kakuba nakugambira ekintu kimu hali ekiniga, kiri tokwija kukirugaho-nokirabamu","If I will tell you one thing grief, it's that you never get over it-you get through it."
"kakuba nakugambira kimu ekintu hali ekiniga, kiri ngu tokwija kukirugaho-nokirabamu","If I will tell you one thing about grief, it's that you never get over it-you get through it."
omutendereza amanyirire abakuru nekizina kye ijo,The praise singer has honored the chief's bravery with his song yesterday.
omutendereza abakuru amanyirire nekizina kye ijo,The praise singer has honored the chief's bravery with his song yesterday.
egali y'omwika eraba aheru y'orubuga ebaire nungi muno nti nkaba ntasobora kubyama ntagirozire,The train ride through the countryside has so been beautiful that i did'nt sleep a wink.
egali y'omwika eraba aheru ebaire y'orubuga nungi muno nti nkaba ntasobora kubyama ntagirozire,The train ride through the countryside has so been beautiful that i did'nt sleep a wink.
"omurundi gw'okubanza ninyija kugenda mwomubudabuda, nkatina ekinazonzora hali nyowe","The first time I will go to therapy, I was terrified of what might discover myself."
"omurundi gw'okubanza ninyija mwomubudabuda, kugenda nkatina ekinazonzora hali nyowe","The first time I will go to therapy, I was terrified of what I might discover about myself."
embuzi bazihare omubazi gw'enjoka nkabuliro,The goats have regularly been dewormed.
embuzi omubazi bazihare gw'enjoka nkabuliro,The goats have regularly been dewormed.
Kakuba gavumenti yakozeseze kare amaani Twakubaire lwiina ebitwehinguliriize ebyeowruuu muno.,"If the government had invested in renewable energy earlier, we could have a cleaner environment now."
Kakuba gavumenti yakozeseze kare amaani Twakubaire lwiina ebitwehinguliriize muno. ebyeowruuu,"If the government had invested in renewable energy earlier, we could have a cleaner environment now."
Ntaaha nyine obuleemezi okutekaho omutiima.,I've been having difficulty concetrating.
Ntaaha nyine okutekaho obuleemezi omutiima.,I've been having difficulty concetrating.
ekika ky'ababiito kiremere bunyoro kurugira kimu omkyasi kya 16th,The Babiito dynasty ruled Bunyoro since the 16th century.
ekika ky'ababiito kiremere bunyoro kurugira kimu omkyasi 16th kya,The Babiito dynasty ruled Bunyoro since the 16th century.
obaire noyenda okutekaho okwokya rundi aisi nambere hatunire obuhuta,You needed apply heat or ice to the injured
obaire noyenda okutekaho okwokya rundi nambere aisi hatunire obuhuta,You needed to apply heat or ice to the injured area.
Obuguuda bwihanga butungire omurro ogwokutemba okwemihendo.,The economy is facing inflationary pressures.
Obuguuda bwihanga butungire ogwokutemba omurro okwemihendo.,The economy is facing inflationary pressures.
nyikaire ninyetagisibya sukali okusara,I have needed to cut down on sugar.
"kakuba omuntu afwa, ekyaro kija okunahukara, oba babamanyire muno rundi tibabamanyire","When someone died, the whole village comes to pay respects, whether they knew them well or not."
"kakuba omuntu afwa, ekyaro kyona kija okunahukara, babamanyire oba muno rundi tibabamanyire","When someone died, the whole village comes to pay respects, whether they knew them well or not."
atafike omugabo gwa bakama babizinesi,He never missed a dividend payment.
atafike omugabo gwa babizinesi bakama,He never missed a dividend payment.
ebyefuna bikahambirize emihendo y'ebintu okweyongera muno,The economy faced inflationary pressures.
bikahambirize ebyefuna emihendo y'ebintu okweyongera muno,The economy faced inflationary pressures.
"kakuba omuntu afwa omukyaro kyaitu, abantu bona besoroza baija okusagika eka","When someone die in our village, the whole community together came to support the family."
"kakuba omuntu omukyaro afwa kyaitu, abantu bona besoroza baija okusagika eka","When someone die in our village, the whole community together came to support the family."
ekika kyabaiito kulema bunyoro kurugira mukyasi kya 16th,The Babiito dynasty will rule Bunyoro the 16th
ekika kyabaiito kulema nikija bunyoro kurugira kimu mukyasi kya 16th,The Babiito dynasty will rule Bunyoro since the 16th century.
obuzibu ngira by'okutekana n'okuhuliriza,I have had difficulty concetrating.
Enganikyo zoleka ebya abantu abakuru,Oral history projects record elders'
Enganikyo zoleka ebya abakuru abantu ebibamanyire,Oral history projects record elders' memories.
embuzi nizihebwa omubazi gwenjoka buli kasumi,The goats are being dewormed
embuzi omubazi nizihebwa gwenjoka buli kasumi,The goats are being dewormed regularly.
"ekiniga kizirege omubicweka ebiro ninsobora okwikya, ebiro ebindi tinkusobora","The grief has come in waves some days l can breath, some days l can't."
"ekiniga kizirege omubicweka ebimu ebiro ninsobora okwikya, ebiro ebindi tinkusobora","The grief has come in waves some days l can breath, some days l can't."
abasija abato bombekere orugo rw'ente ouhyaka,The young men have built the new kraal for the cattle.
abasija bombekere abato orugo rw'ente ouhyaka,The young men have built the new kraal for the cattle.
"kakuba gavumenti ebaire etairemu sente kara, ntusobora okuba n'ebyobuhangwa","If the government has invested in renewable energy earlier, we could a cleaner environment now."
"kakuba gavumenti ebaire sente etairemu kara, ntusobora okuba n'ebyobuhangwa ebiyounjo","If the government has invested in renewable energy earlier, we could have a cleaner environment now."
"kakuba okwgaramu obumanzi nkabaza nawe kirokinu, titwanditungire obunyani bunu","If l does not muster the courage to talk to her that day, we would have missed out on this friendship."
"kakuba ntatunga okwgaramu obumanzi nkabaza nawe titwanditungire kirokinu, obunyani bunu","If l does not muster the courage to talk to her that day, we would have missed out on this friendship."
obujanjabi bukakora hamu n'emibazi endi,The medication with other drugs.
obujanjabi hamu bukakora n'emibazi endi,The medication interacted with other drugs.
izaniro ly'emizano elihyaka balitekanize shakespeare azanira musizoni y'omusana,The new theater has staged Shakespeare plays every summer.
izaniro ly'emizano elihyaka balitekanize shakespeare azanira buli y'omusana musizoni,The new theater has staged Shakespeare plays every summer.
"kakuba omuntu afwa omukyaro kyaitu, abantu bona baija baije okusagika eka","When someone die in our village, the whole community has together come to support the family."
"kakuba omuntu afwa omukyaro kyaitu, abantu bona baija baije kwesoroza okusagika eka","When someone die in our village, the whole community has together come to support the family."
naija okundindisa okumara esha yona,She will make me wait for an hour.
naija okumara okundindisa esha yona,She will make me wait for an hour.
Okusendwa kw'itaka kuleteriize abalimi kuleka itaka lyaabo bakagenda bibuga.,The soil erosion has been forcing forcing farers to abandon their and move cities.
Okusendwa kw'itaka kuleteriize abalimi itaka kuleka lyaabo bakagenda mu bibuga.,The soil erosion has been forcing forcing farers to abandon their land and move to cities.
"kakuba ntalitungire okwegaramu obumanzi nkabaza nawe kirokinu, titwanditungire obunyani bunu","If l did muster the courage to talk to her that day, we would have missed out on this friendship."
"kakuba ntalitungire okwegaramu obumanzi nkabaza nawe kirokinu, titwanditungire bunu obunyani","If l did not muster the courage to talk to her that day, we would have missed out on this friendship."
ebyenfuna nibija kuhambiriza emihendo y'ebintu okweyongera muno,The economy will face inflationary pressures.
ebyenfuna nibija kuhambiriza emihendo okweyongera y'ebintu muno,The economy will face inflationary pressures.
Noija kwetaagibwa kuteekaho obutagasi rundi obufuki ha kicweka ekihutaire.,You'll need to apply heat ice to the injured area.
Noija kwetaagibwa kuteekaho obutagasi obufuki rundi ha kicweka ekihutaire.,You'll need to apply heat or ice to the injured area.
ninyija kwijuka akasumi kenyini munyani owamazima-nambere atalinsekeraize omukasumi ndi kubi,I will remember the exact moment l knew she was a true friend - when she didn't laugh at my worst moment.
ninyija kwijuka akasumi kenyini akaba owamazima-nambere munyani atalinsekeraize omukasumi obukaba ndi kubi,I will remember the exact moment l knew she was a true friend - when she didn't laugh at my worst moment.
abasaija abato nibaija okwombeka orugo rw'ente oruhyaka,The young men will build the new kraal for the cattle.
abasaija abato okwombeka nibaija orugo rw'ente oruhyaka,The young men will build the new kraal for the cattle.
ebyafayo eby'okubaza byolekere okwijuka kw'abantu abakuru,Oral has projected record elders ' memories.
ebyafayo eby'okubaza okwijuka byolekere kw'abantu abakuru,Oral history has projected record elders ' memories.
omutendereza naija kumanyira abakuru nekizina kye ijo,The praise singer honor the chief's bravery with song yesterday.
omutendereza naija abakuru kumanyira nekizina kye ijo,The praise singer will honor the chief's bravery with his song yesterday.
yemizaano yaharutuutu empyaka nijja kwoolekaga emizano yasekisipiya buli bwiirre oburutagata,The new theater will stage Shakespeare plays every summer.
enju yemizaano yaharutuutu empyaka nijja kwoolekaga emizano yasekisipiya buli oburutagata bwiirre,The new theater will stage Shakespeare plays every summer.
ninyija okugira obuzibu by'okutekana n'okuhuliriza,I will have difficulty concetrating.
ninyija okugira obuzibu n'okuhuliriza by'okutekana,I will have difficulty concetrating.
abazirweneho bagarukire n'ebitekerezo ebihyaka n'okunihira,Veterans have returned with new ideas and expectations.
abazirweneho bagarukire n'ebitekerezo n'okunihira ebihyaka,Veterans have returned with new ideas and expectations.
omusoro gwaberambanda guhambirize baingi omubusibi,Colonial taxation has forced many into wage labor.
omusoro gwaberambanda baingi guhambirize omubusibi,Colonial taxation has forced many into wage labor.
abaserurizi nibaija kusoma endubata y'ebinyonyi obu ekika ekihyaka ekyebinyonyi,The researchers will study bird migration patterns when they discovered a new species.
abaserurizi nibaija kusoma y'ebinyonyi endubata obu barazonzora ekika ekihyaka ekyebinyonyi,The researchers will study bird migration patterns when they discovered a new species.
ebyafayo eby'okubaza byayolekaga okwijuka kw'abantu abakuru,Oral history projected record elders ' memories.
ebyafayo eby'okubaza byayolekaga okwijuka abakuru kw'abantu,Oral history projected record elders ' memories.
Abasebeni bakagaruka nentekereza empyaka hamu nokunihira.,Veterans returned with new ideas and expectations.
bakagaruka Abasebeni nentekereza empyaka hamu nokunihira.,Veterans returned with new ideas and expectations.
okumara andindisize esaha yona,She has made me wait for an hour.
"Omukyaro kyaitu omuntu obwafa ,abasi,bensi boona baterana bazagika abafeerwa.","When someone die in our village , the whole community comes together to support the family."
"Omukyaro kyaitu omuntu obwafa boona ,abasi,bensi baterana bazagika abafeerwa.","When someone die in our village , the whole community comes together to support the family."
Omusoro og'wendema eya kukahambiriza baingi kupagasa.,Colonial forced many into wage labor.
Omusoro og'wendema eya kukahambiriza matwale baingi kupagasa.,Colonial taxation forced many into wage labor.
"kakuba omuntu afwa omukyaro kyaitu, abantu bona nibaija kwesoroza baije okusagika eka","someone die in our village, the whole community will together come to support the family."
"kakuba omuntu afwa omukyaro kyaitu, bona abantu nibaija kwesoroza baije okusagika eka","When someone die in our village, the whole community will together come to support the family."
ebyefuna bihambirize y'ebintu okweyongera muno,The economy has pressures.
ebyefuna bihambirize y'ebintu emihendo okweyongera muno,The economy has faced inflationary pressures.
abasaija abato bakombekere orugo r'ente oruhyaka,The young men built the new kraal for the cattle.
abasaija abato bakombekere orugo oruhyaka r'ente,The young men built the new kraal for the cattle.
okaba oine okujwara pulasita kumara wiiki mukaaga,You needed to wear a cast six weeks.
okaba oine okujwara pulasita kumara mukaaga wiiki,You needed to wear a cast for six weeks.
"omuro gutagwe mpaka nyenkya,ogaruke hairwaro","If the fever not go down by tomorrow, come back to the clinic."
"omuro mpaka gutagwe nyenkya,ogaruke hairwaro","If the fever did not go down by tomorrow, come back to the clinic."
Uganda ey'ekyasa ekya 19 eri omubihandiiko ebyabakwenda,Missionary writings document 19th century Uganda.
Uganda ey'ekyasa ekya eri 19 omubihandiiko ebyabakwenda abenjiri.,Missionary writings document 19th century Uganda.
abazirweneho bakagaruka n'ebitekerezo ebihyaka kandi n'okunihira,Veterans returned with new ideas and expectations.
abazirweneho bakagaruka n'ebitekerezo ebihyaka n'okunihira kandi,Veterans returned with new ideas and expectations.
Kiro kyaijo omuzini ahaisanizeege omunyoro habwo bumanzibwe.,The praise singer honored the chief's bravery with his song yesterday.
Kiro kyaijo ahaisanizeege omuzini omunyoro habwo bumanzibwe.,The praise singer honored the chief's bravery with his song yesterday.
Omurundi gwokubanza nkagenda kutunga obujanjabi ekintu ekibangambiire ekinkaba nsemerire kuzonzora nyowe nyenka.,"The first time I to therapy, I was terrified of I might discover about myself."
Omurundi gwokubanza nkagenda kutunga obujanjabi ekintu ekibangambiire ekinkaba nsemerire kuzonzora nyenka. nyowe,"The first time I went to therapy, I was terrified of what I might discover about myself."
"omurundi gw'okubanza okugenda mwoyomubudabuda, nkatina ekinazonzora hali nyowe","The first time I go to therapy, I was terrified of what I might discover about myself."
"gw'okubanza omurundi okugenda mwoyomubudabuda, nkatina ekinazonzora hali nyowe","The first time I go to therapy, I was terrified of what I might discover about myself."
izaniroly'emizano erihyakalitekanizibwe shakespeare plays buli musizoni y'omusana,The new theater staged Shakespeare plays every summer.
erihyakalitekanizibwe izaniroly'emizano shakespeare plays buli musizoni y'omusana,The new theater staged Shakespeare plays every summer.
"kakuba ntatunge okwegaramu obumanzi nkabaza nawe kirokinu, titwanditungire obuyani bunu","If l will not muster the courage to talk to her day, we would have missed out on this friendship."
"kakuba okwegaramu ntatunge obumanzi nkabaza nawe kirokinu, titwanditungire obuyani bunu","If l will not muster the courage to talk to her that day, we would have missed out on this friendship."
"kakuba gavumeti eratekamu sente omubintu ebikwegarukamu kara, ntusobora okuba n'ebyobuhangwa ebiyomjo",If the government will invest in renewable we could have a cleaner environment now.
"kakuba gavumeti eratekamu sente omubintu ebikwegarukamu kara, okuba ntusobora n'ebyobuhangwa ebiyomjo","If the government will invest in renewable energy earlier, we could have a cleaner environment now."
nuwe ngu tikine buzibu bwona okusaba obukonyezi,He was the one who taught me that it's to ask for help.
yanyegeseze nuwe ngu tikine buzibu bwona okusaba obukonyezi,He was the one who taught me that it's okay to ask for help.
"Kakuba gutakeeha kikahika nyekya, ogaruke omu karwarro.","If the fever doesn't go down by tomorrow, come back to the clinic."
"Kakuba omuswija gutakeeha kikahika nyekya, ogaruke karwarro. omu","If the fever doesn't go down by tomorrow, come back to the clinic."
ninyijuka akasumi nikimanya akaba munyani owamazima-atansekereze omukasumi obukaba nidi kubi,I remembered the exact moment l knew she a true friend - when she didn't laugh at my worst moment.
ninyijuka akasumi nikimanya kenyini akaba munyani owamazima-atansekereze omukasumi obukaba nidi kubi,I remembered the exact moment l knew she was a true friend - when she didn't laugh at my worst moment.
akandindisa okumara yona esaha,She made me wait for an hour.
"Enyunyuzi zaaka kukungi obuziba zili haraha ,n'etaara zomwabuga.",The stars shine brightly in the night sky away from city lights.
"zaaka Enyunyuzi kukungi obuziba zili haraha ,n'etaara zomwabuga.",The stars shine brightly in the night sky away from city lights.
takafikaga omugabo gwa abakama babizinesi,He never missed a dividend payment.
takafikaga omugabo gwa babizinesi abakama,He has never missed a dividend payment.
nija kwemera kurungi muno omumaizi gahaihi,The egret will stand perfectly still in the shallow water.
enyange nija kwemera kurungi muno gahaihi omumaizi,The egret will stand perfectly still in the shallow water.
"kakuba omuntu afwa, ekyaro kyona nikija okunahukara, oba babamanyire muno rundi tibabamanyire","When someone will die, whole village comes to pay respects, whether they knew them well or not."
"kakuba omuntu afwa, ekyaro kyona nikija okunahukara, oba muno babamanyire rundi tibabamanyire","When someone will die, the whole village comes to pay respects, whether they knew them well or not."
buli muntu orukwija kutangatangana amanyire ekintu ky'otamanyire - nigw'omugisa kukyega,Every person you will meet knows something don't that's a to learn.
buli orukwija muntu kutangatangana amanyire ekintu ky'otamanyire - nigw'omugisa kukyega,Every person you will meet knows something you don't — that's a chance to learn.
enyange ekaimera kurungi mumaizi gahaihi,The egret stood perfectly still in the shallow water.
ekaimera enyange kurungi muno mumaizi gahaihi,The egret stood perfectly still in the shallow water.
"Obusasi bwija nkebigonzi ebiro ebimu ninyikya ,ebiro ebindi","The grief comes in waves some days l can breath , some days l can't."
"Obusasi bwija nkebigonzi ebiro ebimu ,ebiro ninyikya ebindi tindukusobora.","The grief comes in waves some days l can breath , some days l can't."
tarukwija kufika omugabo gwa abakama babizinesi,He will never miss a dividend payment.
tarukwija kufika omugabo abakama gwa babizinesi,He will never miss a dividend payment.
enyunyuzi zikaka muno ekiro omumwanya kukira ebitara by'omurubuga,The stars brightly shone in the night sky away from city lights.
enyunyuzi zikaka ekiro muno omumwanya kukira ebitara by'omurubuga,The stars brightly shone in the night sky away from city lights.
ebyafayo eby'okubaza nibija kwoleka okwijuka kw'abantu abakuru,Oral history will project record elders ' memories.
ebyafayo nibija eby'okubaza kwoleka okwijuka kw'abantu abakuru,Oral history will project record elders ' memories.
enyange imerire kurrngi muno omumaizi gahaihi,The egret has stood perfectly still in the shallow water.
enyange imerire muno kurrngi omumaizi gahaihi,The egret has stood perfectly still in the shallow water.
"kakuba omuro guba tigugwire mpaka nyenkya, ogaruke hairwaro","If the fever has not gone down by tomorrow, come back to the clinic."
"kakuba guba omuro tigugwire mpaka nyenkya, ogaruke hairwaro","If the fever has not gone down by tomorrow, come back to the clinic."
obujanjabi nibwija kukorahamu n'emibazi endi,medication will interact with other
obujanjabi nibwija n'emibazi kukorahamu endi,The medication will interact with other drugs.
"Kakuba ntaratungire obumanzi bw'okubaza nawe eki, buno obunywani.","If l hadn't mustered the courage to talk to her that day , we would have missed out on friendship."
"Kakuba obumanzi ntaratungire bw'okubaza nawe eki, twakuferirwe buno obunywani.","If l hadn't mustered the courage to talk to her that day , we would have missed out on this friendship."
nyijukire aksumi kenyini nkimanyire akaba munyani owamazima-nambere atalinsekeraize omukasumi obukaba kubi,have remembered the exact moment l knew she was a true friend - when she didn't laugh at my worst moment.
nyijukire aksumi kenyini nkimanyire akaba munyani owamazima-nambere omukasumi atalinsekeraize obukaba kubi,I have remembered the exact moment l knew she was a true friend - when she didn't laugh at my worst moment.
"omuro tigurukwija kugwa mpaka nyekya, ogaruke hairwaro","If the fever will not go down by tomorrow, come back the clinic."
"omuro kugwa tigurukwija mpaka nyekya, ogaruke hairwaro","If the fever will not go down by tomorrow, come back to the clinic."
"Omuntu obwafa , ekyaro kiija kugaragara , bamanyire kurungi rundi tibamanyire.","When , the whole village comes to pay respects , whether they knew them well or not."
"Omuntu obwafa , ekyaro kiija kugaragara , kababe bamanyire rundi kurungi tibamanyire.","When someone dies , the whole village comes to pay respects , whether they knew them well or not."
Omubazi nigusobora kukoragana n'emibazi endi.,The medication interact with other drugs.
Omubazi kukoragana nigusobora n'emibazi endi.,The medication may interact with other drugs.
"ekiniga kiaizira omubicweka ebiro ebimu kwikya, ebiro ebindi tinkusobora","The grief came in waves some days l can breath, some days l can't."
"ekiniga kiaizira ebiro omubicweka ebimu nisobora kwikya, ebiro ebindi tinkusobora","The grief came in waves some days l can breath, some days l can't."
okuhandika kwabaramagi kukatandika mukyasa kya 19th m'uganda,Missionary writings documented 19th century Uganda.
okuhandika kwabaramagi kukatandika mukyasa 19th kya m'uganda,Missionary writings documented 19th century Uganda.
omutendereza amanyira abakuru nekizina kye ijo,The singer honors the chief's bravery with his song yesterday.
amanyira omutendereza abakuru nekizina kye ijo,The praise singer honors the chief's bravery with his song yesterday.
Obulemi obw'ababiito bwebembiire Bunyoro kuruga omukyasa ekya ikumi na mukaaga.,The Babiito has ruled Bunyoro since the 16th century.
obw'ababiito Obulemi bwebembiire Bunyoro kuruga omukyasa ekya ikumi na mukaaga.,The Babiito dynasty has ruled Bunyoro since the 16th century.
"akasumi kona mbaire nitekereza ntungire okugarukwamu, nyega ekintu kihyaka","Everytime I have thought I've figured it out, I learn new."
"akasumi kona mbaire ntungire nitekereza okugarukwamu, nyega ekintu kihyaka","Everytime I have thought I've figured it out, I learn something new."
egali y'omwika eraba y'orubuga neja kuba nungi muno nti nkaba ntasobora okubyama ntagirozire,The train ride through the countryside will so be beautiful that i did'nt sleep a wink.
egali y'omwika eraba aheru y'orubuga neja kuba nungi muno nti nkaba okubyama ntasobora ntagirozire,The train ride through the countryside will so be beautiful that i did'nt sleep a wink.
Ninyujuka akasumi akananyiire kimu ngu nuwe nywani owahikire- obwataransekeriize omukasu kange akabi.,I remember the exact moment l knew she was a true friend - when she didn't laugh at my worst moment.
Ninyujuka akasumi akananyiire kimu ngu nuwe nywani owahikire- obwataransekeriize kange omukasu akabi.,I remember the exact moment l knew she was a true friend - when she didn't laugh at my worst moment.
enyunyuzi zakire muno ekiro omumwanya kukira ebitara by'omurubuga,The stars have brightly shone in the sky away from lights.
enyunyuzi zakire muno ekiro kukira omumwanya ebitara by'omurubuga,The stars have brightly shone in the night sky away from city lights.
"ekiniga nikija kwija omubicweka ebiro ebimu nisobora kwikya, ebiro ebindi tinkusobora","The grief will come in some days l can breath, some l can't."
"ekiniga nikija kwija omubicweka ebimu ebiro nisobora kwikya, ebiro ebindi tinkusobora","The grief will come in waves some days l can breath, some days l can't."
egali y'omwika eraba aheru y'orubuga ekaba nungi muno nti nkaba ntasobora okubyama ntagirozire,The train ride through the countryside was so beautiful that i did'nt sleep a wink.
egali y'omwika eraba aheru y'orubuga ekaba muno nungi nti nkaba ntasobora okubyama ntagirozire,The train ride through the countryside was so beautiful that i did'nt sleep a wink.
"kakuba omuntu afwa, ekyaro kyona kija okunahukara, oba babamanyire muno rundi tibabamanyire","someone has died, the whole village comes to pay respects, whether they knew them well or not."
"kakuba omuntu afwa, ekyaro kyona kija okunahukara, oba babamanyire muno tibabamanyire rundi","When someone has died, the whole village comes to pay respects, whether they knew them well or not."
enyunyuzi nizija kwaka muno ekiro omumwanya kukira ebitara by'omurubuga,The will brightly shine in the night sky away from city lights.
enyunyuzi nizija kwaka ekiro muno omumwanya kukira ebitara by'omurubuga,The stars will brightly shine in the night sky away from city lights.
"omurundi gw'okubanza nkagenda mwoyomubudabuda, nkatina ekinazonzora hali nyo","The first time I have gone to therapy, I was terrified of what I might discover about myself."
"omurundi gw'okubanza nkagenda mwoyomubudabuda, nkatina hali ekinazonzora nyo","The first time I have gone to therapy, I was terrified of what I might discover about myself."
okutwarwa kwitaka kukaletera abalimi okuleka itaka lyabo kandi bakagenda ummbuga,The soil erosion forced farers to abandon their land and move to cities.
okutwarwa kwitaka kukaletera abalimi okuleka itaka lyabo kandi ummbuga bakagenda,The soil erosion forced farers to abandon their land and move to cities.
nuwe akwija okunyegesa ngu tikine bwona okusaba obukonyezi,He be the one who taught me that it's okay to ask for help.
nuwe akwija ngu okunyegesa tikine buzibu bwona okusaba obukonyezi,He will be the one who taught me that it's okay to ask for help.
embuzi bakaziha omubazi gw'enjoka nkabulikiro,The goats were regularly dewormed.
bakaziha embuzi omubazi gw'enjoka nkabulikiro,The goats were regularly dewormed.
noija kwetagisa okutekaho kwokya rundi aisi nambere hatungire obuhuta,You will need to apply heat or ice to the injured area.
noija kwetagisa kwokya okutekaho rundi aisi nambere hatungire obuhuta,You will need to apply heat or ice to the injured area.
ekika kyababiito kilema kurugira kimu omukyasa kya 16th,The Babiito dynasty rules Bunyoro since the 16th century.
ekika kyababiito kilema kurugira bunyoro kimu omukyasa kya 16th,The Babiito dynasty rules Bunyoro since the 16th century.
"akasumi kona ninyija kutekereza ntungire okugarukwamu, nyega ekintu kihyaka",Everytime I will think I've figured it I learn something new.
"akasumi kona ninyija kutekereza ntungire okugarukwamu, ekintu nyega kihyaka","Everytime I will think I've figured it out, I learn something new."
obujanjabi bukozire hamu n'emibazi endi,The medication has interacted with other drugs.
bukozire obujanjabi hamu n'emibazi endi,The medication has interacted with other drugs.
buli muntu watangantangaine amanyire ekintu - nigw'omugisa kukyega,Every person you met knows something you don't — that's a chance to learn.
buli muntu watangantangaine amanyire ekintu - ky'otamanyire nigw'omugisa kukyega,Every person you met knows something you don't — that's a chance to learn.
Abasigazi orugo nibakora rw'ente.,The young men are building the new kraal for the cattle.
omusoro gwa aberambanda gukahambiriza baingi omubusibi,Colonial taxation forced many into wage labor.
omusoro aberambanda gwa gukahambiriza baingi omubusibi,Colonial taxation forced many into wage labor.
okutwarwa kwitaka abalimi okuleka itaka lyabo kandi bagenda,The soil erosion forces farers to abandon their land and move to cities.
okutwarwa kwitaka kihambiriza okuleka abalimi itaka lyabo kandi bagenda mumbuga,The soil erosion forces farers to abandon their land and move to cities.
"kakuba gavumenti etekamu sente omubintu ebikyegarukamu kara, ntusobora okuba nebyobuhangwa ebiyonjo","If the government in renewable energy earlier, we could have a cleaner environment now."
"kakuba gavumenti etekamu omubintu sente ebikyegarukamu kara, ntusobora okuba nebyobuhangwa ebiyonjo","If the government invests in renewable energy earlier, we could have a cleaner environment now."
Nuwe yangambiire ngu kirungi kusaba obuyambi.,He's one who taught me that it's to ask for help.
Nuwe yangambiire ngu kusaba kirungi obuyambi.,He's the one who taught me that it's okay to ask for help.
omusoro gwa aberambanda nigwija kuhambiriza omubusibi,Colonial taxation will force many into wage labor.
omusoro gwa nigwija aberambanda kuhambiriza baingi omubusibi,Colonial taxation will force many into wage labor.
okuhandika kwabaramagi kukatandikwaho omukyasa kya 19th om'uganda,Missionary writings have documented 19th century Uganda.
okuhandika kukatandikwaho kwabaramagi omukyasa kya 19th om'uganda,Missionary writings have documented 19th century Uganda.
Abebyokuseruliriza bakaba nibecumitiriza obubarozire y'ebinyonyi ebihyaaka.,The researchers were studying bird migration patterns when they discovered a new species.
Abebyokuseruliriza bakaba nibecumitiriza obubarozire y'ebinyonyi emiringo ebihyaaka.,The researchers were studying bird migration patterns when they discovered a new species.
noyetagisa pulasita okumara wiiki mukaaga,You have needed to wear a cast for six weeks.
okujwara noyetagisa pulasita okumara wiiki mukaaga,You have needed to wear a cast for six weeks.
"akasumi kona ntekereza ntungire okugarukwamu, nyega kihyaka","Everytime I thought I've figured it out, I something new."
"kona akasumi ntekereza ntungire okugarukwamu, nyega ekintu kihyaka","Everytime I thought I've figured it out, I learn something new."
Noija kwetaaga kujwara ekiseminti kumara sabiiti mukaaga.,You'll to wear a cast for six weeks.
Noija kwetaaga kujwara kumara ekiseminti sabiiti mukaaga.,You'll need to wear a cast for six weeks.
okutwarwa kwitaka nikwija okuletera abalimi okuleka itaka lyabo kandi bakagenda mumbuga,The soil erosion will force farers to abandon their land and move to cities.
okutwarwa kwitaka nikwija okuletera abalimi okuleka itaka lyabo bakagenda kandi mumbuga,The soil erosion will force farers to abandon their land and move to cities.
"Obuntekereza ngu nkyetegeriize,nubwo nyega ekintu ekihyaka.","Everytime I think I've figured it out, I learn something new."
"Obuntekereza ngu nkyetegeriize,nubwo nyega ekihyaka. ekintu","Everytime I think I've figured it out, I learn something new."
abaserurizi basoma endubata y'ebinyonyi bazonzora ekika ekihyaka ekyebinyonyi,researchers study bird migration patterns when they discovered a new species.
abaserurizi endubata basoma y'ebinyonyi obu bazonzora ekika ekihyaka ekyebinyonyi,The researchers study bird migration patterns when they discovered a new species.
ekitebe kikagwa omu 1977 habw'okwahukana,The community collapsed in 1977 due to political differences.
ekitebe kikagwa omu 1977 mupolipo habw'okwahukana,The community collapsed in 1977 due to political differences.
ekitebe nikija kugwa omu1977 habw'okwahukana mupolipo,community collapse in 1977 due to political differences.
ekitebe nikija kugwa omu1977 mupolipo habw'okwahukana,The community will collapse in 1977 due to political differences.
abaserurizi basomereho endubata y'ebinyonyi bazonzoire ekika ekihyaka ekyebinyonyi,The researchers have studied bird migration patterns they discovered a new species.
abaserurizi basomereho endubata y'ebinyonyi bazonzoire obu ekika ekihyaka ekyebinyonyi,The researchers have studied bird migration patterns when they discovered a new species.
rwegaali y'omwika kuraba omu bugwa izooba rukaba muno nta hungi reho kakube kukoimya.,The train ride through the countryside was so beautiful that i did'nt sleep a wink.
Orugendo rwegaali y'omwika kuraba omu bugwa izooba muno rukaba habwokuba nta hungi reho kakube kukoimya.,The train ride through the countryside was so beautiful that i did'nt sleep a wink.
buli muntu oratangatangaineho amanyire ekintu ky'otamanyire - nigw'omugisa kukyega,Every person you have met knows something you don't — that's a chance
buli muntu oratangatangaineho amanyire ky'otamanyire ekintu - nigw'omugisa kukyega,Every person you have met knows something you don't — that's a chance to learn.
oyetagisize okutekaho okwokya rundi nambere hantungire obuhuta,You have needed to apply or ice to the injured area.
oyetagisize okutekaho okwokya rundi aisi hantungire nambere obuhuta,You have needed to apply heat or ice to the injured area.
Ekitebe kikahwahi omumwaka ogwa 1977 habwobutetegerezangana omubyendema.,The community collapsed in 1977 due to political differences.
Ekitebe kikahwahi omumwaka ogwa 1977 omubyendema. habwobutetegerezangana,The community collapsed in 1977 due to political differences.
noija kwetagisibya okujwara pulasita okumara wiiki mukaaga,You will need to wear a cast for six weeks.
noija kwetagisibya pulasita okujwara okumara wiiki mukaaga,You will need to wear a cast for six weeks.
abazirweneho nibaija kugaruka n'ebitekerezo ebihyaka n'okunihira,Veterans will return with new ideas and expectations.
nibaija abazirweneho kugaruka n'ebitekerezo ebihyaka n'okunihira,Veterans will return with new ideas and expectations.
embuzi nibaja kuziha omubazi gw'enjoka nkabulikiro,The goats will regularly dewormed.
embuzi kuziha nibaja omubazi gw'enjoka nkabulikiro,The goats will regularly be dewormed.
nkaba nyine obuzibu n'okutekana ahahuliriza,I had difficulty concetrating.
nkaba nyine n'okutekana obuzibu ahahuliriza,I had difficulty concetrating.
sitage y'ebyemizano empyaka shakespeare azanira buli musizoni youmsana,The new theater stages Shakespeare plays every summer.
sitage y'ebyemizano empyaka shakespeare azanira buli youmsana musizoni,The new theater stages Shakespeare plays every summer.
okuhandika kwabaramagi okutandika omukyasa kya 19th m'uganda,Missionary writings will document 19th century
okuhandika kwabaramagi nikwija okutandika omukyasa kya m'uganda 19th,Missionary writings will document 19th century Uganda.
ekitebe kigwire omu 1977 habw'okwahukana mupolipo,The community has collapsed in 1977 due to political
ekitebe kigwire 1977 omu habw'okwahukana mupolipo,The community has collapsed in 1977 due to political differences.
"omuntu weena owotaganana tangana anyina ekyamanyire iwe ekyotamanyire , kandi kinu nikisemera kukuha omugisa okwega",Every person you meet knows something you don't—that's a chance to learn.
"omuntu weena owotaganana tangana anyina ekyamanyire iwe , ekyotamanyire kandi kinu nikisemera kukuha omugisa okwega",Every person you meet knows something you don't—that's a chance to learn.
"buli mugenzo gubaire gwine ekigurukumanyisa,nobu kiraba tutukugwetegereza","Every ritual has had a meaning, even if we don't always understand it."
"buli mugenzo gubaire gwine ekigurukumanyisa,nobu tutukugwetegereza kiraba","Every ritual has had a meaning, even if we don't always understand it."
Omurwaire nayoleka oburorwaho bwokuba kubi.,The patient is showing signs sepsis.
Omurwaire nayoleka bwokuba oburorwaho kubi.,The patient is showing signs of sepsis.
"nkaba ntakinihira nti kumaraho omwaka gunu, baitu hati ndihanu","I did think I'd it through that year, but here I am."
"nkaba ntakinihira ninyija nti kumaraho omwaka gunu, baitu hati ndihanu","I did not think I'd make it through that year, but here I am."
kaliitango y'okwegesa habyobuhangwo ehikireho abantu abarukuhingura mukyaaro,The environmental awareness campaign has reached over one million people.
kaliitango y'okwegesa habyobuhangwo ehikireho abantu mukyaaro abarukuhingura,The environmental awareness campaign has reached over one million people.
kyatooro mu FORT PORTAL kikasikiriza abagenyi baingi,The Tooro palace in Fort Portal many visitors.
kyatooro ekikali mu FORT PORTAL kikasikiriza abagenyi baingi,The Tooro palace in Fort Portal attracted many visitors.
tukaha amata g'ente ag'okubaza hali ba'isekuru itwe,We gave the first milk from cow to the ancestors.
tukaha amata g'ente ag'okubaza ba'isekuru hali itwe,We gave the first milk from the cow to the ancestors.
Kugarraho buhyaka ebyasisikaire nukugenda omumaiso omubikaro ebyasisikaire.,Reconstruction efforts in affected areas.
Kugarraho buhyaka ebyasisikaire omumaiso nukugenda omubikaro ebyasisikaire.,Reconstruction efforts continue in affected areas.
tuhaireyo okwongezebwa kwa waranti hamasanyarazi,We offered extended warranties on electronics.
tuhaireyo okwongezebwa waranti kwa hamasanyarazi,We offered extended warranties on electronics.
enkuru banka ekeheze amagoba,The central bank has lowered interest rates.
amani g'okwombeka buhyaka omubicweka ebyali,Reconstruction efforts continued in affected areas.
amani g'okwombeka buhyaka geyongire ebyali omubicweka bihikirweho,Reconstruction efforts continued in affected areas.
abaseruruzi nibaja kusomaho engrri y'okuhindukahinduka y'enyikara ekutabaniza ebwokulya obubatandikireho enkora empyaka,The will study the impact climate change on food security when they developed new strategies.
abaseruruzi nibaja kusomaho engrri y'okuhindukahinduka y'enyikara ekutabaniza ebwokulya obubatandikireho empyaka enkora,The researchers will study the impact of climate change on food security when they developed new adaptation strategies.
"kakuba abantu batalisiza muno, itaka nirija kusigara rw'orwezo","If the community does not overgraze the land, the soil would still be fertile."
"kakuba batalisiza abantu muno, itaka nirija kusigara rw'orwezo","If the community does not overgraze the land, the soil would still be fertile."
ninyja ebintu byange nsuwarensi ijo,I will pay my property insurance yesterday.
okusasura ninyja ebintu byange nsuwarensi ijo,I will pay my property insurance yesterday.
"Kakuba nakukozire ekintu ntaine butiine butiini bwokugwa, nakutandikireho entaahya yange.","If l could do without fear of failure , l'd start my own business."
"Kakuba nakukozire ekintu ntaine butiine bwokugwa, butiini nakutandikireho entaahya yange.","If l could do anything without fear of failure , l'd start my own business."
yetaba omubikorwa by'okulinda,UPDF participates in peace keeping missions.
UPDF omubikorwa yetaba by'okulinda obusinge,UPDF participates in peace keeping missions.
Ekaali kya Tooro omu Fort Portal kisikiriza abagenyi baingi.,The Tooro palace in Fort Portal attracts many visitors.
Ekaali kya Tooro omu Fort Portal kisikiriza baingi. abagenyi,The Tooro palace in Fort Portal attracts many visitors.
nuwe ogu eyanyegeseze ngu tikine buzibu bwona okukonyezi,He has been one taught me that it's okay to ask for help.
abaire nuwe ogu eyanyegeseze ngu tikine bwona buzibu okukonyezi,He has been the one who taught me that it's okay to ask for help.
nitwija kuha amata g'ente ag'okubaza hali itwe,will give the first milk from the cow to the ancestors.
nitwija kuha amata g'ente hali ag'okubaza ba'isekuru itwe,We will give the first milk from the cow to the ancestors.
tujagwize amagesa hakumalira kwa sizoni,We celebrated the harvest festival at the end of the season.
amagesa tujagwize hakumalira kwa sizoni,We have celebrated the harvest festival at the end of the season.
ekikali kyatooro mu FORT PORTAL kikasikiriza abagenyi,The Tooro palace in Fort Portal will attract many visitors.
kyatooro ekikali mu FORT PORTAL kikasikiriza abagenyi baingi,The Tooro palace in Fort Portal will attract many visitors.
kadi yabanka okutunga obugoba,I have used a credit card for rewards points.
nkozeseze kadi okutunga yabanka obugoba,I have used a credit card for the rewards points.
Abalimi bakozesa ebijunzire kwongera oburungi omu itaka.,use compost to improve soil structure.
Abalimi bakozesa ebijunzire oburungi kwongera omu itaka.,Farmers use compost to improve soil structure.
orufu rwa isenkuru nyowe kiri kijaguzo ky'obwomezibwe - yatugambiraga enganikyo kandi twsekaga kuraba omumaziga gaitu,My grandfather's funeral is a celebration of his life - e told stories and laughed through
orufu rwa isenkuru nyowe kiri ky'obwomezibwe kijaguzo - yatugambiraga enganikyo kandi twsekaga kuraba omumaziga gaitu,My grandfather's funeral is a celebration of his life - e told stories and laughed through our tears.
rwa isenkuru nyowe rubairekijaguzo ky'obwomezibwe enganikyo kandi twasekaga kuraba omuziga gaitu,My funeral has a celebration of his life - e told stories and laughed through our tears.
orufu isenkuru rwa nyowe rubairekijaguzo ky'obwomezibwe - yatugambiraga enganikyo kandi twasekaga kuraba omuziga gaitu,My grandfather's funeral has been a celebration of his life - e told stories and laughed through our tears.
izaniro ly'emizano elihyaka likakingurwaho hali abantu abaine obulema,The new theater was accessible to people with disabilities.
izaniro ly'emizano likakingurwaho elihyaka hali abantu abaine obulema,The new theater was accessible to people with disabilities.
"kakuba abantu batarukwija kulisiza muno, itaka nirija kusigara ry'orwezo","If the community will not overgraze the land, the soil would still be fertile."
"abantu kakuba batarukwija kulisiza muno, itaka nirija kusigara ry'orwezo","If the community will not overgraze the land, the soil would still be fertile."
omuranga gw'okumanyira eby'obuhangwa nigwija kuhika akakaikuru kamu,The environmental awareness campaign will reach over one people.
omuranga gw'okumanyira nigwija eby'obuhangwa kuhika akakaikuru kamu,The environmental awareness campaign will reach over one million people.
omuranga gw'okumanyira eby'obuhangwa guhikire abantu akakaikuru kamu,The environmental awareness campaign reaches over one million people.
gw'okumanyira omuranga eby'obuhangwa guhikire abantu akakaikuru kamu,The environmental awareness campaign reaches over one million people.
UPDF eketaba omubikorwa by'okulinda obusinge,UPDF participated in peace keeping missions.
UPDF omubikorwa eketaba by'okulinda obusinge,UPDF participated in peace keeping missions.
obujanjabi nibwija kuba bwoburumi nibukoraho,The treatment will be painful but is usually effective.
obujanjabi kuba nibwija bwoburumi baitu nibukoraho,The treatment will be painful but is usually effective.
amani g'okwombeka buhyaka geyongire omubicweka ebyali bihikirweho,Reconstruction efforts have continued in affected areas.
amani g'okwombeka buhyaka omubicweka geyongire ebyali bihikirweho,Reconstruction efforts have continued in affected areas.
obujanjabi bubaire bwoburumi baitu nibukoraho,The treatment been painful but is usually effective.
obujanjabi bubaire baitu bwoburumi nibukoraho,The treatment has been painful but is usually effective.
akatekamu nyingi sente muno,He invested in a hedge fund.
okaire noyetagisibwa okuguru kwawe kwimukize kukehya okuzimba,You have needed to keep your leg elevated to reduce swelling.
okaire noyetagisibwa okuguru okwikaza kwawe kwimukize kukehya okuzimba,You have needed to keep your leg elevated to reduce swelling.
tujaguza amagesa hakumalira sizoni,We celebrate the harvest festival at the end of the season.
tujaguza amagesa hakumalira sizoni kwa,We celebrate the harvest festival at the end of the season.
Hampero ey'ebiro eby'okugesa nitwija kukora obugenyi.,We will celebrate the harvest festival at the end of the season.
Hampero eby'okugesa ey'ebiro nitwija kukora obugenyi.,We will celebrate the harvest festival at the end of the season.
okusasura ebintu byange nsuwarensi ijo,I have paid my property insurance yesterday.
niyinja okusasura ebintu nsuwarensi byange ijo,I have paid my property insurance yesterday.
noija okwetagisibwa okwikaza okuguru kwawe kwimukize kukehya okuzimba,You will need to keep your leg to reduce swelling.
noija okwetagisibwa okwikaza okuguru kwimukize kwawe kukehya okuzimba,You will need to keep your leg elevated to reduce swelling.
abaana baitu nibaija okuhura nkonku twatangatagaine - batuletereza okukibazaho buli hanyuma y'omwaka mubuswere baitu,Our children will hear the story of how we met make us tell it every anniversary.
abaana baitu nibaija okuhura nkonku twatangatagaine - batuletereza buli okukibazaho hanyuma y'omwaka mubuswere baitu,Our children will hear the story of how we met -they make us tell it every anniversary.
ebibo emyaka ebaire nungi hansi eyimukire,The new variety has been suitable for altitudes.
ebibo emyaka ebaire hansi nungi eyimukire,The new variety has been suitable for higher altitudes.
izaniro ly'emizano likigwireho hali abantu abane obulema,The new theater has been accessible people with disabilities.
izaniro ly'emizano likigwireho elihyaka hali abantu abane obulema,The new theater has been accessible to people with disabilities.
"Abarukuseruliriza bakaba hinduka y'obwire haby'okulunda ebyokulya ,obubatandukire emihanda y'okulinda empyaaka.",researchers were studying the impact of climate change on food security they new adaptation strategies.
"Abarukuseruliriza bakaba nibecumuliriza habirukubaho hinduka habwempinda y'obwire haby'okulunda ebyokulya ,obubatandukire emihanda y'okulinda empyaaka.",The researchers were studying the impact of climate change on food security when they developed new adaptation strategies.
"buli mugenzo nigwija kugira ekirukumanyisa, nobu kiraba tutukugwetegereza","Every ritual will have a meaning, even if we don't always understand it."
"buli mugenzo nigwija kugira ekirukumanyisa, kiraba nobu tutukugwetegereza","Every ritual will have a meaning, even if we don't always understand it."
banka ekehya enkuru amagoba,The central bank lowers interest rates.
banka enkuru amagoba ekakehya,The central bank lowered interest rates.
"ntindikwija kunihira nti ninyija kumaraho omwaka gunu, baitu hati ndihanu","I will not think I'd make it through that year, but I am."
"ntindikwija kunihira nti ninyija kumaraho omwaka gunu, hati baitu ndihanu","I will not think I'd make it through that year, but here I am."
nyowe nkozesa kaada -nsimbi habwobusiimo.,I use a credit for the rewards points.
nyowe kaada nkozesa -nsimbi habwobusiimo.,I use a credit card for the rewards points.
omuranga gw'okumanyira eby'obuhangwa gukahika abantu akakaikuru kamu,The environmental awareness campaign reached over one million people.
omuranga eby'obuhangwa gw'okumanyira gukahika abantu akakaikuru kamu,The environmental awareness campaign reached over one million people.
nsasura ebintu byange nsuwarensi ijo,I pay my property insurance yesterday.
nsasura ebintu nsuwarensi byange ijo,I pay my property insurance yesterday.
Ekiro ekyaijo nsaswirege ensuwarensi eya matungo gange,I paid my property insurance yesterday.
Ekiro ekyaijo nsaswirege eya ensuwarensi matungo gange,I paid my property insurance yesterday.
abalimi bakakozesa ebijunzire okuhidura engeri y'itaka,Farmers used compost to improve soil structure.
abalimi bakakozesa ebijunzire engeri okuhidura y'itaka,Farmers used compost to improve soil structure.
ekiikaro kyokukoorramu nikiiji kwanguhira naabalema kukutahamu,The new theater will be accessible to people with disabilities.
ekiikaro kyokukoorramu emizaano nikiiji naabalema kwanguhira kukutahamu,The new theater will be accessible to people with disabilities.
asaswire Omusaija amabanjage goona,He has paid off all his debts.
abaseruruzi basomereho engeri y'okuhindukahindikuka y'enyikara ekutabaniza ebyokulya obubatandikireho enkora empyaka,The researchers have the impact of climate change on food security when they developed new strategies.
abaseruruzi basomereho engeri y'okuhindukahindikuka y'enyikara ekutabaniza obubatandikireho ebyokulya enkora empyaka,The researchers have studied the impact of climate change on food security when they developed new adaptation strategies.
nkozeseze kadi yabanka okutunga obugoba,I used a credit card for the rewards points.
kadi nkozeseze yabanka okutunga obugoba,I used a credit card for the rewards points.
sentu atekamu nyigi muno,He invests in a hedge fund.
"Orufu rwalsenkuru nyowe rukuba rwokujaguza obuwomezibwe -nobukiraba tukaba tuli omumazisa, ,nokuseka twaseka.",My grandfather's funeral was a celebration of his life - e told stories and laughed through our tears.
"Orufu rwalsenkuru nyowe rukuba rwokujaguza obuwomezibwe -nobukiraba tukaba tuli omumazisa, ,nokuseka tukamubazaaho twaseka.",My grandfather's funeral was a celebration of his life - e told stories and laughed through our tears.
nkaba nyine esaara eyinasabaga kakuba mpura oturo nikyo kintu ky'okumalira bwange,I had a I say when I'm falling asleep-it's the last thing on my mind.
nkaba nyine esaara eyinasabaga kakuba oturo mpura - nikyo kintu ky'okumalira omubwongo bwange,I had a prayer I say when I'm falling asleep-it's the last thing on my mind.
abaana baitu bahulire nkonku twatangatagaine - batuletereza okukibazaho buli hanyuma y'omwaka mubuswere baitu,Our children have heard the story of how we met -they make us tell every
abaana baitu bahulire nkonku twatangatagaine - batuletereza okukibazaho buli hanyuma y'omwaka baitu mubuswere,Our children have heard the story of how we met -they make us tell it every anniversary.
"tifwireyo biki obworukwija kabaza, tinkwija kuhindura ebitekerezo byange","No matter what you will say, I won't change my mind."
"tifwireyo biki obworukwija kabaza, kuhindura tinkwija ebitekerezo byange","No matter what you will say, I won't change my mind."
abyaire omu mutemwa kahagura,He has invested in a hedge fund.
omusaija omu abyaire mutemwa kahagura,He has invested in a hedge fund.
noyetagisibwa okuwikaza okuguru kwawe kwimukize kukehya okuzimba,You needed to keep your leg elevated to reduce swelling.
okuwikaza noyetagisibwa okuguru kwawe kwimukize kukehya okuzimba,You needed to keep your leg elevated to reduce swelling.
naija kutekamu sente nyingi muno,He will invest in a hedge fund.
naija kutekamu sente muno nyingi,He will invest in a hedge fund.
banka enkuru niija kukekya amagoba,The central bank will lower interest rates.
enkuru banka niija kukekya amagoba,The central bank will lower interest rates.
ablimi nibaja kuozesa ebijunzire okuhindura engeri y'itaka,Farmers will use compost to soil structure.
ablimi nibaja ebijunzire kuozesa okuhindura engeri y'itaka,Farmers will use compost to improve soil structure.
"Nkaba ntamanyire ndisobora kurabamu ogu omwaka, baitu dora kandi hanu.","I didn't think I'd make it through that year, but here I am."
"Nkaba ntamanyire ndisobora ogu kurabamu omwaka, baitu dora kandi hanu.","I didn't think I'd make it through that year, but here I am."
Nyina esaara eyinsaba obunkwatwa otuuro-nikyo kintu kyokumalirra ha bwongo bwange.,I have a prayer I say when I'm falling asleep-it's the last thing on my mind.
Nyina esaara eyinsaba obunkwatwa kintu otuuro-nikyo kyokumalirra ha bwongo bwange.,I have a prayer I say when I'm falling asleep-it's the last thing on my mind.
kampuni eriyo netaaha omubutale obuhyaka.,The company is entering markets.
eriyo kampuni netaaha omubutale obuhyaka.,The company is entering new markets.
naija okusasura gona amabanjage,He will pay off all his debts.
izaniro ly'emizano elihyaka likingwire hali abantu abaine obulema,The new theater is accessible to people with disabilities.
ly'emizano izaniro elihyaka likingwire hali abantu abaine obulema,The new theater is accessible to people with disabilities.
embibo enu emyaka nija ruba nungi ha bwebicweeka ebyensozi,The new variety will be suitable for higher altitudes.
embibo enu emyaka ruba nija nungi ha bwebicweeka ebyensozi,The new variety will be suitable for higher altitudes.
kugira esaara eyinasabaga kakuba mpura oturo - nikyo kintu ky'okumalira omubwongo bwange,I will have a I say when I'm falling asleep-it's the last thing on my mind.
ninyija kugira eyinasabaga esaara kakuba mpura oturo - nikyo kintu ky'okumalira omubwongo bwange,I will have a prayer I say when I'm falling asleep-it's the last thing on my mind.
ebibo empyaka kurungi hansi,The new variety is suitable for higher altitudes.
ebibo empyaka nekora kurungi eyimukire hansi,The new variety is suitable for higher altitudes.
ninyija kusanga ruhanga ayanguhire omu by'obuhangwa kukira omubyombeko,I will find God more easily in nature than building.
ninyija kusanga ruhanga muno ayanguhire omu by'obuhangwa kukira omubyombeko,I will find God more easily in nature than in any building.
Noyetaagwa kwikaza okuguru kuhanikirwe kukehya okuzimba.,You'll need to keep your leg elevated to reduce swelling.
kwikaza Noyetaagwa okuguru kuhanikirwe kukehya okuzimba.,You'll need to keep your leg elevated to reduce swelling.
"tifwireyo biki bwobailize, tinkwija kuhindura ebitekerezo byange","No matter what you said, I won't change my mind."
"tifwireyo biki bwobailize, tinkwija kuhindura byange ebitekerezo","No matter what you said, I won't change my mind."
UPDF nija okwetaba omubikorwa by'okulinda obusinge,UPDF will in peace keeping missions.
nija UPDF okwetaba omubikorwa by'okulinda obusinge,UPDF will participate in peace keeping missions.
tuhaireyo okwongezebwayo waranti ha masanyarazi,We have offered extended warranties on electronics.
tuhaireyo okwongezebwayo waranti masanyarazi ha,We have offered extended warranties on electronics.
Omubazi nigusobara kusasa baitu nigukora.,The treatment can be painful but is usually effective.
Omubazi nigusobara baitu kusasa nigukora.,The treatment can be painful but is usually effective.
ebintu by'emikono by'enzarwa tutwaraine okukora orubugo,Traditional crafts have included barkcloth making.
ebintu by'emikono by'enzarwa okukora tutwaraine orubugo,Traditional crafts have included barkcloth making.
omrwaire naija kwoleka oburorwaho obwokwekengera,The patient will show signs of sepsis.
naija omrwaire kwoleka oburorwaho obwokwekengera,The patient will show signs of sepsis.
itwe tuha endagaano eraihireho eyokulinda ebyamasanyarazi ebiguzirwe.,We offer extended warranties on electronics.
itwe tuha endagaano eraihireho ebyamasanyarazi eyokulinda ebiguzirwe.,We offer extended warranties on electronics.
hobworambagambaki tinsobora ebitekerezo kuhingisa,"No matter what you say, I won't change my mind."
nsangire ayanguhire muno kukira omubyombeko,I have found God more easily in than in any building.
nsangire ayanguhire ruhanga muno omuby'obuhangwa kukira omubyombeko,I have found God more easily in nature than in any building.
"tifwireyo ogambireki, tikwija kuhindura ebitekerezo byange","No matter what you have said, I won't change my"
"tifwireyo ogambireki, tikwija kuhindura byange ebitekerezo","No matter what you have said, I won't change my mind."
abaana baitu bakahura nkonku twatangatagaine- batuletereza okukibazaho buli hanyuma y'omwaka baitu,Our children heard the story how we met -they make us it every anniversary.
abaana baitu bakahura nkonku twatangatagaine- okukibazaho batuletereza buli hanyuma y'omwaka mubuswere baitu,Our children heard the story of how we met -they make us tell it every anniversary.
naija omukucumba okwenyumirizamu kwe,She will pride herself on her cooking.
"buli mugenzo gwali gwine ekigurukumanyisa, nobu kiraba tutukugwetegereza.","Every had a meaning, even if we don't understand it."
"buli mugenzo gwali gwine ekigurukumanyisa, kiraba nobu tutukugwetegereza.","Every ritual had a meaning, even if we don't always understand it."
tukajaguza amagesa hakumalira kwa sizoni,We celebrated the harvest festival at the end of the season.
tukajaguza amagesa kwa hakumalira sizoni,We celebrated the harvest festival at the end of the season.
"kakuba nakozire ekintu kyona ntaine okutina rundi okulemererwa,ninyija okutandikaho bizinesi yange","If l did anything without fear of failure, l'd start my own business."
"kakuba nakozire ekintu kyona ntaine okutina rundi okulemererwa,ninyija bizinesi okutandikaho yange","If l did anything without fear of failure, l'd start my own business."
"tikatekerezahoga nti ninyija okumaraho omwaka gunu, baitu hati ndihanu","I not thought I'd make it through that year, but here I am."
"tikatekerezahoga nti ninyija okumaraho omwaka baitu gunu, hati ndihanu","I have not thought I'd make it through that year, but here I am."
omrwaire oburorwaho ayolekerege obwokwekengera,The patient showed signs of sepsis.
kampuni nija kutaha mukatale akahyaka,company will enter new markets.
kampuni nija kutaha akahyaka mukatale,The company will enter new markets.
orufu rwa isenkuru nyowe nirwija kijaguzo ky'obwomezibwe - yatugambiraga enganikyo kandi twasekaga kuraba omumaziga gaitu,My grandfather's funeral will be a celebration of his life - e told stories and laughed through our
orufu rwa isenkuru nirwija nyowe kuba kijaguzo ky'obwomezibwe - yatugambiraga enganikyo kandi twasekaga kuraba omumaziga gaitu,My grandfather's funeral will be a celebration of his life - e told stories and laughed through our tears.
ebintu by'emikono by'enzarwa tutwaraine okukora orubugo,Traditional crafts included barkcloth making.
ebintu by'emikono by'enzarwa okukora tutwaraine orubugo,Traditional crafts included barkcloth making.
Omumirimo eyengaro ahakaba n'okuteera embugo.,Traditional included barkcloth making.
Omumirimo eyengaro ahakaba n'okuteera harumu embugo.,Traditional crafts included barkcloth making.
"kakuba mba nkozire ekintu kyona ntaine kutina rundi okulemererwa, ninyija bizinesi yange","l has done anything without fear of failure, l'd start my own business."
"kakuba mba nkozire ekintu ntaine kyona kutina rundi okulemererwa, ninyija kutandikaho bizinesi yange","If l has done anything without fear of failure, l'd start my own business."
ekataha kampini omukatale akahyaka,The company entered new markets.
ayehaisa wenka we habwencumbaye,She prides herself on her cooking.
amani g'okwombeka buhyaka nigaija kweyongera omubicweka ebyalibihikirweho,Reconstruction efforts will continue in affected areas.
amani g'okwombeka buhyaka nigaija omubicweka kweyongera ebyalibihikirweho,Reconstruction efforts will continue in affected areas.
obujanjabi bwali bwoburumi bukakoraho,The treatment was but is usually effective.
obujanjabi bwali bwoburumi bukakoraho baitu,The treatment was painful but is usually effective.
"kakuba abantu batalisize muno, itaka lyandisigaire ry'orwezo","If the community has not overgrazed the land, the soil would still be fertile."
"kakuba abantu batalisize muno, itaka ry'orwezo lyandisigaire","If the community has not overgrazed the land, the soil would still be fertile."
nibija ebicoli kusisibwa kadoima,The maize crop will be damaged by fall armyworm.
UPDF omubitebe kalinda businge.,UPDF has participated in peace keeping missions.
UPDF omubitebe eketaba kalinda businge.,UPDF has participated in peace keeping missions.
tuhaire amata g'ent ag'okubanza ba'isenkuru itwe,We given the first milk the cow to the ancestors.
tuhaire amata g'ent ag'okubanza hali itwe ba'isenkuru,We have given the first milk from the cow to the ancestors.
Abaana baitu benda kuhurra oruganikyo nkoku twatangatangaine.,Our children love hearing oh how we met make us tell it every anniversary.
Abaana baitu benda kuhurra oruganikyo twatangatangaine. nkoku,Our children love hearing the story oh how we met -they make us tell it every anniversary.
"Kakuba abasi bensi batungire itaka likooto eryokulisizamu, itaka lyakubaire likyarumu ekiriisa.","If the community had not overgrazed the land, the soil would still be fertile."
"Kakuba abasi bensi batungire itaka likooto eryokulisizamu, lyakubaire itaka likyarumu ekiriisa.","If the community had not overgrazed the land, the soil would still be fertile."
nkagira esaara eyinasabaga kakuba nahuraga - nikyo kintu ky'okumalira omubwongo bwange,I have had a prayer I say when I'm falling asleep-it's the last thing on my mind.
nkagira esaara eyinasabaga kakuba nahuraga oyuro - nikyo kintu ky'okumalira bwange omubwongo,I have had a prayer I say when I'm falling asleep-it's the last thing on my mind.
abaseruruzi bakasomaho engeri y'okuhinduka hinduka y'enyikara ekutalibaniza ebwokulya obubatandikireho enkora empyaka,The researchers study the impact of climate change on food security when they developed new adaptation strategies.
abaseruruzi bakasomaho engeri y'okuhinduka hinduka y'enyikara ekutalibaniza ebwokulya enkora obubatandikireho empyaka,The researchers study the impact of climate change on food security when they developed new adaptation strategies.
Ndora muno Ruhanga omubimera kukira onubyombeko.,I find God easily in nature than in any building
Ndora muno omubimera Ruhanga kukira onubyombeko.,I find God more easily in nature than in any building .
Buli murwa namakuru noobu kiraaba tutugetegereza.,"Every ritual has a meaning, even if don't always understand it."
Buli guba murwa namakuru noobu kiraaba tutugetegereza.,"Every ritual has a meaning, even if we don't always understand it."
omurwaire ayolere obwokwekengera oburorwaho,The patient has shown signs of sepsis.
ebintu by'emikono by'enzarwa nitwija kutwarana okukora orubugo,Traditional crafts will include barkcloth making.
ebintu by'emikono by'enzarwa kutwarana nitwija okukora orubugo,Traditional crafts will include barkcloth making.
"Tubanza okuha abakuru abaira , amata agatubanza okukama omunte.",We give the first milk from the cow to the ancestors.
"Tubanza okuha abakuru abaira , agatubanza amata okukama omunte.",We give the first milk from the cow to the ancestors.
empyaka ekaba esemerire hansi eyimukire,The new variety suitable for higher altitudes.
ebibo empyaka ekaba hansi esemerire eyimukire,The new variety was suitable for higher altitudes.
okwongezayo nitwija waranti hamasanyarazi,We will offer extended warranties on electronics.
kya tooro mu FORT PORTAL kisikirize abagenyi baingi,The Tooro palace in Fort Portal has attracted visitors.
ekikali kya tooro mu FORT PORTAL kisikirize baingi abagenyi,The Tooro palace in Fort Portal has attracted many visitors.
ninyija okukozesa kadi yabanka okutunga obugoba,I will use a credit card for the rewards points.
ninyija okukozesa kadi yabanka obugoba okutunga,I will use a credit card for the rewards points.
"kakuba ninyija kukora ekintu kyona ntaine okutina rundi okulemererwa, ninyija kutandikaho bizinesi yange","If l will do anything without fear of failure, l'd start my own business."
"kakuba ninyija kukora ekintu ntaine kyona okutina rundi okulemererwa, ninyija kutandikaho bizinesi yange","If l will do anything without fear of failure, l'd start my own business."
abalimi bakozesaze ebijunzire okuhindura engeri y'itaka,Farmers have used compost to improve soil structure.
abalimi bakozesaze okuhindura ebijunzire engeri y'itaka,Farmers have used compost to improve soil structure.
Omusiri gw'ebicooli gulirwe kandi gwasiswa ihe ly'empuhira.,The maize crop has been damaged by fall armyworm.
Omusiri gulirwe gw'ebicooli kandi gwasiswa ihe ly'empuhira.,The maize crop has been damaged by fall armyworm.
kampuni etahire akhyaka omukatale,The company has entered new markets.
nsangire ayanguhire muno omuby'obuhangwa kukira ebyombeko,I found God more easily in nature than in any building.
nsangire ruhanga ayanguhire omuby'obuhangwa muno kukira ebyombeko,I found God more easily in nature than in any building.
Ab'ekitongole kyebitwehinguliriize eky'ebyeruyegesa batairemu omuhumbo ab'emyaaka erw kuuba,The environmental education center inspired a new generation of environmental leaders.
"kyebitwehinguliriize Ab'ekitongole eky'ebyeruyegesa batairemu omuhumbo ab'emyaaka erw kuuba bebembezi,bebitwehinguliriize.",The environmental education center has inspired a new generation of environmental leaders.
isomero ly'ebyobuhangwa likagaramu amani abebembezi abeby'obuhangwa ab'omulembe omuhyaka,The environmental education center inspired a new generation of environmental leaders.
isomero ly'ebyobuhangwa amani likagaramu abebembezi abeby'obuhangwa ab'omulembe omuhyaka,The environmental education center inspired a new generation of environmental leaders.
isomero ly'ebyobuhangwa nirija okugaramu amani abebembezi abeby'obuhangwa ab'omulebe omuhyaka,The environmental education center will inspire a new generation of environmental
isomero ly'ebyobuhangwa nirija okugaramu amani abebembezi abeby'obuhangwa omuhyaka ab'omulebe,The environmental education center will inspire a new generation of environmental leaders.
"Omuzaano ogworutimbi ourukusekesa buli omu, nagubazaaho.",The new comedy series on television has talking.
"Omuzaano ourukusekesa ogworutimbi buli omu, nagubazaaho.",The new comedy series on television has everyone talking.
katemba empyaka hativi ekaba ine bulyomu nabaza,The comedy on television had everyone talking.
katemba empyaka hativi ine ekaba bulyomu nabaza,The new comedy series on television had everyone talking.
katemba empyaka hativi nija kuba ine bulyomu nabaza,The new comedy series on television will have everyone talking.
katemba empyaka hativi nija kuba ine nabaza bulyomu,The new comedy series on television will have everyone talking.
katemba empyaka hativi ekaire bulyomu nabaza,The new comedy series on television has had everyone talking.
katemba empyaka hativi ekaire bulyomu ine nabaza,The new comedy series on television has had everyone talking.
Haibandiro nuho turukwiija kujaguliza ebijuma ebyokubanza.,We will celebrate the fruits with a ceremony at the shrine.
Haibandiro nuho turukwiija ebijuma kujaguliza ebyokubanza.,We will celebrate the first fruits with a ceremony at the shrine.
tujaguza ebijuma ebyokubanza hairamizo n'ekijaguzo,We celebrate the first fruits with a ceremony at the shrine.
nitwijaguza ebijuma ebyokubanza n'ekijaguzo hairamizo,We celebrated the first fruits with a ceremony at the shrine.
nitwijaguza ebijuma n'ekijaguzo ebyokubanza hairamizo,We celebrated the first fruits with a ceremony at the shrine.
tujagwize ebijuma ebyokubanza n'ekijaguzo,have celebrated the first fruits with ceremony at the shrine.
tujagwize ebyokubanza ebijuma n'ekijaguzo hairamizo,We have celebrated the first fruits with a ceremony at the shrine.
"Ekiro ekyaijo omurwa gw'okulinda ebirimwa, omwigi wenjura agukozirege.",The rainmaker performed the ritual to protect the crops yesterday.
"Ekiro ekyaijo gw'okulinda omurwa ebirimwa, omwigi wenjura agukozirege.",The rainmaker performed the ritual to protect the crops yesterday.
anagisa enjura abanza okukora emigenzo kulinda ebirimwa ijo,The rainmaker performs the ritual to protect the crops yesterday.
anagisa abanza enjura okukora emigenzo kulinda ebirimwa ijo,The rainmaker performs the ritual to protect the crops yesterday.
anagisa enjura naija kubanza okukora emigenzo kulinda ebirimwa,The rainmaker will perform the ritual to protect the crops
anagisa enjura kubanza naija okukora emigenzo kulinda ebirimwa ijo,The rainmaker will perform the ritual to protect the crops yesterday.
anagisa enjura akozire emigenzo lulinda ebirimwa ijo,The rainmaker has performed the ritual to protect the crops yesterday.
anagisa enjura akozire lulinda emigenzo ebirimwa ijo,The rainmaker has performed the ritual to protect the crops yesterday.
Aine omulingo ogwandoramu ogunde tera kwehurra nk'omuntu wenka omunsi yoona.,She has this way of looking at me that makes me feel like the only person in the world
Aine omulingo ogwandoramu ogunde tera kwehurra wenka nk'omuntu omunsi yoona.,She has this way of looking at me that makes me feel like the only person in the world
akaba aine engeri akundoramu eyekaba nendetera okuhura ninyo omunsi,She had this way of looking at me that makes me feel like the only person in the world
akaba aine engeri akundoramu eyekaba nendetera okuhura nyeka ninyo omunsi,She had this way of looking at me that makes me feel like the only person in the world
naija okugira engeri akwija okundoramu endetere okuhura ninyowe nyeka omunsi,She will have this way of looking at that makes me feel like the only person in the world
naija okugira engeri akwija okundoramu endetere ninyowe okuhura nyeka omunsi,She will have this way of looking at me that makes me feel like the only person in the world
akaba aine engeri akaba nandoramu nendetera okuhura ninyowe nyeka omusi,She has had this way of looking at me that me feel like person in the world
akaba aine engeri akaba nandoramu nendetera ninyowe okuhura nyeka omusi,She has had this way of looking at me that makes me feel like the only person in the world
obusiri bwensigo zokubyara busemeza omulingo gwiltaka,Permanent beds improve soil structure.
bwensigo obusiri zokubyara busemeza omulingo gwiltaka,Permanent beds improve soil structure.
ebitabu ebihanganzi bihindura engeri y'itaka,Permanent beds improved soil structure.
ebitabu ebihanganzi engeri bihindura y'itaka,Permanent beds improved soil structure.
ebitabu ebihangazi nibija okuhindura engeri y'itaka,Permanent beds improve soil structure.
ebihangazi ebitabu nibija okuhindura engeri y'itaka,Permanent beds will improve soil structure.
ebitabu ebihanganzi bihindwire engeri y'itaka,Permanent beds have improved soil structure.
ebitabu ebihanganzi engeri bihindwire y'itaka,Permanent beds have improved soil structure.
Kukuba oburorwaho bugumizamu hikirra abafumu ahonaho.,"If the symptoms worsen, seek medical attention immediately."
oburorwaho Kukuba bugumizamu hikirra abafumu ahonaho.,"If the symptoms worsen, seek medical attention immediately."
kakuba oburorwaho omusere obuyambi by'abafumu bwango,"If the symptoms worsened, seek medical attention immediately."
"kakuba oburorwaho bweyongera, omusere obuyambi bwango by'abafumu","If the symptoms worsened, seek medical attention immediately."
"kakuba oburorwaho bwija okweyongera, musere obuyambi by'abafumu bwango","If symptoms will worsen, seek medical attention immediately."
"kakuba oburorwaho okweyongera, bwija musere obuyambi by'abafumu bwango","If the symptoms will worsen, seek medical attention immediately."
"kakuba oburorwaho bweyongeraho, musere obuyambi by'abafumu bwango","If the symptoms have worsened, seek medical attention immediately."
"kakuba oburorwaho bweyongeraho, musere obuyambi bwango by'abafumu","If the symptoms have worsened, seek medical attention immediately."
Nitwija kujaguza empero y'ekyanda nomukoro gw'okusiima.,We will celebrate the end of dry season with a of thanks.
kujaguza Nitwija empero y'ekyanda nomukoro gw'okusiima.,We will celebrate the end of the dry season with a ceremony of thanks.
tujaguza okumalira kw'ekyanda n'ekijaguzo ky'okusima,We celebrate the end of the dry season with a ceremony of thanks.
tujaguza okumalira n'ekijaguzo kw'ekyanda ky'okusima,We celebrate the end of the dry season with a ceremony of thanks.
tukajaguza okumalira kw'ekyanda n'ekijaguzo ky'okusima,We celebrated the end of the dry season with a ceremony of
tukajaguza okumalira kw'ekyanda ky'okusima n'ekijaguzo,We celebrated the end of the dry season with a ceremony of thanks.
tujagwize okumalira kw'ekyanda n'ekijaguzo ky'okusima,We have celebrated the end of the dry season with a ceremony of thanks.
okumalira tujagwize kw'ekyanda n'ekijaguzo ky'okusima,We have celebrated the end of the dry season with a ceremony of thanks.
Akatebe akobutale nikalengesaho emikura kamanyisa amakuru,The marketing team testing new advertising channels.
Akatebe akobutale emikura nikalengesaho kamanyisa amakuru,The marketing team is testing new advertising channels.
abarangi bakarozaho omukutu gw'okurangira omuhyaka,team tested new advertising channels.
bakarozaho abarangi omukutu gw'okurangira omuhyaka,The marketing team tested new advertising channels.
nibaija okurozaho omukutu gw'okurangira omuhysks,The marketing team will test new advertising channels.
nibaija abarangi okurozaho omukutu gw'okurangira omuhysks,The marketing team will test new advertising channels.
abarangi barolezeho omukutu gw'okurangira omuhyaka,The marketing team has tested new advertising channels.
abarangi omukutu barolezeho gw'okurangira omuhyaka,The marketing team has tested new advertising channels.
Abafumu abenzaarwa bakozesaaga ebisaka n'emyoyo emibi.,Traditional healers used herbs and spiritual practices.
Abafumu abenzaarwa bakozesaaga n'emyoyo ebisaka emibi.,Traditional healers used herbs and spiritual practices.
omufumu akakozesa n'oburogo ebisaka,Traditional healers used herbs and spiritual practices.
omufumu naija okukozesa ebisaka n'oburogo,Traditional healers use herbs and spiritual practices.
omufumu naija ebisaka okukozesa n'oburogo,Traditional healers will use herbs and spiritual practices.
akozeseze omufumu rbisaka n'oburogo,Traditional healers have used herbs and spiritual practices.
engabi katanga ekairuka ekirurru neliina hurutu kukurwaata,The gazelle ran so fast that the cheetah could not catch it.
engabi katanga ekairuka ekirurru hurutu neliina kukurwaata,The gazelle ran so fast that the cheetah could not catch it.
amaya iruka muno nti ekitalago tesobora okugigwata,The gazelle so fast ran that the cheetah could not it.
amaya iruka muno nti ekitalago okugigwata tesobora,The gazelle so fast ran that the cheetah could not catch it.
amaya nija kwiruka muno nti ekitalago tikisobora,The gazelle will so fast run that the cheetah could not catch it.
amaya kwiruka nija muno nti ekitalago tikisobora okugikwata,The gazelle will so fast run that the cheetah could not catch it.
amaya ekakairuka muno nti ekitalago tikisobora okugikwata,The gazelle has so fast run that the cheetah could not it.
amaya ekakairuka muno nti tikisobora ekitalago okugikwata,The gazelle has so fast run that the cheetah could not catch it.
Kampuni mukusindikwa eri abemigabo,The company is facing shareholder activism.
ekatangatangana kampuni okweteranizamu kw'abemigabo,The company faced shareholder activism.
kampuni kutangatangana okweteranizamu kw'abemigabo,The company will face shareholder
kampuni kutangatangana neja okweteranizamu kw'abemigabo,The company will face shareholder activism.
kampuni okweteranizaho etangaine kw'abemigabo,The company has faced shareholder activism.
Kulima kwemikiiko hansozi kuhondera emera yensi eyobuhangwa.,Contour plowing follows the land's natural contours.
Kulima kwemikiiko hansozi kuhondera emera eyobuhangwa. yensi,Contour plowing follows the land's natural contours.
okulima enyiringani kukahondera orugyegye orwobuhangwa,Contour plowing followed the land's natural contours.
okulima enyiringani orugyegye kukahondera orwobuhangwa,Contour plowing followed the land's natural contours.
okulima enyiringani nikwija okuhondera orugyegye,Contour plowing will follow the land's natural contours.
okulima nikwija enyiringani okuhondera orugyegye orwobuhangwa,Contour plowing will follow the land's natural contours.
enyiringanikihondire okulima orugyegye orwobuhangwa,Contour plowing has followed the land's natural contours.
Omunyikiriza eyenzaarwa harumu okumanya omuhangi.,Traditional religion included belief in a supreme creator.
Omunyikiriza harumu eyenzaarwa okumanya omuhangi.,Traditional religion included belief in a supreme creator.
okubandwa okwikiriza kubamu muruhanga,Traditional religion included belief in a supreme creator.
okubandwa nikwija kubamu okwikiriza muruhanga,Traditional religion will include belief in a supreme creator.
nikwija okubandwa kubamu okwikiriza muruhanga,Traditional religion will include belief in a supreme creator.
okubandwa kubairemu omuruhanga okwikiriza,Traditional religion has included belief in a supreme creator.
"Kakuba nali hansi , tinakwongiire kwombeka obw'omeezi bwange nkooku bugondeze.","If l had'nt hit rock bottom , l never would have rebuilt my life the way l wanted it."
"nali Kakuba ntatiire hansi y'ibaale , tinakwongiire kwombeka obw'omeezi bwange nkooku bugondeze.","If l had'nt hit rock bottom , l never would have rebuilt my life the way l wanted it."
"kakuba ntalitire obutobo bw'ibale, tinandyombekere obwomezi bwange ngeri nali ni nyenda","If l had'nt hits rock bottom, l never would rebuilt my life the way l wanted it."
"ntalitire kakuba obutobo bw'ibale, tinandyombekere obwomezi bwange ngeri nali ni nyenda","If l had'nt hits rock bottom, l never would have rebuilt my life the way l wanted it."
"kakuba ntatereobutobo bw'ibale, tinandyombekere obwomezi bwange nali ni nyenda",If l had'nt will hit l never would have rebuilt my the way l wanted it.
"ntatereobutobo kakuba bw'ibale, tinandyombekere obwomezi bwange ngeri nali ni nyenda","If l had'nt will hit rock bottom, l never would have rebuilt my life the way l wanted it."
"kakuba nalintalitire obutobo bw'ibale, tinandyombekere obwomezi bwange ngeri nali ni nyenda","If l had'nt has hit rock bottom, l never would have my life the way l it."
"kakuba nalintalitire obutobo tinandyombekere bw'ibale, obwomezi bwange ngeri nali ni nyenda","If l had'nt has hit rock bottom, l never would have rebuilt my life the way l wanted it."
Amaarwa ago'kubanza kuruga omu maarwa agalisiibwe buhyaka tugahongera baisenkuru itwe abaira.,We offer the first beer from the new brew to the ancestors.
Amaarwa ago'kubanza kuruga omu maarwa agalisiibwe tugahongera buhyaka baisenkuru itwe abaira.,We offer the first beer from the new brew to the ancestors.
tukagaba biya ey'okubanza kuruga omwihisizo erihyaka hali byaisenkuru itwe,We offered the first beer from the new brew the ancestors.
tukagaba ey'okubanza biya kuruga omwihisizo erihyaka hali byaisenkuru itwe,We offered the first beer from the new brew to the ancestors.
nitwija kutunda omwenge kuruga omwihisizo erihyaka hali byaisenkuru itwe,We offer the first beer from the new brew to ancestors.
nitwija kutunda omwenge ogw'okubanza kuruga omwihisizo hali erihyaka byaisenkuru itwe,We will offer the first beer from the new brew to the ancestors.
tuhaire omwenge ogw'okubanza kuruga omwihisizo erihyaka hali byaisenkuru itwe,We have offered the first beer from the new brew to the ancestors.
tuhaire omwenge ogw'okubanza kuruga erihyaka omwihisizo hali byaisenkuru itwe,We have offered the first beer from the new brew to the ancestors.
Enyikiriza enzaarwa ekaba erumu emirwa y'okwisa enjura n'okugesa.,Traditional religion included rituals for rain and harvest.
Enyikiriza enzaarwa ekaba emirwa erumu y'okwisa enjura n'okugesa.,Traditional religion included rituals for rain and harvest.
emigenzo y'enjura n'okugesa,Traditional religion included rituals for rain and harvest.
okubandwa kukaba emigenzo kulimu y'enjura n'okugesa,Traditional religion included rituals for rain and harvest.
okubandwa nikwija kubamu emigenzo y'enjura n'okugesa,Traditional religion will include rituals for rain and harvest.
okubandwa nikwija emigenzo kubamu y'enjura n'okugesa,Traditional religion will include rituals for rain and harvest.
okubandwa emigenzo y'enjura n'okugesa,religion has included rituals for rain and harvest.
okubandwa kubairemu emigenzo n'okugesa y'enjura,Traditional religion has included rituals for rain and harvest.
obuguuda bwihanfa nubuleberizibwe ha ndubata ingaine -ingaine,The economy is to grow at a moderate pace.
obuguuda bwihanfa okukurra nubuleberizibwe ha ndubata ingaine -ingaine,The economy is projected to grow at a moderate pace.
ebyefuna bakabitebereza mporampora okukura,The economy was projected to grow at a moderate pace.
ebyefuna nibija okuteberizibwa okukura mpora mpora,The economy will be projected to grow at a moderate pace.
ebyefuna nibija okuteberizibwa mpora okukura mpora,The economy will be projected to grow at a moderate pace.
ebyefuna biteberizibwe mporamporam okukura,The economy has been projected to grow at a moderate pace.
"Omutekanisa webisisani by'oeutmbi ayecencwiire omuzaana gw'ebisisani ebiruugenda , n'amaraka gaakyo kandi ayeteekaiize kugwoleka omunsi yoona.",The filmmaker has edited her movie and is ready to show it to the world.
"Omutekanisa webisisani ayecencwiire by'oeutmbi omuzaana gw'ebisisani ebiruugenda , n'amaraka gaakyo kandi ayeteekaiize kugwoleka omunsi yoona.",The filmmaker has edited her movie and is ready to show it to the world.
omukozi wafilimu ahinduramu omuzanogwe kandi ayetekanize okugwoleka ensi,The filmmaker edits her movie and is ready to show it to the world.
wafilimu omukozi ahinduramu omuzanogwe kandi ayetekanize okugwoleka ensi,The filmmaker edits her movie and is ready to show it to the world.
omukozi akahinduramu omuzanogwe kandi ayetekanize okugwoleka ensi,The filmmaker edited her movie and is ready to show it the world.
omukozi wafilimu akahinduramu kandi omuzanogwe ayetekanize okugwoleka ensi,The filmmaker edited her movie and is ready to show it to the world.
omukozi wafilimu naija okuhinduramu omuzanogwe kandi ayetekanize okugwoleka ensi,The filmmaker will her movie and is ready to show it to the
omukozi wafilimu naija okuhinduramu omuzanogwe kandi okugwoleka ayetekanize ensi,The filmmaker will edit her movie and is ready to show it to the world.
"Buli mwaka,nyetegerezaho muno kyonka bike.","Every year, I understand a little more and claim a little less."
"Buli mwaka,nyetegerezaho kyonka muno nyetwarra bike.","Every year, I understand a little more and claim a little less."
"buli mwaka, nketegerezamu kataito kandi nayebundaza kataito",Every I understood a little and a little less.
"buli mwaka, nketegerezamu kataito kandi kataito nayebundaza","Every year, I understood a little more and claim a little less."
"buli mwaka, ninyija okwetegerezamu kataito kandi nyebundanze kataito","Every year, I will understand a little more and claim a little less."
"buli mwaka, ninyija okwetegerezamu kataito nyebundanze kandi kataito","Every year, I will understand a little more and claim a little less."
"buli mwaka, nyetegereza kataito kandi nyebundaza kataito","Every year, I have understood little and claim a little less."
"buli nyetegereza mwaka, kataito kandi nyebundaza kataito","Every year, I have understood a little more and claim a little less."
Ekiro ekyaijo nkasasura ibanja lyamaizi.,I paid my water bill yesterday.
Ekiro nkasasura ekyaijo ibanja lyamaizi.,I paid my water bill yesterday.
nkasasu amaizi ijo gange,I pay my water bill yesterday.
ninyija okusasura amaizi gange ijo,I will pay my water bill yesterday.
ninyija okusasura amaizi ijo gange,I will pay my water bill yesterday.
nsaswire gange amaizi ijo,I have paid my water bill yesterday.
"Hakubatizibwa kwamunywani wange, nkabaho nobundaba ntali mukristo baitu gwali mugisa kubaho.",I attended a friend's baptism even though I'm not christian-it was an honor to witness.
"Hakubatizibwa kwamunywani wange, nkabaho nobundaba ntali baitu mukristo gwali mugisa kubaho.",I attended a friend's baptism even though I'm not christian-it was an honor to witness.
nkataha okubatizibwa kwamunyani wange nobu kiraba tindi mukurisitayo- kibaire kyekitinisa okuba kaiso,I attend a friend's baptism even though I'm not christian-it an honor to witness.
nkataha okubatizibwa kwamunyani wange nobu tindi kiraba mukurisitayo- kibaire kyekitinisa okuba kaiso,I attend a friend's baptism even though I'm not christian-it was an honor to witness.
ninyija okutaha okubatizi kwamunyani wange nobu kiraba tindi mukurisitayo- kibaire kyekitinisa okuba kaiso,I will attend baptism even though I'm not christian-it was an honor to witness.
ninyija okutaha okubatizi kwamunyani wange nobu tindi kiraba mukurisitayo- kibaire kyekitinisa okuba kaiso,I will attend a friend's baptism even though I'm not christian-it was an honor to witness.
ntahire okubatizibwa kwamunyani wange nobu kiraba tindi mukurisitayo- kibaire okuba kaiso,I have attended a friend's baptism even though not christian-it was an honor to witness.
ntahire okubatizibwa kwamunyani wange nobu kiraba mukurisitayo- tindi kibaire kyekitinisa okuba kaiso,I have attended a friend's baptism even though I'm not christian-it was an honor to witness.
Eka eyeri haihi naitwe ekakuletera habwomwezi gwona nyuma yange yokusemezibwa.,The family next door brought us meals for a whole month after my surgery.
Eka eyeri haihi ekakuletera naitwe ebyokulya habwomwezi gwona nyuma yange yokusemezibwa.,The family next door brought us meals for a whole month after my surgery.
eka harwigi orukugarukaho batugulire ebyokulya by'omwezi gwona hanyuma y;okusemeza,The family door brought us meals for a whole month after my surgery.
eka harwigi orukugarukaho batugulire ebyokulya by'omwezi gwona y;okusemeza hanyuma,The family next door brought us meals for a whole month after my surgery.
eka harwigi orukugarukaho nibaija okutugura ebyokulya by'omwezi gwona hanyuma y'okusemeza,The family next will bring us meals for a whole month after my surgery.
eka harwigi orukugarukaho nibaija ebyokulya okutugura by'omwezi gwona hanyuma y'okusemeza,The family next door will bring us meals for a whole month after my surgery.
eka harwigi orukugarukaho etugulirege eby'okulya b'yomwezi gwona hanyuma y'okusemeza,The family next door has brought us meals for a month after my surgery.
eka harwigi orukugarukaho etugulirege b'yomwezi eby'okulya gwona hanyuma y'okusemeza,The family next door has brought us meals for a whole month after my surgery.
"Omwaka tutarasoboire ebisembo , tukahandikira ngana ebbaruha omukikaro -eyange nkyagiine.","The we couldn't afford gifts , we wrote each other letters instead - l still have mine."
"Omwaka tutarasoboire , ebisembo tukahandikira ngana ebbaruha omukikaro -eyange nkyagiine.","The year we couldn't afford gifts , we wrote each other letters instead - l still have mine."
"omwaka nambere tutalisobwoire ebisembo, tukehandikira ebaroha - nkyaine eyange","The year we did not afford gifts, we wrote each other letters instead - l still have mine."
"omwaka tutalisobwoire nambere ebisembo, tukehandikira ebaroha - nkyaine eyange","The year we did not afford gifts, we wrote each other letters instead - l still have mine."
"omwaka nambere titutrukwija okusobora ebisembo, nitwija kwahandikira ebaroha - nkyaine eyange","The year we will not afford gifts, we wrote each other letters instead - l still have mine."
"omwaka nambere titutrukwija ebisembo, okusobora nitwija kwahandikira ebaroha - nkyaine eyange","The year we will not afford gifts, we wrote each other letters instead - l still have mine."
"omwaka ogututasobwoire ebisembo, okuhandika ebaroha ekyaine eyange","The year we have afforded gifts, wrote each other letters instead - l still have mine."
"omwaka ogututasobwoire ebisembo, nitwija okuhandika ebaroha - eyange ekyaine","The year we have not afforded gifts, we wrote each other letters instead - l still have mine."
Kulisiza ebisolo biingi hataito kikeheze kugarurwa buhyaka oku'itaka enjura obwerukuba eqwiire.,The overgrazing has been reducing the lands ability to recover after rain.
Kulisiza ebisolo biingi hataito kikeheze buhyaka kugarurwa oku'itaka enjura obwerukuba eqwiire.,The overgrazing has been reducing the lands ability to recover after rain.
okulisa muno kukehya obusobozi bwitaka enjura,The overgrazing reduces the lands ability to recover rain.
okulisa muno kukehya obusobozi bwitaka enjura okugara,The overgrazing reduces the lands ability to recover after rain.
okulisa muno kukeheze obusobozi okugara enjura,The overgrazing reduced the lands ability to recover after rain.
muno okulisa kukeheze obusobozi bwitaka okugara enjura,The overgrazing reduced the lands ability to recover after rain.
okulisa muno nikwija okukehya obusobozi bwitaka okugara enjura,The overgrazing will reduce the lands ability to recover after rain.
okulisa nikwija muno okukehya obusobozi bwitaka okugara enjura,The overgrazing will reduce the lands ability to recover after rain.
Noija kwetaagisa kupima obulemeezi bw'amagufa gaawe.,You'll need to have your bone density tested.
Noija kwetaagisa kupima obulemeezi gaawe. bw'amagufa,You'll need to have your bone density tested.
okaire noyetagisibya okukebera igufwa lyawe ly'omugongo,You needed to have your bone density tested.
okaire noyetagisibya igufwa okukebera lyawe ly'omugongo,You needed to have your bone density tested.
noija okwetagisibwa okukebera igufwa lyawe ly'omugongo,You will need to have your bone density tested.
noija okukebera okwetagisibwa igufwa lyawe ly'omugongo,You will need to have your bone density tested.
noyetagisibwa okukebara igufwa lyawe ly'omugongo,You have needed have your bone density tested.
noyetagisibwa igufwa okukebara lyawe ly'omugongo,You have needed to have your bone density tested.
ehudu ekakwaata encu eyebiriisa bingi omukisaaru nekiganja kyaayo ekikooto,The bear caught salmon in river with its huge paws.
ehudu ekakwaata encu bingi eyebiriisa omukisaaru nekiganja kyaayo ekikooto,The bear caught salmon in the river with its huge paws.
beeya ekakwata esamaki omukyeya n'ebinono byayo ebikoto,The bear caught salmon in the river with its huge paws.
beeya ekakwata esamaki n'ebinono omukyeya byayo ebikoto,The bear caught salmon in the river with its huge paws.
beeya nija okukwata esamaki n'ebinono byayo ebikoto,The bear will catch salmon in the river with its huge paws.
beeya nija esamaki okukwata n'ebinono byayo ebikoto,The bear will catch salmon in the river with its huge paws.
beeya ekakwata esamaki omukyeya nebinono byayo ebikoto,The bear has caught salmon in the river with its huge paws.
beeya esamaki ekakwata omukyeya nebinono byayo ebikoto,The bear has caught salmon in the river with its huge paws.
Nkaba encumba ya nyina nyowe kuhikya obu naganzire aheeru Kandi niyeriisa.,"I never appreciated my mother,s cooking until l moved out and had to feed"
Nkaba ntakasiimaga encumba ya nyina nyowe kuhikya obu naganzire aheeru niyeriisa. Kandi,"I never appreciated my mother,s cooking until l moved out and had to feed myself."
tisima iyina nyowe habw'okucumba okuhikya obunagezire natandika okwerisa,"I never appreciate my mother, s cooking until l moved out and had to feed myself."
tisima iyina nyowe habw'okucumba okuhikya obunagezire okwerisa natandika,"I never appreciate my mother, s cooking until l moved out and had to feed myself."
tindikwija okusima inyina nyowe okuhikya obunagezire natandika okwerisa,"I never will appreciate mother, s cooking until l out and had to feed myself."
tindikwija okusima nyowe inyina habw'okucumba okuhikya obunagezire natandika okwerisa,"I never will appreciate my mother, s cooking until l moved out and had to feed myself."
tinadisimire nyina nyowe habwocumba okuhikya obunagenzire natandika okwerisa,"I never have appreciated my mother, s cooking until l moved out and had to feed"
tinadisimire nyina nyowe habwocumba okuhikya natandika obunagenzire okwerisa,"I never have appreciated my mother, s cooking until l moved out and had to feed myself."
akaba nayetekaniriza alibize ebirenngeso,She was busy preparing for her exams.
naija kubabize ebirengeso nayetekaniriza,She will be busy preparing for her exams.
abaire bize ebirengeso nayetekaniriza,She has been busy preparing for her exams.
Ninferwa omulingo amaka agatwetoraire nkoku bategekaga ebiro bikukuru nkyali mwana.,I the way the whole neighborhood would decorate festivals when l a kid.
Ninferwa omulingo agatwetoraire amaka nkoku bategekaga ebiro bikukuru nkyali mwana.,I miss the way the whole neighborhood would decorate for festivals when l was a kid.
nyikaire niburwamu omulingo abatahi batimba ebijaguzo obukaba nkyali muto,I missed the way the whole neighborhood would decorate for festivals when l was a kid.
nyikaire niburwamu omulingo abatahi batimba ebijaguzo nkyali obukaba muto,I missed the way the whole neighborhood would decorate for festivals when l was a kid.
ninyija engeri abatahi batimba ebijaguzo obukaba nkyali muto,I will miss the the whole neighborhood would decorate festivals when l was a kid.
ninyija engeri okuburwamu abatahi batimba ebijaguzo obukaba nkyali muto,I will miss the way the whole neighborhood would decorate for festivals when l was a kid.
nbuzirwemu omulingo abatahi batimba ebijaguzo obukaba nkyali muto,I have missed the way the whole neighborhood would decorate for festivals when l was a kid.
nbuzirwemu omulingo abatahi batimba ebijaguzo obukaba muto nkyali,I have missed the way the whole neighborhood would decorate for festivals when l was a kid.
Yusuf Lule akebembera ihanga kake.,Yusuf Lule served as president briefly.
Yusuf Lule akebembera habwakasumi ihanga kake.,Yusuf Lule served as president briefly.
yusufu lule akaherezaho nkomukuru wihanga kumara akasumi kataito,Yusuf Lule served as president briefly.
yusufu lule nkomukuru akaherezaho wihanga kumara akasumi kataito,Yusuf Lule served as president briefly.
lule naija okuherezaho nkomukuru wihanga kumara aksumi kataito,Yusuf Lule will serve as president
yusufu lule naija okuherezaho nkomukuru wihanga kumara kataito aksumi,Yusuf Lule will serve as president briefly.
yusufu lule aherizeho nkomukuru wihanga okumara akasumi kataito,Yusuf Lule has served as president briefly.
yusufu lule aherizeho nkomukuru wihanga akasumi okumara kataito,Yusuf Lule has served as president briefly.
Obworaba notalubana omubwomeezi ekitabu kya yobu nikisobora kukukanyere kuzazaaho okwikirza nokubonabona.,"If struggling , the book of job might speak -its about suffering and faith."
Obworaba notalubana omubwomeezi ekitabu yobu kya nikisobora kukukanyere kuzazaaho okwikirza nokubonabona.,"If you're struggling , the book of job might speak -its about suffering and faith."
"kakuba watilibaine, ekitabu ky'emirimo kyandibalize- kiri hakubonabona n'okwikiriza","If you struggled, the book of job might speak -its about suffering and faith."
"watilibaine, kakuba ekitabu ky'emirimo kyandibalize- kiri hakubonabona n'okwikiriza","If you struggled, the book of job might speak -its about suffering and faith."
"kakuba orabonabona, ekitabu ky'emirimo kyandibalize- kiri hakubonabona n'okwikiriza","If you will struggle, the book of job might speak -its suffering and faith."
"kakuba orabonabona, ky'emirimo ekitabu kyandibalize- kiri hakubonabona n'okwikiriza","If you will struggle, the book of job might speak -its about suffering and faith."
"kakuba oba oboineboine, ekitabu ky'emirimo kyandibalize- kiri hakubonabona n'okwikiriza","If you have struggled, the book of job might speak -its about suffering and faith."
"kakuba oboineboine, oba ekitabu ky'emirimo kyandibalize- kiri hakubonabona n'okwikiriza","If you have struggled, the book of job might speak -its about suffering and faith."
omukazi abaire nakora nka mukuru webyensimbi atakakozire ekitebe ekisubuzi ekye,She had been working as an accountant for years before she started her own firm.
omukazi abaire nka nakora mukuru webyensimbi atakakozire ekitebe ekisubuzi ekye,She had been working as an accountant for years before she started her own firm.
akora nkwenketo okumara emyaka nyingi ekitongole ekye,She works as an accountant for years before she started her own firm.
akora nkwenketo emyaka okumara nyingi atakatandikireho ekitongole ekye,She works as an accountant for years before she started her own firm.
naija okukora nk'owekento okumar emyaka nyigi atakatandikireho ekitongole ekye,will work as an accountant for years before she started her own firm.
naija okukora nk'owekento okumar emyaka atakatandikireho nyigi ekitongole ekye,She will work as an accountant for years before she started her own firm.
akaire nakora nk'owekento okumara emyaka nyingi atakatandikireho ekitongole ekye,She has worked as an accountant for years before she started her own firm.
akaire nakora okumara nk'owekento emyaka nyingi atakatandikireho ekitongole ekye,She has worked as an accountant for years before she started her own firm.
ekyenyanja rulindwa ngamba kikezimbiiko mumusenyi obwe bigonzi byaculiire,The clam burrowed into the sand when the tide went out.
ekyenyanja rulindwa ngamba mumusenyi kikezimbiiko obwe bigonzi byaculiire,The clam burrowed into the sand when the tide went out.
ekigongoro kikatahira omumusenyi obu ekihu kyagenzire,The clam burrows into the sand when the tide went out.
ekigongoro kikatahira omumusenyi ekihu obu kyagenzire,The clam burrows into the sand when the tide went out.
ekigongoro nikija okutahira omumusenyi obu ekihu kiragenda,The clam will burrow the sand when the tide went out.
ekigongoro nikija omumusenyi okutahira obu ekihu kiragenda,The clam will burrow into the sand when the tide went out.
ekigongoro kitahire omumusenyi obu ekihu kigenzire,The has burrowed into the sand when the tide went out.
ekigongoro kitahire obu omumusenyi ekihu kigenzire,The clam has burrowed into the sand when the tide went out.
Twetoroora Kaaba emirundi musanju omukasumi ka Hajji-kitumanyisa obumu bwabaikiriza.,We circle the kaaba seven times during Hajj-it reminds us of the unity of believers.
Twetoroora Kaaba emirundi musanju omukasumi Hajji-kitumanyisa ka obumu bwabaikiriza.,We circle the kaaba seven times during Hajj-it reminds us of the unity of believers.
tuketorora kaaba emirundi musanjuomukaire kahaji- kitwijukya obumu nkabaikiriza,We circled the seven times during Hajj-it us of the of
tuketorora kaaba emirundi musanjuomukaire kitwijukya kahaji- obumu nkabaikiriza,We circled the kaaba seven times during Hajj-it reminds us of the unity of believers.
nitwija okwetorora kaaba emirundi musanju omukaire kahaji-kitwijikya obumu nkabaikiriza,We will circle the kaaba seven times during Hajj-it reminds us of the unity of believers.
nitwija okwetorora emirundi kaaba musanju omukaire kahaji-kitwijikya obumu nkabaikiriza,We will circle the kaaba seven times during Hajj-it reminds us of the unity of believers.
twetoroire kaaba emirundi musanju omukaire kahaji kitwijikya nkabaikiriza,have circled the kaaba seven times during Hajj-it reminds us of the unity of believers.
twetoroire kaaba emirundi omukaire musanju kahaji - kitwijikya obumu nkabaikiriza,We have circled the kaaba seven times during Hajj-it reminds us of the unity of believers.
Ekihoya kikatahwamu obuhuka noobu nkooku kisemerire.,The wound became infected despite proper care.
Ekihoya obuhuka kikatahwamu noobu kikarolererwa nkooku kisemerire.,The wound became infected despite proper care.
ekihoya kikakwatwa n'obu kiraba nibakirolera kurungi,The wound becomes infected despite proper care.
ekihoya kikakwatwa n'obu nibakirolera kiraba kurungi,The wound becomes infected despite proper care.
ekihoya nikija kukwatya n'obukiraba nibakirolera kurungi,The wound will become infected despite proper care.
ekihoya nikija kukwatya nibakirolera n'obukiraba kurungi,The wound will become infected despite proper care.
ekihoya kikwasirwe n'obukiraba nibakirolera kurungi,The wound become infected despite proper care.
kikwasirwe ekihoya n'obukiraba nibakirolera kurungi,The wound has become infected despite proper care.
"Obunahimbire omwana waitu,nketegereza okugonza kwa Ruhanga halitwe buhyaka.","When I held my newborn baby, I understood God's love for us in a new way."
"Obunahimbire omwana waitu,nketegereza kwa okugonza Ruhanga halitwe buhyaka.","When I held my newborn baby, I understood God's love for us in a new way."
"obunahimbire owaana wange owunzaire,nketegereza engozi zaruhanga hali itwe omungeri emyaka","I held my newborn baby, love for us in a new way."
"obunahimbire owaana owunzaire,nketegereza wange engozi zaruhanga hali itwe omungeri emyaka","When I held my newborn baby, I understood God's love for us in a new way."
"obunahimba wange owunazara, nketegereza engozi zaruhanga hali itwe omungeri empyaka","When I will hold my newborn baby, I understood God's love for us in a new way."
"obunahimba omwaana wange nketegereza owunazara, engozi zaruhanga hali itwe omungeri empyaka","When I will hold my newborn baby, I understood God's love for us in a new way."
"obumpimbire owaana wange owunazaire, nketegereza engozi zaruhanga hali itwe omungeri empyaka","When I have held my newborn baby, I understood God's love for us in a way."
"obumpimbire owaana wange nketegereza owunazaire, engozi zaruhanga hali itwe omungeri empyaka","When I have held my newborn baby, I understood God's love for us in a new way."
Emihanda eyobusubuzi yateranizaaga ensi eza hagati kuhika hamwaro omukooto.,Pre-colonial trade routes connected the interior to the coast.
Emihanda eyobusubuzi yateranizaaga ensi hagati eza kuhika hamwaro omukooto.,Pre-colonial trade routes connected the interior to the coast.
emihanda y'obusubuzi eyabajungu ekaba nenwanisa okuraga hanyanja mpaka munda,Pre-colonial routes connected the interior to the coast.
emihanda y'obusubuzi eyabajungu ekaba nenwanisa hanyanja okuraga mpaka munda,Pre-colonial trade routes connected the interior to the coast.
emihanda y'obusubuzi eyabajungu nija kuba nenwanisa okuruga hanyaja mpaka munda,Pre-colonial trade will connect the interior to the coast.
emihanda y'obusubuzi eyabajungu nija kuba okuruga nenwanisa hanyaja mpaka munda,Pre-colonial trade routes will connect the interior to the coast.
emihanda y'obusubuzi eyabajungu enwanisize okuruga hanyaja mpaka muda,Pre-colonial trade routes have connected the interior the coast.
emihanda y'obusubuzi eyabajungu okuruga enwanisize hanyaja mpaka muda,Pre-colonial trade routes have connected the interior to the coast.
Yoweri Museveni akataho Amahe agaboona Rwangirra.,Museveni formed the popular Resistance Army.
Museveni Yoweri akataho Amahe agaboona Rwangirra.,Yoweri Museveni formed the popular Resistance Army.
yoweri museveni akatandikaho ekimanyire nka amahe amahakani,Yoweri Museveni formed the popular Resistance Army.
yoweri museveni ekimanyire akatandikaho nka amahe amahakani,Yoweri Museveni formed the popular Resistance Army.
yoweri museveni naija okutandikaho ekimanyirwe nka amahe amahakani,Yoweri Museveni will form the popular Resistance Army.
yoweri museveni naija okutandikaho ekimanyirwe nka amahakani amahe,Yoweri Museveni will form the popular Resistance Army.
yoweri museveni atandikireho ekimanyirwe nka amahe amhakani,Yoweri Museveni has formed the popular Resistance Army.
yoweri museveni atandikireho ekimanyirwe nka amhakani amahe,Yoweri Museveni has formed the popular Resistance Army.
Abalemi aba matwale bakahandika engeso zobusi bwensi hamu n'ediini.,Colonial officials recorded local customs and languages.
Abalemi aba matwale bakahandika zobusi engeso bwensi hamu n'ediini.,Colonial officials recorded local customs and languages.
abajungu bakahandi ebyamaguzi kandi nendimi,Colonial recorded local customs and languages.
abajungu bakahandi kandi ebyamaguzi nendimi,Colonial officials recorded local customs and languages.
abajungu nibaija okuhandika ebyamaguzi kandi nendimi,Colonial officials will record local customs and languages.
nibaija abajungu okuhandika ebyamaguzi kandi nendimi,Colonial officials will record local customs and languages.
abajungu bahandikire ebyamaguzi kandi nendimi,Colonial officials recorded local customs and
abajungu bahandikire ebyamaguzi nendimi kandi,Colonial officials have recorded local customs and languages.
Ebisasaizi byawe obikora ota bwireki?,is your exercise routine like?
Ebisasaizi byawe ota obikora kandi bwireki?,What is your exercise routine like?
kiki ekibaire nk'okwegezamu kwawe kwabulikiro kuba?,What was your exercise routine like?
kiki ekibaire nk'okwegezamu kwawe kuba? kwabulikiro,What was your exercise routine like?
kiki ekirikwija okuba ekyokwegezamu kyawe kyabulikiro kuba?,What will be your exercise routine like?
ekirikwija kiki okuba ekyokwegezamu kyawe kyabulikiro kuba?,What will be your exercise routine like?
kiki ekibaire kwokwegezamu kyawe kyabulikiro kuba,What has been your exercise routine like?
ekibaire kiki kwokwegezamu kyawe kyabulikiro kuba,What has been your exercise routine like?
nakwikaireho akasumi karaihireho kukira akankaba ntegekere,I wound up staying longer than planned.
nakwikaireho akasumi kukira karaihireho akankaba ntegekere,I wound up staying longer than planned.
nandigumireho muno okukira nkoku mbaire ntekanize,I wound up staying longer than planned.
muno nandigumireho okukira nkoku mbaire ntekanize,I wound up staying longer than planned.
ninyija kumalira ngumireho okukira nkoku mbaire ntekanize,I will wind up staying longer than planned.
ninyija kumalira ngumireho muno nkoku okukira mbaire ntekanize,I will wind up staying longer than planned.
nandibaire ngumireho muno okukira mbaire ntekanize,I have wound up staying longer than planned.
nandibaire muno ngumireho okukira mbaire ntekanize,I have wound up staying longer than planned.
Oburwaire obukuleetwa obuhuka nibujanjarra bwangu omu muyaga.,The virus is airborne and spreads easily.
Oburwaire obukuleetwa obuhuka nibujanjarra omu bwangu muyaga.,The virus is airborne and spreads easily.
akahuka kaibaire komumuyaga kandi kajanjara bwango,The virus was airborne and spreads easily.
kaibaire akahuka komumuyaga kandi kajanjara bwango,The virus was airborne and spreads easily.
akahuka nikaija kuba komumwanya kandi kajanjara bwango,The virus will be airborne and spreads easily.
akahuka kuba nikaija komumwanya kandi kajanjara bwango,The virus will be airborne and spreads easily.
akahuka kabaire komumwanya kandi kajanjaire bwango,The virus has been airborne and spreads
akahuka kabaire komumwanya kandi bwango kajanjaire,The virus has been airborne and spreads easily.
"Abazini bamazina bataaha niarabamu amazina kokugesa , kumara ameezi omwoleko gutakahikire.",The dancers been rehearsing the harvest dance for months before the festival.
"Abazini bamazina bataaha niarabamu amazina , kokugesa kumara ameezi omwoleko gutakahikire.",The dancers had been rehearsing the harvest dance for months before the festival.
omuzini ayegezamu amazina g'okugesa omwezi ogukwija tutakahikire hakijaguzo,The dancers rehearse the harvest dance for months before the festival.
ayegezamu omuzini amazina g'okugesa omwezi ogukwija tutakahikire hakijaguzo,The dancers rehearse the harvest dance for months before the festival.
omuzini naija amazina omwezi ogukwija tutakahikire hakijaguzo,The dancers will rehearse the harvest dance for months before the festival.
omuzini naija amazina okwegezamu g'okugesa omwezi ogukwija tutakahikire hakijaguzo,The dancers will rehearse the harvest dance for months before the festival.
omuzini ayegezesezemu amazina g'okugesa omuwezi ogukwija tutakahikire hakijaguzo,The dancers have rehearsed the harvest dance for months before the festival.
omuzini ayegezesezemu amazina g'okugesa omuwezi tutakahikire ogukwija hakijaguzo,The dancers have rehearsed the harvest dance for months before the festival.
Obujanjabi nibwetaagisa kukebera esagama yawe kukeberwa buli kaire okwecencura enkora y'obune.,The treament requires regular blood tests to monitor liver function.
Obujanjabi nibwetaagisa kukebera esagama yawe buli kukeberwa kaire okwecencura enkora y'obune.,The treament requires regular blood tests to monitor liver function.
obujanjabi bukaba nibwetagisa okukebera omusahi buli kaire okurora enkora y'obune,The treament required regular blood tests to monitor liver function.
obujanjabi bukaba nibwetagisa okukebera buli omusahi kaire okurora enkora y'obune,The treament required regular blood tests to monitor liver function.
obujanjabi nibwija kwetagisibwa omusahi buli kaire okurora enkora y'obune,The treament require regular blood tests to monitor liver function.
obujanjabi nibwija okukebera kwetagisibwa omusahi buli kaire okurora enkora y'obune,The treament will require regular blood tests to monitor liver function.
obujanjabi bwetagisizibwe omusahi buli kaire okurora enkora y'omusahi,The treament has regular blood tests to monitor liver function.
obujanjabi bwetagisizibwe okukebera omusahi buli okurora kaire enkora y'omusahi,The treament has required regular blood tests to monitor liver function.
Ebigambo ebyobusinje kuruga hali abakuru obusinge omubantu baitu.,Our community has kept the peace through the words of the elders.
Ebigambo ebyobusinje kuruga hali birinzire abakuru obusinge omubantu baitu.,Our community has kept the peace through the words of the elders.
ekicweka kaitu kikalinda obusinge omubigambo,Our community kept the peace through the words of the elders.
ekicweka kaitu kikalinda obusinge kuraba by'abakuru omubigambo,Our community kept the peace through the words of the elders.
ekicweka kaitu nikija olinda obusinge kuraba omubigambo by'abakuru,Our community will keep the peace the words the elders.
ekicweka kaitu nikija olinda obusinge omubigambo kuraba by'abakuru,Our community will keep the peace through the words of the elders.
ekicweka kaitu kirinzire obusinge okuraba omubigambo,Our community has kept the peace through the words of the elders.
ekicweka kaitu kirinzire obusinge okuraba by'abakuru omubigambo,Our community has kept the peace through the words of the elders.
Abaana nibeega emuzaano eyokubegesa okugumisiriza.,The children are the games that teach them to be patient.
nibeega Abaana emuzaano eyokubegesa okugumisiriza.,The children are learning the games that teach them to be patient.
abaana bakege emizano eyeyegesa okuba bagumisiriza,The children learned the games that teach them to be patient.
bakege abaana emizano eyeyegesa okuba bagumisiriza,The children learned the games that teach them to be patient.
nibaija okwega emizano eyeyegesa okuba bagumisiriza,The children will learn the games that teach them to be patient.
abaana nibaija okwega emizano eyeyegesa bagumisiriza okuba,The children will learn the games that teach them to be patient.
abaana begere emizano y'okuba bagumisiriza,children have learned the games that teach them to be patient.
abaana begere emizano bagumisiriza y'okuba,The children have learned the games that teach them to be patient.
Obusonsogoro bwobutindinda bwakozesibwaga nka sente omubusinge obwobulemi obwamatwale butakabaireho.,Cowrie shells were used currency in pre-colonial times.
Obusonsogoro bwobutindinda bwakozesibwaga nka sente omubusinge obwamatwale obwobulemi butakabaireho.,Cowrie shells were used currency in pre-colonial times.
ebisosoro byebitindinda bikora nkasente buwire kw'okulema kwabajungu,Cowrie shells are used currency in pre-colonial times.
ebisosoro byebitindinda bikora buwire nkasente kw'okulema kwabajungu,Cowrie shells are used currency in pre-colonial times.
ebisosoro byebitindinda nibija okukora nkasente omubwire bwokulema kwabajungu,Cowrie shells will be used currency in pre-colonial times.
ebisosoro byebitindinda okukora nibija nkasente omubwire bwokulema kwabajungu,Cowrie shells will be used currency in pre-colonial times.
ebisosoro byebitinda bikaire nibikora omubwire bwokulema,Cowrie shells have been used currency in pre-colonial times.
byebitinda ebisosoro bikaire nibikora nkasente omubwire bwokulema kwabajungu,Cowrie shells have been used currency in pre-colonial times.
omwehangahangi webisaru nyaisatu akozire ekisisaru kyemanzi rurangaaanwa mukyaaro,The sculptor has carved a statue of the village hero.
omwehangahangi webisaru nyaisatu akozire ekisisaru rurangaaanwa kyemanzi mukyaaro,The sculptor has carved a statue of the village hero.
ekibumbe kyoleka ekisani ky'omurani w'ekyaro,The carves a statue of the village hero.
ekibumbe kyoleka ekisani w'ekyaro ky'omurani,The sculptor carves a statue of the village hero.
ekibumbe kyoleka ekisani ky'omurwani w'ekyaro,The sculptor carved a statue of the village hero.
ekibumbe ekisani kyoleka ky'omurwani w'ekyaro,The sculptor carved a statue of the village hero.
ekibumbe nikija owoleka ekisani ky'omurwani w'ekyaro,The will carve a statue of the village hero.
ekibumbe nikija owoleka ky'omurwani ekisani w'ekyaro,The sculptor will carve a statue of the village hero.
Oratungireho obulemezi kuruga hamubazi gw'okukabisa batakakusemize?,Have you ever had a reaction anesthesia?
Oratungireho obulemezi kuruga hamubazi batakakusemize? gw'okukabisa,Have you ever had a reaction to anesthesia?
otungire ekigarukwamu hali anesitesiya,Had you ever had a reaction to anesthesia?
wakabaga otungire hali ekigarukwamu anesitesiya,Had you ever had a reaction to anesthesia?
noija okutunga ekigarukwamu hali anesitesiya,Will have you ever had a reaction anesthesia?
okutunga noija ekigarukwamu hali anesitesiya,Will have you ever had a reaction to anesthesia?
ekigarukwamu wakatungire hali anesitesiya,Has had you ever had a reaction to anesthesia?
ekisoro rwakisahu kikwuka kyagenda kuli nomwaana,The kangaroo hopped away with its baby in its pouch.
rwakisahu ekisoro kikwuka kyagenda kuli nomwaana wakyo mukisahu,The kangaroo hopped away with its baby in its pouch.
kangaroo ekaguruka yagenda n'owana gwayo nambere ebyama,The kangaroo away hopped with its baby in its pouch.
kangaroo ekaguruka yagenda n'owana gwayo ebyama nambere,The kangaroo away hopped with its baby in its pouch.
kangaroo nija okuguruka egende n'omwana gwayo ebyama,The kangaroo will away hop with its baby in its pouch.
kangaroo nija okuguruka egende n'omwana nambere gwayo ebyama,The kangaroo will away hop with its baby in its pouch.
kangaroo ekurukire yagenda n'owana gwayo nabere ebyama,The has away hopped with its baby in its pouch.
kangaroo ekurukire yagenda gwayo n'owana nabere ebyama,The kangaroo has away hopped with its baby in its pouch.
"Nkakaguza nyinenkuru nyowe omumpiko zokufa nti,nororaki-akamwegerra yagamba ati ""Eyererezi"".","I asked my grandma what she saw- she smiled and said, ""Light""."
"Nkakaguza nyinenkuru obwakaba nyowe omumpiko zokufa nti,nororaki-akamwegerra yagamba ati ""Eyererezi"".","I asked my grandma what she saw- she smiled and said, ""Light""."
"nyinenkuru nyowe kiki ekiyarozire- akamwenya kandi yagamba,""ekyererezi""","I ask my grandma what saw- she smiled and said,""Light""."
"nyinenkuru nkakaguza nyowe kiki ekiyarozire- akamwenya kandi yagamba,""ekyererezi""","I ask my grandma what she saw- she smiled and said,""Light""."
"ninyija okukaguza nyinenkuru nyowe kiki ekiyarozire- kandi yangamba,""ekyererezi""","I will ask my grandma what she saw- she smiled and said,""Light""."
"okukaguza ninyija nyinenkuru nyowe kiki ekiyarozire- akamwenya kandi yangamba,""ekyererezi""","I will ask my grandma what she saw- she smiled and said,""Light""."
"nkagwize nyinenkuru nyowe kiki ekiyarozire- akamwenya kandi yangamba, ""ekyererezi","I have asked my grandma what she saw- she smiled and said,""Light""."
"nkagwize nyinenkuru kiki nyowe ekiyarozire- akamwenya kandi yangamba, ""ekyererezi","I have asked my grandma what she saw- she smiled and said,""Light""."
ninyijuba kurungi omurundi gwange ogwokuba kumuga ekikaasa kyokwetiirizaho ebitabu omulyahurro lyebitabu nkamanyira kimu nti hati emihanda yange nyingi,l remember the day l got my library card many posibilities
ninyijuba kurungi omurundi gwange kumuga ogwokuba ekikaasa kyokwetiirizaho ebitabu omulyahurro lyebitabu nkamanyira kimu nti hati emihanda yange nyingi,l remember the day l got my library card so many posibilities
nkaijuka ekiro obunatungire kadi yeryahuro ly'ebitabu obujunanizibwa bwingi,L remembered the day l got my library card so many posibilities
nkaijuka ekiro kadi obunatungire yeryahuro ly'ebitabu obujunanizibwa bwingi,L remembered the day l got my library card so many posibilities
ninyija okwijuka ekiro natungire kadi y'erwahuro ly'ebitabu obujunanizibwa bwingi,L will remember the day l got my library card so many
ninyija okwijuka ekiro natungire kadi y'erwahuro obujunanizibwa ly'ebitabu bwingi,L will remember the day l got my library card so many posibilities
nyijukire ekiro natungire kadi y'eryahuro ly'ebitabu obujunanizibwa bwingi,L has remembered the day l got my library card so many posibilities
nyijukire ekiro natungire kadi y'eryahuro obujunanizibwa ly'ebitabu bwingi,L has remembered the day l got my library card so many posibilities
nkaba parisi ngu nambere twatangata gaine,It was in that they first met.
ndi nkaba parisi ngu nambere twatangata gaine,It was in Paris that they first met.
nikija okuba muparisi niho babandize okutangatangana,It will be in Paris that they first met.
nikija okuba muparisi niho okutangatangana babandize,It will be in Paris that they first met.
ebaire parisi nambere nabandize okutangatangana,It has been in Paris that they met.
ebaire nambere parisi nabandize okutangatangana,It has been in Paris that they first met.
Omurundi ogwokubanza ogunaroleezeeho enaz kikamatiza ngu majiki.,"The first I tasted fresh coconut, was magic."
Omurundi ogwokubanza enaz ogunaroleezeeho kikamatiza ngu majiki.,"The first time I tasted fresh coconut, lt was magic."
"omurundi gwokubanza okurozaho ekinaz, kyali kakodyo","The first time I taste fresh coconut, lt was magic."
"omurundi gwokubanza ekinaz, okurozaho kyali kakodyo","The first time I taste fresh coconut, lt was magic."
"omurundi ogurukwija okuba gwokubanza okurozaho ekinazi, kyali kakodyo","The first time I will taste fresh coconut, lt was magic."
"omurundi ogurukwija okuba gwokubanza ekinazi, okurozaho kyali kakodyo","The first time I will taste fresh coconut, lt was magic."
"omurundi gwokubanza obunarolezeho ekinazi, kyali kadyo","The first time I have tasted fresh coconut, lt was magic."
"omurundi obunarolezeho gwokubanza ekinazi, kyali kadyo","The first time I have tasted fresh coconut, lt was magic."
Byokulyaki otasemeriire ebi kutalya.,What are your dietary restrictions?
kiki ekyokulya ekyali ekitarukwikirizibwa,What was your dietary restrictions?
kiki erikwija kuba kyokulya ekitarukwikirizibwa,What will be your dietary restrictions?
erikwija kiki kuba kyokulya ekitarukwikirizibwa,What will be your dietary restrictions?
kiki ekyokulya ekibaire ekitarukwikirizibwa,What has been your dietary restrictions?
obusoro rwomunyanja rusengiija burasengiija amaizi kuraba mubuhuru bwabwo kutunga ekyokulya,The sponge water through its pores to get food.
rwomunyanja obusoro rusengiija burasengiija amaizi kuraba mubuhuru bwabwo kutunga ekyokulya,The sponge filtered water through its pores to get food.
ekijumakuiba kikanwa amaizi okuraba omubuhuru bwakyo okutunga eby'okulya,The filtered water through its pores to food.
ekijumakuiba kikanwa amaizi omubuhuru okuraba bwakyo okutunga eby'okulya,The sponge filtered water through its pores to get food.
ekijumankuba nikija okunya okuraba omubuhuru bwakyo okutunga eby'okulya,The will filter water through pores to get food.
ekijumankuba nikija okunya amaizi okuraba omubuhuru bwakyo eby'okulya okutunga,The sponge will filter water through its pores to get food.
ekijumankaba kinwire amaizi okuraba omubuhuru bwakyo okutunga eby'okulya,The sponge has filtered water through its pores to get food.
ekijumankaba amaizi kinwire okuraba omubuhuru bwakyo okutunga eby'okulya,The sponge has filtered water through its pores to get food.
Nyina koran yaisenkuru nyowe omukuru egikintu kyangekyomuhendo.,I have a Quran that belonged to great-grandfather -it's one of my most precious possessions.
Nyina yaisenkuru koran nyowe omukuru egikintu kyangekyomuhendo.,I have a Quran that belonged to my great-grandfather -it's one of my most precious possessions.
nyine koriyani eyekaba ya isekuru nyowe- kikaba kimu habintu ebyomuhendo ebyobugwetwa,I had a Quran that belonged to my great-grandfather -it's one of my most precious possessions.
nyine eyekaba koriyani ya isekuru nyowe- kikaba kimu habintu ebyomuhendo ebyobugwetwa,I had a Quran that belonged to my great-grandfather -it's one of my most precious possessions.
niyija okutunga koruyani eyekaba ya isekuru nyowe-kikaba kimu ebyomuhendo ebyomugwetwa,I will have a Quran that belonged to my -it's one of my most precious possessions.
niyija okutunga koruyani eyekaba ya nyowe-kikaba isekuru kimu ebyomuhendo ebyomugwetwa,I will have a Quran that belonged to my great-grandfather -it's one of my most precious possessions.
ntungire eyekaba ya isenkuru nyowe- kikaba kimu ekyomuhendo ebyomugwetwa,I have had a Quran that belonged to my great-grandfather -it's one of my most precious possessions.
ntungire eyekaba koriyani ya isenkuru nyowe- kikaba kimu ekyomuhendo ebyomugwetwa,I have had a Quran that belonged to my great-grandfather -it's one of my most precious possessions.
Yakugondeze ha oije bugenyibwe.,She'd like you to come to her party.
akegomba oije iwe hamukorogwe,She liked you to come to her party.
naija okwgomba iwe okwija hamukorogwe,She will like you come to her party.
naija okwgomba iwe hamukorogwe okwija,She will like you to come to her party.
iwe ayegombere okwija hamukorogwe,She has liked you to come to her party.
Ruhanga nolema ekayange kandi obalinde.,"Dear God ,please watch over my and keep then safe."
Ai Ruhanga ekayange nolema kandi obalinde.,"Dear God ,please watch over my family and keep then safe."
omugozibwa bambi rolera eka yange kandi obalinde kurungi,"Dear God, pleased watch over my family and keep then safe."
"omugozibwa bambi ruhanga, rolera eka yange kandi obalinde kurungi","Dear God, pleased watch over my family and keep then safe."
"omugonzibwa ruhanga, bambi noija okurolera eka yange kandi kurungi","Dear God, will please watch over my family and keep then safe."
"omugonzibwa ruhanga, bambi okurolera noija eka yange kandi obalinde kurungi","Dear God, will please watch over my family and keep then safe."
"omugonzibwa ruhanga, arolerire eka yange kandi obalindi kurungi","Dear God, has pleased watch over my family and keep then"
"ruhanga, omugonzibwa arolerire eka yange kandi obalindi kurungi","Dear God, has pleased watch over my family and keep then safe."
Obwokurorra buli malirra ehimba embibo y'entandikwa ehyaka.,"If you look closely, you'll see that every ending carries the seed of a new beginning."
haihi Obwokurorra buli malirra ehimba embibo y'entandikwa ehyaka.,"If you look closely, you'll see that every ending carries the seed of a new beginning."
"kakuba oyegendereza okarora, noija okurora ngu okumalira kwona kugira esigo eyetandika","If you closely looked, you'll see that every ending carries the seed of a new beginning."
"kakuba oyegendereza okarora, noija okurora ngu kwona okumalira kugira esigo eyetandika empyaka","If you closely looked, you'll see that every ending carries the seed of a new beginning."
"kakuba oyendereza okarora, noija kurora ngu kwona kugira esigo eyetandikwa empyaka","If you will closely look, you'll see that every ending carries the seed of a new beginning."
"kakuba oyendereza okarora, noija kurora ngu okumalira kwona esigo kugira eyetandikwa empyaka","If you will closely look, you'll see that every ending carries the seed of a new beginning."
"kakuba oyendereza okarora, noija okurora ngu okumalira kwona kugira esigo eyetandikwa empyaka","If you have closely looked, you'll see that every ending carries the seed of a new beginning."
"kakuba oyendereza okarora, noija okurora ngu okumalira kwona kugira eyetandikwa esigo empyaka","If you have closely looked, you'll see that every ending carries the seed of a new beginning."
orulengo rwemihendo nurwija kutekaana omubwanfu,The inflation rate will stabilize soon.
orulengo rwemihendo nurwija omubwanfu kutekaana,The inflation rate will stabilize soon.
omulingo omuhendo gw'ebintu gweyongera kandi gukeha gulihaihi okutekana,The inflation soon stabilizes.
omulingo omuhendo gw'ebintu kandi gweyongera gukeha gulihaihi okutekana,The inflation rate soon stabilizes.
omulingo omuhendo gw'ebintu gweyongera kandi gukeha nigwija okutekana,The inflation rate soon stabilized.
omulingo gw'ebintu omuhendo gweyongera kandi gukeha nigwija okutekana,The inflation rate soon stabilized.
omulingo emihendo y'ebitnu kandi ekeha ekaire etekaine,The inflation rate soon stabilized.
emihendo omulingo y'ebitnu yeyongera kandi ekeha ekaire etekaine,The inflation rate has soon stabilized.
Ekka yaitu etangirra entambaruki omuka yaitu.,Our family has always welcomed strangers into our home.
Ekka yaitu etangirra omuka entambaruki yaitu.,Our family has always welcomed strangers into our home.
eka yaitu etangira abanyamahanga omunju yaitu,Our family always welcomed strangers into our home.
eka etangira yaitu abanyamahanga omunju yaitu,Our family always welcomed strangers into our home.
eka nija okutangira abanyamahanga omunju yaitu,Our family will always welcome strangers into our
eka yaitu okutangira nija abanyamahanga omunju yaitu,Our family will always welcome strangers into our home.
eka yaitu ikaire netangira abanyamahanga yaitu,Our family has always welcomed strangers into our home.
eka ikaire yaitu netangira abanyamahanga omunju yaitu,Our family has always welcomed strangers into our home.
Nyinento nyowe agamba nkooku yatangatangaine musaija we,"My aunt tells the story of how she met her husband at a market so vividly, l feel like i was there."
Nyinento nyowe agamba nkooku yatangatangaine musaija mukatale. we,"My aunt tells the story of how she met her husband at a market so vividly, l feel like i was there."
nyowe oruganikyo nkoko engeri yatangatagaine iba hakatale nuko akunekaneka,"My aunt told the story of how she met her husband at a market so vividly, l feel like was there."
isenkati akangabira nyowe oruganikyo nkoko engeri yatangatagaine iba hakatale nuko akunekaneka,"My aunt told the story of how she met her husband at a market so vividly, l feel like i was there."
isenkati nyowe naija okugambira oruganikyo nkoku engeri yatangatagaine iba hakatale nukoakunekaneka,"aunt will tell story of how met her husband at a market so vividly, l feel like i was there."
nyowe isenkati naija okugambira oruganikyo nkoku engeri yatangatagaine iba hakatale nukoakunekaneka,"My aunt will tell the story of how she met her husband at a market so vividly, l feel like i was there."
isenkati nyowe agambire oruganikyo nkoku engeri yatangatagaine iba hakatale nuko akunekaneka,My aunt has told the story of how met her husband at a market so l feel like i was there.
isenkati nyowe agambire oruganikyo nkoku engeri yatangatagaine iba hakatale akunekaneka nuko,"My aunt has told the story of how she met her husband at a market so vividly, l feel like i was there."
"Kakuba twogiisa amaizi garukufuka, ntuuba kutuumuka kw'orwooya orurukugenda mumwanya.","If we use cold water for laundry, we can save energy and reduce emissions."
"Kakuba twogiisa amaizi garukufuka, ntukeehyaabo ntuuba kutuumuka kw'orwooya orurukugenda mumwanya.","If we use cold water for laundry, we can save energy and reduce emissions."
"kakuba tukozeseze amaizi agkufuka habwengoye, ntusobara okulinda amasanyarazi kandi tukendeze omwika",If we used water for we can save energy and reduce emissions.
"kakuba amaizi tukozeseze agkufuka habwengoye, ntusobara okulinda amasanyarazi kandi tukendeze omwika","If we used cold water for laundry, we can save energy and reduce emissions."
"kakuba ttwija okukozesa amaizi agakufuka habwengoye, ntusobora okulinda amasanyarazi kandi tukehye omwika","If we will use cold water for laundry, we energy and reduce emissions."
"kakuba ttwija amaizi okukozesa agakufuka habwengoye, ntusobora okulinda amasanyarazi kandi tukehye omwika","If we will use cold water for laundry, we can save energy and reduce emissions."
"kakuba tubaire tukozeseze amaizi agakufuka habwengoye, okulinda amasanyarazi kandi tukehye omwika","If we have used cold water for laundry, we can save energy and reduce emissions."
"kakuba tubaire amaizi tukozeseze agakufuka habwengoye, ntusobora okulinda amasanyarazi kandi tukehye omwika","If we have used cold water for laundry, we can save energy and reduce emissions."
Nyina guruupa yabeegi twasomere nabo omu isomero eyitubalizaaho hati twakagimaraho emyaka ikumi-duu,I have a group chat with my school friends that's been active for ten years.
Nyina guruupa yabeegi twasomere nabo isomero omu eyitubalizaaho hati twakagimaraho emyaka ikumi-duu,I have a group chat with my school friends that's been active for ten years.
nkaba nyine ekitebe ky'okubalizaho n'abanyani bange bahaisomero ekibaire nikikora okumara emyaka ikumi,I had a group chat with my school friends that's been active for ten years.
nkaba nyine ekitebe ky'okubalizaho n'abanyani bahaisomero bange ekibaire nikikora okumara emyaka ikumi,I had a group chat with my school friends that's been active for ten years.
ninyija okugira ekitebe ky'okubalizaho n'abanyani bange ekibaire kimazire emyaka ikumi nikikora,I will a group chat with my school friends that's active for years.
okugira ninyija ekitebe ky'okubalizaho n'abanyani bange bahaisomero ekibaire kimazire emyaka ikumi nikikora,I will have a group chat with my school friends that's been active for ten years.
nyikaire nyine ekitebe ky'okubalizaho n'abanwani bange bahaisomero ekibaire kimazire emyaka ikumi nikikora,I have had a group chat with my friends that's been active for ten years.
nyikaire nyine ekitebe ky'okubalizaho n'abanwani bange ekibaire bahaisomero kimazire emyaka ikumi nikikora,I have had a group chat with my school friends that's been active for ten years.
Tinsobora kutera akasisani kwikara tutaine amasanyarazi.,I can't living without electricity.
Tinsobora kutera akasisani tutaine kwikara amasanyarazi.,I can't imagine living without electricity.
okwomera tinkwija ntaine amasanyarazi,I will not live without electricity.
Ekiro ekyaija omufumu akakozesa amaani agabaisenkuru itwe okukiza omurwaire.,The healer used the power of ancestors to cure sick man yesterday.
Ekiro ekyaija omufumu akakozesa amaani agabaisenkuru itwe omurwaire. okukiza,The healer used the power of the ancestors to cure the sick man yesterday.
omujajabi akozeseze amani gabaisenkuru okukiza omusaija omurwaire ijo,The healer has used the power of the ancestors to cure sick man yesterday.
omujajabi akozeseze gabaisenkuru amani okukiza omusaija omurwaire ijo,The healer has used the power of the ancestors to cure the sick man yesterday.
abaire nayekozusa atakahungire omulimo gwobutoose,She had been as a freelance consultant for years before she joined the firm.
abaire atakahungire nayekozusa omulimo gwobutoose,She had been working as a freelance consultant for years before she joined the firm.
akora nk'omwehanuzaho kumara emyaka atakatahire ekitongole,She works a freelance consultant for years before she joined the firm.
akora nk'omwehanuzaho emyaka kumara atakatahire ekitongole,She works as a freelance consultant for years before she joined the firm.
naija okukora nk'omwehanuzaho kumara emyaka atakatahire ekitongole,She will as a freelance consultant before she joined the firm.
okukora naija nk'omwehanuzaho kumara emyaka atakatahire ekitongole,She will work as a freelance consultant for years before she joined the firm.
akozire nk'mwehanuzaho kumara emyaka atakatahire ekitongole,She has worked as a freelance consultant for years before she joined the firm.
akozire kumara nk'mwehanuzaho emyaka atakatahire ekitongole,She has worked as a freelance consultant for years before she joined the firm.
omukazi kukora omukitongole kyokuhereza abaguzi atakabaire kirolerra mirimo.,She had been working in the customer service department for years she became manager.
omukazi akabanza kukora omukitongole abaguzi kyokuhereza atakabaire kirolerra mirimo.,She had been working in the customer service department for years before she became manager.
akora omukicweka abaguzi batungira obuyambi kumara emyaka atakabaire omurolerezi,She works in the customer service department for years before she became manager.
akora omukicweka batungira abaguzi obuyambi kumara emyaka atakabaire omurolerezi,She works in the customer service department for years before she became manager.
naija okukora omukicweka abaguzi batungira obuyambi kumara atakabaire omurolerezi,She will work in the customer service department for years before she became manager.
naija okukora omukicweka abaguzi batungira obuyambi kumara emyaka omurolerezi atakabaire,She will work in the customer service department for years before she became manager.
akozire omukicweka abaguzi batungira kumara atakabaire omurolerezi,She has worked in the customer service department for years before she became manager.
akozire omukicweka abaguzi batungira obuyambi emyaka kumara atakabaire omurolerezi,She has worked in the customer service department for years before she became manager.
abaana nibakora ebyokujwaara byekiro kyokuraba murubuga nibasaba gwabajungi,The children are designing costumes for the Halloween parade.
abaana nibakora ebyokujwaara byekiro kyokuraba nibasaba murubuga mugenzo gwabajungi,The children are designing costumes for the Halloween parade.
abaana bakakora ebijwaro ky'ebimeke,The children designed costumes for the Halloween parade.
abaana bakakora by'ekiro ebijwaro ky'ebimeke,The children designed costumes for the Halloween parade.
abaana nibaija okukora ebijwaro by'ekiro ky'ebimeke,children will design costumes for the Halloween parade.
abaana nibaija okukora ebijwaro ky'ebimeke by'ekiro,The children will design costumes for the Halloween parade.
abaana bakozire ebijwaro by'ekiro ky'ebimenke,children have designed costumes for the Halloween parade.
bakozire abaana ebijwaro by'ekiro ky'ebimenke,The children have designed costumes for the Halloween parade.
Nyowe resiiti habwe kigendererwa eky'omusoro.,I keep receipts for tax purposes.
nyahura Nyowe resiiti habwe kigendererwa eky'omusoro.,I keep receipts for tax purposes.
nkahura risiti z'omusoro habwesonga,I kept receipts for tax purposes.
ninyija okwahura risiti habwesonga z'omusoro,I will keep receipts for tax purposes.
ninyija risiti okwahura habwesonga z'omusoro,I will keep receipts for tax purposes.
nyahwire habwesonga risiti z'omusoro,I have kept receipts for tax purposes.
Omutwe gworusozi Stanley oguraihire muno nugwo Margherita.,Mount Stanley's highest peak is Margherita peak.
Omutwe gworusozi Stanley muno oguraihire nugwo Margherita.,Mount Stanley's highest peak is Margherita peak.
magarita niko akacyasingireyo okuraiha ha kasozi sitanule,Mount Stanley's highest peak was Margherita peak.
niko magarita akosolya akacyasingireyo okuraiha ha kasozi sitanule,Mount Stanley's highest peak was Margherita peak.
magarita nikaija okuba akasolya akacyasingireyo okuraiha ha kasozi sitanule,Stanley's highest peak will be Margherita peak.
magarita nikaija okuba akasolya akacyasingireyo okuraiha kasozi ha sitanule,Mount Stanley's highest peak will be Margherita peak.
magarita kabaire kasolya akacyasingireyo okuba karaire ha kasozi sitanule,Mount Stanley's highest peak Margherita peak.
kabaire magarita kasolya akacyasingireyo okuba karaire ha kasozi sitanule,Mount Stanley's highest peak has been Margherita peak.
Enyanja Victoria niyo erukukira obukooto omu Africa.,Lake Victoria is the largest lake in Africa.
Enyanja Victoria erukukira niyo obukooto omu Africa.,Lake Victoria is the largest lake in Africa.
enyanja victoria ekaba nesingayo obukoto muafrika,Lake Victoria was the largest lake in Africa.
enyanja victoria nesingayo ekaba obukoto muafrika,Lake Victoria was the largest lake in Africa.
enyanja victoria nija okuba nesingayo obukoto,Lake Victoria will be the largest lake in Africa.
enyanja victoria nija okuba obukoto nesingayo mufrica,Lake Victoria will be the largest lake in Africa.
enyanja victoria ikaire obukoto mufica,Lake Victoria has the largest lake in Africa.
enyanja victoria nesinganyo ikaire obukoto mufica,Lake Victoria has been the largest lake in Africa.
omusaija agalihize emoro ezentahya ye,He has diversified his income streams.
omusaija agalihize ezentahya emoro ye,He has diversified his income streams.
naija emihanda okugalihya y'entahyaye,He will diversify his income streams.
"obukama bwa Bunyoro nibwijukibwa Omubizina, okwebuga, okutebya nenganikyo .",The Empire of Kitara is remembered in epic poems and songs.
"obukama Bunyoro bwa nibwijukibwa Omubizina, okwebuga, okutebya nenganikyo .",The Empire of Kitara is remembered in epic poems and songs.
bukaijukizibwa omunganikyo n'omubizina,The Empire of Kitara was remembered in epic poems and songs.
byakitara obukama bukaijukizibwa omunganikyo n'omubizina,The Empire of Kitara was remembered in epic poems and songs.
obukama byakitara nibwija okwijukibwa omunganikyo n'omubizina,The Empire of Kitara will be remembered in poems and songs.
obukama byakitara nibwija okwijukibwa n'omubizina omunganikyo,The Empire of Kitara will be remembered in epic poems and songs.
obukama bwikaire nibwijukibwa n'omubizina,The Empire of Kitara has been remembered in epic poems and songs.
obukama bwikaire byakitara nibwijukibwa omunganikyo n'omubizina,The Empire of Kitara has been remembered in epic poems and songs.
"Nkegambira nti ningenda kubyama kara, kandi namalirra nsugire ebisani mpaka munaana ezanyenkyakara.","I told myself l'd go to bed early ,and then watched videos until 2AM."
"Nkegambira nti ningenda kubyama kara, kandi namalirra nsugire ebisani saaha mpaka munaana ezanyenkyakara.","I told myself l'd go to bed early ,and then watched videos until 2AM."
"nyegambira nyowe nyeka ninyija okugenda omukitabu bukyali, kandi narora vidiyo mpaka saaha munana ez'ekiro","I myself l'd go to bed early, and then watched videos until 2AM."
"nyegambira nyowe nyeka ninyija okugenda omukitabu bukyali, narora kandi vidiyo mpaka saaha munana ez'ekiro","I tell myself l'd go to bed early, and then watched videos until 2AM."
"ninyija okwegambira nyeka ninyija okugenda omukitabu bukyali, kandi narora vidiyo mpaka saaha munana ez'ekiro","I will tell myself l'd go bed early, and then watched videos until 2AM."
"ninyija okwegambira nyeka ninyija okugenda omukitabu kandi bukyali, narora vidiyo mpaka saaha munana ez'ekiro","I will tell myself l'd go to bed early, and then watched videos until 2AM."
"nkegambira nyowe nyeka ninyija okuganda omukitabu bukyali, narora vidiyo mpaka saaha munana ez'ekiro","I have told myself l'd go to bed early, and then watched videos until"
"nkegambira nyowe ninyija nyeka okuganda omukitabu bukyali, kandi narora vidiyo mpaka saaha munana ez'ekiro","I have told myself l'd go to bed early, and then watched videos until 2AM."
omusaija okweyemerezaaho atungire omusimbi,He has achieved financial independence.
naija okwelema okutunga omubyasente,He will achieve financial independence.
nzinirenge ekidandali nabanywaani bange ekiro,I sang karaoke with my friends at the party last night.
ekidandali nzinirenge nabanywaani bange ekiro,I sang karaoke with my friends at the party last night.
nkazina karaoke namunyani wange ekiro,I sang karaoke with my friends at the party last night.
nkazina karaoke namunyani wange ijo hamukoro ekiro,I sang karaoke with my friends at the party last night.
ninyija okuzina karaoke namunyani wange hamukoro ijo,I will sing karaoke with my friends at the last night.
ninyija okuzina karaoke namunyani wange hamukoro ekiro ijo,I will sing karaoke with my friends at the party last night.
nzinire karaoke namunyani wange ijo ekiro,I have sung karaoke my friends at the party last night.
nzinire karaoke namunyani wange ijo hamukoro ekiro,I have sung karaoke with my friends at the party last night.
nibaziriisa Enkoko enjuma z'ebicooli.,The chickens are being fed with maize grain.
enkoko okuzirisa nibaija cacu,The chickens will be fed with maize grain.
enkoko baikaire cacu nibazirisa,The chickens have been fed with maize grain.
Oburugwa obwendema eya Bakama nibusangwa omu Bacwezi.,The Bachwezi are associated with the origins of kingship.
Oburugwa obwendema eya nibusangwa Bakama omu Bacwezi.,The Bachwezi are associated with the origins of kingship.
abachwezi bakaba baine obukama obwezarwa,The Bachwezi was associated the origins of kingship.
abachwezi bakaba obukama baine obwezarwa,The Bachwezi was associated with the origins of kingship.
abachwezi nibaija baine obukama obwezarwa,The Bachwezi will be associated the origins of kingship.
abachwezi nibaija baine okuba obukama obwezarwa,The Bachwezi will be associated with the origins of kingship.
abachwezi baikare baine obukama,The Bachwezi has been associated with the origins of kingship.
baikare abachwezi baine obukama onwezarwa,The Bachwezi has been associated with the origins of kingship.
Ekitebe kyemizaano erukusekesa eihyaaka nikiija kukinguraho okuzaana kwanyegondize okwekiro habwabazaani abebigene abato.,The new comedy club will have open mic nights for amateur comedians.
kyemizaano Ekitebe erukusekesa eihyaaka nikiija kukinguraho okuzaana kwanyegondize okwekiro habwabazaani abebigene abato.,The new comedy club will have open mic nights for amateur comedians.
ebara eykatemba ekingwireho ekiro ekyamahano hali abakatemba abakuru,The new comedy club has open mic nights for amateur comedians.
ebara eykatemba ekingwireho ekyamahano ekiro hali abakatemba abakuru,The new comedy club has open mic nights for amateur comedians.
ebara eyakatemba ekaba ekingwireho ekiro hali abakatemba,The new comedy club had open mic for amateur comedians.
ebara eyakatemba ekaba ekingwireho ekiro kyebyamahano hali abakuru abakatemba,The new comedy club had open mic nights for amateur comedians.
ebara eyakayemba ekaba ekingwireho ekiro kyebyamahano abakatemba abakuru,The new comedy club has had open mic nights for amateur comedians.
ebara eyakayemba ekaba ekingwireho ekiro kyebyamahano abakatemba hali abakuru,The new comedy club has had open mic nights for amateur comedians.
sente zempapura niziijza kutandikisibwa bwango,The new currency notes will be introduced soon.
zempapura sente empyaka niziijza kutandikisibwa bwango,The new currency notes will be introduced soon.
sente zempapura empyaka balihaihi okuzireta,The new currency notes are soon introduced.
sente zempapura empyaka okuzireta balihaihi,The new currency notes are soon introduced.
sente zempapura empyaka zibaire haihi okuturuka,The new currency notes have soon been introduced.
sente zempapura zibaire empyaka haihi okuturuka,The new currency notes have soon been introduced.
Omukika kyawe haliyo oburwaire,What's your family history of cancer?
Omukika haliyo kyawe oburwaire bw'ekookoro?,What's your family history of cancer?
kiki ekibaire kyafayo ekyaka yawe hali kookoro,What was your family history of cancer?
kiki ekibaire ekyaka kyafayo yawe hali kookoro,What was your family history of cancer?
kiki ekirikwija kuba ekyafayo ekyeka yawe hali kookoro,What will be your family history of cancer?
kiki ekirikwija kuba ekyafayo ekyeka hali yawe kookoro,What will be your family history of cancer?
kiki ekibaire ekyafayo kyawe hali kookoro,What been your family history of cancer?
ekibaire kiki ekyafayo kyawe hali kookoro,What has been your family history of cancer?
Mwezi gurukwija nitwija kutangirra omunyoro omuhyaha.,We will welcome the new chief with a big celebration next month.
Mwezi gurukwija nitwija omunyoro kutangirra omuhyaha.,We will welcome the new chief with a big celebration next month.
tutangira omuhikirwaho omuhyaka n'ekijaguzo kyamani omwezi ogurukwija,We welcome the new chief with a big celebration next month.
tutangira omuhyaka omuhikirwaho n'ekijaguzo kyamani omwezi ogurukwija,We welcome the new chief with a big celebration next month.
tukatangira omuhikirwaho omuhyaka n'ekijaguzo kyamani omumwezi ogurukwija,We welcomed the new chief with a celebration next month.
tukatangira omuhikirwaho omuhyaka n'ekijaguzo kyamani ogurukwija omumwezi,We welcomed the new chief with a big celebration next month.
tutangirirege omuhikirwaho omuhyaka n'ekijaguzo kyamani omumwezi ogurukwija,We have welcomed new chief a big celebration next month.
tutangirirege omuhikirwaho omuhyaka n'ekijaguzo omumwezi kyamani ogurukwija,We have welcomed the new chief with a big celebration next month.
"Turaara niturora omukasumi ka Laylat al-Qadr, nitusaba kandi nitwesengereza okuganyirwa.","We stay up all night during al-Qadr,praying and seeking forgiveness."
"Turaara niturora ka omukasumi Laylat al-Qadr, nitusaba kandi nitwesengereza okuganyirwa.","We stay up all night during Laylat al-Qadr,praying and seeking forgiveness."
"tukaguma niturora ntwena hakiro ekyani, nitusaba kandi nitusera okuganyirwa","We up all stayed night during Laylat al-Qadr, praying and forgiveness."
"tukaguma niturora ntwena hakiro ekyani, nitusaba nitusera kandi okuganyirwa","We up all stayed night during Laylat al-Qadr, praying and seeking forgiveness."
"nitwija okumara ekiro ekyani kyona niturora, nitusaba kandi nitusera okuganyirwa","We will up stay night during Laylat al-Qadr, praying and seeking forgiveness."
"nitwija okumara ekiro ekyani kyona niturora, kandi nitusaba nitusera okuganyirwa","We will up all stay night during Laylat al-Qadr, praying and seeking forgiveness."
"ntwena tukamara ekiro kyona ekyamani niturora, nitusaba kandi nitusera okuganyirwa","We have up all stayed night during Laylat al-Qadr, praying and seeking forgiveness."
"tukamara ntwena ekiro kyona ekyamani niturora, nitusaba kandi nitusera okuganyirwa","We have up all stayed night during Laylat al-Qadr, praying and seeking forgiveness."
Nyina nyowe obu bamusemiize eka yoona eketeraniza mumulingo ogutaka roraga.,When my was diagnosed the whole family came together in a way l've never seen before.
Nyina nyowe obu bamusemiize eka yoona eketeraniza ogutaka mumulingo roraga.,When my mother was diagnosed the whole family came together in a way l've never seen before.
obu basemize nyowe eka yona eketerana hamu ogunkaba ntakaroraga,When my mother is diagnosed the whole family came together in a way never seen before.
obu basemize nyowe nyina eka yona eketerana hamu omulingo ogunkaba ntakaroraga,When my mother is diagnosed the whole family came together in a way l've never seen before.
obu barasemeze nyowe eka yona nija okuterana hamu omulingo oguntakaroraga,When my mother will be diagnosed the whole family came together in a way l've never seen before.
obu barasemeze nyowe nyina eka yona nija okuterana hamu omulingo oguntakaroraga,When my mother will be diagnosed the whole family came together in a way l've never seen before.
obu nyina nyowe abaire asemezibwe eka yona eketeraniza omulingo oguntakaroraga,When my mother has been diagnosed the whole family came together in a way l've never seen before.
nyina obu nyowe abaire asemezibwe eka yona eketeraniza omulingo oguntakaroraga,When my mother has been diagnosed the whole family came together in a way l've never seen before.
"Omuliisa wange abaire nekka yange omukuzaarwa, omukufa, nebindi hagati omu.",My pastor has been with our family through deaths and everything in between.
"Omuliisa wange nekka abaire yange omukuzaarwa, omukufa, nebindi byoona hagati omu.","My pastor has been with our family through births, deaths and everything in between."
"omulisa wange ali n'eka yaitu okurabira omubuzale, kandi bulikintu hagati yaitu","My pastor is with our family through births, deaths and everything in between."
"omulisa wange ali yaitu n'eka okurabira omubuzale, kandi bulikintu hagati yaitu","My pastor is with our family through births, deaths and everything in between."
"omulisa wange akaba n'eka yaitu okurabira omubuzale, kandi buli kintu hagati yaitu","My pastor was with our family through births, deaths and everything in between."
"omulisa wange akaba n'eka yaitu okurabira kandi omubuzale, buli kintu hagati yaitu","My pastor was with our family through births, deaths and everything in between."
"omulisa wange naija okuba neka yaitu okurabira omubuzale, kandi buli kintu hagati yaitu","My pastor will be with our family through births, deaths and everything in"
"omulisa wange naija okuba neka yaitu okurabira omubuzale, kandi buli hagati kintu yaitu","My pastor will be with our family through births, deaths and everything in between."
Akarwarro nikaikiriza kurora omufumu ahanaho obwakuba olikubi muno.,The clinic offers same-day appointments for urgent
Akarwarro omurwaire nikaikiriza kurora omufumu ahanaho obwakuba olikubi muno.,The clinic offers same-day appointments for urgent cases.
irwaro rikatekaho ekiro eky'okutangatangana abarwaire abali omubwetago bwamani,The clinic offered same-day appointments for urgent cases.
irwaro rikatekaho ekiro eky'okutangatangana abarwaire omubwetago abali bwamani,The clinic offered same-day appointments for urgent cases.
irwaro nirija okutekaho ekiro eky'okutangatanganiramu abarwaire abali omubwetago,The clinic will offer same-day appointments for urgent cases.
irwaro nirija okutekaho eky'okutangatanganiramu ekiro abarwaire abali omubwetago,The clinic will offer same-day appointments for urgent cases.
irwaro ritaireho ekiro eky'okutangatanganiramu abarwaire abali omubwetago,The clinic has offered same-day appointments for urgent cases.
irwaro ritaireho eky'okutangatanganiramu ekiro abarwaire abali omubwetago,The clinic has offered same-day appointments for urgent cases.
Ninyetaaga okukebera sukali yange buli kaire.,I need to have my blood levels checked regularly.
Ninyetaaga okukebera sukali yange kaire. buli,I need to have my blood sugar levels checked regularly.
nyikaire ninyetagisa okukebeza sukali mumubiri buli kaire,I needed to have my blood sugar levels checked regularly.
nyikaire ninyetagisa sukali okukebeza mumubiri buli kaire,I needed to have my blood sugar levels checked regularly.
ninyija okwetagisibwa okukebera sukali omumubiri buli kaire,I will need to have blood sugar levels checked regularly.
ninyija okwetagisibwa sukali okukebera omumubiri buli kaire,I will need to have my blood sugar levels checked regularly.
nyetagisibwe okukebera omumubiri buli kaire,I have needed to have my blood sugar levels checked regularly.
nyetagisibwe okukebera sukali omumubiri kaire buli,I have needed to have my blood sugar levels checked regularly.
"Omulimoyokugarra ebisaaru munsisana, yabyo etaaha neekoraho ebintu ebiina obwomeezi n'ebitaina bwomeezi kumara emyaaka etaano.",The river reclamation project has been restoring the ecosystem for five years.
"Omulimoyokugarra ebisaaru munsisana, yabyo etaaha ebintu neekoraho ebiina obwomeezi n'ebitaina bwomeezi kumara emyaaka etaano.",The river reclamation project has been restoring the ecosystem for five years.
omulimo gy'okuzirukya ekisaru gugaraho obwomezi bw'ebihangwa okumara emyaka etaano,The river reclamation project restores the for five years.
omulimo gy'okuzirukya ekisaru obwomezi gugaraho bw'ebihangwa okumara emyaka etaano,The river reclamation project restores the ecosystem for five years.
omulimo gy'okuzirukya ekisaru gukagaraho obwomezi bw'ebihangwa okumara emyaka eataano,The river reclamation project restored the ecosystem for five years.
omulimo gy'okuzirukya ekisaru gukagaraho obwomezi bw'ebihangwa emyaka okumara eataano,The river reclamation project restored the ecosystem for five years.
omulimo gy'okuzirukya ekisaru nigwija okugaraho obwomezi bw'ebihangwa okumara emyaka etaano,The river reclamation project will restore the ecosystem for five years.
omulimo ekisaru gy'okuzirukya nigwija okugaraho obwomezi bw'ebihangwa okumara emyaka etaano,The river reclamation project will restore the ecosystem for five years.
"Twine omugenzo gwokukingura ekisembo kimu hanweri okuzooka , kandi nukwo butoosa.",have this tradition opening one gift on Christmas Eve and its always pajamas.
"Twine omugenzo gwokukingura ekisembo kimu hanweri okuzooka kandi , nukwo butoosa.","We have this tradition of opening one gift on Christmas Eve , and its always pajamas."
"tukaba twine enkora enu enkuru eyokukingura ekisembo kimu hanyuma ya crisimasi, bikizire kuba empale zomunda","We had this tradition of opening one gift on Christmas Eve, and its always pajamas."
"tukaba twine enkora enkuru enu eyokukingura ekisembo kimu hanyuma ya crisimasi, kandi bikizire kuba empale zomunda","We had this tradition of opening one gift on Christmas Eve, and its always pajamas."
"nitwija kutunga enkora enu enkuru eyokukingura ekisembo kimu hanyuma ya kurisimasi, kandi bikizire kuba empale zomunda","We will have this tradition of opening one gift on Christmas Eve, and its always pajamas."
"nitwija kutunga enkora enu enkuru eyokukingura ekisembo kimu hanyuma ya kandi kurisimasi, bikizire kuba empale zomunda","We will have this tradition of opening one gift on Christmas Eve, and its always pajamas."
"tutungire enkora eyokukingura ekisembo kimu hanyuma kurisimasi, kandi bikizire kuba empale zomunda","We have had this tradition opening one gift on Christmas Eve, and its always pajamas."
"tutungire enkora eyokukingura ekisembo kimu hanyuma ya kurisimasi, kandi bikizire kuba zomunda empale","We have had this tradition of opening one gift on Christmas Eve, and its always pajamas."
Ninyijuka obwire obu bwonyini nkamanya ekiniakwetaaga kukorra nobwomezi bwange.,I remember the exact moment l knew what l wanted to do with my life.
Ninyijuka obwire obu bwonyini nkamanya ekiniakwetaaga kukorra bwange. nobwomezi,I remember the exact moment l knew what l wanted to do with my life.
nyijukire akasumi kenyini nkaba nimanya ekikwenda okukora noby'omezi bwange,I remember the exact moment l knew what l wanted to do with my life.
nyijukire akasumi nkaba kenyini nimanya ekikwenda okukora noby'omezi bwange,I remember the exact moment l knew what l wanted to do with my life.
ninyija okwijuka akasumi kenyini nkaba nimanya ekikwenda okukora noby'omwezi bwange,I will remember the exact moment l knew what l wanted to do with my life.
ninyija akasumi okwijuka kenyini nkaba nimanya ekikwenda okukora noby'omwezi bwange,I will remember the exact moment l knew what l wanted to do with my life.
nyijukire kenyini nkaba nimanya ekikwenda okukora noby'omezi bwange,I have remembered the exact moment l knew what l wanted to do with my life.
nyijukire akasumi kenyini nkaba nimanya ekikwenda okukora bwange noby'omezi,I have remembered the exact moment l knew what l wanted to do with my life.
"Obworaba oli musabi, nosobora abeeka yange?","If you're the praying type, could you say one for my family?"
"Obworaba oli musabi, nosobora abeeka kusabira yange?","If you're the praying type, could you say one for my family?"
"kakuba obaira omuntu akusaba, okusabira eka yange esaara emu?","If you was the praying type, could you say one for my family?"
"kakuba obaira omuntu akusaba, nosobora eka okusabira yange esaara emu?","If you was the praying type, could you say one for my family?"
kakuba obaire omuntu nosobora okusabira eka yange esaara emu,"If you will be the type, could you one for my family?"
"kakuba obaire akusaba, omuntu nosobora okusabira eka yange esaara emu","If you will be the praying type, could you say one for my family?"
"kakuba obaire omuntu akusaba, nosobora okusabira eka yange esaara emu","If you have been the praying type, could you say one my family?"
"obaire kakuba omuntu akusaba, nosobora okusabira eka yange esaara emu","If you have been the praying type, could you say one for my family?"
Ekiragiro rumara kiri omudiini zoona-okorre abandi iwe ebyokwenda bakukorre.,The golden rule exists in every faith tradition-treat others as you want to be treated.
Ekiragiro kiri rumara omudiini zoona-okorre abandi iwe ebyokwenda bakukorre.,The golden rule exists in every faith tradition-treat others as you want to be treated.
ky'ezaabu kibaho buli nyikiriza eyobuzale abandi nkoku betwaza,The golden rule exists in every others as you wanted to be treated.
ekiragiro ky'ezaabu kibaho buli nyikiriza abandi eyobuzale nkoku betwaza,The golden rule exists in every faith tradition-treat others as you wanted to be treated.
ekiragiro ky'ezaabu kibaho nyikiriza eyobuzale abandi nibakyenda nkoku,The golden rule exists in every faith tradition-treat as you will want to be treated.
ekiragiro ky'ezaabu kibaho buli eyobuzale nyikiriza abandi nibakyenda nkoku betwaza,The golden rule exists in every faith tradition-treat others as you will want to be treated.
ekiragiro ky'ezaabu kibaho buli nyikiriza eyobuzale abandi nibakyenda nkoku betwaza,The golden rule exists in every faith tradition-treat others as you wanted to be treated.
ekiragiro ky'ezaabu kibaho buli nyikiriza abandi eyobuzale nibakyenda nkoku betwaza,The golden rule exists in every faith tradition-treat others as you have wanted to be treated.
Abasubuzi bakatema emihanda kutaaha hagati.,Swahili traders routes into the interior.
Abasubuzi abaswahiri bakatema emihanda hagati. kutaaha,Swahili traders established routes into the interior.
abasubuzi abaswahili bakatandikaho engendo mpaka munda,traders established routes into interior.
abasubuzi abaswahili bakatandikaho engendo munda mpaka,Swahili traders established routes into the interior.
abaswahili nibaija okutandikaho engendo mpaka munda,Swahili traders will establish routes into the interior.
abasubuzi abaswahili nibaija okutandikaho mpaka engendo munda,Swahili traders will establish routes into the interior.
abasubuzi abaswahili batandikireho engendo mpaka munda,Swahili have established routes into the interior.
abasubuzi abaswahili batandikireho engendo munda mpaka,Swahili traders have established routes into the interior.
entajumba ekakunga namaani obuyarozire enjoka,The fowl made a loud chattering sound it saw the snake.
entajumba namaani ekakunga obuyarozire enjoka,The guinea fowl made a loud chattering sound when it saw the snake.
entajumba ekakora omuranga ogurukusandara obu yaboine enjoka,The guinea fowl made a loud chattering sound when it saw the snake.
entajumba omuranga ekakora ogurukusandara obu yaboine enjoka,The guinea fowl made a loud chattering sound when it saw the snake.
entajumba nija okutera ogurukusandara obu yaboine enjoka,The fowl will make a loud chattering sound when it saw the snake.
entajumba okutera nija omuranga ogurukusandara obu yaboine enjoka,The guinea fowl will make a loud chattering sound when it saw the snake.
entajumba etire omuranga ogurukusandara yaboine enjoka,The fowl has made a loud chattering sound when it saw the snake.
entajumba etire omuranga obu ogurukusandara yaboine enjoka,The guinea fowl has made a loud chattering sound when it saw the snake.
Obu nayesangire ntakuurubata nubwo nayegere kusiima ebiro ebinkaba ninsobora.,"When I couldn't walk, I to be grateful for the days I"
Obu nayesangire ntakuurubata nayegere nubwo kusiima ebiro ebinkaba ninsobora.,"When I couldn't walk, I learned to be grateful for the days I could."
"obu ntalirubasire, nkega okuba wamani omubiro obunkaba","When I did not walk, I learned to be grateful for the days I could."
"obu ntalirubasire, okuba nkega wamani omubiro obunkaba","When I did not walk, I learned to be grateful for the days I could."
"obu natarukwija okurubata, nkega okuba wamani omubiro obunkaba","When I will not walk, I learned to grateful for the days I could."
"obu okurubata, natarukwija nkega okuba wamani omubiro obunkaba","When I will not walk, I learned to be grateful for the days I could."
"obunkuba ntarubasire, nkega okuba wamani omubiro obunkaba","When I have not walked, I learned to be grateful for the days I could."
"obunkuba nkega ntarubasire, okuba wamani omubiro obunkaba","When I have not walked, I learned to be grateful for the days I could."
ekitehayi kirungi eki okakigura nkaha,Where did buy that beautiful dress?
kirungi ekitehayi eki okakigura nkaha,Where did you buy that beautiful dress?
ekiteteyi kyawe ekirungi okakigura nkaha?,Where did you buy that beautiful dress?
ekiteteyi kyawe ekirungi nkaha? okakigura,Where did you buy that beautiful dress?
ekiteteyi kyawe ekirungi noija okukigura nkaha,Where will do you buy that beautiful dress?
kyawe ekiteteyi ekirungi noija okukigura nkaha,Where will do you buy that beautiful dress?
ekiteteyi kyawe ekirungi okiguzire nkaha,Where has done you buy that beautiful dress?
ekiteteyi kyawe okiguzire ekirungi nkaha,Where has done you buy that beautiful dress?
Tukaziika Isenkuru nyowe omunjura kyakabiri yahindura buli muntu entekereza.,We buried my grandfather on a rainy Tuesday that matched everyone's mood.
Tukaziika Isenkuru omunjura nyowe kyakabiri yahindura buli muntu entekereza.,We buried my grandfather on a rainy Tuesday that matched everyone's mood.
tukazika isenkuru nyowe kyakabiri omunjura nukwo kikakwataho embera yabuli omu,We buried my grandfather on a rainy Tuesday that matched everyone's mood.
tukazika isenkuru nyowe kyakabiri nukwo omunjura kikakwataho embera yabuli omu,We buried my grandfather on a rainy Tuesday that matched everyone's mood.
nitwija okuzika isenkuru omunjura nukwo kikakwataho embera yabuli omu,will bury my grandfather on a rainy Tuesday that matched everyone's mood.
nitwija okuzika isenkuru nyowe omunjura kyakabiri nukwo kikakwataho embera yabuli omu,We will bury my grandfather on a rainy Tuesday that matched everyone's mood.
tuzikire isenkuru nyowe kyakabiri omunjura kikakwataho embera yabuli omu,We have buried my grandfather on a rainy Tuesday that matched everyone's mood.
tuzikire isenkuru nyowe kyakabiri nukwo omunjura kikakwataho embera yabuli omu,We have buried my grandfather on a rainy Tuesday that matched everyone's mood.
Buleemeziki obusobora kurunga omu kukozesa omubazi gunu?,What are the side effects of this drug?
Buleemeziki obusobora kurunga kukozesa omu omubazi gunu?,What are the side effects of this drug?
biki ebyarugiremu omukukozesa omubazi ogu?,What was the side effects of this drug?
biki ebyarugiremu omubazi omukukozesa ogu?,What was the side effects of this drug?
kiki ekirikwija okurugamu omukukozesa omubazi ogu?,will be the side effects of this drug?
kiki ekirikwija okurugamu omukukozesa ogu? omubazi,What will be the side effects of this drug?
biki ebibaire birugiremu omukukozesa omubazi ogu?,What has been the side effects of this drug?
biki birugiremu ebibaire omukukozesa omubazi ogu?,What has been the side effects of this drug?
Omuhabiremu abaire nuwe. atali,He's barking up the wrong tree.
akabaighora ogutali omuti nigwo,He barked up the wrong tree.
naija okubaigora omuti ogutali nugwo,He will bark the wrong tree.
naija okubaigora ogutali omuti nugwo,He will bark up the wrong tree.
aboigolire ogutali omuti nigwo,He has barked up the wrong tree.
Ebintu ebimu ebirukukira OBUKURU ebinayegere bikaba bitaine KAKWAATE NEBIBEEGA omu Isomero.,of the most important things I've learned had nothing to do with school.
Ebintu ebimu ebirukukira OBUKURU bikaba ebinayegere bitaine KAKWAATE NEBIBEEGA omu Isomero.,Some of the most important things I've learned had nothing to do with school.
ebintu ebimu ebyomugaso tinyine ekikwetagisa isomero,Some of the most important things I have nothing to with school.
ebintu ebimu ebyomugaso ekikwetagisa tinyine isomero,Some of the most important things I have nothing to do with school.
ebentu ebimu ebyomugaso tikwija isomero,Some of the most important things I will have nothing to do with school.
ebentu ebimu tikwija ebyomugaso okwetagisa isomero,Some of the most important things I will have nothing to do with school.
ebintu ebimu ebyomugasotinyine ekikwetagisa,Some of the most important things I have had nothing to do with school.
ebintu ebimu ekikwetagisa ebyomugasotinyine isomero,Some of the most important things I have had nothing to do with school.
Kampuni nigalihya emirimoyayo omubusubuzi obwakalimagezi.,The company is expanding its e-commerce
Kampuni nigalihya omubusubuzi emirimoyayo obwakalimagezi.,The company is expanding its e-commerce operations.
kanpuni ekagalihya enkora yayo ey'okusubura byoma byakalimagezi,The company expanded its e-commerce operations.
kanpuni enkora ekagalihya yayo ey'okusubura byoma byakalimagezi,The company expanded its e-commerce operations.
kanpuni nija okugalihya enkora yayo ey'okusubura habyoma bakalimagezi,The company will expand its e-commerce operations.
kanpuni nija okugalihya enkora ey'okusubura yayo habyoma bakalimagezi,The company will expand its e-commerce operations.
kanpuni egalihize enkora yayo ey'okukora habyoma byakalimagezi,The company has expanded its e-commerce operations.
kanpuni egalihize enkora yayo ey'okukora byakalimagezi habyoma,The company has expanded its e-commerce operations.
kirwa nikirra oburungi hara,This is by far the best option.
enu niyo ebaire nsonga nkuru,This was by far the best option.
haihi enu niyo ebaire nsonga nkuru,This was by far the best option.
enu nija okuba nkuru,This will be by far the best option.
enu haihi nija nsonga okuba nkuru,This will be by far the best option.
enu haihi ebaire nsonga kuru,This has been by far the best option.
haihi enu ebaire nsonga kuru,This has been by far the best option.
akakurato akebyensimbi niketegereza ekitekerezo ekitegekerwe,The finance committee is reviewing the proposal.
akebyensimbi akakurato niketegereza ekitekerezo ekitegekerwe,The finance committee is reviewing the proposal.
bakarabyamu amaiso kyentekaniza yaitu,The finance committee reviewed the proposal.
abenkento bakarabyamu amaiso kyentekaniza omukihandiko yaitu,The finance committee reviewed the proposal.
abekento nibaija okurabyamu omukihandiko kyentekaniza yatu,The finance committee will review the proposal.
abekento nibaija okurabyamu amiso omukihandiko yatu kyentekaniza,The finance committee will review the proposal.
abekento barabizemu amaiso omukihandiko kyentekaniza yaitu,The finance committee has reviewed the proposal.
barabizemu abekento amaiso omukihandiko kyentekaniza yaitu,The finance committee has reviewed the proposal.
nigenza yange esimu egendwehoomuire,I need my phone charging.
nyikaire niyetagisabwa esimu yanga kuba acagingire,I needed my phone charging.
niyetagisabwa nyikaire esimu yanga kuba acagingire,I needed my phone charging.
ninyija okwetagisa esimu yange okuba ecagingire,I will need my phone
ninyija okwetagisa esimu yange ecagingire okuba,I will need my phone charging.
getagisibwe esimu yange okuba ecagingire,have needed my phone charging.
getagisibwe esimu okuba yange ecagingire,I have needed my phone charging.
Kampuni hokutundira netunga hataito,The company is acquiring a smaller competitor.
kanpuni etungirege abataito abahakanizi,The company acquired a smaller competitor.
kanpuni nija okutunga abahakaniza abataito,The company will acquire a smaller competitor.
kanpuni nija okutunga abataito abahakaniza,The company will acquire a smaller competitor.
kanpuni abahakaniza etungire abataito,The company has acquired a smaller competitor.
bakegura emotoka empaka bonka na bonka,They bought themselves a new car.
bakegura emotoka empaka bonka bonka na,They bought themselves a new car.
nibaja okwegura emotoka empyaka bonka na bonka,They will buy themselves a new car.
nibaja okwegura empyaka emotoka bonka na bonka,They will buy themselves a new car.
begulire emotoka empyaka bonka na bonka,They have themselves a car.
begulire empyaka emotoka bonka na bonka,They have bought themselves a new car.
"Omurundi gwange ogwokubanza kurora mukimulika, nkehurra ndozire ekitakuhwayo.","The first time I saw the starts through a telescope, I felt the presence something infinite."
"Omurundi gwange kurora ogwokubanza enyunyuzi mukimulika, nkehurra ndozire ekitakuhwayo.","The first time I saw the starts through a telescope, I felt the presence of something infinite."
"omurindi gwange ogwokubanza okurora enyunyuzi okuraba omukitangazo, nkahura okubaho kwekintu","The first time I saw the starts through telescope, I felt the presence of something infinite."
"gwange omurindi ogwokubanza okurora enyunyuzi okuraba omukitangazo, nkahura okubaho kwekintu ekitakuhwayo","The first time I saw the starts through a telescope, I felt the presence of something infinite."
"omurundi gwokubanza obundukwija okurora enyunyuzi okuraba omukitangazo, okuhura okubaho kwenkintu","The first time I will see the starts through a telescope, I felt the presence of something infinite."
"omurundi gwokubanza okurora obundukwija enyunyuzi okuraba omukitangazo, niyija okuhura okubaho kwenkintu ekitakuhwaho","The first time I will see the starts through a telescope, I felt the presence of something infinite."
"omurundu gwokubanza okurora enyunyuzi okuraba omukitangazo, nkahura okubaho kwenkintu ekitakuhwayo","The first time I have seen starts through a telescope, I felt the presence of something infinite."
"omurundu gwokubanza okurora enyunyuzi okuraba nkahura omukitangazo, okubaho kwenkintu ekitakuhwayo","The first time I have seen the starts through a telescope, I felt the presence of something infinite."
Ekikaro ekyolekerwamu ebintu harumu n'emirimo y'engaro eyaira.,The Tooro kingdom's exhibits historical artifacts.
Ekikaro ekyolekerwamu ebintu harumu n'emirimo eyaira. y'engaro,The Tooro kingdom's museum exhibits historical artifacts.
elyahuro ly'ebintu ebyafayo omubukama byatoro likatunga enyonyi y'ekijukyo,The Tooro kingdom's museum exhibited historical
elyahuro ly'ebintu omubukama ebyafayo byatoro likatunga enyonyi y'ekijukyo,The Tooro kingdom's museum exhibited historical artifacts.
elyahuro ly'ebintu ebyafayo omubukama byatoro nirija okutunga enyonyi y'ebyafayo,The Tooro kingdom's exhibit historical artifacts.
ly'ebintu elyahuro ebyafayo omubukama byatoro nirija okutunga enyonyi y'ebyafayo,The Tooro kingdom's museum will exhibit historical artifacts.
elyahuro ly'ebintu ebyafayo omubukama byatoro litungire enyonyi y'ebyafayo,The Tooro kingdom's museum has historical artifacts.
elyahuro ly'ebintu ebyafayo byatoro omubukama litungire enyonyi y'ebyafayo,The Tooro kingdom's museum has exhibited historical artifacts.
Emihendo y'ebintu kutemba. nenihirwa,The inflation rate is expected to rise.
okuhinduka kwamihendo nikinihirwa okweyongera haiguru,The inflation rate was expected to rise.
kwamihendo okuhinduka nikinihirwa okweyongera haiguru,The inflation rate was expected to rise.
okuhinduka kwaemihendo yebintu nikwija okunihirwa okweyongera haiguru,The rate will be expected to rise.
okuhinduka kwaemihendo yebintu nikwija okunihirwa haiguru okweyongera,The inflation rate will be expected to rise.
okuhinduka kwemihendo yebintu kunihirwe okweyongera haiguru,The inflation rate has expected to rise.
okuhinduka yebintu kwemihendo kunihirwe okweyongera haiguru,The inflation rate has been expected to rise.
Yekaru haihi ne'eka yange enyina ebidde ebiteera lyoona mbigoza kibihurra.,temple near my home has that ring day-I love hearing them.
Yekaru haihi ne'eka yange enyina ebidde ebiteera omwizooba mbigoza lyoona kibihurra.,The temple near my home has bells that ring all day-I love hearing them.
ekeleziya haihi neka yange ekaba ine ebide ebitera ekiro kyona -nyegomba okubihuliriza,The temple near my home had that all day-I love
ekeleziya haihi neka yange ekaba ine ebide ebitera ekiro -nyegomba kyona okubihuliriza,The temple near my home had bells that ring all day-I love hearing them.
ekeleziya haihi neka yange nija okuba iine ebitara ekiro kyona -nyegomba okubihuliriza,The temple near my home will have bells that all day-I love hearing them.
ekeleziya haihi neka nija yange okuba iine ebide ebitara ekiro kyona -nyegomba okubihuliriza,The temple near my home will have bells that ring all day-I love hearing them.
ekeleziya haihi yange egira ebide ebitera ekiro kyona -nyegomba okubihuliriza,The temple near my home has had bells that all day-I love hearing them.
haihi ekeleziya neka yange egira ebide ebitera ekiro kyona -nyegomba okubihuliriza,The temple near my home has had bells that ring all day-I love hearing them.
Yozefu akebembera Konyi obwemi.,Joseph Kony led to LRA rebellion.
joseph kony akebembera orutaro rwokuhakaniza orwaLRA,Kony led to LRA rebellion.
joseph kony akebembera orutaro orwaLRA rwokuhakaniza,Joseph Kony led to LRA rebellion.
joseph kony naija okwebembera orutaro rwokuhakaniza orwaLRA,Joseph Kony will lead to LRA rebellion.
joseph kony naija okwebembera rwokuhakaniza orutaro orwaLRA,Joseph Kony will lead to LRA rebellion.
joseph kony ayebembire orutaro rwokuhakaniza orwaLRA,Joseph Kony has to LRA rebellion.
joseph ayebembire kony orutaro rwokuhakaniza orwaLRA,Joseph Kony has led to LRA rebellion.
Nyina endugu mukisiika nambere baitu keezibwe.,I have a corner in my room where I pray-it's simple but holy to me.
Nyina endugu mukisiika nambere kyange nsabira-kataito baitu keezibwe.,I have a corner in my room where I pray-it's simple but holy to me.
nkaba nyina akasonda omukisika kyange nambere nasabira- kyanguhire baitu kihikirire hali nyowe,I had a corner in my where I pray-it's simple but holy to me.
nkaba nyina akasonda omukisika kyange nambere nasabira- kyanguhire kihikirire baitu hali nyowe,I had a corner in my room where I pray-it's simple but holy to me.
ninyija oba na akasondo omukisika kyange nambere nsasbira- kyanguhire baitu kihikirire hali nyowe,I will a corner in my room where I pray-it's simple but holy to me.
ninyija oba na akasondo omukisika kyange nambere nsasbira- kyanguhire baitu kihikirire nyowe hali,I will have a corner in my room where I pray-it's simple but holy to me.
ngizire akasonda omukisika kyange nambera nsaabira- kyanguhire baitu kihikirire nyowe,I a corner in my room where I pray-it's simple but holy to me.
akasonda ngizire omukisika kyange nambera nsaabira- kyanguhire baitu kihikirire hali nyowe,I have had a corner in my room where I pray-it's simple but holy to me.
Okeehere omu bulemeezi ekirukwingana nkaha.,How much have you lost in the past month?
Okeehere omu bulemeezi nkaha. ekirukwingana,How much weight have you lost in the past month?
bulemeziki obwokeheze oguhaire omwezi,How much weight had you lost in the past month?
bulemeziki obworukwija okukehya omwezi,How much weight will have you lost in the past month?
bulemeziki okukehya obworukwija omwezi oguhaire,How much weight will have you lost in the past month?
obwokehezeibwe bulemeziki omwezi oguhaire,How much weight has had you lost in the past month?
omulimo omurungi ogutwakozire tuli bantu baingi gwali ogu ogutwabandize kunywana nukwo hamu,My best group project was when we became friends and worked together second.
omulimo gwange omurungi ogutwakozire tuli bantu baingi gwali ogu ogutwabandize kunywana nukwo kyayongeraho hamu,My best group project was when we became friends first and worked together second.
omulimo omukuru omukitebe guli okubanza okuba abanyani kandi no okukorahamu,My best group project is we became friends first and worked together second.
omulimo omukuru omukitebe guli okuba okubanza abanyani kandi no okukorahamu,My best group project is when we became friends first and worked together second.
omulimo omukuru omukitebe nigwija okuba okubanza okuba abanyani kandi no okukorahamu,My best group will be when we became friends first and worked together second.
omulimo omukuru omukitebe nigwija okuba okubanza okuba abanyani kandi okukorahamu no,My best group project will be when we became friends first and worked together second.
omulimo omukuru om ukitebe gubaire okubaza okuba abanya ni kandi no okukorahamu,My best group project has been we became friends first and worked second.
omulimo omukuru om ukitebe okubaza gubaire okuba abanya ni kandi no okukorahamu,My best group project has been when we became friends first and worked together second.
Omusomesa wange webisisani akangamba tinyine kisembo kyobuhangwa mwolekere nabiiha.,My art teacher told me l had no talent - l proved her wrong.
Omusomesa wange webisisani akangamba tinyine kisembo mwolekere kyobuhangwa nabiiha.,My art teacher told me l had no talent - l proved her wrong.
omusomesa wange oyokusiga akangamba ngu tinyine ekisembo- nkaka mwoleka nti agwiri,My art teacher tells me l had no talent - l proved her wrong.
omusomesa wange oyokusiga ngu akangamba tinyine ekisembo- nkaka mwoleka nti agwiri,My art teacher tells me l had no talent - l proved her wrong.
wange naija okungamba ngu tinyine ekisembo - nkamwoleka nti agwiri,My art teacher will tell me l had no talent - l proved her wrong.
omusomesa wange naija okungamba ngu tinyine ekisembo nkamwoleka - nti agwiri,My art teacher will tell me l had no talent - l proved her wrong.
omusomesa wange oyokusiga agambire ngu tinyine ekisembo -nkamwoleka nti agwire,My art teacher has told me l had no talent - l proved her wrong.
omusomesa wange oyokusiga akaba agambire ngu tinyine -nkamwoleka ekisembo nti agwire,My art teacher has told me l had no talent - l proved her wrong.
"omusalaba omubikya byange,gunyijukya nooha owumpondera.",wear a cross around my neck-it's a areminder of who i belong to.
"omusalaba Njwara omubikya byange,gunyijukya nooha owumpondera.",I wear a cross around my neck-it's a areminder of who i belong to.
nkajwara omubikya byange- kijukyokyo ekyogu nambere ngwa,I wore a cross neck-it's a areminder of who i belong to.
omusalaba nkajwara omubikya byange- kijukyokyo ekyogu nambere ngwa,I wore a cross around my neck-it's a areminder of who i belong to.
ninyija okujwara omusalaba omubikya byange -kijukyo ekyogu nambere ngwa,I will wear cross around my neck-it's a areminder of i belong to.
ninyija okujwara omusalaba omubikya byange -kijukyo ekyogu ngwa nambere,I will wear a cross around my neck-it's a areminder of who i belong to.
njwaire omusalaba omubikya byange - kijukyo ekogu nambere ngwa,I have worn a cross around my neck-it's areminder of who i belong to.
njwaire omusalaba omubikya - byange kijukyo ekogu nambere ngwa,I have worn a cross around my neck-it's a areminder of who i belong to.
tukamara obwire bwekiro bwona ebitwali nitwija kwoleka tukamalirra tukozire kurungi muno twatunga guredi yokubanza enungi muno.,up all night finishing our presentation and ended up getting an A.
tukamara obwire bwekiro bwona nitumaliriza ebitwali nitwija kwoleka tukamalirra tukozire kurungi muno twatunga guredi yokubanza muno. enungi,We stayed up all night finishing our presentation and ended up getting an A.
tukarara niturora ekiro kyona nitumaliriza omwolekyo gwaitu kandi tukamalira tutungire A,We stayed up all night finishing our presentation and ended up getting an A.
tukarara niturora ekiro kyona nitumaliriza omwolekyo gwaitu kandi tukamalira A tutungire,We stayed up all night finishing our presentation and ended up getting an A.
nitwija okumara ekiro kyona niturora ntumaliriza omwolekyo gwaitu kandi tukamalira tutungire A,We stay up all night finishing our presentation and ended up getting an A.
okumara nitwija ekiro kyona niturora ntumaliriza omwolekyo gwaitu kandi tukamalira tutungire A,We will stay up all night finishing our presentation and ended up getting an A.
tumazire ekiro kyona niturora nitumaliriza omwolekyo gwaitu tukamalira tutungire A,We have stayed up all night finishing our presentation and ended getting an A.
tumazire kyona ekiro niturora nitumaliriza omwolekyo gwaitu kandi tukamalira tutungire A,We have stayed up all night finishing our presentation and ended up getting an A.
Omusaija ataire embyarwa omubuli katongole,He has diversified investments across sectors.
Omusaija embyarwa ataire omubuli katongole,He has diversified his investments across sectors.
ahinduramu okusiga omubulikimu senteze,He diversifies his investments across sectors.
akahinduramu senteze okusiga omubulikimu,He diversified his investments across sectors.
naija okuhinduramu okusiga senteze omubulikimu,He diversify his investments across sectors.
naija okuhinduramu okusiga omubulikimu senteze,He will diversify his investments across sectors.
omubirri gw'omurwaire tigurukusobora kurwanisa burwaire.,The patient's immune system is compromised.
omubirri gw'omurwaire tigurukusobora burwaire. kurwanisa,The patient's immune system is compromised.
obutafwali obwomuraire bwomubiri bukwasirwe,The patient's immune system was compromised.
bwomubiri obwomuraire nibwija okuba bukwasire,The patient's immune system will be compromised.
obutafwali bwomubiri obwomuraire okuba nibwija bukwasire,The patient's immune system will be compromised.
obutafwali obwomurairebubaire bwomubiri bukwasirwe,The patient's immune system has been compromised.
Emitaano ayabakemi bamatwale etafeeho obuzaale nengeso ezobuzalirwana.,Colonial boundaries ignored ethnic and cultural divisions.
ayabakemi Emitaano bamatwale etafeeho obuzaale nengeso ezobuzalirwana.,Colonial boundaries ignored ethnic and cultural divisions.
emitano yabajungu etamanyire byabantu nobuhangwa,Colonial boundaries ignored ethnic and cultural divisions.
yabajungu emitano etamanyire ebika byabantu nobuhangwa,Colonial boundaries ignored ethnic and cultural divisions.
emitano yabajungu terukwija okumanyira ebika byabantu nobuhangwa,Colonial boundaries ignore ethnic and cultural divisions.
emitano yabajungu terukwija ebika okumanyira byabantu nobuhangwa,Colonial boundaries will ignore ethnic and cultural divisions.
emitano yabajungu temanyirire ebika byabantu nobuhangwa,Colonial boundaries have ignored ethnic and cultural
emitano temanyirire yabajungu ebika byabantu nobuhangwa,Colonial boundaries have ignored ethnic and cultural divisions.
encweera ekazimbya ekitwe yayehungya kututinisa,The cobra spread its hood and swayed to warn us away.
encweera ekazimbya kyaayo ekitwe yayehungya kututinisa,The cobra spread its hood and swayed to warn us away.
ekwera imukya omutwe gwayo kandi egutwara enyuma no omumaiso okututinisa,The cobra spread its hood and swayed to warn us away.
ekwera imukya omutwe gwayo egutwara kandi enyuma no omumaiso okututinisa,The cobra spread its hood and swayed to warn us away.
enkwera nija okwimukya omutwe gwayo kandi egutwara enyuma no omumaiso okuttinisa,The cobra will spread its hood and swayed to warn us away.
nija enkwera okwimukya omutwe gwayo kandi egutwara enyuma no omumaiso okuttinisa,The cobra will spread its hood and swayed to warn us away.
ekwera imukya omutwe gwayo kandi enyuma no omumaiso okututinsa,The cobra has spread its hood and swayed to warn away.
ekwera imukya omutwe gwayo kandi egutwaire enyuma omumaiso no okututinsa,The cobra has spread its hood and swayed to warn us away.
omuzaani womuzaano gwaharutuutu ataaha ekicweeka kyomusinguzi mu muzaano eyabulikiro,The actor plays the role of the in the local drama.
omuzaani womuzaano ataaha gwaharutuutu nazaana ekicweeka kyomusinguzi mu muzaano eyabulikiro,The actor plays the role of the hero in the local drama.
omuzani akazana omumuzano nkemanzi,The actor played the role of the hero in the local drama.
omuzani naija okuzana nkenmazi omumuzano,The actor will play the role of the hero in the local drama.
naija omuzani okuzana nkenmazi omumuzano,The actor will play the role of the hero in the local drama.
omuzani azaine omumuzano nkemanzi,The actor has played the role of the hero in the local drama.
Akarwarro kujanjaba nikakira abakazi.,The clinic specializes in women's health.
irwaro likakomamu okujanjaba obwomezi bya abakaizi bonka,The clinic specialized in women's health.
irwaro likakomamu okujanjaba obwomezi abakaizi bya bonka,The clinic specialized in women's health.
irwaro nirija okukomamu okujanjaba obwomezi bya abakazi bonka,The clinic will specialize in women's
irwaro okukomamu nirija okujanjaba obwomezi bya abakazi bonka,The clinic will specialize in women's health.
irwaro likomeremu okujanjaba obwomezi byabakazi bonka,The clinic specialized in women's health.
irwaro okujanjaba likomeremu obwomezi byabakazi bonka,The clinic has specialized in women's health.
omusisa gukabima musanju nekicweka nobucweeka ha ricita muzaani yagwo,The earthquake measured seven point five on the Richter scale.
gukabima omusisa musanju nekicweka nobucweeka ha ricita muzaani yagwo,The earthquake measured seven point five on the Richter scale.
omusisi gukapimwa musanju nobutonyezi butano ha mizani ya ricita,The earthquake measured seven point five on the Richter scale.
omusisi gukapimwa musanju butano nobutonyezi ha mizani ya ricita,The earthquake measured seven point five on the Richter scale.
omusisi musanju nobutonyezi butano ha mizani ya ricita,The earthquake will measure seven point five on the Richter scale.
omusisi nigwija okupimwa musanju nobutonyezi ha butano mizani ya ricita,The earthquake will measure seven point five on the Richter scale.
omusisi gupimirwe musanju nobutonyezi butano ha mizina ya ricita,The earthquake has measured seven point five on the Richter scale.
gupimirwe omusisi musanju nobutonyezi butano ha mizina ya ricita,The earthquake has measured seven point five on the Richter scale.
Kumara emyaka nemyaka ekka yaitu ebaire nehondere emigezo yakuswera erukusisana.,Our family has followed the same marriage customs for generations.
Kumara emyaka nemyaka ekka yaitu ebaire emigezo nehondere yakuswera erukusisana.,Our family has followed the same marriage customs for generations.
eka yaitu ehondera omulingo gw'obuswere gwenyini okumara ebyasa,Our family follows the same marriage customs for generations.
eka yaitu ehondera omulingo gwenyini gw'obuswere okumara ebyasa,Our family follows the same marriage customs for generations.
yaitu ekahondera omulingo gw'obusere gwenyini okumara ebyasa,Our family followed the same marriage customs for generations.
yaitu eka ekahondera omulingo gw'obusere gwenyini okumara ebyasa,Our family followed the same marriage customs for generations.
eka nija okuhondera gw'obusere gwenyini okumara ebyasa,Our will follow the same marriage customs for generations.
eka yaitu nija omulingo okuhondera gw'obusere gwenyini okumara ebyasa,Our family will follow the same marriage customs for generations.
"Omumwaaka enkumi ibuli n'ataano , nitwiija kuba tuferurwe ebicweeka eburi hamyegeego y'eryarya,eburi harulengo orwamaizi orwahansi.","By 2050, we have lost many coastal areas to sea level rise"
"Omumwaaka enkumi ibuli , n'ataano nitwiija kuba tuferurwe ebicweeka eburi hamyegeego y'eryarya,eburi harulengo orwamaizi orwahansi.","By 2050, we will have lost many coastal areas to sea level rise"
"omu 2050, ebisa by'enyanja ha kweyongera kwamaizi",By we lose many coastal areas to level rise
"omu 2050, tufirwa ebisa ha by'enyanja kweyongera kwamaizi","By 2050, we lose many coastal areas to sea level rise"
"omu 2050, tukafirwa ebisa by'enyanja habwo okweyongera kwamaizi","By 2050, we lost many coastal areas to sea level rise"
"omu 2050, tukafirwa by'enyanja ebisa habwo okweyongera kwamaizi","By 2050, we lost many coastal areas to sea level rise"
"omu 20250, tuferirwe ebisa byenyanja habwo okweyongera kwamaizi","By 2050, we have lost many coastal areas to sea level rise"
"omu tuferirwe 20250, ebisa byenyanja habwo okweyongera kwamaizi","By 2050, we have lost many coastal areas to sea level rise"
tulinda ebibira byaitu ntusobora kwikazaaho ebyobuhangwa ntutangirayo n'empindahinduka y'obwiire.,"If we protect our forests, we can preserve biodiversity prevent climate change."
Kakuba ebibira tulinda byaitu ntusobora kwikazaaho ebyobuhangwa ntutangirayo n'empindahinduka y'obwiire.,"If we protect our forests, we can preserve biodiversity and prevent climate change."
kakuba twalinzire ebibira ntusobora okulinda engeri eby'ebihangwa eby'emihanda n'emihanda,"If we protected our forests, we can preserve biodiversity and prevent climate change."
"kakuba twalinzire ebibira baitu, ntusobora okulinda engeri eby'emihanda eby'ebihangwa n'emihanda","If we protected our forests, we can preserve biodiversity and prevent climate change."
"kakuba twija ebibira baitu, ntusobora okulinda engeri eby'ebihangwa eby'emihanda n'emihanda","If will protect our forests, we can preserve biodiversity and prevent climate change."
"kakuba twija okilinda ebibira ntusobora baitu, okulinda engeri eby'ebihangwa eby'emihanda n'emihanda","If we will protect our forests, we can preserve biodiversity and prevent climate change."
"kakuba tutulinzire ebibira baitu, ntusobora okulinda engeri eby'ebihangwa eby'emihanda n'emihanda","If we have protected forests, can preserve biodiversity and prevent climate change."
"kakuba ebibira tutulinzire baitu, ntusobora okulinda engeri eby'ebihangwa eby'emihanda n'emihanda","If we have protected our forests, we can preserve biodiversity and prevent climate change."
orulengo rwa magoba hansimbi nikyo kisumuruzo omuncwamu eyokubyara ensimbi,The interest rates are a key factor in decisions.
orulengo rwa hansimbi magoba nikyo kisumuruzo omuncwamu eyokubyara ensimbi,The interest rates are a key factor in investment decisions.
amagoba kyali nsonga nkuru muno omusonga y'okusiga sente,The interest were a key factor in decisions.
amagoba kyali nsonga nkuru muno y'okusiga omusonga sente,The interest rates were a key factor in investment decisions.
amagoba nija okuba ensonga nkuru muno omukusuga sente,The interest rates will be a key factor in investment decisions.
amagoba nija okuba nkuru ensonga muno omukusuga sente,The interest rates will be a key factor in investment decisions.
amgaba ebaire nsonga nkuru muno omukusiga sente,The interest rates have been a key factor in investment decisions.
ebaire amgaba nsonga nkuru muno omukusiga sente,The interest rates have been a key factor in investment decisions.
kukaba kutali kurungi okuhikya obunabalizeeho emirimu ei nakozire niiya-mba buyamba ekyahindwire buli kimu.,The interviewer was going terribly until l mentioned my volunteer work- changed everything.
Okukaguzibwa kukaba kutali kurungi okuhikya obunabalizeeho emirimu ei nakozire buyamba niiya-mba ekyahindwire buli kimu.,The interviewer was going terribly until l mentioned my volunteer work- that changed everything.
akaguza ebikaguzo bwangobwango akagenda okuhikya obunagambire omulimo gwange ogw'okuyamba- nikyo kyahindwire bulikimu,The interviewer terribly goes until l mentioned my volunteer work- that everything.
akaguza ebikaguzo akagenda bwangobwango okuhikya obunagambire omulimo gwange ogw'okuyamba- nikyo kyahindwire bulikimu,The interviewer terribly goes until l mentioned my volunteer work- that changed everything.
akaguza ebikaguzo bwangobwango naija okugenda okuhikya obunagambire omulimo gwange ogw'okuyamba- nikyo kyahindwire bulikimu,The interviewer will terribly go until l mentioned my volunteer work- that changed everything.
akaguza ebikaguzo naija bwangobwango okugenda okuhikya obunagambire omulimo gwange ogw'okuyamba- nikyo kyahindwire bulikimu,The interviewer will terribly go until l mentioned my volunteer work- that changed everything.
akaguza ebikaguzo bwangobwango agenzire okuhikya obunagambire omulimo gwange ogw'okuhamba- nikyo kyahindwire bulikimu,The interviewer has terribly gone until l mentioned my volunteer work- that changed everything.
akaguza ebikaguzo bwangobwango agenzire okuhikya obunagambire omulimo ogw'okuhamba- gwange nikyo kyahindwire bulikimu,The interviewer has terribly gone until l mentioned my volunteer work- that changed everything.
ensama ekairukira mu kisaaru kwesereka entale,The waterbuck ran the to escape the lion.
ekairukira ensama mu kisaaru kwesereka entale,The waterbuck ran into the river to escape the lion.
embante ekairukira omukisaru okwejuna entale,The waterbuck ran into the river to escape the lion.
ekairukira embante omukisaru okwejuna entale,The waterbuck ran into the river to escape the lion.
embante okwirukira omukisaru okwejuna entele,waterbuck will run into the river to escape the lion.
embante okwirukira nija omukisaru okwejuna entele,The waterbuck will run into the river to escape the lion.
irukire omukisaru okwejuna,has run into the river to escape the lion.
embante irukire okwejuna omukisaru entale,The waterbuck has run into the river to escape the lion.
Akiiriire hanyuma kimu y'okumusemeza.,She made a full recovery after the operation.
akakira obubamazire kimu okumusemeza,She made a full recovery after the operation.
naija okukira kimu hanyuma y'okumusemeza,She will make a full recovery after the operation.
naija okukira kimu y'okumusemeza hanyuma,She will make a full recovery after the operation.
kimu akirire hanyuma y'okumusemeza,She has made a full recovery after the operation.
"Aborubuga orukooto, entekaniza n'enkora y'okukeehya orwooya orwebisoro biikya kugenda mumwaanya.",The city is a climate action plan to reduce its carbon
"Aborubuga orukooto, entekaniza bataireho n'enkora y'okukeehya orwooya orwebisoro biikya kugenda mumwaanya.",The city is developing a climate action plan to reduce its carbon footprint.
Abekika kyange nibu bantu bange bokubanza munyikiriza-ebindi byoona birugirra aho.,My family my first community of faith-everything else flows from that.
Abekika kyange nibu bantu bokubanza bange munyikiriza-ebindi byoona birugirra aho.,My family is my first community of faith-everything else flows from that.
eka yange ekaba nyikiriza yange y'okubanza-ebisigaire bihondera hanyuma yekyo,family was my first community of faith-everything else flows from that.
eka yange nyikiriza ekaba yange y'okubanza-ebisigaire bihondera hanyuma yekyo,My family was my first community of faith-everything else flows from that.
eka yange nija okuba niyikiriza yange ey'okubanza -ebisigare bihondera hanyuma yekyo,My family will be my first community of faith-everything else flows from that.
eka yange nija okuba niyikiriza ey'okubanza yange -ebisigare bihondera hanyuma yekyo,My family will be my first community of faith-everything else flows from that.
eka yange ebaire nyikirza yange y'okubanzaba -ebisigaire bihondara hanyuma yekyo,My family has been my first community of faith-everything else flows from that.
eka yange ebaire nyikirza y'okubanzaba yange -ebisigaire bihondara hanyuma yekyo,My family has been my first community of faith-everything else flows from that.
Omurwaire ensigoye etandikire kukora kurungi.,The patient's kidney function has stabilized.
Omurwaire ensigoye kukora etandikire kurungi.,The patient's kidney function has stabilized.
z'omuraire ensigo nizikora zitaikaine,The patient's kidney function stabilizes.
ensigo nizija z'omuraire okutekana,The patient's kidney function will stabilize.
Nkabyara gunu omwaka-kusunga ebintu nibimera nikisisana kusunga kunihira nikutwaara emihama.,I planted a garden this year-watching things grow feels like watching hope take root.
Nkabyara gunu omusiri omwaka-kusunga ebintu nibimera nikisisana kusunga kunihira nikutwaara emihama.,I planted a garden this year-watching things grow feels like watching hope take root.
nkabyara omusiri gunu omwaka-okurolera enbitu nibikura nikisana nsana okuhura okunihira nikutunga emihama,I planted a garden this year-watching things grow feels like watching hope take root.
nkabyara omusiri gunu enbitu omwaka-okurolera nibikura nikisana nsana okuhura okunihira nikutunga emihama,I planted a garden this year-watching things grow feels like watching hope take root.
ninyija okubaira omusiri omwaka gunu- okurolera enbitu nibikura nikisana nsana okuhura okunihira nikutunga emihama,I will plant a garden this year-watching things grow feels like watching hope take root.
ninyija okubaira omusiri omwaka okurolera gunu- enbitu nibikura nikisana nsana okuhura okunihira nikutunga emihama,I will plant a garden this year-watching things grow feels like watching hope take root.
nbaire omusiri omwaka gunu- okurolera enbintu nibikura nsana okuhura okunihira nikutunga emihama,I have planted a garden this year-watching things grow feels like watching hope take root.
nbaire omusiri omwaka gunu- okurolera enbintu nibikura nsana okuhura okunihira emihama nikutunga,I have planted a garden this year-watching things grow feels like watching hope take root.
obuguuda nibwija kugaruka buhyaka omu meezi agarukwiya,The economy will in the coming months.
obuguuda nibwija buhyaka kugaruka omu meezi agarukwiya,The economy will recover in the coming months.
ebyefuna nibija bitekana omwezi ogurukwija,The economy recovers in the coming months.
ebyefuna bitekana nibija omwezi ogurukwija,The economy recovers in the coming months.
ebyenfuna bikatekana ogurukwija omwezi,The economy recovered in the coming months.
ebyefuna bitekaine ogurukwija omwezi,The economy has recovered in the coming months.
Omubazi nigutalibanizibwa omu barwaire abarukurwara obune.,The medication is contraindicated with heart conditions.
Omubazi nigutalibanizibwa omu barwaire obune. abarukurwara,The medication is contraindicated with certain heart conditions.
obujanjabi butaikiranganize y'omutima n'ebera,The medication was contraindicated with certain heart conditions.
obujanjabi tiburukwija okwikiranganiza n'embera y'omutima,The medication be contraindicated with certain heart conditions.
obujanjabi tiburukwija n'embera okwikiranganiza y'omutima,The medication will be contraindicated with certain heart conditions.
obujanjabi bubaire tiburukwinganiza n'embera y'omutima,The medication has been contraindicated with certain conditions.
bubaire obujanjabi tiburukwinganiza n'embera y'omutima,The medication has been contraindicated with certain heart conditions.
Abalinzi bebitwehingulirize babaire nibaseruliriza ha kurubata kw'enjojo baatunga okuvumbura kwoonyini.,The conservationists were conducting research on elephant communication when they made a breakthrough discovery.
Abalinzi bebitwehingulirize babaire nibaseruliriza ha kurubata kw'enjojo okuvumbura baatunga kwoonyini.,The conservationists were conducting research on elephant communication when they made a breakthrough discovery.
abalinzi bakora okuseruliriza hali engeri enjojo zibaza obu batungire okugarukwamu,The conservationists conduct research on elephant communication when they made a breakthrough discovery.
abalinzi bakora okuseruliriza hali engeri enjojo obu zibaza batungire okugarukwamu,The conservationists conduct research on elephant communication when they made a breakthrough discovery.
abalinzi nibaija okukora okuseruliriza hali engeri enjojo zibaza obu batungire okugarukwamu,The conservationists will conduct research on elephant communication when they made breakthrough discovery.
abalinzi nibaija okukora okuseruliriza hali engeri zibaza enjojo obu batungire okugarukwamu,The conservationists will conduct research on elephant communication when they made a breakthrough discovery.
"abalinzi bakozire okuseruliriza hali engeri enjojo zibazamu obu bantugire okugarukwa,mu",The conservationists have conducted research on elephant communication when they made breakthrough discovery.
"abalinzi bakozire okuseruliriza engeri hali enjojo zibazamu obu bantugire okugarukwa,mu",The conservationists have conducted research on elephant communication when they made a breakthrough discovery.
Enguta y'okubanza eya caayi nigwo omugenzo oguke ogutagurukaga.,The first sip of morning coffee is a small ritual I never
Enguta y'okubanza eya caayi yanyenkyakara nigwo omugenzo ogutagurukaga. oguke,The first sip of morning coffee is a small ritual I never skip.
enguta eyokubanza eya caayi w'omwani gwali murwa omutaito oguntalyosaga,The first sip of morning coffee was a small ritual I never skip.
enguta eyokubanza eya caayi w'omwani gwali murwa oguntalyosaga omutaito,The first sip of morning coffee was a small ritual I never skip.
enguta eyokubanza eya caayi nigwija okuba omurwa omutaito ogutalyosaga,The first sip of morning will be a small ritual I never skip.
enguta eyokubanza eya caayi w'omwani okuba nigwija omurwa omutaito ogutalyosaga,The first sip of morning coffee will be a small ritual I never skip.
enguta eyokubanza eya caayi w'omwani gubaire murwa omutaito ogutalyosaga,The first sip of morning coffee has been a small ritual I never
enguta eyokubanza eya caayi gubaire w'omwani murwa omutaito ogutalyosaga,The first sip of morning coffee has been a small ritual I never skip.
"Kakuba oyesanga omunyikara egumire, manya haliyo omuntu hantu arukusabira.","If going through something hard, know that someone, somewhere, is praying for you."
"Kakuba oyesanga omunyikara egumire, ngu manya haliyo omuntu hantu arukusabira.","If you're going through something hard, know that someone, somewhere, is praying for you."
"kakuba oba warabire omukintu kigumangaine, manya ngu omuntu, ahantu, nibakusabira","If you went through something hard, know that someone, somewhere, is praying for you."
"kakuba oba warabire omukintu kigumangaine, manya omuntu, ngu ahantu, nibakusabira","If you went through something hard, know that someone, somewhere, is praying for you."
"kakuba noija okuraba kigumangaine, manya ngu omuntu, ahantu,","If you will go through something know that someone, somewhere, is praying for you."
"kakuba noija okuraba omukintu kigumangaine, manya ngu omuntu, nibakusabira ahantu,","If you will go through something hard, know that someone, somewhere, is praying for you."
"kakuba orbire omukintu manya ngu omuntu, ahantu, nibakusabira","you have gone through hard, know that someone, somewhere, praying for you."
"kakuba oba orbire omukintu kigumangaine, manya ngu ahantu, omuntu, nibakusabira","If you have gone through something hard, know that someone, somewhere, is praying for you."
buli bwirebwona nyijuka akasumi na yetegerrizemu ekintu ruksabe mazire akasumi kaingi obwire bwingi obwa ameezi nindengaho kukyetegereza kirembe,l'll always remember the moment l finally understood a concept l'd struggled with for months
bwirebwona buli nyijuka akasumi na yetegerrizemu ekintu ruksabe mazire akasumi kaingi obwire bwingi obwa ameezi nindengaho kukyetegereza kirembe,l'll always remember the moment l finally understood a concept l'd struggled with for months
nyijuka bulikiro akasumi obunayetegerize isomo eryatabanizaga okumara emyezi,L always remembered the moment l finally understood a concept struggled with for months
nyijuka bulikiro obunayetegerize akasumi isomo eryatabanizaga okumara emyezi,L always remembered the moment l finally understood a concept l'd struggled with for months
niyija okwijuka bulikiro akasumi nayetegerizemu isomo eryatabanizaga okumara emyezi,L will always remember the moment l finally understood a concept l'd struggled with for months
niyija okwijuka bulikiro akasumi nayetegerizemu isomo okumara eryatabanizaga emyezi,L will always remember the moment l finally understood a concept l'd struggled with for months
mbaire bulikiro nyijuka akasumi nayetegerizemu eryatabanizaga okumara emyezi,L has always the moment l finally a concept l'd struggled with for months
mbaire bulikiro akasumi nyijuka nayetegerizemu isomo eryatabanizaga okumara emyezi,L has always remembered the moment l finally understood a concept l'd struggled with for months
ekintu obworayetaaga kyona omwanyise,"Should you need anything, just let me know."
"kakuba oba oine ekyokwenda kyona, iwe ngamba","Should you needed anything, just let me know."
"kakuba oine oba ekyokwenda kyona, iwe ngamba","Should you needed anything, just let me know."
"obwora oine ekintu kyona ekyorukwija kwetaga, ngamba",you will need just let me know.
"obwora oine ekintu ekyorukwija kyona kwetaga, iwe ngamba","Should you will need anything, just let me know."
"obworaba oine ekintu ekyoyetagisize,iwe ngamba",Should you have needed just let me know.
"obworaba ekintu oine kyona ekyoyetagisize,iwe ngamba","Should you have needed anything, just let me know."
omulingo omuhyaaka ogwokucungira maizi nigwija ruronyera abalimu mubwire buse kyanda,The new irrigation system will help farmers during the dry season.
omulingo omuhyaaka ogwokucungira maizi ruronyera nigwija abalimu mubwire buse kyanda,The new irrigation system will help farmers during the dry season.
enkora amaizi guyambaho abalimi omukasumi kekyanda,The new irrigation system helps farmers during the dry season.
enkora y'okusesira ebirimwa amaizi guyambaho omukasumi abalimi kekyanda,The new irrigation system helps farmers during the dry season.
enkora y'okusesira ebirimwa amaizi ekayamba abalimi omukasumi kekyanda,The new system helped farmers during dry season.
enkora y'okusesira ebirimwa amaizi abalimi ekayamba omukasumi kekyanda,The new irrigation system helped farmers during the dry season.
enkora y'okusesira ebirimwa amaizi gayambire abalimi omukasumi kekyanda,The new irrigation has helped farmers during the dry season.
enkora y'okusesira ebirimwa gayambire amaizi abalimi omukasumi kekyanda,The new irrigation system has helped farmers during the dry season.
John Hanninng Speke akahika handugirro eya Nile 1862.,John Hanninng Speke reached the source of Nile in 1862.
John Speke Hanninng akahika handugirro eya Nile 1862.,John Hanninng Speke reached the source of Nile in 1862.
john hanning akahika hansibuko y'ekisaru kya nile omu 1862,John Hanninng Speke reached the source of Nile in 1862.
hanning john speak akahika hansibuko y'ekisaru kya nile omu 1862,John Hanninng Speke reached the source of Nile in 1862.
john hanning speak naija okuhika hansiboko y'ekisaru kya nile omu 1862,John Hanninng Speke will reach the source of Nile 1862.
john hanning speak naija okuhika hansiboko y'ekisaru kya omu nile 1862,John Hanninng Speke will reach the source of Nile in 1862.
john speak ahikire hansibuko y'ekisaru kya nile omu 1862,John Speke has reached the source of Nile in 1862.
john speak hanning ahikire hansibuko y'ekisaru kya nile omu 1862,John Hanninng Speke has reached the source of Nile in 1862.
NRA ekaleeta endi. endema,The NRA developed a parallel administration.
"Omumwaaka enkumi ibiri nasatu, nittwiija kuba tumazire kukeehya okwamaani hakusisikalirwa ebyobuhagwa.","By 2030, we will have achieved a significant reduction in the loss biodiversity."
"Omumwaaka enkumi ibiri nasatu, nittwiija kuba kukeehya tumazire okwamaani hakusisikalirwa ebyobuhagwa.","By 2030, we will have achieved a significant reduction in the loss of biodiversity."
Abaire nayebembera akatebe kumara emyaka atakafokere karagiira omukuru,She had been managing a team for years before she became director.
Abaire nayebembera akatebe kumara atakafokere emyaka karagiira omukuru,She had been managing a team for years before she became director.
Ekyaro kyaitu abanyakuli omukwetaaga.,Our village has always helped those who are in need.
Ekyaro kyaitu kikonyera omukwetaaga. abanyakuli,Our village has always helped those who are in need.
Enkoragana yobusubuzi empyaka niija kumwikya ebitundwa aheeru eby'obulimi,The new trade deal will agricultural exports.
Enkoragana yobusubuzi empyaka niija kumwikya ebitundwa eby'obulimi aheeru,The new trade deal will boost agricultural exports.
omusaija angire ensimbi omubyara ensimbi omubihanfanzi,He has invested in real estate investment trust.
omusaija angire omubyara ensimbi ensimbi omubihanfanzi,He has invested in a real estate investment trust.
Omubazi gwa sente nyingi baitu nigukora.,The treatment is expensive but
gwa Omubazi sente nyingi baitu nigukora.,The treatment is expensive but effective.
Kumara emyaka nyingi nyinenkuru nyowe aruka ebiibo eby'akatale.,My grandmother had been weaving baskets for the for many years.
Kumara emyaka nyingi nyinenkuru nyowe ebiibo aruka eby'akatale.,My grandmother had been weaving baskets for the market for many years.
Ebijaguzo byona byabamuga okuzina nokucekeca.,Traditional music and dance accompained ceremonies.
byona Ebijaguzo byabamuga okuzina nokucekeca.,Traditional music and dance accompained ceremonies.
Omukazi abaire kumara emyaka atakafokere mukuru w'ebyensimbi.,She had been working in accounting department for years before she became CFO.
abaire Omukazi nakora omukikeeto kumara emyaka atakafokere mukuru w'ebyensimbi.,She had been working in the accounting department for years before she became CFO.
nyowe ngura ebintu omu duuka etakanizibwe buli wiiki,I buy groceries from the supermarket every week.
nyowe ngura ebintu duuka omu etakanizibwe buli wiiki,I buy groceries from the supermarket every week.
Irwarro line ekyahuro kyebitabu ebirukukwataho,The hospital has a patient library with information.
line Irwarro ekyahuro kyebitabu ebirukukwataho ebyobwomezi.,The hospital has a patient library with health information.
"Hakumaliirra kwenteekaniz'enu , nitwija kuba lwegeseze abalimi hamuringo y'orwezo kuruga mubijunzire.","By the end this project, we will have trained thousand farmers in organic methods."
"kwenteekaniz'enu Hakumaliirra , nitwija kuba lwegeseze abalimi hamuringo y'orwezo kuruga mubijunzire.","By the end of this project, we will have trained one thousand farmers in organic methods."
kweetagisibwa amaino gawe kwogebwa omu irwarro emirundi ebiiri omwaka.,You'll to have your teeth cleaned twice a
Noija kweetagisibwa amaino gawe kwogebwa omu irwarro ebiiri emirundi omwaka.,You'll need to have your teeth cleaned twice a year.
cukama rwomunyanja ekasinduka amahuuzo gamakamba,The sea cucumber squirted sticky threads to defend itself.
cukama rwomunyanja amahuuzo ekasinduka gamakamba,The sea cucumber squirted sticky threads to defend itself.
Gavumenti eresire y'okucwaaho emihendo y'ebintu habw'abalimi abarukukozesa ebyolimi ebirukwikaraho.,The government is providing subsidies for farmers who practice sustainable agriculture.
Gavumenti eresire enkora emihendo y'okucwaaho y'ebintu habw'abalimi abarukukozesa ebyolimi ebirukwikaraho.,The government is providing subsidies for farmers who practice sustainable agriculture.
nayega kukozesa emirungo nigwija kuba ebyama sira randi eko bikamanya empindurra hinduka nenyakuli orumwanya nomubwire,She had been learning about sustainable agriculture.
nayega omukazi kukozesa emirungo nigwija kuba nigukozesa ebyama ebirukumuga sira randi eko bikamanya empindurra hinduka nenyakuli orumwanya nomubwire,She had been learning about sustainable agriculture.
Omuka ey'omunyoro abantu nibesorooza habw'orukurato.,People are gathering at the chief's house for the meeting.
ey'omunyoro Omuka abantu nibesorooza habw'orukurato.,People are gathering at the chief's house for the meeting.
omukago gwobusubuzi omuhyaka nugwija kwimukya ebyokutunda aheeru,The new trade deal will boost exports.
gwobusubuzi omukago omuhyaka nugwija kwimukya ebyokutunda aheeru,The new trade deal will boost exports.
Akahuka nikajanjara mubantu? muno,The virus is circulating widely in the community.
Omulimi akombera omusiri gwe ogwa muhogo sabiiti ehoire.,The farmer weeded his cassava field last
Omulimi omusiri akombera gwe ogwa muhogo sabiiti ehoire.,The farmer weeded his cassava field last week.
Busaho kintu ekibi nk'okurubata omu maizi ojwaire sokisi...,There's nothing worse than stepping in a puddle with socks on .
Busaho kintu ekibi nk'okurubata omu maizi sokisi... ojwaire,There's nothing worse than stepping in a puddle with socks on .
"Mutabani wange akankaguza araha?"" namwoleka hamutima gwange nogwe.","My son asked me, ""Where God?"" I to my heart and his."
"Mutabani wange akankaguza araha?"" ""Ruhanga namwoleka hamutima gwange nogwe.","My son asked me, ""Where is God?"" I pointed to my heart and his."
Omurro kahulika niguruga hansi gukahangaho ekizinga hagati y'enyanja enkooto.,The volcanic eruption created a new island in the middle of the ocean.
Omurro kahulika niguruga hansi gukahangaho hagati ekizinga y'enyanja enkooto.,The volcanic eruption created a new island in the middle of the ocean.
obu lsomero liraaba nirikubuza tekerezaaho muno obuharaaba hasroho omulingo ogundi,If school is making you consider whether there's another way.
obu lsomero liraaba nirikubuza obusinge tekerezaaho muno obuharaaba omulingo hasroho ogundi,"If school is making you miserable, consider whether there's another way."
ljo omulimi akagesa ama candege agekijungu yagatwara rugasa,The farmer harvested his sunflower and took it for pressing yesterday.
ljo akagesa omulimi ama candege agekijungu yagatwara rugasa,The farmer harvested his sunflower and took it for pressing yesterday.
"Abasungi abaingi , basemereriirwe abateezi bebidongo basaba babongereyo ekizina ekindi.",The crowd is cheering for the band to play one song.
"Abasungi , abaingi basemereriirwe abateezi bebidongo basaba babongereyo ekizina ekindi.",The crowd is cheering for the band to play one more song.
Nambere baisenkuru abaira bahumuliire nuko turaziika abafu baitu.,We will our dead in the ground where our rest.
Nambere baisenkuru itwe abaira bahumuliire nuko turaziika baitu. abafu,We will bury our dead in the ground where our ancestors rest.
"Nkeega kusiima omubusalizi, eki kindagirra nkyali mwomezi.",I've learned to be grateful even in pain-it means I'm still alive to feel.
"Nkeega omubusalizi, kusiima eki kindagirra nkyali mwomezi.",I've learned to be grateful even in pain-it means I'm still alive to feel.
ebinyoma bikagendera mu rukoorra bihumbire ebyaana byabyo mukwiina kyaarwo,The ants marched in a long line carrying crumbs back to their nest.
ebinyoma bikagendera rukoorra mu bihumbire ebyaana byabyo nubigaru mukwiina kyaarwo,The ants marched in a long line carrying crumbs back to their nest.
oruganda rwaitu rwina omulingo omutongole nkoku omwaka omuhyaka .,Our clan has its own special way of welcoming the new year.
oruganda rwaitu rwina omulingo omutongole tutagiira nkoku omwaka omuhyaka .,Our clan has its own special way of welcoming the new year.
ly'amaizi likwasireho muno ebyobulimi kicweeka kyaito.,The water affecting agricultural production in the region.
Ibura ly'amaizi likwasireho muno ebyobulimi mu kyaito. kicweeka,The water scarcity has been affecting agricultural production in the region.
Omulimo gwokugarraaho ebibira gugarwire enyamaiswa ezikaba zibuzire mukiikaro.,The reforestation project has brought back wildlife that had disappeared from the area.
Omulimo gwokugarraaho gugarwire ebibira enyamaiswa ezikaba zibuzire mukiikaro.,The reforestation project has brought back wildlife that had disappeared from the area.
Abantu abalembwire ensi enu bakafuka-furukaga bahiigaga kandi basorooza ebyokulya.,The earliest inhabitants were nomadic hunter-gatherers.
Abantu abalembwire ensi bakafuka-furukaga enu bahiigaga kandi basorooza ebyokulya.,The earliest inhabitants were nomadic hunter-gatherers.
Obwakaba nakyahika nokugenderaho. ati,No sooner had she arrived than she had to leave.
"Akasumi ak'omweegi akagilizaamu EKIKAGUZO ekyobaire otarukhra, ako nuuko KONYINI akokwegesezaamu.",The moment a student asks a question you've never considered is the best part of teaching.
"ak'omweegi Akasumi akagilizaamu EKIKAGUZO ekyobaire otarukhra, ako nuuko akasumi KONYINI akokwegesezaamu.",The moment a student asks a question you've never considered is the best part of teaching.
Ekiro ekyaijo omuzini azinirege nkonku ekyaro kyaitu kyatandikire.,The praise singer told the story of the founding of our village yesterday.
Ekiro omuzini ekyaijo azinirege nkonku ekyaro kyaitu kyatandikire.,The praise singer told the story of the founding of our village yesterday.
Nkatunda emigabo nukwo nyunge ezaburoho.,I sold some shares to raise cash last week.
emigabo Nkatunda nukwo nyunge ezaburoho.,I sold some shares to raise cash last week.
Noonywa amaarwa agarukwinganaha buli,How much alcohol do you drink per week?
amaarwa Noonywa agarukwinganaha buli sabbiti?,How much alcohol do you drink per week?
Ebinyonyi bifuruka nibigenda habulyo mubwiire bw'omusana.,The birds migrate south every year to escape the cold winter.
Ebinyonyi bifuruka nibigenda mubwiire habulyo bw'omusana.,The birds migrate south every year to escape the cold winter.
Omuyaga ogwamaani gukasiisa isomero kyonka enkyomugisa abaana bwirobu bakaba batarumu.,"The tornado destroyed the school, but no children there at the time."
Omuyaga ogwamaani gukasiisa kyonka isomero enkyomugisa abaana bwirobu bakaba batarumu.,"The tornado destroyed the school, but fortunately no children were there at the time."
kulesireho Okuswerrana okuterana okwamahanga,Intermarriage has created cultural exchange.
Abalinzi bebitwehinguliriize babaire nibekebiija engeso yebikuya byahansozi obubarozire ebintu ebikozesiibwe.,The conservationist were studying the behavior of mountain gorillas when they observed tool use.
Abalinzi bebitwehinguliriize babaire nibekebiija engeso yebikuya obubarozire byahansozi ebintu ebikozesiibwe.,The conservationist were studying the behavior of mountain gorillas when they observed tool use.
ekinyonyi kirekuurra handa kyacwanganiza ebiruka nukwo kihikeho amaizi,The penguin slid on its belly across the ice to reach the water.
ekinyonyi rururbatatoro kirekuurra handa kyacwanganiza ebiruka kihikeho nukwo amaizi,The penguin slid on its belly across the ice to reach the water.
Ntaaha nyine obulemeezi kutekaho omutima habintu nkukora.,I've having trouble focusing at work.
Ntaaha nyine obulemeezi kutekaho habintu omutima nkukora.,I've been having trouble focusing at work.
nagonzaga obwomumwegesa rundi omusomesa yasomaga bbwa nayatura ebigambo hali itwe nobundaaba nkaaba omu kilassa za haigure omu lsomero,I loved the teacher would read aloud to us—even in high school.
nagonzaga obwomumwegesa rundi omusomesa yasomaga bbwa nayatura ebigambo hali itwe nobundaaba nkaaba omu kilassa haigure za omu lsomero,I loved when the teacher would read aloud to us—even in high school.
Irwarro line ekisiika ky'abakazi benda nabaruku hamu n'ebisika nambere omurwaire akusasurra obujanjabi.,The hospital has a maternity ward with private rooms.
Irwarro line ekisiika ky'abakazi benda zaara nabaruku hamu n'ebisika nambere omurwaire akusasurra obujanjabi.,The hospital has a maternity ward with private rooms.
babaga Abago bekitinisa omubukama.,Royal wives held significant status in the kingdom.
Obote akebembera Uganda okuhika ha kwereme.,Milton Obote led Uganda to independence in 1962.
Milton Obote akebembera Uganda ha okuhika kwereme.,Milton Obote led Uganda to independence in 1962.
Omurwaire atungire esagama erukwingana nkaha?,How many units of blood did the patient receive?
Omurwaire atungire esagama nkaha? erukwingana,How many units of blood did the patient receive?
Benedicto Kiwanuka nuwe yabandize mukuru wa baminista.,Benedicto Kiwanuka Uganda's first chief minister.
Benedicto Kiwanuka yabandize nuwe okuba mukuru wa baminista.,Benedicto Kiwanuka became Uganda's first chief minister.
Akateekwa ha ogurukuleeta oruzaaro kumarra emyaka ebiri.,She fertility treatment for two years.
Akateekwa ha mubazi ogurukuleeta oruzaaro kumarra ebiri. emyaka,She underwent fertility treatment for two years.
Ebyokulya by'omu katale bikaba birungi muno kandi nkagyayo kugora emirundiena omubiro bibiri.,"The food in that market was good ,l went back four times in days"
Ebyokulya by'omu katale bikaba birungi muno kandi nkagyayo emirundiena kugora omubiro bibiri.,"The food in that market was so good ,l went back four times in two days"
Kuruga ira na ira oruganda rwaitu rukamanya ekisoro eky'omuziro gwabu.,Our has known its totem since ancient times.
Kuruga na ira ira oruganda rwaitu rukamanya ekisoro eky'omuziro gwabu.,Our clan has known its totem animal since ancient times.
Obworaba noyeuliza muno KWEEGA gambiraho OGU ayakisobozeseze kubaho.,"If you're grateful for your education, tell someone who made it possible."
Obworaba noyeuliza muno KWEEGA gambiraho OGU kubaho. ayakisobozeseze,"If you're grateful for your education, tell someone who made it possible."
Omulingo omuhyaka ogwekirimwa nigwija kugumira oburwaire.,The new crop variety will be resistant to disease.
Omulingo omuhyaka ogwekirimwa nigwija oburwaire. kugumira,The new crop variety will be resistant to disease.
Tingaba bandole baitu habwokuba nkaheebwa bingi.,I don't give be seen-I give because I've given so much.
Tingaba nukwo bandole baitu habwokuba nyowe bingi. nkaheebwa,I don't give to be seen-I give because I've been given so much.
Noija kwetaagisa kwesiigaho omubazi nambere hali akahere emirundi ebiri buli kiro.,You'll need to apply the cream to the rash twice
Noija kwetaagisa kwesiigaho omubazi nambere hali akahere ebiri emirundi buli kiro.,You'll need to apply the cream to the rash twice daily.
okaire noyetagisibwa okutekaho ebizigo nambere hamomere emirundi ebiri bulikiro,You to apply the cream to the rash twice daily.
okaire noyetagisibwa okutekaho ebizigo nambere hamomere emirundi bulikiro ebiri,You needed to apply the cream to the rash twice daily.
noija okwetagisibya okutekaho ebizigo nambere hamomere emirundi ebiri,You will need to apply the cream to rash twice daily.
noija okutekaho okwetagisibya ebizigo nambere hamomere emirundi ebiri bulikiro,You will need to apply the cream to the rash twice daily.
okaire oyetagisibwe okutekaho ebizigo namberehamomere emirundi ebiri bulikiro,You have needed to apply the cream to the rash twice daily.
oyetagisibwe okaire okutekaho ebizigo namberehamomere emirundi ebiri bulikiro,You have needed to apply the cream to the rash twice daily.
ekinyonhyi rugoro kikairuka kyacwanganiza ekisaka nebikya byaakyo kibirahiriize,The emu ran across the field with its long neck stretched out.
ekinyonhyi rugoro kyacwanganiza kikairuka ekisaka nebikya byaakyo kibirahiriize,The emu ran across the field with its long neck stretched out.
emu iruka ekizaniro n'ebikya byayo ebiraihize,The emu runs across the field with its long neck stretched out.
iruka emu okwetorora ekizaniro n'ebikya byayo ebiraihize,The emu runs across the field with its long neck stretched out.
emu nija okwiruka okwetorora ekizaniro n'ebikya byayo ebiraihize,The emu will run across the field with its long neck stretched out.
emu nija okwiruka okwetorora n'ebikya ekizaniro byayo ebiraihize,The emu will run across the field with its long neck stretched out.
emu ekwetorora ekizaniro m'ebikya byayo ebiraihize,The emu run across the field with its long neck stretched out.
emu ekwetorora irukire ekizaniro m'ebikya byayo ebiraihize,The emu has run across the field with its long neck stretched out.
akamanyisa nkoku arukwetaaga kutaha mukitebe,He expressed interest joining the club.
akamanyisa nkoku kutaha arukwetaaga mukitebe,He expressed interest in joining the club.
akoleka okugonza ekitebe okutaha,He expressed interest in joining the club.
naija okwoleka okugonza okutaha ekitebe,will express interest in joining the club.
naija okwoleka okugonza ekitebe okutaha,He will express interest in joining the club.
ayolekeze okutaha okugonza ekitebe,He has expressed interest in joining the club.
omwani gulinurwe hansi yebituuru bye ebitooke,The coffee has been shade-grown under banana trees.
omwani gulinurwe yebituuru hansi bye ebitooke,The coffee has been shade-grown under banana trees.
omwani kituru y'ebitoke hansi,The coffee is shade-grown under banana trees.
omwani gukaba kituru hansi y'ebitoke,The coffee shade-grown under banana trees.
omwani kituru gukaba hansi y'ebitoke,The coffee was shade-grown under banana trees.
omwani nigwija okuba kituru y'ebitoke,The coffee will be shade-grown under banana trees.
nigwija omwani okuba kituru hansi y'ebitoke,The coffee will be shade-grown under banana trees.
Buli nyenkyakara ndora mihendo y'ebintu,I check the stock every morning.
Buli nyenkyakara ndora mihendo ha y'ebintu,I check the stock prices every morning.
nkakebera emihendo y'ebintu buli nyenkyakara,I checked stock prices every morning.
nkakebera y'ebintu emihendo buli nyenkyakara,I checked the stock prices every morning.
ninyija okukebera emihendo yebintu buli nyenkyakara,I will check the stock prices every morning.
ninyija okukebera emihendo yebintu nyenkyakara buli,I will check the stock prices every morning.
nkebire emihendo y'ebintu buli nyenkyakara,I have checked the stock prices every morning.
nkebire emihendo buli y'ebintu nyenkyakara,I have checked the stock prices every morning.
"Omurundi gw'okubanza obu nakozire enyanja eyetahwayo , ebyokubaza bikamburraaho.","The first time l saw the ocean , l was completely speechless."
"Omurundi gw'okubanza obu enyanja nakozire eyetahwayo , ebyokubaza bikamburraaho.","The first time l saw the ocean , l was completely speechless."
"omurundi gwonkubanza okurora enyanja, nkaburwa ebigambo","The first time l saw the ocean, l completely speechless."
"omurundi gwonkubanza okurora enyanja, ebigambo nkaburwa","The first time l saw the ocean, l was completely speechless."
"omurundu gwokubanza obundirora enyanja, ninyija okuburwa ebigambo","The first l will the ocean, l was completely speechless."
"gwokubanza omurundu obundirora enyanja, ninyija okuburwa ebigambo","The first time l will see the ocean, l was completely speechless."
"omurundi gwokubanza obunaboine enyaja, ebigambo","The first time has seen the ocean, l was speechless."
"omurundi gwokubanza obunaboine nkaburwa enyaja, ebigambo","The first time l has seen the ocean, l was completely speechless."
Tutakacwiremu ekyokukora itwe tusaba emizimu eturagirre.,We ask the spirits to guide us before we make important choices.
Tutakacwiremu ekyokukora itwe tusaba eturagirre. emizimu,We ask the spirits to guide us before we make important choices.
tukasaba omwoyo atwebembere tutakakozire ekwamu ey'omugaso,We asked the spirits to guide us before we make choices.
tukasaba omwoyo tutakakozire atwebembere ekwamu ey'omugaso,We asked the spirits to guide us before we make important choices.
nitwija okusaba omwyo atwebembere tutakakozire ekwamu ey'omugaso,We will ask the spirits to guide before we make important choices.
nitwija omwyo okusaba atwebembere tutakakozire ekwamu ey'omugaso,We will ask the spirits to guide us before we make important choices.
tusabire omwoyo atwebembere tutakakozire ekwamu ey'omugaso,We have asked the spirits to guide us before we make choices.
tusabire omwoyo atwebembere tutakakozire ey'omugaso ekwamu,We have asked the spirits to guide us before we make important choices.
Omusaija asoroize omuganda ogwa embaagwa,He has accumulated a portfolio of dividend stocks.
Omusaija asoroize ogwa omuganda embaagwa,He has accumulated a portfolio of dividend stocks.
ayongize yona hamu habwe ebintubwe ebicwirwemu,He accumulates a portfolio of dividend stocks.
ayongize emirimoye hamu yona habwe ebintubwe ebicwirwemu,He accumulates a portfolio of dividend stocks.
ayongizeho emirimoye yona hamu ebintubwe ebicwirwemu,He accumulated a portfolio of dividend stocks.
emirimoye ayongizeho yona hamu habwe ebintubwe ebicwirwemu,He accumulated a portfolio of dividend stocks.
naija okwongeze emirimoye habwe ebintubwe ebicwirwemu,will accumulate a portfolio of dividend stocks.
naija okwongeze emirimoye yona habwe ebicwirwemu ebintubwe,He will accumulate a portfolio of dividend stocks.
Emirimo enyakozirwe haitaka neragirra amagezi maingi nobuginga.,The works demostrate sophisticated engineering.
Emirimo enyakozirwe haitaka neragirra amagezi nobuginga. maingi,The earth works demostrate sophisticated engineering.
ensi eyoleka obukugu obwekika omumirimo,The earth demostrate worked sophisticated
ensi obukugu eyoleka obwekika kyahaiguru omumirimo,The earth demostrate worked sophisticated engineering.
ensi nija okwoleka obukugu obwekika kyahaiguru omumirimo,The earth will demostrate work sophisticated engineering.
ensi nija okwoleka obukugu kyahaiguru obwekika omumirimo,The earth will demostrate work sophisticated engineering.
ensi eyolekeze obukugu bwekika kyahaguru omumirimo,The earth has demostrate worked sophisticated engineering.
ensi obukugu eyolekeze bwekika kyahaguru omumirimo,The earth has demostrate worked sophisticated engineering.
"Obworaaba oli hagatinahageti yeki cweka , lkara nosoma tukuli kumahira kworuganikyo.","If you're in middle of a hard chapter , keep reading - it's not the end of the story."
"Obworaaba hagatinahageti oli yeki cweka ekigumangaine , lkara nosoma tukuli kumahira kworuganikyo.","If you're in the middle of a hard chapter , keep reading - it's not the end of the story."
"kakuba wali omuhagati orugumire, gumizamu n'osoma- tiniho hakumalira y'oruganikyo","If you was in the middle of a chapter, keep reading - it's not the end of the story."
"kakuba wali omuhagati orugumire, y'orukara gumizamu n'osoma- tiniho hakumalira y'oruganikyo","If you was in the middle of a hard chapter, keep reading - it's not the end of the story."
"kakuba noija kuba omuhagati y'orukara orugumire, gumizamu n'osoma - tiniho hakumalira y'oruganikyo","If you will be in the middle of a hard chapter, keep reading - it's not the end of the story."
"kakuba noija kuba omuhagati y'orukara orugumire, n'osoma gumizamu - tiniho hakumalira y'oruganikyo","If you will be in the middle of a hard chapter, keep reading - it's not the end of the story."
"kakuba obaire okyali omuhagati y'orukara orugumire, gumizamu n'osoma -tiniho hakumalira y'oruganikyo","If you been the middle of a chapter, reading - it's not the end of the story."
"kakuba obaire okyali omuhagati y'orukara orugumire, gumizamu n'osoma -tiniho y'oruganikyo hakumalira","If you have been in the middle of a hard chapter, keep reading - it's not the end of the story."
akaikara nakora nobuhabaire etoko,He kept on working despite the noise.
akaikara nakora haloho nobuhabaire etoko,He kept on working despite the noise.
akagumizamu nakora nobu habaireyo,He kept on working despite the noise.
nakora akagumizamu nobu habaireyo etoko,He kept on working despite the noise.
naija okugumizamu nakora nobuhabaireyo etoko,He will keep on working despite the noise.
naija okugumizamu nobuhabaireyo nakora etoko,He will keep on working despite the noise.
agumizemu nakora nobukiraba haliyo etoko,has kept on working despite the noise.
agumizemu nakora haliyo nobukiraba etoko,He has kept on working despite the noise.
kiri kita kusunga omuzano kiro kinu,How about watching a movie tonight?
kita kiri kusunga omuzano kiro kinu,How about watching a movie tonight?
orora ota kasinga turoramu muvi kirokinu,How about watched a movie tonight?
orora ota turoramu kasinga muvi kirokinu,How about watched a movie tonight?
orora ota kasinga twija okuroramu muvi kirokinu,How about will watch a movie tonight?
ota orora kasinga twija okuroramu muvi kirokinu,How about will watch a movie tonight?
orora ota kasinga turora muvi kirokinu,How about has watched a movie tonight?
orora ota kasinga muvi turora kirokinu,How about has watched a movie tonight?
ningumya kurungi randi mimanya omuhimbo ogwomuntu agira obwaba ayegere orulimi obwaba namukama worulimi,"If you've ever learned a new , you know the thrill of your first real conservation."
ningumya kurungi randi mimanya omuhimbo ogwomuntu agira ayegere obwaba orulimi oruhyaka obwaba mabaza namukama worulimi,"If you've ever learned a new language , you know the thrill of your first real conservation."
"kakuba wali oyegereho orulimi oruhyaka, nomanya omuniniro ry'orubazo rwonkubaza","If you ever learned a new language, you know the thrill of your first real conservation."
"kakuba wali orulimi oyegereho oruhyaka, nomanya omuniniro ry'orubazo rwonkubaza","If you ever learned a new language, you know the thrill of your first real conservation."
"orayega orulimi oruhyaka, noija okumanya omuniniro gwokubaza orubazo rwokubanza","If you will ever learn a new language, know the thrill of your first real conservation."
"kakuba orayega orulimi oruhyaka, noija okumanya omuniniro orubazo gwokubaza rwokubanza","If you will ever learn a new language, you know the thrill of your first real conservation."
"kakuba oba yagegereho orulimi oruhyaka, nomanya ry'okubaza orubazo rwonkubaza","If you have ever learned a new language, you know the thrill of your first real conservation."
"kakuba oba yagegereho orulimi nomanya oruhyaka, omuniniro ry'okubaza orubazo rwonkubaza","If you have ever learned a new language, you know the thrill of your first real conservation."
Ekitongole nikitendeka bomukucweeka habwebyokulima ebirukwikaraho.,environmental organization is training community members in sustainable agriculture
Ekitongole ky'ebitwehinguliriize abantu nikitendeka bomukucweeka habwebyokulima ebirukwikaraho.,The environmental organization is training community members in sustainable agriculture
ekitongole ky'ebyobuhangwa kyegeseze omukulima n'okulisa okwokwebaisaho,The environmental organization trained community in sustainable
ky'ebyobuhangwa ekitongole kyegeseze abantu omukulima n'okulisa okwokwebaisaho,The environmental organization trained community members in sustainable agriculture
ekitongole ky'ebyobuhangwa nikija okwegesa abantu okulima n'okulisa okwokwebaisaho,The environmental organization will train community members in sustainable agriculture
ekitongole nikija ky'ebyobuhangwa okwegesa abantu okulima n'okulisa okwokwebaisaho,The environmental organization will train community members in sustainable agriculture
ekitongole ky'ebyobuhngwa kyegeseze abantu okulima n'okulisa okwokwebaisaho,The environmental organization has trained members in sustainable
ekitongole ky'ebyobuhngwa abantu kyegeseze okulima n'okulisa okwokwebaisaho,The environmental organization has trained community members in sustainable agriculture
buli kiro kyoona nyega ekintu kuruga omubaana bange mbe nigonza rundi tinkugonza,I learn something from my children every single day—whether I want to not.
buli kiro nyega kyoona ekintu kuruga omubaana bange mbe nigonza rundi tinkugonza,I learn something from my children every single day—whether I want to or not.
nkega ekintu kuruga hali abaana bange bulikiro- oba ninyenda obu tiwenda,I learned something from my children every single day — whether I want to or not.
nkega ekintu kuruga hali abaana bulikiro- bange oba ninyenda obu tiwenda,I learned something from my children every single day — whether I want to or not.
ninyija okwaga ekintu kuruga abaana bange bulikiro- ninyenda obu tinkwenda,I will learn something from my every single day — whether I want to or
ninyija okwaga ekintu kuruga hali abaana bange bulikiro- ninyenda tinkwenda obu,I will learn something from my children every single day — whether I want to or not.
nyegere ekintu kuruga hali abaana bange bulikiro- oba ninyenda oba,I have learned something from my children every single day — whether I want to or not.
nyegere ekintu kuruga hali bange abaana bulikiro- oba ninyenda oba tikwenda,I have learned something from my children every single day — whether I want to or not.
kwikarra kurungi n'okwemerra kurungi nukwe omugongo guleke kusasa.,You should practice good posture to prevent back pain.
Osemerire kwikarra kurungi n'okwemerra kurungi nukwe omugongo kusasa. guleke,You should practice good posture to prevent back pain.
oine enyikara enungi okutangira okurumwa omugongo,You should practice good posture prevent pain.
oine enyikara okweyegesa enungi okutangira okurumwa omugongo,You should practice good posture to prevent back pain.
okwetagisibwa okweyegesa enyikara enungi okutangira okurumwa omugongo,You will practice good to prevent back pain.
noija okwetagisibwa okweyegesa enyikara enungi okurumwa okutangira omugongo,You will shall practice good posture to prevent back pain.
wandi yegeseze okwikara kurungi okutangira okurumwa ky'omugongo,You have should practice good posture to prevent back pain.
wandi yegeseze okwikara kurungi okurumwa okutangira ky'omugongo,You have should practice good posture to prevent back pain.
nkozesa akabara omukutegekera ebyokubyara ensimbi,I use a financial calculator to plan investments.
nkozesa Nyowe akooma akabara omukutegekera ebyokubyara ensimbi,I use a financial calculator to plan investments.
nkakozesa kaliculeta ya abekento okutekaniza nambere okusiga sente zange,I used a financial calculator to plan investments.
nkakozesa kaliculeta ya abekento okutekaniza nambere nkugenda okusiga zange sente,I used a financial calculator to plan investments.
ninyija okukozesa ya abekento nambere nkugenda okusiga sente zange,I will use a financial calculator to plan investments.
ninyija okukozesa kaliculeta ya abekento okutekaniza nambere nkugenda sente okusiga zange,I will use a financial calculator to plan investments.
nkozeseze kaliculeta ya abekento okutekaniza nambere nkugenda okusiga sente zange,I have used a financial calculator to investments.
nkozeseze kaliculeta ya abekento okutekaniza nambere nkugenda okusiga zange sente,I have used a financial calculator to plan investments.
ijo obupangisa nkasasura bwange,I paid my taxes on time yesterday.
nsasura omusoro ijo omubwire,I pay my taxes on time yesterday.
ninyi okusasura omusoro omubwire ijo,I will pay my on time yesterday.
okusasura ninyi omusoro omubwire ijo,I will pay my taxes on time yesterday.
nsaswire omubwire omusoro ijo,I have paid my taxes on time yesterday.
Omurufikiriza enzarwa yabanuga okwaruya emizimu.,Traditional religion included ancestor veneration.
Omurufikiriza enzarwa okwaruya yabanuga emizimu.,Traditional religion included ancestor veneration.
enyikiriza y'obuhangwa ekaba erumu bainsekuru abebika,Traditional religion included ancestor veneration.
enyikiriza y'obuhangwa ekaba erumu abebika bainsekuru,Traditional religion included ancestor veneration.
enyikiriza y'obuhangwa nija okubamu bainsenkuru abebika,Traditional will include ancestor veneration.
enyikiriza y'obuhangwa nija okubamu abebika bainsenkuru,Traditional religion will include ancestor veneration.
enyikiriza y'obuhangwa ebairemu bainsekuru abebika,Traditional religion has included ancestor veneration.
enyikiriza y'obuhangwa bainsekuru ebairemu abebika,Traditional religion has included ancestor veneration.
Ekiro ekyaijo omuzini atoridogoroire ebyabaire omubulemu obwajurure obukama.,The praise singer told the story of the battle that saved the kingdom yesterday.
Ekiro ekyaijo omuzini atoridogoroire omubulemu ebyabaire obwajurure obukama.,The praise singer told the story of the battle that saved the kingdom yesterday.
omuzini w'okutendereza agambire oruganikyo ry'orutaro orwajunire obukama ijo,The praise singer tells the story of the battle that saved the kingdom yesterday.
omuzini w'okutendereza agambire oruganikyo ry'orutaro orwajunire ijo obukama,The praise singer tells the story of the battle that saved the kingdom yesterday.
omuzini w'okutendereza naija okugamba oruganikyo ry'orutara orwajunire ijo,praise singer will tell the of the battle that saved the kingdom yesterday.
omuzini w'okutendereza naija okugamba oruganikyo ry'orutara obukama orwajunire ijo,The praise singer will tell the story of the battle that saved the kingdom yesterday.
omuzini w'okutendereza agambirege ry'orutaro obukama ijo,The praise singer has told the story of the battle that saved the kingdom yesterday.
w'okutendereza omuzini agambirege oruganikyo ry'orutaro orwajunire obukama ijo,The praise singer has told the story of the battle that saved the kingdom yesterday.
itwe tucweraho omwegi wobwongo bwa .,We offer student discounts on software.
itwe tucweraho hali omwegi wobwongo bwa . kalimagezi,We offer student discounts on software.
tukaha kw'emihendo hali abaana hali byakalimagezi,We offered student discounts on software.
tukaha kw'emihendo okukehebwaho hali abaana hali byakalimagezi,We offered student discounts on software.
nitwija okuha okukehebwaho kwemihendo hali abaana abakalimagezi,We will offer student discounts on software.
nitwija okuha okukehebwaho hali kwemihendo abaana abakalimagezi,We will offer student discounts on software.
tukaha abaana okukehebwaho kwemihendo hali abaana abakalimagezi,We have offered student discounts on
tukaha okukehebwaho abaana kwemihendo hali abaana abakalimagezi,We have offered student discounts on software.
Obworaba okaba orarairehonosoma ekitabu obwire bwoona obwekiro otabyamire ( OTAAIREHO ORUKOHI) nosemerra kuba nomanya OBUNUZI -bw'okwega.,"If you've ever stayed up all night reading a book you couldn't put it down, you know real learning."
Obworaba orarairehonosoma okaba ekitabu obwire bwoona obwekiro otabyamire ( OTAAIREHO ORUKOHI) nosemerra kuba nomanya OBUNUZI -bw'okwega.,"If you've ever stayed up all night reading a book because you couldn't put it down, you know real learning."
"kakuba wagumire norora ekiro kyona nosoma ekitabu habwokuba okaba otakukita hansi, nomanya okusoma kwenyini",If you ever stayed up all night reading a book because you couldn't put you know real learning.
"kakuba wagumire norora ekiro kyona nosoma ekitabu habwokuba okaba hansi, otakukita nomanya okusoma kwenyini","If you ever stayed up all night reading a book because you couldn't put it down, you know real learning."
"kakuba noija okumara ekiro kyona norora nosoma ekitabu habwokuba okaba otakukita hansi, nomanya okusoma kwenyini","If will ever stay up all night reading a book you couldn't put it down, you know real learning."
"kakuba okumara noija ekiro kyona norora nosoma ekitabu habwokuba okaba otakukita hansi, nomanya okusoma kwenyini","If you will ever stay up all night reading a book because you couldn't put it down, you know real learning."
"kakuba omazire ekiro kyona norora nosoma ekitabu habwokuba okaba otakukita hansi, nomanya okusoma kwenyini","If have ever stayed up all night reading a book because you couldn't put it down, know real learning."
"kakuba omazire kyona ekiro norora nosoma ekitabu habwokuba okaba otakukita hansi, nomanya okusoma kwenyini","If you have ever stayed up all night reading a book because you couldn't put it down, you know real learning."
abe bya sayansa babaire oburungi bworwoya obubamazi kwerenga orulengo rwakabi,The scientists were monitoring air quality when they detected dangerous levels of pollution.
abe bya sayansa babaire rubekebiya oburungi obubamazi bworwoya kwerenga orulengo rwakabi,The scientists were monitoring air quality when they detected dangerous levels of pollution.
abaseruzi bahondera embera y'omuyaga obubazora orulengo rw'akabi ry'okutokora,The scientists monitor quality when they detected levels of pollution.
abaseruzi bahondera embera y'omuyaga obubazora rw'akabi orulengo ry'okutokora,The scientists monitor air quality when they detected dangerous levels of pollution.
abaserurizi nibaija okuhondera embera y'omuyaga obubazora orulengo rw'akabi ry'okutokora,The scientists will air quality when they detected dangerous levels of pollution.
abaserurizi nibaija okuhondera embera obubazora y'omuyaga orulengo rw'akabi ry'okutokora,The scientists will monitor air quality when they detected dangerous levels of pollution.
abaserurizi bahondire embera y'omuyaga obubazora orulengo rw'akabi ry'okutokora,The scientists have monitored air quality when they detected dangerous levels of pollution.
abaserurizi bahondire y'omuyaga embera obubazora orulengo rw'akabi ry'okutokora,The scientists have monitored air quality when they detected dangerous levels of pollution.
Akabagambira nkoku yarozire ekyererezi kyembaganiza.,He reported seeing a strange light.
Akabagambira nkoku yarozire kyembaganiza. ekyererezi,He reported seeing a strange light.
naija okurora ekyatakaroraga ekyererezi,He will see a strange light.
Okehutaaza ha ota kuju?,How did you injure your knee?
kwawe okuju okuhutaize ota?,How did you injure your knee?
okuju kwawe okukuhutaza ota?,How do you injure your knee?
okuju kwawe noija ota? okukuhutaza,How will do you injure your knee?
kwawe okuju kuhutairege ota?,How has done you injure your knee?
Owaise nyowe abaire nayega orulimi orwensita orwabafumu.,My cousin had been learning the secret language of the healers.
Owaise nyowe nayega abaire orulimi orwensita orwabafumu.,My cousin had been learning the secret language of the healers.
omwaana wa isento nyowe ayegere orulimi orwensita orw'abakiza,My cousin learns the secret language of the healers.
omwaana isento wa nyowe ayegere orulimi orwensita orw'abakiza,My cousin learns the secret language of the healers.
wa isento nyowe naija okwega orulimi rwensita orw'abakiza,cousin will learn the secret of the healers.
wa omwaana isento nyowe naija okwega orulimi rwensita orw'abakiza,My cousin will learn the secret language of the healers.
omwaana wa isento nyowe ayegere orulimi orwensita orw'abakiza,My cousin has learned the secret language of the healers.
omwaana wa nyowe isento ayegere orulimi orwensita orw'abakiza,My cousin has learned the secret language of the healers.
Ekingonza muno mumikoro ekicweka kyabuli omu kumalirra hansi hamu.,My favorite part of any celebration is the moment when everyone finally sits down together.
Ekingonza muno ekicweka mumikoro kyabuli omu kumalirra aikahire hansi hamu.,My favorite part of any celebration is the moment when everyone finally sits down together.
ekicweka ekikyasingireyo okunyumira omukujaguza kwona kali akasumi nambere buliomu aikara hansi bonahamu,My favorite part of any celebration was the moment when everyone finally sits down together.
ekicweka ekikyasingireyo okunyumira omukujaguza kwona akasumi kali nambere buliomu aikara hansi bonahamu,My favorite part of any celebration was the moment when everyone finally sits down together.
ekicweka ekikyasingireyo okunyumira omukijaguzo kyona nikija okuba akasumi nambere buliomu yaikalire hansi bonahamu,My favorite part of any celebration will be the moment when everyone finally sits down together.
ekicweka ekikyasingireyo okunyumira omukijaguzo kyona nikija okuba akasumi nambere buliomu hansi yaikalire bonahamu,My favorite part of any celebration will be the moment when everyone finally sits down together.
ekicweka ekikyasingireyo okunyumira omukijaguzo kyona kibaire akasumi nambere buliomu wena yaikalire hansi bonahamu,My favorite part of any celebration has been the moment when everyone finally sits down together.
ekicweka ekikyasingireyo okunyumira omukijaguzo kyona kibaire nambere akasumi buliomu wena yaikalire hansi bonahamu,My favorite part of any celebration has been the moment when everyone finally sits down together.
Tuhemba emisimao kwijuka baisenkuru tugambira abaana baitu ebikubakwataho.,We light candle for our ancestors and tell their stories to our children.
Tuhemba kwijuka emisimao baisenkuru itwe kandi tugambira abaana baitu ebikubakwataho.,We light a candle for our ancestors and tell their stories to our children.
tukahemba kando habwa baisenkuru itwe kandi tugabere enganikyo zabo hali abaana baitu,We lit a candle for our ancestors and tell their stories to children.
tukahemba kando habwa baisenkuru itwe kandi tugabere enganikyo zabo abaana hali baitu,We lit a candle for our ancestors and tell their stories to our children.
nitwija okuhemba kando hali baisenkurur baitu kandi tugambire enganikyo zabo hali abaana,We will light a candle for our ancestors and tell their stories to our children.
okuhemba nitwija kando hali baisenkurur baitu kandi tugambire enganikyo zabo hali abaana baitu,We will light a candle for our ancestors and tell their stories to our children.
tuhembere kando hali bainsekuru baitu kandi tugambire enganikyo zabo hali abaana baitu,We lighted a candle for our ancestors and tell their stories to our
tuhembere kando hali bainsekuru kandi baitu tugambire enganikyo zabo hali abaana baitu,We have lighted a candle for our ancestors and tell their stories to our children.
Itwe nitwiija okujaguza amagesa oburumu ebyokulya byona ebitulimire.,will celebrate the harvest with a feast that includes all food we have grown.
Itwe nitwiija okujaguza amagesa nibuyenyi ebyokulya oburumu byona ebitulimire.,We will celebrate the harvest with a feast that includes all the food we have grown.
tukajaguza amagesa n'ekihuro ekikaba kirumu ebyokulya bwona ebitwalimire,We celebrate the harvest with a feast that includes all the food we have grown.
tukajaguza amagesa n'ekihuro ekikaba kirumu bwona ebyokulya ebitwalimire,We celebrate the harvest with a feast that includes all the food we have grown.
tujaguza amagesa n'ekihuro ekiba kirumu ebyokulya byona ebitwalimire,We celebrated the harvest with a feast that includes all the food we have grown.
tujaguza amagesa n'ekihuro kirumu ekiba ebyokulya byona ebitwalimire,We celebrated the harvest with a feast that includes all the food we have grown.
tujagwize amagesa n'ekihuro ekikaba kirumu ebyokulya byona ebitwalimire,We have celebrated the harvest with a feast that includes all the food we have grown.
tujagwize n'ekihuro amagesa ekikaba kirumu ebyokulya byona ebitwalimire,We have celebrated the harvest with a feast that includes all the food we have grown.
engo rwa america akatemba omuli yalindiirra ekyokulya kiyaa hansi,The jaguar climbed the tree waited for its prey below.
engo rwa america akatemba yalindiirra omuli ekyokulya kiyaa hansi,The jaguar climbed the tree and waited for its prey below.
ekisuzi kikatemba omuti kandi kyalinda ebyokulya hansi,The jaguar climbed the tree and waited for its prey below.
ekisuzi kikatemba omuti kandi ebyokulya kyalinda hansi,The jaguar climbed the tree and waited for its prey below.
ekisuzi nikija okutemba omuti kandi kirinde ebyokulya hansi,The jaguar climb waited for its prey below.
ekisuzi nikija okutemba omuti kandi kirinde hansi ebyokulya,The jaguar will climb the tree and waited for its prey below.
ekisuzi kitembere omuti kandi kirinzire ebyokulya hansi,The jaguar climbed the tree and waited for its prey below.
ekisuzi kitembere omuti kandi ebyokulya kirinzire hansi,The jaguar has climbed the tree and waited for its prey below.
"Ebigonzi ebyaleesirwe omusisa ,nekiirro kyahansi y'enyanja bikateera hamyeegeko y'enyanja byaleeta kusisikalirwa kwingi muna.",The tsunami struck the coastline without warning causing destruction.
"Ebigonzi ebyaleesirwe omusisa ,nekiirro y'enyanja kyahansi bikateera hamyeegeko y'enyanja byaleeta kusisikalirwa kwingi muna.","The tsunami struck the coastline without warning , causing massive destruction."
"ebigonzi bikatera omusa gwenyanja gutabandi okutera omuranga, bikaletaho okusisa okwamani","The tsunami struck the coastline without warning, causing massive destruction."
"ebigonzi bikatera omusa gwenyanja gutabandi okutera bikaletaho omuranga, okusisa okwamani","The tsunami struck the coastline without warning, causing massive destruction."
"ebigonzi nigwija okutera omusa gwenyanja gutabandi okutera omuranga, bikaletaho okusisa okwamani","The will strike the coastline without warning, causing massive destruction."
"ebigonzi nigwija okutera omusa gwenyanja gutabandi okutera omuranga, okusisa bikaletaho okwamani","The tsunami will strike the coastline without warning, causing massive destruction."
ebigonzi bitire omusa gwe enyanja gutabandize okutera omuranga,"The has struck the coastline warning, causing massive destruction."
ebigonzi bitire omusa gwe enyanja okutera gutabandize omuranga,"The tsunami has struck the coastline without warning, causing massive destruction."
Okuseruruza okwomwitaka nukuragirra hakaba haroho okusuburra okuruga hamwaro omukooto.,Archaelogical evidence shows trade connections with the coast.
Okuseruruza okwomwitaka nukuragirra hakaba haroho okuruga okusuburra hamwaro omukooto.,Archaelogical evidence shows trade connections with the coast.
oburorwaho by'ebikaro ebyakara bwoleka okukwatagana n'obusubuzi na hamwara,Archaelogical evidenced shows trade connections with the coast.
oburorwaho by'ebikaro bwoleka ebyakara okukwatagana n'obusubuzi na hamwara,Archaelogical evidenced shows trade connections with the coast.
oburorwaho by'ebikaro ebyakara nibija okwoleka enkoragana nahamusa gwenyanja,Archaelogical will evidence shows connections with the coast.
oburorwaho by'ebikaro ebyakara okwoleka nibija enkoragana nahamusa gwenyanja,Archaelogical will evidence shows trade connections with the coast.
oburorwaho by'ebikaro ebyakara byolekere enkoragana nahamusa,Archaelogical has evidenced shows trade connections with the coast.
oburorwaho by'ebikaro ebyakara enkoragana byolekere nahamusa gwenyanja,Archaelogical has evidenced shows trade connections with the coast.
Emibazi eyebisaka nekyakozesibwa hamu emibazi eyebrow binu.,Herbal medicine is widely used alongside modern medicine.
eyebisaka Emibazi nekyakozesibwa hamu emibazi eyebrow binu.,Herbal medicine is widely used alongside modern medicine.
emibazi yebisaka lyali nirikora muno okukira emibazi eyahati,Herbal medicine was widely alongside used modern medicine.
emibazi yebisaka lyali muno nirikora okukira emibazi eyahati,Herbal medicine was widely alongside used modern medicine.
emibazi yebisaka nija okukora muno okukira emibazi eyahati,Herbal medicine will widely alongside be used modern medicine.
emibazi nija yebisaka okukora muno okukira emibazi eyahati,Herbal medicine will widely alongside be used modern medicine.
emibazi yebisaka ebaire nekora muno okusinga emibazi eyahati,Herbal medicine has widely alongside been used modern medicine.
emibazi ebaire yebisaka nekora muno okusinga emibazi eyahati,Herbal medicine has widely alongside been used modern medicine.
Bungereza ekakozesa amaani maingi okumaraho obutigi omubunyoro.,The British used military force to subdue in Bunyoro.
Bungereza ekakozesa maingi amaani okumaraho obutigi omubunyoro.,The British used military force to subdue resistance in Bunyoro.
bakakozesa ekitebe n'amani okumaraho obuhakani omu bunyoro,The British used force to subdue resistance in Bunyoro.
abajungu bakakozesa ekitebe n'amani gamahe obuhakani okumaraho omu bunyoro,The British used military force to subdue resistance in Bunyoro.
abajungu nibaija okukozesa ekitebe n'amani gamahe okumaraho obuhakani omu bunyoro,The British will use military force to subdue resistance in Bunyoro.
abajungu nibaija okukozesa ekitebe n'amani gamahe okumaraho omu obuhakani bunyoro,The British will use military force to subdue resistance in Bunyoro.
abajungu bakozeseze ekitebe n'amani gamahe okumaraho obuhakani omu,The British has used military force to subdue resistance in Bunyoro.
abajungu bakozeseze ekitebe n'amani gamahe okumaraho omu obuhakani bunyoro,The British has used military force to subdue resistance in Bunyoro.
Oburwaire bukatandikira omu katale akarukutundirwamu ebyokulya,The outbreak originated in a wet market.
Oburwaire bukatandikira omu katale akarukutundirwamu ebibisi. ebyokulya,The outbreak originated in a wet market.
okucwekaho kukarugira omubugwa izoba byakatale,The outbreak originated in a wet market.
okucwekaho omubugwa kukarugira izoba byakatale,The outbreak originated in a wet market.
okucwekaho nikwija okurugira omubugwa izoba byakatale,The outbreak will originate in a wet market.
okucwekaho nikwija omubugwa okurugira izoba byakatale,The outbreak will originate in a wet market.
okucwekaho kurugirire omubugwa byakatale,The outbreak has originated in a wet market.
kurugirire okucwekaho omubugwa izoba byakatale,The outbreak has originated in a wet market.
Ira natinaga Ruhanga baitu hati mpumurra omungonzize.,I used to be afraid of God-now I rest in God's love.
Ira Ruhanga natinaga baitu hati mpumurra omungonzize.,I used to be afraid of God-now I rest in God's love.
nkaba nitina ruhanga -hati npumura zaruhanga,I used to be afraid of God-now I rest in God's love.
nkaba nitina -hati ruhanga npumura omungozi zaruhanga,I used to be afraid of God-now I rest in God's love.
ninja kuba nintina ruhanga- hati mpumura omungozi zaruhanga,I will use to be afraid of God-now I rest in God's love.
ninja kuba ruhanga- nintina hati mpumura omungozi zaruhanga,I will use to be afraid of God-now I rest in God's love.
nintina ruhanga - hati mpumura omungozi zaruhanga,I have used to be afraid of God-now I rest God's love.
mbaire nintina - ruhanga hati mpumura omungozi zaruhanga,I have used to be afraid of God-now I rest in God's love.
ngondezege iwe obe wamazima hali nyowe,I needed to be honest with me.
iwe ngondezege obe wamazima hali nyowe,I needed you to be honest with me.
nija kwenda iwe obe wamazima hali nyowe,I will need to be honest with me.
nija iwe kwenda obe wamazima hali nyowe,I will need you to be honest with me.
nyikaire ninyenda iwe obe wamazima hali nyowe,I have needed you to be honest with me.
nyikaire iwe ninyenda obe wamazima hali nyowe,I have needed you to be honest with me.
"Nkarora ebirukuhuniriza omukusaba okwokukizas,emibazi",I've seen miracles of healing that medicine could'nt explain.
"Nkarora ebirukuhuniriza okwokukizas,emibazi omukusaba ekyetarukusaborra.",I've seen miracles of healing that medicine could'nt explain.
ndozirege ebyamahano by'okukiza omubazi ogu gutasobara okusoborra,I saw miracles of healing that medicine could'nt explain.
ndozirege ebyamahano by'okukiza omubazi ogu okusoborra gutasobara,I saw miracles of healing that medicine could'nt explain.
ninyija okurora ebyamahano by'okukiza omubazi ogu gutasobora okusoborra,I will miracles of healing that medicine could'nt explain.
ninyija okurora ebyamahano by'okukiza ogu omubazi gutasobora okusoborra,I will see miracles of healing that medicine could'nt explain.
ndozire ebyamahano byokukiza omubazi ogu gutasobora okusoborra,I have seen miracles of healing that medicine could'nt explain.
ndozire ebyamahano byokukiza omubazi gutasobora ogu okusoborra,I have seen miracles of healing that medicine could'nt explain.
"Obworaaba otarukugumya kurung muhanda orukutoma , kyawe wenka na abantu abandi baingi nabo nuko bali bati.","If you're unsure about your path, that's okay—most people are."
"otarukugumya Obworaaba kurung muhanda orukutoma , tikiri kyawe wenka na abantu abandi baingi nabo nuko bali bati.","If you're unsure about your path, that's okay—most people are."
"kakuba okaba otakwesiga omuhanda gwawe, tikine buzibu- abantu bali","If you was unsure about your path, that's okay — most people are."
"kakuba okaba otakwesiga omuhanda gwawe, tikine abantu buzibu- abakusinga bali","If you was unsure about your path, that's okay — most people are."
"kakuba noija okutesiga omuhanda gwawe, tikine buzibu- abantu abakusinga bali","If you will be about path, that's okay — most people are."
"kakuba noija okutesiga omuhanda gwawe, buzibu- tikine abantu abakusinga bali","If you will be unsure about your path, that's okay — most people are."
"kakuba oba otakwesiga omuhanda gwawe, tikine buzibu- abantu abakusinga bali","If you have been unsure about path, that's okay — most people are."
"kakuba oba otakwesiga gwawe, omuhanda tikine buzibu- abantu abakusinga bali","If you have been unsure about your path, that's okay — most people are."
obwenzaarwa kwainganizaaga okugonza okutali kumu.,Traditional political systems balanced various interests.
Obuleemi obwenzaarwa okugonza kwainganizaaga okutali kumu.,Traditional political systems balanced various interests.
obutegeki bwendema y'obuhangwa ekaba ninganiza ebintu ebyomugaso,Traditional systems balanced various
obutegeki bwendema y'obuhangwa ekaba ebintu ninganiza ebyomugaso,Traditional political systems balanced various interests.
obutegeki bwendema y'obuhangwa okwinganiza ebintu ebyomugaso,Traditional political systems will balance various interests.
bwendema obutegeki y'obuhangwa nibwija okwinganiza ebintu ebyomugaso,Traditional political systems will balance various interests.
obutegeki bwendema y'obuhangwa bwinganize ebintu ebyomugaso,Traditional political systems have balanced various interests.
obutegeki y'obuhangwa bwendema bwinganize ebintu ebyomugaso,Traditional political systems have balanced various interests.
"Ha kitebe kyebyenyegesa habwebitwehiliriize, basomeseze enkumi z'abasomsa hamitwe y'ebintu ebitwehinguliriize.",The environmental education center has trained thousands of teachers in environmental topics.
"Ha kitebe kyebyenyegesa habwebitwehiliriize, basomeseze enkumi hamitwe z'abasomsa y'ebintu ebitwehinguliriize.",The environmental education center has trained thousands of teachers in environmental topics.
ekicweka kyenyegesa ey'obuhangwa kyegesa nekumi zabasomesa omubicweka by'obuhangwa,The environmental center trains thousands of teachers in environmental topics.
ekicweka kyenyegesa ey'obuhangwa ekumi kyegesa nekumi zabasomesa omubicweka by'obuhangwa,The environmental education center trains thousands of teachers in environmental topics.
ekicweka kyenyegesa ey'obuhangwa kyegeseze ekumi nenkumi zabasomesa omubicweka by'obuhangwa,education center trained thousands of teachers in environmental topics.
ekicweka kyenyegesa ey'obuhangwa kyegeseze ekumi zabasomesa nenkumi omubicweka by'obuhangwa,The environmental education center trained thousands of teachers in environmental topics.
kyenygesa nikija okusomesa ekumi zabasomesa omubicweka by'obuhangwa,The environmental education center will train thousands of teachers in environmental topics.
ekicweka kyenygesa ey'obuhangwa nikija okusomesa ekumi nekumi omubicweka zabasomesa by'obuhangwa,The environmental education center will train thousands of teachers in environmental topics.
ekyomumaizi rwakaako kikafuuha amaizi namaani kulinda omwaanya gwaakyo hamusa,The elephant seal bellowed loudly to defend its territory on the beach.
ekyomumaizi rwakaako kikafuuha amaizi namaani kulinda gwaakyo omwaanya hamusa,The elephant seal bellowed loudly to defend its territory on the beach.
enjojo ekaboroga niraka eryahaguru okulinda esarosaro zayo hamaizi,The elephant seal bellowed to defend its on beach.
enjojo ekaboroga niraka eryahaguru okulinda zayo esarosaro hamaizi,The elephant seal loudly bellowed to defend its territory on the beach.
enjojo okuboroga eryahaiguru okulinda ensarosaro zayo ahamaizi,The elephant seal will loudly bellow to defend its territory on the beach.
nija enjojo okuboroga niraka eryahaiguru okulinda ensarosaro zayo ahamaizi,The elephant seal will loudly bellow to defend its territory on the beach.
enjojo eborogere niraka eryahaguru okulinda esarosaro zayo ahamaizi,The elephant seal has loudly bellowed to defend its territory on the beach.
enjojo eborogere niraka eryahaguru esarosaro okulinda zayo ahamaizi,The elephant seal has loudly bellowed to defend its territory on the beach.
encu nyakitoito rwebiriisa zikerwanda kuburangaruza encu enkooto,The sardines packed together tightly confuse the larger fish.
encu nyakitoito rwebiriisa hamu zikerwanda kuburangaruza encu enkooto,The sardines packed together tightly to confuse the larger fish.
mukene zona zikekwata hamu okuburanganiza esamaki enkoto,The sardines tightly packed to confuse the fish.
mukene zona zikekwata hamu esamaki okuburanganiza enkoto,The sardines together tightly packed to confuse the larger fish.
mukene nizija okwesora zona okuburanganiza esamaki ekontu,The sardines will together tightly pack to confuse the larger fish.
mukene nizija okwesora hamu zona esamaki okuburanganiza ekontu,The sardines will together tightly pack to confuse the larger fish.
zesoroize hamu zona okuburanganiza esamaki enkoto,The sardines have together tightly packed to confuse the larger fish.
zesoroize mukene hamu zona okuburanganiza esamaki enkoto,The sardines have together tightly packed to confuse the larger fish.
Abasungi esimu zaaba baziimukize nukwo bakwaate amaraka 'ebirukukorra.,The audience is holding up their phones to record the performance.
Abasungi zaaba esimu baziimukize nukwo bakwaate amaraka 'ebirukukorra.,The audience is holding up their phones to record the performance.
ekitebe kyabntu kikaihayo amasimu gabo obutambi bw'omwolekyo,The audience held up their phones to record the performance.
ekitebe kyabntu amasimu kikaihayo gabo okukwata obutambi bw'omwolekyo,The audience held up their phones to record the performance.
kyabantu nikija okukwihayo amasimu obutambi bw'omwolekyo,The audience will hold up their phones to record the performance.
ekitebe kyabantu nikija okukwihayo amasimu okukwata gabo obutambi bw'omwolekyo,The audience will hold up their phones to record the performance.
ekitebe kyabantu kihireyo amasimu gabo okukwata obutambi bw'omwolekyo,audience has up their phones to record the performance.
ekitebe kyabantu kihireyo gabo amasimu okukwata obutambi bw'omwolekyo,The audience has held up their phones to record the performance.
ayangambire akaba wawe,The one who told me was your brother.
akaba ayangambire mugenzi wawe omwi,The one who told me was your brother.
owuyangambire akaba mugenzi omwojo,The one who told me was your brother.
akaba owuyangambire mugenzi wawe omwojo,The one who told me was your brother.
arukwija okungambira okuba mugenzi omwojo,The one who will tell me was your brother.
arukwija okungambira naija okuba mugenzi omwojo wawe,The one who will tell me was your brother.
agambire abaire mugenzi wawe omwojo,The one who has told me was your brother.
agambire abaire mugenzi omwojo wawe,The one who has told me was your brother.
omwehanahangi naija kuteera ekisisani nyamugundu ha kisiika kyisomero sabiiti erukwija,The artist will paint a mural on the school wall next week.
omwehanahangi naija kuteera ekisisani nyamugundu ha kisiika kyisomero erukwija sabiiti,The artist will paint a mural on the school wall next week.
omusigi asigire ekisisani hakisika kisomero wiiki erukwija,The artist paints a mural on the school wall next week.
asigire omusigi ekisisani hakisika kisomero wiiki erukwija,The artist paints a mural on the school wall next week.
omusigi akasiga ekisisani hakisika kisomero wiiki erukwija,The artist painted a mural on the school wall
omusigi akasiga ekisisani hakisika kisomero erukwija wiiki,The artist painted a mural on the school wall next week.
omusigi asigire ekisisani hakisika wiiki erukwija,The artist painted a mural on the school wall next week.
omusigi asigire ekisisani kisomero hakisika wiiki erukwija,The artist has painted a mural on the school wall next week.
enyugunyu Akacweka obu yagwire.,She suffered a fractured hip in the fall.
akabonabona nigufwa ly'enyugunyu eryahendekere omukugwa,She suffered a fractured hip in the fall.
akabonabona nigufwa eryahendekere ly'enyugunyu omukugwa,She suffered a fractured hip in the fall.
okubonabona nigufwa eryahendekere,She will suffer a fractured hip in the fall.
naija nigufwa okubonabona ly'enyugunyu eryahendekere omukugwa,She will suffer a fractured hip in the fall.
aboineboine nigufwa ly'enyugunyu eryahendekere omukugwa,She has suffered a fractured hip the fall.
aboineboine nigufwa eryahendekere ly'enyugunyu omukugwa,She has suffered a fractured hip in the fall.
Ibara ly'omurwani ayalinzire ekyaro kyaitu nitwija kuliruka mutabani waitu.,We will name our son after the warrior who protected our village.
Ibara ayalinzire ly'omurwani ekyaro kyaitu nitwija kuliruka mutabani waitu.,We will name our son after the warrior who protected our village.
tukaruka ebira omwana waitu hanyuma y'emanzi eyalinzire ekyaro kyaitu,We our son after the warrior who protected our village.
tukaruka ebira waitu omwana hanyuma y'emanzi eyalinzire ekyaro kyaitu,We name our son after the warrior who protected our village.
turukire ebira omwana waitu hanyuma y'emanzi eyalinzire ekyaro kayaitu,We named our son after the warrior who protected our village.
turukire ebira omwana waitu hanyuma y'emanzi ekyaro eyalinzire kayaitu,We named our son after the warrior who protected our village.
turukire omwana waitu hanyuma y'emanzi eyalinzire ekyaro kyatu,We have named our after the warrior who protected our village.
turukire omwana waitu y'emanzi hanyuma eyalinzire ekyaro kyatu,We have named our son after the warrior who protected our village.
"Obu oraaba wakasindikaga obutamwa otakigreriire ha muntu ou atali nuwe, ku kana okwahonaaho.",If you've ever accidentally sent a to the wrong person . you know that immediate panic.
"Obu oraaba wakasindikaga obutamwa otakigreriire ha muntu ou atali omanyire nuwe, ku kana okwahonaaho.",If you've ever accidentally sent a text to the wrong person . you know that immediate panic.
kakuba oba osindikire hali omuntu atli nuwe otakigenderire. Nomanya ebikaratima byahonaho,If you ever sent a text to the wrong person. you know that immediate panic.
kakuba oba obutumwa osindikire hali omuntu atli nuwe otakigenderire. Nomanya ebikaratima byahonaho,If you ever accidentally sent a text to the wrong person. you know that immediate panic.
kakuba noija okusindika obutumwa hali omuntu atali nuwe otakigenderire. Noija okumanya ebikaratima byahonaho,If you will ever accidentally send a text to the wrong person. you know that immediate panic.
kakuba noija okusindika obutumwa omuntu hali atali nuwe otakigenderire. Noija okumanya ebikaratima byahonaho,If you will ever accidentally send a text to the wrong person. you know that immediate panic.
kakuba obaire osindikire obutumwa hali omuntu atali nuwe Nomanya byahonaho,If you have ever accidentally sent a text to the wrong person. you know that immediate panic.
kakuba obaire osindikire obutumwa hali omuntu atali nuwe otakigenderire. ebikaratima Nomanya byahonaho,If you have ever accidentally sent a text to the wrong person. you know that immediate panic.
Endema eya matwale omu Uganda ekangirirwa ebitongole ebyabantu abatali bamu.,The Uganda faced resistance from various groups.
Endema eya matwale omu Uganda ebitongole ekangirirwa ebyabantu abatali bamu.,The Uganda protectorate faced resistance from various groups.
ekitebbe kya uganda porotekita kikatangatagana okuhakanizibwa kuruga omubitebbe ebindi,The Uganda faced resistance from various groups.
ekitebbe uganda kya porotekita kikatangatagana okuhakanizibwa kuruga omubitebbe ebindi,The Uganda protectorate faced resistance from various groups.
ekitebbe kya uganda porotekita nikija okutangatangana okuhakanizibwa omubitebbe ebindi,The Uganda protectorate face resistance from various groups.
kya ekitebbe uganda porotekita nikija okutangatangana okuhakanizibwa omubitebbe ebindi,The Uganda protectorate will face resistance from various groups.
kya uganda porotekita kitangatangaine okuhakanizibwa hali ebindi,The Uganda protectorate faced resistance from various groups.
kya ekitebbe uganda porotekita kitangatangaine okuhakanizibwa hali ebitebbe ebindi,The Uganda protectorate has faced resistance from various groups.
"kurora enyuma , nibwe nakikiriize ngu niko buli kintu kyona obukyahindukire.","looking back, i realize that was the moment everything changed."
"kurora , enyuma nibwe nakikiriize ngu niko buli kintu kyona obukyahindukire.","looking back, i realize that was the moment everything changed."
"obu ndora enyuma, nyetegereza ngu akokali kasumi nabere bulikimu kikahinduka","Back looks, i realize that was the moment everything changed."
"obu ndora enyuma, nyetegereza akokali ngu kasumi nabere bulikimu kikahinduka","Back looks, i realize that was the moment everything changed."
"ninyija enyuma, nyetegereza nti akokali kasumi nambere bulikimu kyahindukire","Will back look, i realize was the moment everything changed."
"ninyija okurora enyuma, nyetegereza akokali nti kasumi nambere bulikimu kyahindukire","Will back look, i realize that was the moment everything changed."
"ndozirege enyuma, kandi nayetegeraza akasumi nambere bulikimu kyahindukire","Has back looked, realize that was the moment everything changed."
"ndozirege kandi enyuma, nayetegeraza akasumi nambere bulikimu kyahindukire","Has back looked, i realize that was the moment everything changed."
akatebe akobutale nikecencura omubintu ebibyarwe,The marketing team is analyzing the return on investment of campaigns.
akatebe akobutale nikecencura ebirugire ebibyarwe omubintu,The marketing team is analyzing the return on investment of campaigns.
ekitebe ky'bakitunzi kikececura amagoba gakapuni,The marketing team the return on investment of campaigns.
ekitebe kikececura ky'bakitunzi amagoba gakapuni,The marketing team analyzed the return on investment of campaigns.
ekitebe kyabakituzi nikija okwececura amagoba gakampuni,The marketing team will analyze the return on investment of campaigns.
ekitebe kyabakituzi nikija okwececura gakampuni amagoba,The marketing team will analyze the return on investment of campaigns.
ekitebe kyabakituzi kyecwecwire amagoba gakampuni,The marketing team has analyzed the return on investment of campaigns.
kyabakituzi ekitebe kyecwecwire amagoba gakampuni,The marketing team has analyzed the return on investment of campaigns.
Omusaija asaswire ibanja eryomusimbo.,He has paid off his mortgage.
Omusaija asaswire yamarayo eryomusimbo. ibanja,He has paid off his mortgage.
okusasura naija ibanja lyabanka,He will pay off his mortgage.
Ebikaguzo ebinyina hati bihamire kukira ebyokugarukamu ebinkaba nyina kara.,The questions i have now are deeper than the answers i had before.
Ebikaguzo ebinyina hati bihamire kukira ebyokugarukamu nyina ebinkaba kara.,The questions i have now are deeper than the answers i had before.
ebikaguzo hati byali byenziha okukira e bigarukwamu ebinkaba nyine hanyuma,The questions were now deeper than the answers i had before.
ebikaguzo hati byali byenziha e okukira bigarukwamu ebinkaba nyine hanyuma,The questions were now deeper than the answers i had before.
ebikaguzo nibija byenziha okukira ebigarukwamu ebinkaba nyine hanyuma,The questions will now be deeper than the answers i had before.
ebikaguzo nibija okuba byenziha ebigarukwamu okukira ebinkaba nyine hanyuma,The questions will now be deeper than the answers i had before.
ebikaguzo bibare byenziha okukira ebigarukwamu ebinkaba nyine,The questions have now been deeper than the answers i had before.
ebikaguzo bibare byenziha ebigarukwamu okukira ebinkaba nyine,The questions have now been deeper than the answers i had before.
Endagaano eya Uganda ay 1900 ekyali y'omugaso.,The Uganda Agreement of 1900 remains historically significant.
Endagaano eya ay Uganda 1900 ekyali y'omugaso.,The Uganda Agreement of 1900 remains historically significant.
endagano ya uganda ey'omwaka gwa ekasigara nkekyafayo kyamani,The Uganda Agreement 1900 remained historically significant.
endagano ya uganda ey'omwaka gwa 1900 ekasigara kyamani nkekyafayo,The Uganda Agreement of 1900 remained historically significant.
endagano ya uganda ey'omwaka gwa 1900 nija okusigara kyafayo kyamani,The Uganda Agreement of 1900 will remain historically significant.
endagano ya uganda gwa ey'omwaka 1900 nija okusigara kyafayo kyamani,The Uganda Agreement of 1900 will remain historically significant.
endagano ya uganda ey'omwaka gwa 1900 esigaire kyamani,The Uganda Agreement of 1900 has remained historically significant.
endagano ya uganda gwa ey'omwaka 1900 esigaire kyafayo kyamani,The Uganda Agreement of 1900 has remained historically significant.
"Ebirimwa ebibalima kulinda itaka kutatwarwa omugezi, omuyaga orwezo.",Cover crops protect soil from erosion.
"Ebirimwa ebibalima kulinda itaka omugezi, kutatwarwa omuyaga nokuletamu orwezo.",Cover crops protect soil from erosion.
ebirimwa ebisweka bitangira okutwarwa kwitaka,Cover crops protected soil from erosion.
ebisweka ebirimwa ita bitangira okutwarwa kwitaka,Cover crops protected soil from erosion.
ebirimwa ebisweka ita nibija okutangira okutwarwa kwitaka,Cover crops will protect soil from erosion.
ebirimwa ebisweka ita okutangira nibija okutwarwa kwitaka,Cover crops will protect soil from erosion.
ebisweka ita birinzire okutwarwa kwitaka,Cover crops have protected soil from erosion.
ebisweka ebirimwa ita birinzire okutwarwa kwitaka,Cover crops have protected soil from erosion.
omwana omwihanga erindi-kataito baitu nikoleka embaganiza.,sponsor a child in another country-it's a small way to make a difference.
omwana Mpererra omwihanga erindi-kataito baitu nikoleka embaganiza.,I sponsor a child in another country-it's a small way to make a difference.
enkasagika omwana omwihanga elindi- guli omutaito okukora embaganiza,I sponsored a child in another country-it's a small way to make a difference.
enkasagika omwana omwihanga elindi- omulingo guli omutaito okukora embaganiza,I sponsored a child in another country-it's a small way to make a difference.
ninyija okusagika omwana omwihanga erindi- nigwija okuba omutaito okukora embaganiza,I will sponsor a child in another a small way to make a difference.
ninyija okusagika omwana omwihanga erindi- nigwija okuba omulingo okukora omutaito embaganiza,I will sponsor a child in another country-it's a small way to make a difference.
nsagikire owmana omwihanga erindi- kirri ngu mulingo omutaito okukora embaganiza,I have sponsored a child in another a small way make a difference.
nsagikire owmana erindi- omwihanga kirri ngu mulingo omutaito okukora embaganiza,I have sponsored a child in another country-it's a small way to make a difference.
Abantu bakuru tubaramukya nekitiniisa habwokuba betwekere amagezi agaira.,We greet the elders with respect because they carry the of the past.
bakuru Abantu tubaramukya nekitiniisa habwokuba betwekere amagezi agaira.,We greet the elders with respect because they carry the wisdom of the past.
tukaramukya abantu abakuru n'ekitinisa habwokuba bahimba amagezi gaira,We greeted the elders with respect because they carry the wisdom of past.
tukaramukya abantu abakuru habwokuba n'ekitinisa bahimba amagezi gaira,We greeted the elders with respect because they carry the wisdom of the past.
nitwija okuramukya abantu abakuru n'ekitinisa habwokuba bahimba amagezi gaira,We will greet the elders with respect they carry the wisdom of the past.
nitwija okuramukya abakuru abantu n'ekitinisa habwokuba bahimba amagezi gaira,We will greet the elders with respect because they carry the wisdom of the past.
turamukize abantu abakuru n'ekitinisa habwokuba bahimba amagezi gaira,We have greeted the with respect because they carry the wisdom of the past.
turamukize abantu abakuru n'ekitinisa habwokuba bahimba gaira amagezi,We have greeted the elders with respect because they carry the wisdom of the past.
"Nsiima Ruhhanga obuba bwizire ntakabyamire , nomubiro ebigumire.","I thank God every night before sleep , even on the hard days."
"Nsiima Ruhhanga obuba ntakabyamire bwizire , nomubiro ebigumire.","I thank God every night before sleep , even on the hard days."
"Nsima ruhanga bulikiro ntakabyamire, ebigumangaine","I thanked God every night before sleep, even the hard days."
"Nsima bulikiro ruhanga ntakabyamire, n'omubiro ebigumangaine","I thanked God every night before sleep, even on the hard days."
"ninyija okusima ruhanga bulikiro ntakabyamire, n'omubiro ebigumangaine","I will thank God every night before sleep, even on the hard days."
"ninyija okusima ruhanga ntakabyamire, bulikiro n'omubiro ebigumangaine","I will thank God every night before sleep, even on the hard days."
"nsimire ruhanga bulikiro ntakabyamire, n'omubiro ebigumangaine","I have thanked God every night before sleep, even on the hard days."
"nsimire ruhanga bulikiro n'omubiro ntakabyamire, ebigumangaine","I have thanked God every night before sleep, even on the hard days."
Ekitongole omubintu kirukukora kyeyongireho nokuliisa encu.,The farm has diversified into fish farming.
Ekitongole omubintu kirukukora nokuliisa kyeyongireho encu.,The farm has diversified into fish farming.
omulimi akahinduramu yagenda omukulinda eby'enyanja,The farm diversifies into fish farming.
omulimi akahinduramu yagenda eby'enyanja omukulinda,The farm diversifies into fish farming.
omulimi akahindura yagenda omukulinda eby'enyanja,The farm diversified into fish farming.
akahindura omulimi yagenda omukulinda eby'enyanja,The farm diversified into fish farming.
omulimi naija agende omukulinda eby'enyanja,The farm will diversify into fish farming.
omulimi naija agende okuhinduramu omukulinda eby'enyanja,The farm will diversify into fish farming.
Mbaire ninyimuka ninteerwa omutwe buli nyenkya.,I've been waking up with headaches morning.
Mbaire ninyimuka omutwe ninteerwa buli nyenkya.,I've been waking up with headaches every morning.
nkaimuka niterwa omutwe buli nyekyakara,I woke up with headaches every morning.
nkaimuka niterwa omutwe nyekyakara buli,I woke up with headaches every morning.
ninyija okwimuka niterwa omutwe buli nyekyakara,I will wake up with headaches every morning.
okwimuka ninyija niterwa omutwe buli nyekyakara,I will wake up with headaches every morning.
nyimukirege niterwa omutwe buli,I have waked up with headaches every morning.
niterwa nyimukirege omutwe buli nyekyakara,I have waked up with headaches every morning.
nkepima nyenka kusoborra kwange kusigiki rra omwebi ebinakozire kumara emyaka nahati hoona nindengaho kubyebwa ryonka tibikanyebaga,I my worth by my GPA for years—I'm still unlearning that.
nkepima nyenka kusoborra kwange kusigiki rra ebinakozire omwebi kumara emyaka nahati hoona nindengaho kubyebwa ryonka tibikanyebaga,I measured my worth by my GPA for years—I'm still unlearning that.
nkapima obusobozi byange na GPA ey'omwaka oguhwairre- ncyaliyo nikyakiterekereza,I measured my worth by my GPA for — I'm still unlearning that.
nkapima obusobozi byange na GPA ey'omwaka oguhwairre- nikyakiterekereza ncyaliyo,I measured my worth by my GPA for years — I'm still unlearning that.
ninyija okupima obusobozi bwange naGPA ey'omwaka oguhwaire- ncyaliyo nikyaketerekereza,I will measure my worth by my GPA for years — I'm still unlearning that.
ninyija obusobozi okupima bwange naGPA ey'omwaka oguhwaire- ncyaliyo nikyaketerekereza,I will measure my worth by my GPA for years — I'm still unlearning that.
mpimire obusobozi byange na GPA ey'omwaka oguhwaire- ncyaliyo nikyakiterekereza,I have measured my worth by my GPA for years — I'm still unlearning that.
mpimire byange obusobozi na GPA ey'omwaka oguhwaire- ncyaliyo nikyakiterekereza,I have measured my worth by my GPA for years — I'm still unlearning that.
Ekiro kyaijo nsaswirege ibanja lya intaneti,I paid my internet bill yesterday.
kyaijo Ekiro nsaswirege ibanja lya intaneti,I paid my internet bill yesterday.
nsasura ebisale byange by'omutimbagano ijo,I pay my internet bill yesterday.
ebisale nsasura byange by'omutimbagano ijo,I pay my internet bill yesterday.
ninyija okusasura ebisale byange by'omutimbagano ijo,I will pay my internet bill yesterday.
ninyija okusasura byange ebisale by'omutimbagano ijo,I will pay my internet bill yesterday.
nsaswire ebisale byange by'omutimbagano ijo,I have paid my internet bill
ebisale nsaswire byange by'omutimbagano ijo,I have paid my internet bill yesterday.
Iguru nirisobororwa kuba rugonjo orwina ebyambu hansi yarwo-ekisisani eki kimpumuza.,Paradise is described as a garden with rivers flowing beneath it-that image comforts me.
Iguru nirisobororwa kuba rugonjo orwina ebyambu hansi ebirukuera yarwo-ekisisani eki kimpumuza.,Paradise is described as a garden with rivers flowing beneath it-that image comforts me.
iguru bakilisoboraho nk'omusiri ogwine ebisaru ebirukugera okuruga hansi- ekiekisani kibunda buda,Paradise was described as a garden with rivers flowing beneath it-that image comforts me.
iguru nk'omusiri bakilisoboraho ogwine ebisaru ebirukugera okuruga hansi- ekiekisani kibunda buda,Paradise was described as a garden with rivers flowing beneath it-that image comforts me.
iguru nibaija okulisoboraho nk'omusiri ogwine ebisaru ebirukugera kuruga hansi- eki ekisisani kibunda buda,Paradise will be described as a garden with flowing beneath it-that image comforts me.
iguru nibaija okulisoboraho nk'omusiri ogwine ebisaru ebirukugera hansi- kuruga eki ekisisani kibunda buda,Paradise will be described as a garden with rivers flowing beneath it-that image comforts me.
iguru balisoborwaireho nk'omusiri ebisaru ebirukugera hansi- eki ekisisani kibuda buda,Paradise has been described as a garden with rivers flowing beneath it-that image comforts
iguru balisoborwaireho ogwine nk'omusiri ebisaru ebirukugera kuruga hansi- eki ekisisani kibuda buda,Paradise has been described as a garden with rivers flowing beneath it-that image comforts me.
Kubyara embibo erukukira hemu musiri gumu kikonyera kukozesa itaka.,Intercropping maximizes land use.
Kubyara embibo erukukira hemu omu musiri kikonyera gumu kukozesa kurungi itaka.,Intercropping maximizes land use.
okubyarana ebirimwa kiyamba okukozesa,Intercroped maximizes land use.
okubyarana ebirimwa okukozesa kiyamba itaka,Intercroped maximizes land use.
okubyarana nikwija okuyamba itaka,Will intercrop maximizes land use.
okubyarana nikwija okuyamba itaka okukozesa,Will intercrop maximizes land use.
okubyarana kuyamba itaka okukozesa,Has intercroped maximizes land use.
akababihabiha baruge omunju nukwo agitunde,He persuaded them out of selling the house.
akababihabiha omunju baruge nukwo agitunde,He persuaded them out of selling the house.
nija baruge omunju nukwo agitunde,He will persuade them out of selling the house.
nija baruge okubabihabiha omunju nukwo agitunde,He will persuade them out of selling the house.
ababihabihire okuruga omunju nukwo agitunde,He has persuaded them out of selling the house.
okuruga ababihabihire omunju nukwo agitunde,He has persuaded them out of selling the house.
"Nkasaba cayi yakawa, baitu bandeteramu eyanmate habwensobi kandi namanyira ekyokunywa ekihyaka kyange.","I ordered coffee, but they brought me tea by mistake -and l discovered my new favorite drink."
"Nkasaba cayi baitu yakawa, bandeteramu eyanmate habwensobi kandi namanyira ekyokunywa ekihyaka kyange.","I ordered coffee, but they brought me tea by mistake -and l discovered my new favorite drink."
"ntumya caayi y'omwani, baitu bakandentera amajani omusobi- kandi nkazonzora ekyokunya kyange kyembaganiza","I order coffee, but they brought me tea by mistake -and l discovered my new favorite drink."
"ntumya caayi y'omwani, baitu amajani bakandentera omusobi- kandi nkazonzora ekyokunya kyange kyembaganiza","I order coffee, but they brought me tea by mistake -and l discovered my new favorite drink."
"nija okutumya caayi y'omwani, baitu bakandetera amajani omusobi- nkazonzora ekyokunya kyange kyembaganiza","I will order coffee, but they brought me tea by mistake -and l discovered my new favorite drink."
"nija okutumya caayi y'omwani, baitu bakandetera amajani omusobi- nkazonzora ekyokunya kyembaganiza kyange","I will order coffee, but they brought me tea by mistake -and l discovered my new favorite drink."
"ntumisize caayi y'omwani, baitu bakandetera amajani omusobi- nkazonzora ekyokunya kyange kyembaganiza","I have ordered coffee, but they brought tea by mistake -and l discovered my favorite drink."
"ntumisize caayi y'omwani, baitu bakandetera amajani omusobi- ekyokunya nkazonzora kyange kyembaganiza","I have ordered coffee, but they brought me tea by mistake -and l discovered my new favorite drink."
Akarwarro kaine obuheereza bw'okufaaho abaana kubajanjaba n'okugema.,The clinic offers well-child visits vaccinations.
Akarwarro kaine bw'okufaaho obuheereza abaana kubajanjaba n'okugema.,The clinic offers well-child visits and vaccinations.
irwaro likaha okubungira n'okugema kwabaanakurungi,The clinic offered well-child visits vaccinations.
irwaro likaha n'okugema okubungira kwabaanakurungi,The clinic offered well-child visits and vaccinations.
irwaro nirija okubungira n'okurolera abaana kurungi,The clinic will offer well-child and vaccinations.
irwaro nirija okubungira abaana n'okurolera kurungi,The clinic will offer well-child visits and vaccinations.
liherize okubungira n'okugema kwabaana kurungi,The clinic has offered well-child visits and vaccinations.
irwaro liherize okubungira n'okugema kurungi kwabaana,The clinic has offered well-child visits and vaccinations.
Nyegere biingi hakwikiriza kwange habwokubaza nabantu abenyikiriza ezindi.,I've learned more my own faith by talking to people of other faiths.
Nyegere biingi hakwikiriza kwange habwokubaza abenyikiriza nabantu ezindi.,I've learned more about my own faith by talking to people of other faiths.
nkenga muno hali okwikiriza kwange kuraba omukubaza nabantu abenyikiriza ezindi,I learned more my own by talking to people of other faiths.
nkenga hali muno okwikiriza kwange kuraba omukubaza nabantu abenyikiriza ezindi,I learned more about my own faith by talking to people of other faiths.
ninyija okwega muno hali okwikiriza kwange kuraba omukukaguza abantu abenyikirza ezindi,I will learn more about my own faith by talking to people of other faiths.
ninyija okwega muno hali okwikiriza kuraba kwange omukukaguza abantu abenyikirza ezindi,I will learn more about my own faith by talking to people of other faiths.
nyegere bingi hali enyikiriza yange omukuraba omukubaza nabantu abenyikiriza ezindi,I have learned more about own faith by talking to people of other faiths.
nyegere bingi hali enyikiriza yange omukubaza omukuraba nabantu abenyikiriza ezindi,I have learned more about my own faith by talking to people of other faiths.
"Ekiro ekyaijo, omwigi wenjura akacekeca kandi yasaba nukwo enjura eraijuza ebyambu bijule.",The rainmaker danced and prayed to bring the rain that would fill the rivers yesterday.
"Ekiro omwigi ekyaijo, wenjura akacekeca kandi yasaba nukwo enjura eraijuza ebyambu bijule.",The rainmaker danced and prayed to bring the rain that would fill the rivers yesterday.
anagisa enjura akazina kandi yasaba okuleta enjura eyerukwijuza ebisaru ijo,The rainmaker dances and prayed to bring the rain that would fill rivers yesterday.
anagisa enjura akazina kandi okuleta yasaba enjura eyerukwijuza ebisaru ijo,The rainmaker dances and prayed to bring the rain that would fill the rivers yesterday.
anagisa enjura naija okuzina kandi asabe okuleta enjura eyerukwija okwijuza ebisaru ijo,The rainmaker will dance and prayed to bring the rain that would fill the rivers yesterday.
anagisa enjura naija okuzina kandi asabe okuleta enjura okwijuza eyerukwija ebisaru ijo,The rainmaker will dance and prayed to bring the rain that would fill the rivers yesterday.
anagisa enjura azinirege kandi yasaba okuleta eyerukwija okwijuza ijo,The has danced and to bring the rain that would fill the rivers yesterday.
anagisa enjura azinirege kandi yasaba okuleta eyerukwija enjura okwijuza ebisaru ijo,The rainmaker has danced and prayed to bring the rain that would fill the rivers yesterday.
notayo kakuba hanu tinyikarra,Do you mind if I sit here?
kakuba nofwayo nyikara hanu?,Did you mind if I sit here?
noija okufayo kakuba nyikara hanu?,Will do you mind if I sit here?
noija kakuba okufayo nyikara hanu?,Will do you mind if I sit here?
orafayo nyikara kakuba hanu?,Has done you mind if I sit here?
Obuncumbira ekka yange ngitekerezaaho ekyengonzi kandi okusaba.,"When I cook for my family, I of as an act of love-and prayer."
Obuncumbira ekka yange nkekikorwa ngitekerezaaho ekyengonzi kandi okusaba.,"When I cook for my family, I think of it as an act of love-and prayer."
"obu nacumbire eka yange, nkitekerezaho nkekikorwa ky'engozi- kandi n'okusaba","When I cooked for my family, I think of it as an act of love-and prayer."
"obu nacumbire yange, eka nkitekerezaho nkekikorwa ky'engozi- kandi n'okusaba","When I cooked for my family, I think of it as an act of love-and prayer."
"obu ndicumbira eka yange, nkitekerezaho nkekikorwa ky'engozi- kandi n'okusaba","When I will cook for my family, I think of it as an act of love-and prayer."
"obu eka ndicumbira yange, nkitekerezaho nkekikorwa ky'engozi- kandi n'okusaba","When I will cook for my family, I think of it as an act of love-and prayer."
"obu nacumbire eka yange, nkakitekerezaho nkekikorwa ky'engozi - n'okusaba","When I have cooked for my family, I think of it as an act of love-and prayer."
"obu nacumbire eka yange, nkakitekerezaho ky'engozi nkekikorwa - n'okusaba","When I have cooked for my family, I think of it as an act of love-and prayer."
ndemererwa omu kwikya obu ebisasaizi.,I've been feeling short of breath when I exercise.
omu ndemererwa kwikya obu nkokora ebisasaizi.,I've been feeling short of breath when I exercise.
nkahura nalemesibwa okwicwa obu nyegezamu,I felt short of breath when I exercise.
nalemesibwa nkahura okwicwa obu nyegezamu,I felt short of breath when I exercise.
ninyija okuhura nalemesibwa okwicya,will feel short of breath when exercise.
ninyija okuhura nalemesibwa obunyegezamu okwicya,I will feel short of breath when I exercise.
ndemesibwe obu okwicya nayegezesezemu,I have felt short of breath when I exercise.
