muhogo	Cassava
ubuhunga bwa muhogo	Cassava flour
ebikora bya muhogo	Cassava leaves
tulima muhogo mumusiri gwaitu	We grow cassava in our garden
muhogo kyokulya kyamunuka mu bunyoro	Cassava is a staple food in Bunyoro
omuceri	Rice
tucumba omuceri buli kiro	We cook rice every day
omuceri gukura mukyeya	Rice grows in wetlands
omuhendo gwo'muceri gweyongire	The price of rice has increased
ekiyuni	Yam
ebiyuni babigesa omukyanda	Yams are harvested in the dry season
ekikeke	Pumpkin
ebikora bye'bikeke babirya	Pumpkin leaves are edible
tubyara ebikeke haihi no'rugo	We planted pumpkins near the fence
kugesa	Harvesting
nitugesa ebicoli kiro kinu	We are harvesting maize today
amagesa gabaire marungi omwaka gunu	The harvest was good this year
hanyuma yo'kugesa twahura esingo	After harvesting we store the grain
akasumi kokugesa kaba kasumi kokusemererwa	Harvest time is a time of joy
okusesira ebirimwa amaizi goruseke	Irrigation
okusesira ebirimwa amaizi goruseke kiyambaho ebirimwa kukura omukasumi ke'kyanda	Irrigation helps crops grow in dry season
abalimi bakozesa okusesira ebirimwa amaizi omumisiri yabo	The farmers use irrigation to water their fields
okurimira	Plowing
turimira omusiri tutakabyaire	We plow the field before planting
etrakita ikozesibwa okurimira	The tractor is used for plowing
okusiga	Sowing
tusiga embibo omutandikwa ye'njura	We sow seeds at the beginning of the rainy season
okusiga kukorwa hanyuma yo'kulima	Sowing is done after plowing
okugesa	Reaping
abalimi nibagesa oburo	The farmers are reaping millet
okugesa kukolebya hanyuma ye'bimera byezire	Reaping is done when the crop is mature
okusegesa	Threshing
tusegesa oburo okubaganizamu esingo	We thresh millet to separate the grain
okusegesa mulimo gugumire	Threshing is hard work
okusalira	Pruning
tusalira omwani nukyo twongeze amagesa	We prune coffee trees to increase yield
okusalira kiyambaho ebirimwa kukura kurungi	Pruning helps the plant grow better
okwombera	Weeding
twombera omusiri buli wiiki	We weed the garden every week
okwombera kwihamu ebisaka ebtakwetagibya mumusiri	Weeding removes unwanted plants
enkoko	Chicken
tulinda enkoko omuka	We keep chickens at home
enkoko zalika amahuli bulikiro	The chicken lays eggs every day
enkoko zirya esingo ne'bihuka	Chickens eat grain and insects
akame	Rabbit
tulinda obume habye'nyama	We raise rabbits for meat
enyama yo'bume erimu ebirisa	Rabbit meat is nutritious
okukama	Milking
tukama ente buli nyenkyakara	We milk the cows every morning
okukama kukorebya emirundi ebiri omu kiro	Milking is done twice a day
amata marungi hali abana abato	Fresh milk is good for children
ebifu by'ebimera	Compost
ebifu by'ebimera biyongera orwezo mwitaka	Compost improves soil fertility
tukora ebifu by'ebimera okuruga mubifu byebimera	We make compost from plant waste
orwezo	Manure
obusa bw'ente rwezo rurungi	Cow manure is good fertilizer
tumasa orwezo omumusiri	We spread manure on the garden
orwezo ruhindura itaka	Manure improves soil quality
enjura	Rainfall
enjura enungi eba nungi muno hali abalimi	Good rainfall is important for farming
enjura sizoni enu ebaire mbi	The rainfall this season was poor
ebirimwa nibyenda enjura ekumara kukura	Crops need enough rainfall to grow
efuka	Hoe
efuka kikwatwa kikuru mukulima	The hoe is the main farming tool
tukozesa efuka kulima omusiri	We use a hoe to dig the garden
efuka etweire eyorobya omulimo	A sharp hoe makes work easier
ekisalizo	Machete
tukozesa ekisalizo okuhunjya ekisaka	We use a machete to clear the bush
ekisalizo kikozesibwa okusara emikonde ye'bitoke	The machete is used to cut banana stems
enaijoro	Sickle
tukozesa enaijoro okugesa oburo	We use a sickle to harvest millet
enengere	Wheelbarrow
tukozesa enengere okuhimba itaka	We use a wheelbarrow to carry soil
enengere ehimba emigugu ekuremera	The wheelbarrow carries heavy loads
kutunda aheru yihanga	Export
uganda etunda omwani mumahanga maingi	Uganda exports coffee to many countries
okutunda omwani aheru yihanga kireta sente hali abalimi	Coffee export brings money to farmers
ekitebe ky'abalimi	Cooperative
abalimi bataha mukitebe nukwo batundire hamu	Farmers join cooperatives to sell together
abe'bitebe bagura ebicoli hali abalimi	The cooperative buys maize from farmers
oburo	Millet
tulima oburo omumisiri yaitu	We grow millet in our fields
oburo babukozesa okukora tonto	Millet is used to make local beer
obusera byo'buro bwine ekirisa	Millet porridge is nutritious
omugusa	Sorghum
omugusa tiguhura ekyanda	Sorghum is drought resistant
omwani	Coffee
omwani kirimwa kya sente ekyomugaso muno mu uganda	Coffee is an important cash crop in Uganda
tugesa omwani kabiri omumwaka	We harvest coffee twice a year
ebiiti bwomwani nibyetaga kubisalira	Coffee trees need pruning
ebinyobwa	Groundnut
ebinyobwa bine potaini nyingi	Groundnuts are rich in protein
tubyara ebinyobwa hanyuma ye'njura	We plant groundnuts after the rains
awutu ye'binyobwa bagikozesa kucumba	Groundnut oil is used for cooking
ebitakuli	Sweet potato
ebitakuli bikura kurungi omwitaka ryo'mumusenyi	Sweet potatoes grow well in sandy soil
tugesa ebitakuli hanyuma ya'mezi asaatu	We harvest sweet potatoes after three months
ebilaya	Potato
ebilaya babibyara omurwere	Potatoes are grown in highland areas
tutogosa ebilaya habwe'kulya	We boil potatoes for food
ente	Cattle
ente nungi muno mukulinda ebisoro mu bunyoro	Cattle are important livestock in Bunyoro
turiisa ente habe'nyama n'amata	We keep cattle for milk and meat
ente ziriisibya omu rwere	Cattle graze in the fields
empunu	Pig
turiisa empunu habye'nyama	We keep pigs for meat
empunu ziriya ebisigirwe byo'mukicumbiro	Pigs eat kitchen waste
okulinda empunu kirimu amagoba	Pig farming is profitable
okuriisa ente za'mata	Dairy farming
okuriisa ente za'mata kireta sente omumaka	Dairy farming provides income for families
ente zamata zikamwa amata maingi	Dairy cows produce a lot of milk
okutwara itaka	Soil erosion
okutwara itaka kisisa emisiri	Soil erosion destroys farmland
emiiti etangira okutwarwa kwitaka	Trees prevent soil erosion
omuwendo	Price
omuwendo gw'ebicooli gugezire haiguru	The price of maize has gone up
abalimi betoimbaita habwemihendo okuba hansi	Farmers complain about low prices
kutunda /kuguza	Sell
abalimi batunda/bakaguza ebiriimwa byabo omu katale	Farmers sell their produce at the market
tutunda/tukaguza ebitooke buli wiiki	We sell bananas every week
okugura	Buy
tugura embibo kuruga mukitebe	We buy seeds from the cooperative
gavumenti egura esingo hali abalimi	The government buys grain from farmers
aba	[GENERAL_PRON] who, of, these, for
abaanyu	[GENERAL_NOUN] someone's relatives
abuuka	[GENERAL_VERB] to rise quick ly
abuurra	[GENERAL_VERB] to undo, unfasten
abagomborozi	[GENERAL_NOUN] sub county chiefs
abange	[GENERAL_NOUN] mine
abamasaza	[GENERAL_NOUN] county chiefs
abatongole	[GENERAL_NOUN] sub-parish chiefs
abemiruka	[GENERAL_NOUN] parish chiefs
agange	[GENERAL_NOUN] mine
agutamba	[GENERAL_NOUN] he who relieves distress
aguurra	[GENERAL_VERB] to thin out seedlings
aheeru	[GENERAL_ADV] adv., out, outside
aheeru ya	[GENERAL_NOUN] wait for
aho	[GENERAL_NOUN] there
abonaaho	[GENERAL_NOUN] immediately, at once
ahukaniza	[GENERAL_VERB] to separate, divide, differentiate
ahuza	[GENERAL_NOUN] entrust with
abukana	[GENERAL_VERB] to part from
ahonaaho	[GENERAL_ADV] at that very moment
akaamuje	[COMMON_ANIMALS_NOUN] squirrel
bukamuje	[COMMON_ANIMALS_NOUN_PLURAL] squirrels
ahanyima	[GENERAL_NOUN] indicating sequence of events
hamwango	[COMMON_ANIMALS_NOUN] eagle
obwango	[COMMON_ANIMALS_NOUN_PLURAL] eagles
akagemo	[GENERAL_NOUN] force,compulsion
obugemo	[GENERAL_NOUN_PLURAL] force,compulsions
haiguru mubicuu	[GENERAL_ADV] up in the sky
akagirita	[GENERAL_NOUN] razor blade,shaving blade
obugirita	[GENERAL_NOUN_PLURAL] razor blade,shaving blades
akagobo	[GENERAL_NOUN] win in a game
obugoba	[GENERAL_NOUN_PLURAL] win in a games
akasumi kataito	[GENERAL_NOUN] shortest period of time
obusumi butaito	[GENERAL_NOUN_PLURAL] shortest period of times
ekyeeya	[GENERAL_NOUN] a type of swamp
ebyeeya	[GENERAL_NOUN_PLURAL] type of swamps
akabwegura	[COMMON_ANIMALS_NOUN] a small caterpillar
ebibwegura	[COMMON_ANIMALS_NOUN_PLURAL] small caterpillars
akahooho	[GENERAL_NOUN] nice scent
obuhoho	[GENERAL_NOUN_PLURAL] nice scents
akababagazi	[GENERAL_NOUN] initial stage of flowering
obubabagazi	[GENERAL_NOUN_PLURAL] initial stage of flowerings
akahuna	[GENERAL_NOUN] silence due to suprise
obuhuna	[GENERAL_NOUN_PLURAL] silence due to suprises
omunya	[COMMON_ANIMALS_NOUN] small lizard-like animal
eminya	[COMMON_ANIMALS_NOUN_PLURAL] small lizard-like animals
akabubi	[GENERAL_NOUN] hymen: vagina membrane
emibibi	[GENERAL_NOUN_PLURAL] hymen: vagina membranes
akaimeeme	[GENERAL_NOUN] end of breastbone
obwimeeme	[GENERAL_NOUN_PLURAL] end of breastbones
akaburyo	[GENERAL_NOUN] hillock: small hill
obuburyo	[GENERAL_NOUN_PLURAL] hillock: small hills
kahumizi	[COMMON_ANIMALS_NOUN] sparrow-hawk
obuhumizi	[COMMON_ANIMALS_NOUN_PLURAL] sparrow-hawks
akakorwa	[GENERAL_NOUN] weasel
obukorwa	[GENERAL_NOUN_PLURAL] weasels
akacancabari	[GENERAL_NOUN] rags:an old torn cloth
obucancabari	[GENERAL_NOUN_PLURAL] rags:an old torn cloths
akasengijo	[GENERAL_NOUN] a sieve
obusengijo	[GENERAL_NOUN_PLURAL] sieves
enkojo	[GENERAL_NOUN] blemish
enkojo	[GENERAL_NOUN_PLURAL] blemishes
ekitengo	[GENERAL_NOUN] a very old cloth
ebitengo	[GENERAL_NOUN_PLURAL] very old cloths
akaina/ekina	[GENERAL_NOUN] hole,small
obwina/ebina	[GENERAL_NOUN_PLURAL] hole,smalls
ekihuguhugu	[COMMON_ANIMALS_NOUN] bat: a flying mammal
ebihuguhugu	[COMMON_ANIMALS_NOUN_PLURAL] bat: a flying mammals
emboro	[GENERAL_NOUN] penis
emboro	[GENERAL_NOUN_PLURAL] penises
ekika kye'njoka	[COMMON_ANIMALS_NOUN] a type of snake
ebika bye'njoka	[COMMON_ANIMALS_NOUN_PLURAL] type of snakes
kihinguraniza	[GENERAL_NOUN] something done excessively
bihinguraniza	[GENERAL_NOUN_PLURAL] something done excessivelies
akadebe	[GENERAL_NOUN] pail or bucket
edebe	[GENERAL_NOUN_PLURAL] pail or buckets
akafunjo	[GENERAL_NOUN] cyperus papyrus
ebifunjo	[GENERAL_NOUN_PLURAL] cyperus papyruses
akairima	[GENERAL_NOUN] darkness
omwirima	[GENERAL_NOUN_PLURAL] darknesses
akairiringwa	[NATURE_AND_ENVIRONMENT_NOUN] whirlwind
obwiriringwa	[NATURE_AND_ENVIRONMENT_NOUN_PLURAL] whirlwinds
akagoroda	[GENERAL_NOUN] bungle: a bracelet
obugoroda	[GENERAL_NOUN_PLURAL] bungle: a bracelets
akagwe	[GENERAL_NOUN] calamity: unexpected bad situation
obugwe	[GENERAL_NOUN_PLURAL] calamity: unexpected bad situations
akairirizi	[GENERAL_NOUN] twilight,dusk
obwiririzi	[GENERAL_NOUN_PLURAL] twilight,dusks
akagenda-kahiire	[COMMON_ANIMALS_NOUN]. A brownish grasshopper
obugenda-buhiire	[COMMON_ANIMALS_NOUN_PLURAL]. A brownish grasshoppers
akairukairukaine	[GENERAL_NOUN] chaos
obwirukairukaine	[GENERAL_NOUN_PLURAL] chaoses
empaka	[GENERAL_NOUN] competetion for something
empaka	[GENERAL_NOUN_PLURAL] competetion for somethings
akaisikina	[GENERAL_NOUN] hiccup
obwisikina	[GENERAL_NOUN_PLURAL] hiccups
akahimba	[GENERAL_NOUN] clitoris
obuhimba	[GENERAL_NOUN_PLURAL] clitorises
akahoiho	[COMMON_ANIMALS_NOUN] a small moth
obuhoiho	[COMMON_ANIMALS_NOUN_PLURAL] small moths
akaisikondo	[GENERAL_NOUN] hiccup
obwisikondo	[GENERAL_NOUN_PLURAL] hiccups
akahuna	[GENERAL_NOUN] a state of confusion
obuhuna	[GENERAL_NOUN_PLURAL] state of confusions
akahungabeebe	[COMMON_ANIMALS_NOUN] a small flying termite
obuhangabeebe	[COMMON_ANIMALS_NOUN_PLURAL] small flying termites
akajoogo	[GENERAL_NOUN] contempt
obujoogo	[GENERAL_NOUN_PLURAL] contempts
akajugo	[GENERAL_NOUN] a pen cover
obujugo	[GENERAL_NOUN_PLURAL] pen covers
akajunde	[GENERAL_NOUN] stench: an unpleasant smell
obujunde	[GENERAL_NOUN_PLURAL] stench: an unpleasant smells
akakiro	[GENERAL_NOUN] a small hillock
obukiro	[GENERAL_NOUN_PLURAL] small hillocks
akaizigorro	[GENERAL_NOUN] dizziness
obwizigorro	[GENERAL_NOUN_PLURAL] dizzinesses
akajabago	[GENERAL_NOUN] a muddy area
obujabago	[GENERAL_NOUN_PLURAL] muddy areas
akanuriirizi	[GENERAL_NOUN] sweet taste
obunuriirizi	[GENERAL_NOUN_PLURAL] sweet tastes
akajabirro	[GENERAL_NOUN] over excitement
obujabirro	[GENERAL_NOUN_PLURAL] over excitements
akajagarro	[GENERAL_NOUN] commotion
obujagarro	[GENERAL_NOUN_PLURAL] commotions
kwinganiza	[GENERAL_VERB] to level, flat
kujarra	[GENERAL_VERB] to spread for
kwija	[GENERAL_VERB] to come
alimansr	[GENERAL_NOUN] diamond
tandika	[GENERAL_VERB] to get started
akajaiko	[GENERAL_NOUN] passion for roaming
obujaiko	[GENERAL_NOUN_PLURAL] passion for roamings
akajangu	[COMMON_ANIMALS_NOUN] small or beautiful cat
obujangu	[COMMON_ANIMALS_NOUN_PLURAL] small or beautiful cats
akanyamukara	[GENERAL_NOUN] nut grass
obunyamukara	[GENERAL_NOUN_PLURAL] nut grasses
akajanja	[GENERAL_NOUN] superficial behaviour
orujanja	[GENERAL_NOUN_PLURAL] superficial behaviours
akanyamukira	[GENERAL_NOUN] dung maggot
ombunyamukira	[GENERAL_NOUN_PLURAL] dung maggots
akanyamuniini	[COMMON_ANIMALS_NOUN] a fresh fried grasshopper
obunyamukara	[COMMON_ANIMALS_NOUN_PLURAL] fresh fried grasshoppers
aktindinda	[GENERAL_NOUN] small snail
obutindinda	[GENERAL_NOUN_PLURAL] small snails
akanyamurera	[ART_AND_ENTERTAINMENT_NOUN] flute: a musical instrument
obunyamurere	[ART_AND_ENTERTAINMENT_NOUN_PLURAL] flute: a musical instruments
akanyamwenyi	[COMMON_ANIMALS_NOUN] squirrel
obunyamwenyi	[COMMON_ANIMALS_NOUN_PLURAL] squirrels
ekyena kye'kitoke	[GENERAL_NOUN] an undeveloped banana
ebyabana bye'bitoke	[GENERAL_NOUN_PLURAL] undeveloped bananas
ambuurra	[GENERAL_VERB] to exercise, remove evil
amiirra	[GENERAL_VERB] to call a bud
kwamira	[GENERAL_VERB] to shout at
kujokoza	[GENERAL_NOUN] continuous disturbance or provocation
kujokoza	[GENERAL_NOUN_PLURAL] continuous disturbance or provocations
akanyuunyarume	[NATURE_AND_ENVIRONMENT_NOUN] shrub eaten by goats
obunyuunyarume	[NATURE_AND_ENVIRONMENT_NOUN_PLURAL] shrub eaten by goatses
akanywanisa	[GENERAL_NOUN]: hyphen
obunywanisa	[GENERAL_NOUN_PLURAL]: hyphens
akanywero	[GENERAL_NOUN]:a very tight cloth
obunyero	[GENERAL_NOUN_PLURAL]:a very tight cloths
akaradaari	[GENERAL_NOUN]:mustard seed
obukaradaari	[GENERAL_NOUN_PLURAL]:mustard seeds
akaragwa	[GENERAL_NOUN]:inherited trait
oburagwa	[GENERAL_NOUN_PLURAL]:inherited traits
akarande	[GENERAL_NOUN]:inherited character or trait
oburandaine	[GENERAL_NOUN_PLURAL]:inherited character or traits
akarebure	[GENERAL_NOUN]:a slunderous utterance
oburebure	[GENERAL_NOUN_PLURAL]:a slunderous utterances
akasirimuko	[GENERAL_NOUN]: a steep slope
obusirimuko	[GENERAL_NOUN_PLURAL]: a steep slopes
muyaye	[GENERAL_NOUN]:sarcasm
obuyaye	[GENERAL_NOUN_PLURAL]:sarcasms
kwaka	[GENERAL_NOUN]:lust for sex
kwaka	[GENERAL_NOUN_PLURAL]:lust for sexes
kwagura	[GENERAL_VERB] to scratch the body
akatiko	[GENERAL_NOUN]:peer pressure
obutiko	[GENERAL_NOUN_PLURAL]:peer pressures
akarondo	[GENERAL_NOUN]:lineage
oburondo	[GENERAL_NOUN_PLURAL]:lineages
akarungi	[GENERAL_NOUN]:something good, or beautiful
ebirungi	[GENERAL_NOUN_PLURAL]:something good, or beautifuls
akarwariro	[HEALTH_AND_MEDICINE_NOUN]:a clinic
oburwaro	[HEALTH_AND_MEDICINE_NOUN_PLURAL]:a clinics
akashuumo	[GENERAL_NOUN]:.a steep slope
akakokomoko	[GENERAL_NOUN_PLURAL]:.a steep slopes
akatima	[TRANSPORT_NOUN]:valve for a tyre
obutima	[TRANSPORT_NOUN_PLURAL]:valve for a tyres
akasisira	[GENERAL_NOUN]:a small hut
obusisira	[GENERAL_NOUN_PLURAL]:a small huts
akasirimuko	[GENERAL_NOUN]:a sloppy place
obusirimuko	[GENERAL_NOUN_PLURAL]:a sloppy places
akasirimuko	[GENERAL_NOUN] slope, descent
obusirimuko	[GENERAL_NOUN_PLURAL] slope, descents
akaveera	[GENERAL_NOUN]:plastic sheeting
obuvera	[GENERAL_NOUN_PLURAL]:plastic sheetings
allah	[GENERAL_NOUN]:God in Islamic religion
amaarwa	[GENERAL_NOUN]:beer: an alcoholic drink
amabere ge'mbwa	[COMMON_ANIMALS_NOUN]: dog teats
amadaraka	[GENERAL_NOUN]:being stylish
amafaranga	[ECONOMICS_AND_COMMERCE_NOUN]:Rwandese currency
makune	[GENERAL_NOUN]: hospitable people
eraama	[GENERAL_NOUN]:spots
obutabaijuko	[GENERAL_NOUN]:conflicts, intrigues, etc
ebisoko	[GENERAL_NOUN]:first leaves of beans
ebikarakate	[GENERAL_NOUN] ish scales
esande	[GENERAL_NOUN] undiluted banana juice.)
amakuute	[GENERAL_NOUN] neighbouring countries)
amakwenkwe	[GENERAL_NOUN] a hearty laugh
amacande	[GENERAL_NOUN] sunflower)
amamera	[GENERAL_NOUN] germinated plants
enyugunyu	[GENERAL_NOUN] pelvic bones
amaranga gi'zoba	[GENERAL_NOUN] rays of the sun
ekitungutana	[GENERAL_NOUN] sweating profusely
ebika bye'nkyanzi	[GENERAL_NOUN] type of beads
amaizi aga kufuka	[GENERAL_NOUN] water;cold water
amasa	[GENERAL_NOUN] nothing, emptiness
ebisansa	[GENERAL_NOUN].dry banana leaves
amasanyarazi	[TECHNOLOGY_NOUN]. Electricity
amasereka	[GENERAL_NOUN] breastmilk
amasobe	[COMMON_ANIMALS_NOUN]. A cat's dung
ebisodo	[GENERAL_NOUN] bird's droppings
amasununu	[GENERAL_NOUN] fresh milk
amasya	[GENERAL_NOUN] burns
amaizi aga kwokya	[GENERAL_NOUN] hot water
entangatangano	[GENERAL_NOUN] a road junction
amatembero	[GENERAL_NOUN] steps, or staircases
amaterekero	[GENERAL_NOUN] shelves
amatone	[GENERAL_NOUN] dots or spots
kunihira	[GENERAL_NOUN] expectancy, suspense, uncertaint
abarongo	[GENERAL_NOUN] identical twins
amazina	[GENERAL_NOUN] dancing styles
nangwa	[GENERAL_NOUN] no: a negative response
ibale lyo'muhendo	[GENERAL_NOUN] precious stone
ekiro kyo'kutemba mwiguru	[GENERAL_NOUN] Ascension Day
asidi	[CHEMISTRY_NOUN] acid
kasisira	[GENERAL_NOUN] small hut
obusisira	[GENERAL_NOUN_PLURAL] small huts
akakaikuru kamu	[MATHEMATICS_NOUN] one million
akakaikuru kamu	[MATHEMATICS_NOUN_PLURAL] one millions
akakekeeyo/ akasenginjo	[GENERAL_NOUN] a sieve
obukekeyo/ obusenginjo	[GENERAL_NOUN_PLURAL] sieves
akakongoijo	[GENERAL_NOUN] heel
obukongoijo	[GENERAL_NOUN_PLURAL] heels
akakonkomoko	[GENERAL_NOUN] slope
obukokomoko	[GENERAL_NOUN_PLURAL] slopes
akakunukizi	[GENERAL_NOUN] apostrophe
obukunukizi	[GENERAL_NOUN_PLURAL] apostrophes
karandaranda	[NATURE_AND_ENVIRONMENT_NOUN] a creeping plant
kurandaranda	[NATURE_AND_ENVIRONMENT_NOUN_PLURAL] creeping plants
akalebule	[GENERAL_NOUN] a careless talk
obulebule	[GENERAL_NOUN_PLURAL] careless talks
akalebulebu	[GENERAL_NOUN] difficult times
obulebule	[GENERAL_NOUN_PLURAL] difficult timeses
akaleecu	[GENERAL_NOUN] some peace
obuleecu	[GENERAL_NOUN_PLURAL] some peaces
akaregete	[GENERAL_NOUN] small packet
oburegete	[GENERAL_NOUN_PLURAL] small packets
akaleju	[GENERAL_NOUN] chin
obuleju	[GENERAL_NOUN_PLURAL] chins
akalenge	[GENERAL_NOUN] thin leg
obulenge	[GENERAL_NOUN_PLURAL] thin legs
edebe	[GENERAL_NOUN] pail,bucket
edebe	[GENERAL_NOUN_PLURAL] pail,buckets
akamaganda	[GENERAL_NOUN] tangerine
obumaganda	[GENERAL_NOUN_PLURAL] tangerines
akamanyiso/akarorwaho	[GENERAL_NOUN] sign
obumanyiso/oburorwaho	[GENERAL_NOUN_PLURAL] signs
kame	[COMMON_ANIMALS_NOUN] hare
obume	[COMMON_ANIMALS_NOUN_PLURAL] hares
akameeza	[GENERAL_NOUN] stool,lockable desk
obumeza	[GENERAL_NOUN_PLURAL] stool,lockable desks
akamogo	[GENERAL_NOUN] a mark,a scar
obumogo	[GENERAL_NOUN_PLURAL] mark,a scars
akanenero	[COMMON_ANIMALS_NOUN] a chick-bone
obunenero	[COMMON_ANIMALS_NOUN_PLURAL] chick-bones
akaniini	[GENERAL_NOUN] finely ground millet flour
obuniini	[GENERAL_NOUN_PLURAL] finely ground millet flours
akanwa	[GENERAL_NOUN] mouth
obunwa	[GENERAL_NOUN_PLURAL] mouths
akanyamankogoto	[COMMON_ANIMALS_NOUN] tortoise
obunyamankogoto	[COMMON_ANIMALS_NOUN_PLURAL] tortoises
akanyamuryaine	[GENERAL_NOUN] tumult, uproar
obunyamuryaine	[GENERAL_NOUN_PLURAL] tumult, uproars
ekika kyakatuzi	[GENERAL_NOUN] type of mushroom
ebika byo'butuzi	[GENERAL_NOUN_PLURAL] type of mushrooms
akatuzi ko'bwera	[GENERAL_NOUN] small white mushroom
obutuzi byo'bwera	[GENERAL_NOUN_PLURAL] small white mushrooms
akanyuunyambuzi	[GENERAL_NOUN] yellow oxalis
obunyuunyambuzi	[GENERAL_NOUN_PLURAL] yellow oxalises
kondomu	[GENERAL_NOUN] small ball, condom
kuondomu	[GENERAL_NOUN_PLURAL] small ball, condoms
akapimpina	[COMMON_ANIMALS_NOUN] chameleon
enyampimpina	[COMMON_ANIMALS_NOUN_PLURAL] chameleons
ekisirani	[GENERAL_NOUN] misfortune curse grumbling
akaronkoronko	[GENERAL_NOUN] trait of weakness
oburonkoronko	[GENERAL_NOUN_PLURAL] trait of weaknesses
akarorwaho	[GENERAL_NOUN] sign, symbol
oburorwaho	[GENERAL_NOUN_PLURAL] sign, symbols
akarumanfuuzi	[GENERAL_NOUN] tiny biting fly
oburumanfuuzi	[GENERAL_NOUN_PLURAL] tiny biting flies
akahumuza	[GENERAL_NOUN] a comma
obuhumuza	[GENERAL_NOUN_PLURAL] commas
akati kisoke	[GENERAL_NOUN] comb, hair brush
obuti bwisoke	[GENERAL_NOUN_PLURAL] comb, hair brushes
akasarre	[GENERAL_NOUN] danger, difficulty
obusarre	[GENERAL_NOUN_PLURAL] danger, difficulties
akasasamaro	[GENERAL_NOUN] greatcommotion, confusion
obusasamaro	[GENERAL_NOUN_PLURAL] greatcommotion, confusions
akasekende	[GENERAL_NOUN] shaker
obusekende	[GENERAL_NOUN_PLURAL] shakers
esigo	[GENERAL_NOUN] seed
esigo	[GENERAL_NOUN_PLURAL] seeds
omwirima	[GENERAL_NOUN] complete darkness
omwirima	[GENERAL_NOUN_PLURAL] complete darknesses
akasiisira	[GENERAL_NOUN] make shift hut
obusiisira	[GENERAL_NOUN_PLURAL] make shift huts
akasondaburo	[GENERAL_NOUN] epiglottis
obusondaburo	[GENERAL_NOUN_PLURAL] epiglottises
akasolya	[GENERAL_NOUN] tip of a roof
obusolya	[GENERAL_NOUN_PLURAL] tip of a roofs
akasonga	[GENERAL_NOUN] tip of something
obusonga	[GENERAL_NOUN_PLURAL] tip of somethings
akasoono	[GENERAL_NOUN] enticement, persuasion
obusoono	[GENERAL_NOUN_PLURAL] enticement, persuasions
akasoonooki	[GENERAL_NOUN] morning sunshine
obusoonooki	[GENERAL_NOUN_PLURAL] morning sunshines
akasumi	[GENERAL_NOUN] time, season
obusumi	[GENERAL_NOUN_PLURAL] time, seasons
akasungu	[GENERAL_NOUN] a straw of grass
obusungu	[GENERAL_NOUN_PLURAL] straw of grasses
akaswa	[COMMON_ANIMALS_NOUN] small anthill
obuswa	[COMMON_ANIMALS_NOUN_PLURAL] small anthills
akataama	[COMMON_ANIMALS_NOUN] small sheep
obutaama	[COMMON_ANIMALS_NOUN_PLURAL] small sheeps
akatale	[GENERAL_NOUN] market
obutale	[GENERAL_NOUN_PLURAL] markets
akatambaara	[GENERAL_NOUN] handkerchief
obutambaara	[GENERAL_NOUN_PLURAL] handkerchiefs
akatiiko	[GENERAL_NOUN] newly found excitement
obutiiko	[GENERAL_NOUN_PLURAL] newly found excitements
akatimba	[GENERAL_NOUN] net, wire mesh
obutimba	[GENERAL_NOUN_PLURAL] net, wire meshes
akatongo	[GENERAL_NOUN] a thicket, small forest
obutongo	[GENERAL_NOUN_PLURAL] thicket, small forests
akatoonyezi	[GENERAL_NOUN] a dot, full stop
obutoonyezi	[GENERAL_NOUN_PLURAL] dot, full stops
akatunda	[GENERAL_NOUN] small passion fruit
obutunda	[GENERAL_NOUN_PLURAL] small passion fruits
akatunguru	[GENERAL_NOUN] an onion
obutunguru	[GENERAL_NOUN_PLURAL] onions
akatuzi	[GENERAL_NOUN] small mushroom
obutuzi byo'bwera	[GENERAL_NOUN_PLURAL] small mushrooms
akawamuje	[COMMON_ANIMALS_NOUN] squirrel
obuwamuje	[COMMON_ANIMALS_NOUN_PLURAL] squirrels
akazingo	[GENERAL_NOUN] chronic
obuzingo	[GENERAL_NOUN_PLURAL] chronics
akamayiro	[GENERAL_NOUN] uncalled for familiarity
obumanyiro	[GENERAL_NOUN] something for emergency
alifabeti	[GENERAL_NOUN] alphabet
alipoota	[GENERAL_NOUN] report
amaani	[GENERAL_NOUN] strength,authority, violence, force
amabaale	[GENERAL_NOUN] stones
amabega	[GENERAL_NOUN] shoulders
amabeho	[GENERAL_NOUN] fresh air
amabingo	[GENERAL_NOUN] reeds, elephant grass
nyamunura	[GENERAL_NOUN] savouries, delicacies
amacande	[GENERAL_NOUN] sesame
entungo	[GENERAL_NOUN] sesame
amacu	[HEALTH_AND_MEDICINE_NOUN] asthma, bronchitis
amacumu	[GENERAL_NOUN] spears
amacunda	[GENERAL_NOUN] churned milk
amacwacwa	[GENERAL_NOUN] cunning, craft, wisdom
amacwanta	[GENERAL_NOUN] saliva, spittle
amadaara/amatembero	[GENERAL_NOUN] ladders, steps
amadinda	[GENERAL_NOUN] pleats
amaiso	[GENERAL_NOUN] eyes
amaduli	[GENERAL_NOUN] hemp seed
amaazi	[GENERAL_NOUN] faeces, excrement
obugumangaine	[GENERAL_NOUN] difficulty
amagana	[GENERAL_NOUN] hundred(100), wealth
amaganga/enkali ye'nte	[COMMON_ANIMALS_NOUN] urine of cattle
amaganya	[GENERAL_NOUN] grief
obwomezi	[GENERAL_NOUN] health, strength, life
ensigo ezakya muno	[GENERAL_NOUN] overflowing grains
amagaruka	[GENERAL_NOUN] return journey
amagenda	[GENERAL_VERB] going, an outward journey
amagesa	[GENERAL_NOUN] reaping
amagezi	[GENERAL_NOUN] wisdom
amagoba	[GENERAL_NOUN] profits
amagosi	[GENERAL_NOUN] testicles
amaguli	[GENERAL_NOUN] large granaries
amahanga	[GENERAL_NOUN] nations
amahano	[GENERAL_NOUN] wonders
amahembe	[GENERAL_NOUN] horns
amahuli	[GENERAL_NOUN] eggs
amahunge	[GENERAL_NOUN] Northwest wind
amakuru	[GENERAL_NOUN] news
amahurru	[GENERAL_NOUN] small royal drums
amairu	[GENERAL_NOUN] intense desire
amaiso	[GENERAL_NOUN] eyes, face
amajabali	[GENERAL_NOUN] frayed, jagged edges
isoke/ ekyoya	[GENERAL_NOUN] hair
ahya	[GENERAL_VERB] to drive from lair
kutimba	[GENERAL_NOUN] decoration, adornment, exaggerations
amajenjeka	[GENERAL_VERB] to tie loosely
amajooba	[GENERAL_NOUN] red stitching, embroidery
amaka	[GENERAL_NOUN] homes, homestead
amakamo	[GENERAL_NOUN] curdled milk, junket
amakara	[GENERAL_NOUN] charcoal
akigarukwamu	[GENERAL_VERB] to answer, reply
amakebe	[GENERAL_NOUN] fat cheeks
amakendu	[GENERAL_NOUN] waist
amakerre	[GENERAL_NOUN] wild strawbberries
amakooti	[GENERAL_NOUN] round shoulders
amakune	[GENERAL_NOUN] hospitality
amakuura	[GENERAL_NOUN] in footmall
amakuru	[GENERAL_NOUN] news, meaning, sense, interpretation
amakutu	[GENERAL_NOUN] short cut
amakuuma	[GENERAL_NOUN] round shoulders
amakuumuule	[GENERAL_NOUN] rudeness
amalebe	[GENERAL_NOUN] water lilies
amalere	[GENERAL_NOUN] fern
amaligisa	[GENERAL_NOUN] over doing, exaggeration
amaryo	[GENERAL_NOUN] cunning, craft
amambukiro	[TRANSPORT_NOUN] ford, landing site
kujwaha	[GENERAL_VERB] to be exhausted
kuraranja	[GENERAL_VERB] to scatter, exhaust
amanambo	[GENERAL_NOUN] old mines
amananu/amazima	[GENERAL_NOUN] truth
amanda	[GENERAL_NOUN] hot charcoal, coals, charcoal
amanduguya	[HEALTH_AND_MEDICINE_NOUN] mumps
amankwaha	[GENERAL_NOUN] armpits
amanogo	[GENERAL_NOUN] tunnels made by termites
amanono	[GENERAL_NOUN] claws of an animal
amanyaali	[GENERAL_NOUN] semen
obufuki	[GENERAL_NOUN] damp, cold
amanzamba	[GENERAL_NOUN] cartridge bolt
ebyenda	[GENERAL_NOUN] bowels, small intenstines
amaraka	[GENERAL_NOUN] voices, throat, larynx
amarali	[GENERAL_NOUN] squint, cross-eyes
angaarra	[GENERAL_VERB] to be left friendless
kwangana	[GENERAL_NOUN] divorce
kuterangana	[GENERAL_VERB] to bate each other
kwangasana	[GENERAL_VERB] to shine
kwanguha	[GENERAL_VERB] to be quick
kwanguhya	[GENERAL_VERB] to hasten, accelerate
kwomesereza	[GENERAL_VERB] to dry slowly
kwana	[GENERAL_VERB] to make, to bear(fruit)
kujara	[GENERAL_VERB] to spread out
anjuka	[GENERAL_VERB] to be lascivious, licentious
anjura	[GENERAL_VERB] to make lascivious, licentious
kujingajinga	[GENERAL_NOUN] forge
kusukura	[GENERAL_VERB] to open (book)
kujokoza	[GENERAL_VERB] to question deceitifully, provoke
kwinganiza	[GENERAL_VERB] to be level
kujanjaza	[GENERAL_VERB] to be spread, furnished
kwasama	[GENERAL_VERB] to open (of mouth)
kuhonda	[GENERAL_VERB] to crush, pound
kwatura	[GENERAL_VERB] to hatch out
amaranga	[GENERAL_NOUN] type of lilies
emyempanko	[GENERAL_NOUN] pride
amarunga	[GENERAL_NOUN] scarlet seeds
amasamba	[GENERAL_NOUN] estates, plantations
amakamba	[GENERAL_NOUN] latex of rubber tree
amasanga	[GENERAL_NOUN] ivory, tusks
amasanyu	[GENERAL_NOUN] leafy twigs, foliage
amasasaazi	[GENERAL_NOUN] sparks
amasasi	[GENERAL_NOUN] bullets
amasirimuko	[GENERAL_NOUN] descent, slope,south
amasonsolya	[GENERAL_NOUN] top of a tree
amasu	[GENERAL_NOUN] loneliness, solitude
amasumi	[GENERAL_NOUN] fresh milk
amasurubbu	[GENERAL_NOUN] whiskers
amaswale	[GENERAL_NOUN] raffia
amata	[GENERAL_NOUN] milk
amatandiiko	[GENERAL_NOUN] harness, saddle
amatanga/ebiraka	[GENERAL_NOUN] patches
amatangatangano	[GENERAL_NOUN] cross-roads, junction
amatembero	[GENERAL_NOUN] ladders
amatu	[GENERAL_NOUN] ears
amatu g'abakaikuru	[GENERAL_NOUN] fungus found on trees
amazaarwa	[GENERAL_NOUN] birthday
amazi	[GENERAL_NOUN] dung, feaces,stool
amaziga	[GENERAL_NOUN] tears
amazima	[GENERAL_NOUN] truth
amoogi	[GENERAL_NOUN] sharpness
amooya	[GENERAL_NOUN] feathers/hair
ange	[GENERAL_NOUN] mine
ekigarukyamu	[GENERAL_NOUN] answer
arukwiragura	[GENERAL_NOUN] black, black person
kyawe	[GENERAL_NOUN] yours
kwata mungaro	[GENERAL_VERB] to catchin the hands
abanyabuzale	[GENERAL_NOUN] relatives
kulima mporampora	[GENERAL_VERB] to dig over lightly
abazini	[GENERAL_NOUN] chorus, choir
kirungi	[GENERAL_NOUN] bleached calico (best quality)
kubazisa ekiniga	[GENERAL_VERB] speak loudly with anger
baamya	[GENERAL_NOUN] okra
bachwezi	[MILITARY_NOUN] demi-god, soldier
bagaya	[GENERAL_NOUN] they despise
abalimisa no'bulisa	[GENERAL_NOUN] agricultural people and artisans
bahima	[GENERAL_NOUN] pastoralists
bahuma	[COMMON_ANIMALS_NOUN] pastroral cow-men
bakisaagya	[GENERAL_NOUN] beyond expectation
bakura	[GENERAL_VERB] to seize on, catch
kwatwa omuro	[GENERAL_VERB] to catch fire (house)
Baraza	[GENERAL_NOUN] Monday
embalira	[GENERAL_VERB] to estimate, budget, calculate
kusemererwa	[GENERAL_VERB] to be joyfu
bambatara	[GENERAL_VERB] to be squashed (soil)
bambataza	[GENERAL_VERB] to squash
kuhikiriza	[GENERAL_VERB] to fulfill
kwimukya	[GENERAL_VERB] to lift up, raise
banganira	[GENERAL_VERB] to belp
bankizaki	[GENERAL_NOUN] large purple orchid
bara	[GENERAL_VERB] to count,calculate
Barozi	[GOVERNANCE_AND_ADMINISTRATION_NOUN] a governor
batiza	[GENERAL_VERB] to baptize
baza	[GENERAL_VERB] to talk
baziira	[GENERAL_VERB] to sew
bbaama	[GENERAL_VERB] to be bent, warped
bbaamuura	[GENERAL_VERB] to straighten, unbend
bbaamya	[GENERAL_VERB] to make crooked, warp
ebaasa	[GENERAL_NOUN] envelope
bbamu	[GENERAL_NOUN] intensive with
bbamuka/kugwamu	[GENERAL_VERB] to come unexpectedly
banyamalindwa	[GENERAL_NOUN] guardians of others' flocks
bbani/oruhu	[COMMON_ANIMALS_NOUN] buffalo hide
bbanka	[GENERAL_NOUN] bank
bbanura	[GENERAL_VERB] to dash down
bbaraza	[GENERAL_NOUN] council
bbaruka	[GENERAL_VERB] to burst
bbasitooro	[GENERAL_NOUN] pistol, revolver
bbeeru	[GENERAL_NOUN] flag. Banner, sail
bbeeseni/bafu	[GENERAL_NOUN] basin
bbinika	[GENERAL_NOUN] kettle
bbomba	[GENERAL_NOUN] bicycle pump
kukaba	[GENERAL_VERB] to collapse completely
empanga	[GENERAL_NOUN] dig deep
bbuukura	[GENERAL_NOUN] roar
bbwarruza	[GENERAL_NOUN] crunch, snap
beene	[GENERAL_NOUN] relative
begebege	[GENERAL_NOUN] food, portion out
bembeka	[GENERAL_NOUN] walk on heels
beregesa	[GENERAL_VERB] to talk very fast
bibugo	[GENERAL_NOUN] grave clothes
bicoboyo	[GENERAL_NOUN] young beans
bicucuke	[GENERAL_NOUN] dust. Rubbish
bicwe	[GENERAL_NOUN] broth
bicwereriirwe	[GENERAL_NOUN] invited thing
bifu	[GENERAL_NOUN] dead goats;rotten seeds
bifunjo	[GENERAL_NOUN] papyrus
bigene	[GENERAL_NOUN] entertaining conversation
bigenge	[HEALTH_AND_MEDICINE_NOUN] leprosy
bigesera	[GENERAL_NOUN] hair plaited style
bigesero	[GENERAL_NOUN] stubble, straw
bigondonka	[GENERAL_NOUN] happenings, occurrences
bigono	[GENERAL_NOUN] snoring
bigoye	[GENERAL_NOUN] recover
biguuna	[GENERAL_NOUN] ring conn
bihaarro	[GENERAL_NOUN] (used only inpl.fonn)
bihana	[GENERAL_NOUN] dyspepsia pains
bibaniirro	[GENERAL_NOUN] warning, caution
bihunda	[GENERAL_NOUN] rubbish, refuse
bihwa	[GENERAL_NOUN] whispered words
biihabiiha	[GENERAL_VERB] to entice, seduce
bire	[GENERAL_NOUN] bad, ugly
biihirwa	[GENERAL_VERB] be vexed, annoyed, troubled
biikiza	[GENERAL_VERB] to set down
bijaga	[HEALTH_AND_MEDICINE_NOUN] severe chronic syphilis
bijwajwa	[GENERAL_NOUN] saliva, dribble
bijwenge	[GENERAL_NOUN] long thick hair; fringe
bika	[GENERAL_NOUN] announce the death
bikaiga	[GENERAL_NOUN] young beans
bikambi	[GENERAL_NOUN] dregs,refuse, rubbish
bikaogaara	[GENERAL_NOUN] old leaves of herbs
bikangaarra	[BIOLOGY_NOUN] skeleton
bikaoja	[GENERAL_NOUN] dregs of beer
bikanka	[GENERAL_NOUN] make threats
bikeerranwa	[GENERAL_NOUN] waning moon
biko	[GENERAL_NOUN] leaves of omuko tree
bikoora	[GENERAL_NOUN] leaves, runners, dry tobaco
bikoorro	[GENERAL_NOUN] sputum
bikuti	[GENERAL_NOUN] middle husk of millet
Bikwebe	[GENERAL_NOUN] a response
bikya	[GENERAL_NOUN] neck
brmira	[GENERAL_NOUN] mucus of the nose
bimwemwe	[GENERAL_NOUN] smile
bimira	[GENERAL_NOUN] mucus of tbe nose
binda	[GENERAL_VERB] to wear a loin-cloth
binkuti	[GENERAL_NOUN] force a laugh
binkwabwa	[GENERAL_NOUN] hair in the armpits
bintu	[GENERAL_NOUN] things,wealth
binyansi	[GENERAL_NOUN] weeds; worms
binyoobwa	[GENERAL_NOUN] ground outs
binzaah	[GENERAL_NOUN] curry powder
biraapara	[GENERAL_NOUN] hurriedly
birerya	[GENERAL_NOUN] husks of simsim
birezi	[GENERAL_NOUN] secretion from eyes
biri	[GENERAL_NOUN] root, two
biriibwa	[GENERAL_NOUN] eatables, food
biriirra	[GENERAL_VERB] to discharge, water (eyes)
birika	[GENERAL_NOUN] snow
birikiirra	[GENERAL_NOUN] accuse, tell tales about
biro	[GENERAL_NOUN] days; periods
oturo	[GENERAL_NOUN] sleepiness in the eyes
birungo	[GENERAL_NOUN] seasoning,spices
birusu	[GENERAL_NOUN] saliva
bisa	[HEALTH_AND_MEDICINE_NOUN] labour pains
mabingo	[GENERAL_NOUN] young reed
bisajwa	[GENERAL_NOUN] fat of animals
bisaka	[GENERAL_NOUN] herbal medicine
bisanku	[COMMON_ANIMALS_NOUN] dry cow dung
biseereere	[GENERAL_NOUN] beans
bisengere	[GENERAL_NOUN] ironstone, dross, slag
bisi	[GENERAL_NOUN] raw, uncooked, unripe, fresh
bisonde	[HEALTH_AND_MEDICINE_NOUN] syphilis, yaws
bisokoro	[GENERAL_NOUN] leaves of young beans
bisoodo	[GENERAL_NOUN] fowls' dung, birds' droppings
bisuba	[GENERAL_NOUN] lies, deceit
Bisuma	[ASTRONOMY_AND_THE_UNIVERSE_NOUN] the Great Bear, Constellation
bisunga	[GENERAL_NOUN] husks, shavings, refuse
bisuni	[COMMON_ANIMALS_NOUN] variola, chicken pox
bisiyaga	[GENERAL_NOUN] sodomy
bitaigi	[GENERAL_NOUN] maizebefore it is fully-grown
bitanaki	[GENERAL_NOUN] vomit
bitanta	[GENERAL_NOUN] labia
bitaarra	[GENERAL_NOUN] whiskers
bitege	[GENERAL_NOUN] bandy legs
bitengo	[GENERAL_NOUN] ragged clothes or skins
bitontoorro	[GENERAL_NOUN] birds' dropping
biyaga	[GENERAL_NOUN] addled infertile eggs
biyogoma	[GENERAL_NOUN] flop down
boba	[GENERAL_NOUN] ja kcal, fox
boha	[GENERAL_VERB] to fasten, tie up
boboorra	[GENERAL_NOUN] unfasten
bohorrooka	[GENERAL_VERB] to unfasten
kunyeta	[GENERAL_VERB] to be fat
boigora	[GENERAL_VERB] to bark; speak roughly
bomwiboolezo	[GENERAL_NOUN] market toll collectors
bona	[GENERAL_NOUN] experience (trouble, etc.)
bonabona	[GENERAL_NOUN] suffer
bonabonesa	[GENERAL_VERB] to make one suffer
bondeerra	[GENERAL_NOUN] forge, to dissolv
bonekera	[GENERAL_VERB] to appear to
bonesa	[GENERAL_VERB] to hurt, punish
boobeera	[GENERAL_VERB] to be thoroughly cooked
boroogo	[GENERAL_NOUN] wailing,lamentation
boyera	[GENERAL_VERB] to quarrel with, attack
boyerangana	[GENERAL_VERB] to attack eachother
boyesa	[GENERAL_NOUN] scent, perfume
bubaagi	[GENERAL_NOUN] flaying
bubaizi	[GENERAL_NOUN] carpentry, joinery
bubaliirizi	[ECONOMICS_AND_COMMERCE_NOUN] economy.stinginess
bubambaazi	[GENERAL_NOUN] mad behavior
bubbaani	[BIOLOGY_NOUN] species of resin, incense
bubi	[GENERAL_NOUN] evil, harm;excrement
bubitihi	[GENERAL_NOUN] lying, deceitfulness
buboijana	[GENERAL_NOUN] loneliness, friendlessness, solitude
bubu	[GENERAL_NOUN] large edible mushroom
bubuura	[GENERAL_NOUN] loneliness solitude
buceke	[GENERAL_NOUN] weakness,feebleness
buculeezi	[GENERAL_NOUN] humility,meekness, docil ity, gentleness
bucwangya	[GENERAL_NOUN] deceit,fraud
bucwekaih	[GENERAL_NOUN] loss of children, bereavement
buda	[GENERAL_VERB] to knead (cooked plantains)
budaida	[GENERAL_NOUN] ceaselessly
budomadoma	[GENERAL_VERB] to folly
budongo	[GENERAL_NOUN] mud, mortar,clay for building
budoolidooli	[GENERAL_NOUN] little, tinny
buduupe	[GENERAL_NOUN] cunning,craftiness
buduuzi	[GENERAL_NOUN] scorn, derision
bufaakatr	[GENERAL_NOUN] widowhood
bufu	[GENERAL_NOUN] greediness,selfishness
bufuoda	[GENERAL_NOUN] narrowness,compression
bufuodaano	[GENERAL_NOUN] suffocation, stifling,asphyx
bufuuhi	[GENERAL_NOUN] jealousy
bugaajuki	[GENERAL_NOUN] redness
bugabe	[GENERAL_NOUN] freedom,right
bugabi	[GENERAL_NOUN] generosity,booty
bugabuga	[GENERAL_VERB] to be near death
bugambirambere	[GENERAL_NOUN] talk at random
bugana	[GENERAL_NOUN] at liberty
buganiza	[GENERAL_VERB] to clasp
buga.njaine	[GENERAL_NOUN] friendship, affection
buganjani	[GENERAL_NOUN] forch
buganyizi	[GENERAL_NOUN] pity, mercy
buganzi	[GENERAL_NOUN] affection,favoritism
bugeoyi	[GENERAL_NOUN] feast
bugeregere	[GENERAL_NOUN] sores between the toes
bugizi	[GENERAL_NOUN] ability, power
bugobya	[GENERAL_NOUN] deceit, fraud,hypocrisy
bugoga	[GENERAL_NOUN] nature,disposition. Way etc
bugoigo	[GENERAL_NOUN] sisal, hemp
bugole	[GENERAL_NOUN] wedding
bugoorra	[GENERAL_NOUN] African eggplant, Solanum Macrocarpan
kusetura	[COMMON_ANIMALS_NOUN] feed (cattle) early
bugumangani	[GENERAL_NOUN] stiffness, fimmess, hardness, rigidness
bugumba	[GENERAL_NOUN] barrenness, sterility
bubudamo	[GENERAL_NOUN] reliance,security, strength, refuge
bugumizo	[GENERAL_NOUN] forge
buguniiriza	[GENERAL_NOUN] stubbornness
bugunule	[GENERAL_NOUN] insolence
bugurusi	[GENERAL_NOUN] old age
buguta	[GENERAL_VERB] to rustle
buguuda	[GENERAL_NOUN] wealth, riches
buguzi	[GENERAL_NOUN] merchandise
bugwagwa	[GENERAL_NOUN] foolishness
bugweterano	[GENERAL_NOUN] inheritance, succession
bugwetwa	[GENERAL_NOUN] inheritedproperty
busa	[GENERAL_NOUN] for nothing
buhaba	[GENERAL_NOUN] folly
buhambirize	[GENERAL_NOUN] force,compulsion
buhamizo	[GENERAL_NOUN] stronghold,support, influence
bubaodiike	[GENERAL_NOUN] written matter, correspondence
buhanga	[GEOGRAPHY_NOUN] distant country
bubangaazi	[GENERAL_NOUN] longevity, durability
buhangami	[GENERAL_NOUN] scarcity
buhangirizi	[GENERAL_NOUN] slander
buhango	[GENERAL_NOUN] weight, size, bulk
buhangwa	[GENERAL_NOUN] inherent,nature
buhara	[GENERAL_NOUN] girlhood,maidenhood
buhate	[GENERAL_NOUN] spitefulness
buheereza	[GENERAL_NOUN] service
buhemu	[GENERAL_NOUN] shame, disgrace
bubendeke	[GENERAL_NOUN] fracture,sprain
buhere	[HEALTH_AND_MEDICINE_NOUN] scabies. The itch
bu hiire	[GENERAL_NOUN] good fortune, prosperity, success
buhoogozi	[GENERAL_NOUN] extortion,rapine, plunder, fraud
buhoole	[GENERAL_NOUN] insolence,self-wi ll, naughtiness, profligacy
buhulizi	[GENERAL_NOUN] order,discipline, obedience
buhumbe	[GENERAL_NOUN] multitude, crowd; delicacy
buhu nga	[GENERAL_NOUN] flour
bubungu	[GENERAL_NOUN] folly,indecency
bobuta	[GENERAL_NOUN] wound,injury
buhuuhirizi	[NATURE_AND_ENVIRONMENT_NOUN] fine rain,drizzle
bubwite	[GENERAL_NOUN] senility, senile, decay
buhya	[GENERAL_NOUN] pitfall for animals
buhyaka	[GENERAL_NOUN] newness
bujagaali	[GENERAL_NOUN] stupidity
bujojo	[GENERAL_NOUN] elephantiasis
bujonjo	[GENERAL_NOUN] secretion of the eyes
bujulizi	[LEGAL_AND_LAW_MATTERS_NOUN] evidence, testimony
bujunaanizibwa	[GENERAL_NOUN] responsibility
bujune	[GENERAL_NOUN] sorrow, trouble, misery, melancholy
bujwahi	[GENERAL_NOUN] weariness, fatigue
Bukama	[GOVERNANCE_AND_ADMINISTRATION_NOUN] Kingdom
bukanga	[GENERAL_ADV] at a high price
bukatuzi	[GENERAL_NOUN] violence
bukaya	[GENERAL_NOUN] fierceness
bukazi	[GENERAL_NOUN] womanhood,female genitals
buke	[GENERAL_NOUN] littleness, fewness
bukeeto	[GENERAL_NOUN] stewardship
bukene	[GENERAL_NOUN] die uncared for
bukerembe	[GENERAL_NOUN] infancy
bukigi	[GENERAL_NOUN] trypanosomyasis
bukiioiiki	[GENERAL_NOUN] sarcasm
bukiiouuki	[GENERAL_NOUN] rudeness
bukoonyezi	[GENERAL_NOUN] help,assistance
bukooto	[GENERAL_NOUN] size,bigness
Bukristaayo	[GENERAL_NOUN] Christianity
bukuku	[GENERAL_NOUN] stinginess,rancidity
bukungani	[GENERAL_NOUN] discord, strife
bukungu	[GENERAL_NOUN] minor chieftainship
bukorungutaniza	[GENERAL_NOUN] cunnningness, craftiness
bukwasizo/buyamba	[GENERAL_NOUN] assistance,support
bukwataoe	[GENERAL_NOUN] relationship
bukwatwa	[GENERAL_NOUN] captivity,imprisonment
bukwenda	[GENERAL_NOUN] deputed authority, ambassadorship, ministry,commission
bukyabukya	[GENERAL_NOUN] daily, always
Buraya	[GENERAL_NOUN] Europe
bulebule	[GENERAL_NOUN] completely
buleegi	[GENERAL_NOUN] begging
bulehe	[GENERAL_NOUN] compensation,reparation
bulemeezi	[GENERAL_NOUN] weight,difficulty
bulemi	[GENERAL_NOUN] rule, control,government, force
bulemu	[MILITARY_NOUN] war, battle, struggle, conflict
bulengerezi	[GENERAL_NOUN] careful measurement (of food)
bulengi	[GENERAL_NOUN] stinginess
yamba abaana	[GENERAL_NOUN] care of children
burryegaitaho	[COMMON_ANIMALS_NOUN] join
buliba	[COMMON_ANIMALS_NOUN] rat trap
bulibweoguzi	[GENERAL_NOUN] corruption
buliiririzi	[GENERAL_NOUN] greed
buliro	[GENERAL_NOUN] source of foodsupply, pasture
buliisa	[GENERAL_NOUN] work of ashepherd; pastorate
burlisizo	[GENERAL_NOUN] pasture
bulimi	[GENERAL_NOUN] lisp
bulimi	[GENERAL_NOUN] cultivation
bulindwa	[GENERAL_NOUN] protection
bulingiri	[GENERAL_NOUN] unsociability
bulinzi	[GENERAL_NOUN] guardianship
buryo	[GENERAL_NOUN] justice, reason
bumanyi	[GENERAL_NOUN] knowledge,understand recognition
bumanyiizi	[GENERAL_NOUN] experience
bumanzi	[GENERAL_NOUN] courage
butwa	[GENERAL_NOUN] poison
bumba	[GENERAL_NOUN] mould
bumbaataniza	[GENERAL_VERB] to clasp, tightly
bumbaatira	[GENERAL_VERB] to gather under wings
bumbaatiza	[GENERAL_VERB] to clasp tightly
bumburu	[BIOLOGY_NOUN] species of beer banana
bumbu ruka	[GENERAL_VERB] to emerge from undenvate
bumomi	[GENERAL_NOUN] rust
byomu	[GENERAL_NOUN] oneness, unity
bulemu	[GENERAL_NOUN] lameness,disableness
bumwemwe	[GENERAL_NOUN] smile
bunabbi	[GENERAL_NOUN] prophecy
bunaku	[GENERAL_NOUN] poverty
bunanasi	[GENERAL_NOUN] redness
bunanu	[GENERAL_NOUN] trustfulness,confidence
bunanuki	[GENERAL_NOUN] foreg
bunda arra	[GENERAL_NOUN] tolie in wait, for
bundaaza	[GENERAL_VERB] to humble, abase
bundiika	[GENERAL_VERB] to press down, squash
bune	[GENERAL_NOUN] liver
Bungereza	[GENERAL_NOUN] England
bungurya	[GENERAL_NOUN] gulp
bunihe	[GENERAL_NOUN] satisfaction,repletion
bunkohoob	[GENERAL_NOUN] inedible termites
bunkuli	[GENERAL_NOUN] bolt food, gulp
bunoobi	[GENERAL_NOUN] hatred
buntamantama	[GENERAL_NOUN] mumble, mutter, murmur
buotu	[GENERAL_NOUN] being, humanity
bunu	[GENERAL_NOUN] this
bunuliirizi	[GENERAL_NOUN] sweetness
bunuzi	[GENERAL_NOUN] flavor, taste
bunwekinweki	[GENERAL_NOUN] flattery
bunyaata	[GENERAL_NOUN] eating without a relish
bunyagi	[GENERAL_NOUN] plunder, violence, rapine
bunyagwa	[GENERAL_NOUN] captivity
buoyakantu	[GENERAL_NOUN] hasty,temper
bunyamarumbu	[GENERAL_NOUN] stiffness, aching
bunyamibwa	[GENERAL_NOUN] good looks
bunyankomo	[GENERAL_NOUN] imprisonment
bunyansi	[GENERAL_NOUN] grass
bunyanzigwa	[GENERAL_NOUN] enemity
bunyaruguru	[GENERAL_NOUN] position
bunyeete	[GENERAL_NOUN] stoutness
bunyigi	[GENERAL_NOUN] meanness,stinginess, miserliness
bunyuunyuguzi	[GENERAL_NOUN] foreg
bunywani	[GENERAL_NOUN] friendship, blood brother-hood
bunyigitiro	[GENERAL_NOUN] foreg
bunyuunyambuzi	[GENERAL_NOUN] plant like clover
bunyu unyuguru,	[GENERAL_NOUN] tickling sensation
buraara	[GENERAL_NOUN] plant withhairy stinging leaves
buraaro	[GENERAL_NOUN] lodging
burabo	[GENERAL_NOUN] path, passage,way
buraguzi	[GENERAL_NOUN] divination
buraiha	[GENERAL_NOUN] height
buraira	[GENERAL_NOUN] length, height
bugumya	[GENERAL_NOUN] fixed, firmly
burangara	[GENERAL_NOUN] stir up trouble
burangura	[HEALTH_AND_MEDICINE_NOUN] opthalmia,trachoma
buro	[GENERAL_NOUN] small millet
burofu	[GENERAL_NOUN] filth., dirtiness,slovenness
bu rogo	[CULTURE_AND_TRADITION_NOUN] witchcraft
buronde	[GENERAL_NOUN] forced labour
burubatiro	[GENERAL_NOUN] tread of foot, sole
burugo	[GENERAL_NOUN] place of origin
buruguta	[GENERAL_NOUN] roar, sound
burukwera	[GENERAL_NOUN] holiness
burumi	[GENERAL_NOUN] ache, pain
burumuka	[GENERAL_VERB] to rustle, swish
burundu	[HEALTH_AND_MEDICINE_NOUN] smallpox
burungi	[GENERAL_NOUN] beauty, goodness
burungurungu	[GENERAL_NOUN] alone
burungutana	[GENERAL_VERB] to bustle about, hustle
bururumi	[GENERAL_NOUN] fierceness,ferocity, harshness
buruutura	[GENERAL_NOUN] rip, tear
burwa	[COMMON_ANIMALS_NOUN] ashes of burnt cow-dung
burwaire	[GENERAL_NOUN] illness, sickness, disease
busumi	[GENERAL_NOUN] time
busumiikiranizo	[GENERAL_NOUN] fastening. Joint
busuubuzi	[GENERAL_NOUN] trade
busuuhuuki	[GEOGRAPHY_NOUN] exile, emigration
buswale	[GENERAL_NOUN] raffia
busuuru	[GENERAL_NOUN] ground-rent
busuuti	[GENERAL_NOUN] Arab robe
buswagirizi	[GENERAL_NOUN] flattery
buswahirizi	[GENERAL_NOUN] provocation, taunting, booing
buta	[GENERAL_VERB] be feeble
butaahi	[GENERAL_NOUN] neighbourhood,neighbourliness
butaaho	[GENERAL_NOUN] residence, dwelling place
butaamanya	[GENERAL_NOUN] foolishness
butagali	[GENERAL_NOUN] weakness,thinness of the legs
butagasi	[GENERAL_NOUN] warmth
butaweza	[GENERAL_NOUN] blindness
kukaba	[GENERAL_NOUN] collapse, fall
butaikya	[GENERAL_NOUN] unceasingly
bu taito,	[GENERAL_NOUN] littleness.smallness, fewness
butale	[GENERAL_NOUN] iron ore
butamilzi	[GENERAL_NOUN] drunkenness, intoxication
butandikiro	[GENERAL_NOUN] starting point
butandwa	[GENERAL_NOUN] unforeseen peril, accident
butanwa	[GENERAL_NOUN] accidental occurrence
butasi	[GENERAL_NOUN] espionage
butatara	[GENERAL_VERB] to spread about
butebezi	[GENERAL_NOUN] preaching
buteeraniro	[GENERAL_NOUN] joint
buteero	[GENERAL_VERB] to fall
buteerre	[GENERAL_NOUN] slipperiness
butembane	[GENERAL_NOUN] inbreeding
butende	[CULTURE_AND_TRADITION_NOUN] initiation ceremony of diviner
buteodebeki	[GENERAL_NOUN] task
butentebeke	[GENERAL_NOUN] impossibility, difficulty
butere	[GENERAL_NOUN] fat tai
butida	[GENERAL_NOUN] catapult
butigi	[GENERAL_NOUN] forwardness, perversity
butiime	[GENERAL_NOUN] minced meat
butiini	[GENERAL_NOUN] fear, cowardice
butika	[GENERAL_VERB] to dump down
buto	[GENERAL_NOUN] childhood,youth
butogoro	[GENERAL_NOUN] bloodpudding
butooganiro	[GENERAL_NOUN] excuse, defence
botumwa	[GENERAL_NOUN] conunission,apostleship, ministry
buturumuki	[GENERAL_NOUN] sloth,slackness
butungi	[GENERAL_NOUN] wealth
buturukaizooba	[GENERAL_NOUN] the East
butuzi	[GENERAL_NOUN] button mushrooms
butweke	[HEALTH_AND_MEDICINE_NOUN] pregnancy of unmarried woman
butweki	[GENERAL_NOUN] fomication(male)
buura	[GENERAL_NOUN] give warning
buurra/ zubura	[GENERAL_NOUN] open the eyes
buurru	[GENERAL_NOUN] cloud of dust
buuta	[GENERAL_NOUN] very feeble person; idiot
buutabu	[GENERAL_NOUN] stoop
buutikira	[GENERAL_VERB] to smother, cover up
buya	[GENERAL_VERB] to be sleepless
buyambi	[GENERAL_NOUN] help, aid,assistance
buyanja	[GENERAL_NOUN] wavelets, ripples
buyondo	[GENERAL_NOUN] twisted fringe
buyungiro	[GENERAL_NOUN] joint, splice
buza	[GENERAL_NOUN] lose
buzaale	[GENERAL_NOUN] clanship, relationship, kinship
buzaana	[GENERAL_NOUN] slavery
buzaarwa	[GENERAL_NOUN] parentage, birthplace
buzigu	[HEALTH_AND_MEDICINE_NOUN] hostility,enemity; smallpox
buzimba	[HEALTH_AND_MEDICINE_NOUN] tuberculosis
buzimbira	[GENERAL_NOUN] bulk
buzindaazi	[GENERAL_NOUN] hoarseness
bwabwanura	[GENERAL_VERB] to crunch
bwagaarra	[GENERAL_VERB] to be squashed
bwagura	[COMMON_ANIMALS_VERB] to bear (puppy, cubs)
bwahuzi	[GENERAL_NOUN] storing up,stewardship
bwakabiri	[GENERAL_NOUN] second time
bwakaiso	[LEGAL_AND_LAW_MATTERS_NOUN] witness,testimony, evidence
bwakyo	[GENERAL_NOUN] tinny flowers
bwalingi	[GENERAL_NOUN] laziness,foolishness
bwamata	[GENERAL_NOUN] tonsils
bwamba	[GENERAL_NOUN] copious
bwanda	[GENERAL_NOUN] yellow stonecrop
bwanga	[GENERAL_NOUN] hollows
bwangi	[GENERAL_NOUN] refusal
bwanyakatagara	[GENERAL_NOUN] priesthood
bwarabwara	[GENERAL_VERB] to crouch down, hide
bwarangasa	[GENERAL_NOUN] atmosphere
bwarubanga	[GENERAL_NOUN] godhead
bwate	[GENERAL_NOUN] jealousy
bwati	[HEALTH_AND_MEDICINE_NOUN] fissures of childbirth
bwatuka	[GENERAL_VERB] to make noise
bweculiko	[GENERAL_NOUN] slope
bwecumi	[GENERAL_NOUN] neatness,smartness, cleanliness, adornment
bweewiso	[GENERAL_NOUN] expiation
bweganyi	[GENERAL_NOUN] self-pity
bweganyirizi	[GENERAL_NOUN] slackness, laziness
bwegege	[GENERAL_NOUN] carefully
bwegendereza	[GENERAL_NOUN] carefulness, circumspection, thrift
bwegesa	[GENERAL_NOUN] teaching
bwegesibwa	[GENERAL_NOUN] civilization
bwcgombi	[GENERAL_NOUN] covetousness
bwebinduurro	[GENERAL_NOUN] room to tum, freedom
bwekambi	[GENERAL_NOUN] deligeocc, zeal, earnestness, zest
bwckanasi	[GENERAL_NOUN] laziness, indolence
bwekiiko	[GENERAL_NOUN] bend, curve,tum
bwckobi	[GENERAL_NOUN] conspiracy
bwekubizo	[GENERAL_NOUN] careful up bringing, petting
bwekuniki	[GENERAL_NOUN], conceit, showing off
bwenda	[GENERAL_NOUN] generosity,liberality, bounty
bwenderezi	[GENERAL_NOUN] oppression,bullying
bwenugi	[GENERAL_NOUN] neglect of owcrcowcre
bwerebwere	[GENERAL_NOUN] openly
bwereme	[GENERAL_NOUN] willfulness,rebellion, impudence
bweremera	[GENERAL_NOUN] sole ownership
bwerengerezi	[GENERAL_NOUN] bullying, scornfulness
bwerindwa	[GENERAL_NOUN] fragility
bwesaganirizo	[GENERAL_NOUN] rustling
bwesengeze	[GENERAL_NOUN] leasehold land
bwesereko	[GENERAL_NOUN] hiding place, refuge
bwesige	[GENERAL_NOUN] trust,confidence, assurance
bwesigwa	[GENERAL_NOUN] trustworthiness, faithfulness
bwesumbo	[GENERAL_NOUN] shelter from rain
bwesumikiri	[GENERAL_NOUN] lumps
bwesungi	[GENERAL_NOUN] cheek, impudence, naughtiness
bwezigooro	[GENERAL_NOUN] curve,bend, round about
bwibi/busuma	[GENERAL_NOUN] theft
bwigamiro/ buyamba	[GENERAL_NOUN] support
bwigamo	[GENERAL_NOUN] shelter
Bwigara	[GENERAL_INTERJ] expression of pity
bwigara	[HEALTH_AND_MEDICINE_NOUN] smallpox
bwigurumba	[GENERAL_NOUN] bigness
bwiguu	[GENERAL_NOUN] bully
bwihulebwona	[COMMON_ANIMALS_NOUN] stinging centipede
bwijukuru	[GENERAL_NOUN] ancestry,generations
bwikaro	[GENERAL_NOUN] place, residence, abode
bwikazi	[GENERAL_NOUN] foreg
bwikizo	[GENERAL_NOUN] refuge
bwiko	[GENERAL_NOUN] mutual hatred,enmity
Bwikya	[GENERAL_NOUN] house of thequeen consort
bwimi	[GENERAL_NOUN] meanness,stinginess
bwina	[GENERAL_NOUN] linleholes, tunnels
bwinazi	[GENERAL_NOUN] poverty
bwingi	[GENERAL_NOUN] plenty
bwingira	[GENERAL_NOUN] cave. Den
bwinike	[GENERAL_NOUN] serfdom
bwiru	[GENERAL_NOUN] slavery
bwirukiro	[GENERAL_NOUN] place of refuge, retreat
bwisi	[GENERAL_NOUN] murder
bwisiki	[GENERAL_NOUN] girlhood
bwogi	[GENERAL_NOUN] sharpness, edge
bwogo	[GENERAL_NOUN] tumult, uproar
bwojo	[GENERAL_NOUN] boyhood
bwoki	[GENERAL_NOUN] honey
bwomangane	[GENERAL_NOUN] toughness
bwomeezi	[GENERAL_NOUN] health, life, soul
bwomi	[GENERAL_NOUN] dryness
bwomere	[GENERAL_NOUN] dryness
bwomuntu	[GENERAL_NOUN] humanity
bwongo	[GENERAL_NOUN] brain
bwonjooka	[GENERAL_VERB] to go away stealthily
bworobi	[GENERAL_NOUN] softness, tenderness
bworoozi	[GENERAL_NOUN] guardianshjp
bwotere	[GENERAL_NOUN] butter mixed with perfume
bwoya	[GENERAL_NOUN] hair
bwoyooyo	[GENERAL_NOUN] nothing at all
byahi	[GENERAL_NOUN] skin mats, child's bedding
byakeeri	[GENERAL_NOUN] hair in the annat
byamba/buroofu	[GENERAL_NOUN] dirt
byaoa	[GENERAL_NOUN] fruit, offspring
byara	[GENERAL_NOUN] fingers
byeoda	[GENERAL_NOUN] entrails
byenga	[GENERAL_NOUN] slag of iron, dross
byeyererwa	[GENERAL_VERB] find no one in
byobwomeezi	[GENERAL_NOUN] health,sanitation matters
byokera	[GENERAL_VERB] to attack
byokurya	[GENERAL_NOUN] food
byorwaoju	[GENERAL_NOUN] immorality
byoya	[GENERAL_NOUN] feathers,fur(animal hair)
banu	[GENERAL_NOUN] these ones
bandwa	[GENERAL_NOUN] chwezi priests
baro	[GENERAL_NOUN] your husband
basemera	[GENERAL_NOUN] he/she is good looking
basingo	[GENERAL_NOUN] courtier or fort-dweller, attendant
batembuzi	[GENERAL_NOUN] pioneers, harbigners
bazaire	[GENERAL_NOUN] parents
bazarrabusa	[GENERAL_NOUN] they produce[children] for nothing
bbaasi!	[GENERAL_NOUN] enough
bbaibbuli	[GENERAL_NOUN] bible
bbasitoora	[GENERAL_NOUN] pistol
bbogoya	[GENERAL_NOUN] plantain
bbwa	[GENERAL_NOUN] openly
beebwa	[GENERAL_NOUN] they can forget
biringi	[GENERAL_NOUN] sickle
bibiri	[GENERAL_NOUN] two hundred
bibiri n'emu	[GENERAL_NUM] two hundred and one
bibiri n'ikumi	[GENERAL_NUM] two hundred and ten
bigo	[GENERAL_NOUN] place, city
bikumi bibiri	[GENERAL_NOUN] two hundred
bikumi bina	[GENERAL_NOUN] four hundred
bikumi bisatu	[GENERAL_NOUN] three hundred
bikumi bitaano	[GENERAL_NOUN] five hundred
biizi-bitoosa	[COMMON_ANIMALS_NOUN] meat of a sheep
binkwatiireki	[GENERAL_NOUN] carelessly
binzaari	[GENERAL_NOUN] orange colour
binu	[GENERAL_NOUN] these ones
biisopu	[GENERAL_NOUN] bishop
bonka	[GENERAL_NOUN] they alone
bonsatu	[GENERAL_NOUN] three of them
bontaano	[GENERAL_NOUN] five of them
boojo	[GENERAL_NOUN] please
bbooda-booda	[TRANSPORT_NOUN] bicycle or motorcycle taxi
booma	[GENERAL_NOUN] government ground or station
boona	[GENERAL_NOUN] all of them
bucuzi	[GENERAL_NOUN] upside down
bugazi	[GENERAL_NOUN] facing up
bugingo	[GENERAL_NOUN] dangerous, deadly
bugubugu	[GENERAL_NOUN] quickly and carelessly
bugendandara	[GENERAL_VERB] to walk sluggishly
bugwaizooba	[GENERAL_NOUN] West
buheekwa	[GENERAL_NOUN] vehemence
buhyaka	[GENERAL_NOUN] anew, again
bukiika	[GENERAL_NOUN] across
buli kiro	[GENERAL_NOUN] everyday
bundi	[GENERAL_NOUN] another time
burugaizooba	[GENERAL_NOUN] East
buturukamusanaj busa	[GENERAL_NOUN] for nothing
busi bwa nseeri	[GENERAL_ADV] on the opposite hills
businge	[GENERAL_NOUN] peacefully
butaleka	[GENERAL_NOUN] uncreasingly, continuously
butoosa	[GENERAL_NOUN] everyday, always
bujenjebere	[GENERAL_NOUN] something that is shaky
bujinja	[COMMON_ANIMALS_NOUN] a sheep without ears
bujumeera	[GENERAL_NOUN] a good singing voice
bumoso	[GENERAL_NOUN] left hand side
buri	[GENERAL_NOUN] that time
buso-bwa-ntaama	[GENERAL_NOUN] head on collision
busa	[GENERAL_NOUN] afresh; once more
bwa	[GENERAL_VERB] to speak openly
bwakeire-bwaizire	[GENERAL_NOUN] now and then
bwangu	[GENERAL_NOUN] quickly
bwanamukuru	[GENERAL_NOUN] a parish priest
bwanyima	[GENERAL_NOUN] afterwards; later
bwatu	[GENERAL_NOUN] doing something openly
bweera	[GENERAL_NOUN] open
bwemi	[GENERAL_NOUN] upright, standing up
bwereere	[GENERAL_NOUN] a very young baby
bwino	[GENERAL_NOUN] ink,written
bwo	[GENERAL_NOUN] it, itself, they, themselves
bwohe	[GENERAL_NOUN] temptation
byabazaire	[GENERAL_NOUN] of parents
byo	[GENERAL_NOUN] they, themselves
byona	[GENERAL_NOUN] all of them
kubunga buli kaire	[GENERAL_VERB] to be always visiting
caai	[GENERAL_NOUN] tea, tea leaves,tea plant
tandika	[GENERAL_VERB] to begin, start
Caali	[GENERAL_NOUN] expresses pity, admiration
cambaitu	[GENERAL_VERB] to shake about, spill
candakaarra	[GENERAL_VERB] to be exhausted
kubonesa	[GENERAL_NOUN] torture
capa/kutera	[GENERAL_NOUN] slap
capuka	[GENERAL_VERB] to be chipped
capura/kucwa	[GENERAL_VERB] to chip, break off
ceba	[GENERAL_VERB] to pound, crush
cebaceba	[GENERAL_VERB] to trot
kusekereza	[GENERAL_VERB] to mock
ceeceeba	[GENERAL_NOUN] cebaceba
ceke	[GENERAL_NOUN] weak, feeble
cekeca	[GENERAL_VERB] to dance,leap
cwonacwona	[GENERAL_NOUN] completely
cekya	[GENERAL_VERB] to weaken
cencebuka	[GENERAL_VERB] to be tom, ragged
cencebura	[GENERAL_VERB] to tear into pieces
cenkacenka/nena	[GENERAL_VERB] to chew
cika	[GENERAL_NOUN] discuss thoroughly
cikinya	[GENERAL_VERB] be tidy, neat, quiet
cikinyiza	[GENERAL_VERB] to shake about, strew
compacompya	[GENERAL_VERB] to be deceitful
concoboza	[GENERAL_VERB] to become destitute
concona /kohonda	[GENERAL_VERB] to crush, pound
kubyama	[GENERAL_NOUN] sleep
cucu	[GENERAL_INTERJ] expression of fraight
cugura	[GENERAL_VERB] to have diarrhoea
Cukanaho	[GENERAL_NOUN] Get out
cukumura	[GENERAL_VERB] to discard
curiikana	[GENERAL_VERB] to over lap
kusindika	[GENERAL_VERB] to push
cumanga	[GENERAL_VERB] to push repeatedly, neglect
kwanga	[GENERAL_VERB] to refuse
cumba	[GENERAL_VERB] to cook, boil
cumbagira	[GENERAL_VERB] to limp
cumika	[GENERAL_VERB] to set fire
cumita	[GENERAL_VERB] to stab, spear, pierce
cuncumura	[GENERAL_VERB] to drive away, scareaway
cunduka	[GENERAL_VERB] be corpulent
cumuka	[GENERAL_VERB] to grow tall
cungura	[GENERAL_VERB] to buy back, redeem
cunkura	[GENERAL_VERB] to suck dry
cupa	[GENERAL_NOUN] bottle
ente ekuru,omukazi mukuru	[COMMON_ANIMALS_NOUN] old cow, old woman
curru	[GENERAL_NOUN] a destitute person
cuucu	[GENERAL_NOUN] dust
cuukun	[GENERAL_NOUN] wean
cwagura	[GENERAL_VERB] to eat ravenously
cwamu	[GENERAL_NOUN] settle matters
cwanganiza	[GENERAL_VERB] to go across
cwanganizaamu	[GENERAL_VERB] to divide
cwaogya	[GENERAL_VERB] be cunning, crafty, sly
cwankuna	[GENERAL_VERB] to chew
cweka	[GENERAL_VERB] to break
cwekana	[GENERAL_VERB] to succumb
cwekanira	[GENERAL_NOUN] rush at joyfully
cwereeira	[GENERAL_VERB] to invent
cwanganisikaniza	[GENERAL_NOUN] cross a path
cacaca	[GENERAL_NOUN] sound made by footsteps
cakucaku	[GENERAL_NOUN] quickly
ceiceice	[GENERAL_NOUN] in total silence
coroko	[GENERAL_NOUN] soya beans
culeezi	[GENERAL_NOUN] quiet
cuucuucu	[GENERAL_NOUN] too much smell
daata	[GENERAL_VERB] to walk majestically
dai	[GENERAL_NOUN] intensive with guma
kifaaro	[GENERAL_NOUN] slemon, devil, evil spirit
dakiika	[GENERAL_NOUN] minute
dakitaali/omufumu	[HEALTH_AND_MEDICINE_NOUN] doctor
dalizi	[GENERAL_NOUN] woven border on cloth
dambakaarra	[GENERAL_VERB] to be flabby, inert
damura/genda	[GENERAL_VERB] to move
demba	[GENERAL_NOUN] tolap
dibisa	[GENERAL_VERB] to rundown, defame
dyaka	[GENERAL_VERB] to become stupid,backward
digidigi	[GENERAL_NOUN] intensive with boha (fasten)
nyweza	[GENERAL_NOUN] tie tightly, tighten
diini	[GENERAL_NOUN] religion
diira	[GENERAL_NOUN] compass
dikira	[GENERAL_VERB] to sink
dikya	[GENERAL_VERB] to hit hard
dimiryangombe	[GENERAL_NOUN] blue soap
dimunadimu	[GENERAL_NOUN] seldom
dinga	[GENERAL_VERB] to become stupid
yongeza/kabiri	[GENERAL_VERB] to bubble
doma	[GENERAL_VERB] to bestupid, silly, foolish
domadoma	[GENERAL_VERB] to become stupid, foolish
domya	[GENERAL_VERB] to stupefy
doodokya	[GENERAL_VERB] to mock, ridicule
cementi	[GENERAL_NOUN] cement
dongoro	[GENERAL_NOUN] native soap
dooba	[GENERAL_VERB] to be stripped
dookooli	[GENERAL_VERB] be exhausted, done up
Dora	[GENERAL_NOUN] Look! Behold!
dubungura	[GENERAL_VERB] to hollow out, probe,lance
duduma	[GENERAL_VERB] to rumble, whirr, hum
dudura	[GENERAL_NOUN] beat unmercifully, flog
dundukya	[GENERAL_VERB] to tantalize
dundumuka	[GENERAL_VERB] to grow very quickly
kusumura	[GENERAL_VERB] to be very tall
duraamu	[GENERAL_NOUN] barrel
duubuuda	[GENERAL_VERB] to waste
duuka	[GENERAL_NOUN] shop
kurangira	[GENERAL_VERB] to announce, command, proclaim,interpret
duura	[GENERAL_NOUN] t oderide, scorn
dubura	[GENERAL_NOUN] drill
dai-dai	[GENERAL_NOUN] very hard
daburokara	[GENERAL_NOUN] double colour
dainingi	[GENERAL_NOUN] dining room
dara	[GENERAL_ADV] here is, there is
dereeva	[TRANSPORT_NOUN] driver
deero	[GENERAL_NOUN] now, today
disiko	[GENERAL_NOUN] discotheque
doboro	[GENERAL_NOUN] double: twice as much
doi doi	[GENERAL_VERB] making continous andirritating noise
doodo	[GENERAL_NOUN] amarinthus
ekidomora	[GENERAL_NOUN] jerrycan
ebidomora	[GENERAL_NOUN_PLURAL] jerrycans
ekidongodongo	[COMMON_ANIMALS_NOUN] a heron
ebidongodongo	[COMMON_ANIMALS_NOUN_PLURAL] herons
ekifubiro	[GENERAL_NOUN] punishment, penalty
ebifubiro	[GENERAL_NOUN_PLURAL] punishment, penalties
bikaiko	[GENERAL_NOUN] food without salt
bikaiko	[GENERAL_NOUN_PLURAL] food without salts
ekifu kyenda	[GENERAL_NOUN] a very greedy person
ebifu kyenda	[GENERAL_NOUN_PLURAL] very greedy persons
ekifunjo mururuma	[GENERAL_NOUN] large intestine
ebifunjo mururuma	[GENERAL_NOUN_PLURAL] large intestines
ekigambo	[GENERAL_NOUN] a word
ebigambo	[GENERAL_NOUN_PLURAL] words
ekigango	[GENERAL_NOUN] room for catechism classes
ebigango	[GENERAL_NOUN_PLURAL] room for catechism classeses
ekidikizo	[GENERAL_NOUN] idiom
ebidikizo	[GENERAL_NOUN_PLURAL] idioms
ekidongo	[GENERAL_NOUN] a guitar
ebidongo	[GENERAL_NOUN_PLURAL] guitars
omudoma	[GENERAL_NOUN] a stupid person
abadoma	[GENERAL_NOUN_PLURAL] stupid persons
ebifuba	[GENERAL_NOUN_PLURAL] ekifubas
ekifufu	[GENERAL_NOUN] a bruise
ebifufu	[GENERAL_NOUN_PLURAL] bruises
endoboro/ensahu	[GENERAL_NOUN] a packet
endoboro/ensahu	[GENERAL_NOUN_PLURAL] packets
ekisaniko	[GENERAL_NOUN] cover, used banana leaf
ebisaniko	[GENERAL_NOUN_PLURAL] cover, used banana leafs
ekifunjo	[GENERAL_NOUN] rectum
ebifunjo	[GENERAL_NOUN_PLURAL] rectums
ekigaali/enengere	[GENERAL_NOUN] a wheel barrow
ebigaali/enegere	[GENERAL_NOUN_PLURAL] wheel barrows
kanyama	[GENERAL_NOUN] a tall mascular person
bakanyama	[GENERAL_NOUN_PLURAL] tall mascular persons
ekiganyiro	[GENERAL_NOUN] forgiveness
ebiganyiro	[GENERAL_NOUN_PLURAL] forgivenesses
ekigarukwamu	[GENERAL_NOUN] answer
ebigarukwamu	[GENERAL_NOUN_PLURAL] answers
ekigene	[GENERAL_NOUN] joke
ebigene	[GENERAL_NOUN_PLURAL] jokes
ekigiiko	[GENERAL_NOUN] spoon
ebigiiko	[GENERAL_NOUN_PLURAL] spoons
ekihano	[GENERAL_NOUN] something very surprising
ebihano	[GENERAL_NOUN_PLURAL] something very surprisings
ekigega	[GENERAL_NOUN] a big basket
ebigega	[GENERAL_NOUN_PLURAL] big baskets
ekigere	[GENERAL_NOUN] foot, foot print
ebigere	[GENERAL_NOUN_PLURAL] foot, foot prints
ekigigo	[GENERAL_NOUN] molar tooth
ebigigo	[GENERAL_NOUN_PLURAL] molar tooths
ekigunguru	[GENERAL_NOUN] a round plastic jerrycan
ebigunguru	[GENERAL_NOUN_PLURAL] round plastic jerrycans
ekihambo	[GENERAL_NOUN] a young pumpkin's garden
ebihambo	[GENERAL_NOUN_PLURAL] young pumpkin's gardens
ekihohe	[GENERAL_NOUN] soft immature calabash
ebihohe	[GENERAL_NOUN_PLURAL] soft immature calabashes
ekikyorooni	[GENERAL_NOUN] latrine
ebyorooni	[GENERAL_NOUN_PLURAL] latrines
ekijunjuuzi	[GENERAL_NOUN] beetle
ebijunjuuzi	[GENERAL_NOUN_PLURAL] beetles
ekijwaro	[GENERAL_NOUN] garment, wear
ebijwaro	[GENERAL_NOUN_PLURAL] garment, wears
ekikaali	[GOVERNANCE_AND_ADMINISTRATION_NOUN] king's or chiefs enclosure
ebikaali	[GOVERNANCE_AND_ADMINISTRATION_NOUN_PLURAL] king's or chiefs enclosures
ekikaijo	[GENERAL_NOUN] sugarcane
ebikaijo	[GENERAL_NOUN_PLURAL] sugarcanes
ekikaragwe	[GENERAL_NOUN] a tree specie
ebikaragwe	[GENERAL_NOUN_PLURAL] tree species
ekikindo	[GENERAL_NOUN] a palm tree
ebikindo	[GENERAL_NOUN_PLURAL] palm trees
ekikeke	[GENERAL_NOUN] pumpkin
ebikeke	[GENERAL_NOUN_PLURAL] pumpkins
ekikere	[GENERAL_NOUN] frog, toad
ebikere	[GENERAL_NOUN_PLURAL] frog, toads
ekikoco	[COMMON_ANIMALS_NOUN] an old emanciated cow
ebikoco	[COMMON_ANIMALS_NOUN_PLURAL] old emanciated cows
ekikongoriro	[GENERAL_NOUN] maize cob
ebikongoriro	[GENERAL_NOUN_PLURAL] maize cobs
ekikohi	[GENERAL_NOUN] eyelid
ebikohi	[GENERAL_NOUN_PLURAL] eyelids
ekikoikyo	[STORYTELLING_AND_NARRATIVES_NOUN] riddle
ebikoikyo	[STORYTELLING_AND_NARRATIVES_NOUN_PLURAL] riddles
ekikoligo	[GENERAL_NOUN] yoke problem, obstacle
ebikoligo	[GENERAL_NOUN_PLURAL] yoke problem, obstacles
ekikoobe	[GENERAL_NOUN] a herdsman's whistle
abalisa	[GENERAL_NOUN_PLURAL] herdsman's whistles
ekisoro	[GENERAL_NOUN] an animal
ebisoro	[GENERAL_NOUN_PLURAL] animals
ekikoosi	[MILITARY_NOUN] a battalion
ebikoosi	[MILITARY_NOUN_PLURAL] battalions
ekikopo	[GENERAL_NOUN] cup: a trophy
ebikopo	[GENERAL_NOUN_PLURAL] cup: a trophies
ekijunzire	[GENERAL_NOUN] rotten thing
ebijunzire	[GENERAL_NOUN_PLURAL] rotten things
ekika	[GENERAL_NOUN] sub-clan
ebika	[GENERAL_NOUN_PLURAL] sub-clans
ekikaguzo	[GENERAL_NOUN] question
ebikaguzo	[GENERAL_NOUN_PLURAL] questions
ekikarango	[GENERAL_NOUN] frying-pan
ebikarango	[GENERAL_NOUN_PLURAL] frying-pans
ekiijukyo	[GENERAL_NOUN] a memorial remembrance
ebiijukyo	[GENERAL_NOUN_PLURAL] memorial remembrances
ekijubwa	[GENERAL_NOUN] type of horizontal grass
ebijubwa	[GENERAL_NOUN_PLURAL] type of horizontal grasses
ekijuma	[GENERAL_NOUN] a fruit, a table
ebijuma	[GENERAL_NOUN_PLURAL] fruit, a tables
ekiina	[GENERAL_NOUN] hole, ditch, pit
ebiina	[GENERAL_NOUN_PLURAL] hole, ditch, pits
ekiinamirro	[GENERAL_NOUN] great grief, be sorrowful
ebiinamirro	[GENERAL_NOUN_PLURAL] great grief, be sorrowfuls
ekiisamuhana	[GENERAL_NOUN] large hornbill
ebiisamuhana	[GENERAL_NOUN_PLURAL] large hornbills
ekiisurumba	[GENERAL_NOUN] waterfall, rushing flood
ebiisurumba	[GENERAL_NOUN_PLURAL] waterfall, rushing floods
ekiisa-mutuutu	[GENERAL_NOUN] a big brown bird
ebiisa-mutuutu	[GENERAL_NOUN_PLURAL] big brown birds
ekijinja	[GENERAL_NOUN] a seasonal swamp
ebijinja	[GENERAL_NOUN_PLURAL] seasonal swamps
ekijoojo	[GENERAL_NOUN] fresh banana tree sheath
ebijoojo	[GENERAL_NOUN_PLURAL] fresh banana tree sheaths
ekijubwe	[NATURE_AND_ENVIRONMENT_NOUN] a type of grass
ebijubwe	[NATURE_AND_ENVIRONMENT_NOUN_PLURAL] type of grasses
ekijujuka	[GENERAL_NOUN] odour: unpleasant smell
ebijujuka	[GENERAL_NOUN_PLURAL] odour: unpleasant smells
ekijaju	[GENERAL_NOUN] exaggerated information
ebijaju	[GENERAL_NOUN_PLURAL] exaggerated informations
ekiihe	[GENERAL_NOUN] severe famine
ebiihe	[GENERAL_NOUN_PLURAL] severe famines
ekiijongo	[GENERAL_NOUN] a crater lake
ebiijongo	[GENERAL_NOUN_PLURAL] crater lakes
ekiika	[GENERAL_NOUN] heavy smoke
ebiika	[GENERAL_NOUN_PLURAL] heavy smokes
ekiikaro	[GENERAL_NOUN] place, spot
ebiikaro	[GENERAL_NOUN_PLURAL] place, spots
ekiju	[GENERAL_NOUN] a bird's nest
ebiju	[GENERAL_NOUN_PLURAL] bird's nests
ekijumo	[GENERAL_NOUN] an insult, an abuse
ebijumo	[GENERAL_NOUN_PLURAL] insult, an abuses
ekyoroni	[GENERAL_NOUN] pit latrine
ebyoroni	[GENERAL_NOUN_PLURAL] pit latrines
ekiituuru	[GENERAL_NOUN] a shade, shadow
ebiituuru	[GENERAL_NOUN_PLURAL] shade, shadows
ekijogojogo	[GENERAL_NOUN] a snail shell
ebijogojogo	[GENERAL_NOUN_PLURAL] snail shells
ekikaaka	[GENERAL_NOUN] giant
ebikaaka	[GENERAL_NOUN_PLURAL] giants
ekikaari	[GENERAL_NOUN] a reed fenced enclosure
ebikaari	[GENERAL_NOUN_PLURAL] reed fenced enclosures
ekijaguzo	[GENERAL_NOUN] festivity, celebration
ebijaguzo	[GENERAL_NOUN_PLURAL] festivity, celebrations
empaka	[GENERAL_NOUN] argument, strife, dispute
empale	[GENERAL_NOUN] knickers, trousers, shorts
empambiriza	[GENERAL_NOUN] one who uses force
empambo	[GENERAL_NOUN] seeds of gourds
empanuura	[GENERAL_NOUN] advice, counsel, discussion
emparacuki	[GENERAL_NOUN] swift runner
emparra	[COMMON_ANIMALS_NOUN] kind of locust
empataniza	[GENERAL_NOUN] space
empazi	[TOURISM_NOUN] safari ants
empeereza	[GENERAL_NOUN] service
empegecu	[GENERAL_NOUN] gristle, cartilage
empere	[GENERAL_NOUN] bed-bug
empeta	[GENERAL_NOUN] a ring
empiigi	[COMMON_ANIMALS_NOUN] hunting dog
empimbaale	[COMMON_ANIMALS_NOUN] a blind cow, goat
empitmpina	[COMMON_ANIMALS_NOUN] chameleon
empaama	[GENERAL_NOUN] poor soil, hard earth
empairimi	[COMMON_ANIMALS_NOUN] male dog
empakani	[GENERAL_NOUN] argumentative person, rival, competitor
empamo	[GENERAL_NOUN] mourning, lamentation
empanabeera	[GENERAL_NOUN] firm breasts not pendant
empara	[GENERAL_NOUN] Uganda Cob
emparangani	[GENERAL_NOUN] quarrelsome person
empata	[GENERAL_NOUN] constipation
empeehe	[GENERAL_NOUN] fluffy seeds of reeds
empeera	[GENERAL_NOUN] wage, pay, reward
empeese/enfuka empyaka	[GENERAL_NOUN] a new hoe
empekenyu	[GENERAL_NOUN] gristle, cartilage
empiigani	[GENERAL_NOUN] enmity, persecution
empirima	[GENERAL_NOUN] double edged sword, dagger
empogoma	[GENERAL_NOUN] hole in a tree
enkunguru	[GENERAL_NOUN] grasshoppers: small grasshoppers
enku	[GENERAL_NOUN] firewood
enkubebe	[COMMON_ANIMALS_NOUN] worker termite
enkubiti	[GENERAL_NOUN] strength, vigour
enkukuni	[GENERAL_NOUN] flea
enkumbititi	[GENERAL_NOUN] multitude, crowd,abundance
enkuna	[GENERAL_NOUN] hospitality, entertaining
enkunga	[COMMON_ANIMALS_NOUN] red tailed colobus monkey
enkunuukizi	[GENERAL_NOUN] hangnail
enkura	[COMMON_ANIMALS_NOUN] rhinoceros
enkurugu	[GENERAL_NOUN] cheat, swindler, crafty person
enkurungo	[GENERAL_NOUN] blue banana eater
enkuraijo	[NATURE_AND_ENVIRONMENT_NOUN] a plant species
enkorro	[GENERAL_NOUN] coughing disease, cough
enkubirane	[GENERAL_NOUN] repeatedly
enkukuuru	[GENERAL_NOUN] horn trumpet
enkumba	[GENERAL_NOUN] white millet
enkumo	[GENERAL_NOUN] fingers
enkunda	[GENERAL_NOUN] red-tailed cercopitheque
enkungani	[GENERAL_NOUN] strife, quarrel
enkunku	[GENERAL_NOUN] type of banana
enkunzi	[GENERAL_NOUN] lover
enkakaara	[GENERAL_NOUN] guinea fowl
enkurugusi	[GENERAL_NOUN] intruder
enkurungutaniza	[GENERAL_NOUN] subtlety, cunning, cheating
enkusi	[GENERAL_NOUN] stupid person
enkuuku	[GENERAL_NOUN] pigeon peas
enkwahwa	[GENERAL_NOUN] armpit
enkwanzi	[GENERAL_NOUN] beads
enkwatirizi	[GENERAL_NOUN] careful,deliberate, economical person
enkwato	[HEALTH_AND_MEDICINE_NOUN] care, good treatment, neatness
ensaagi	[GENERAL_NOUN] surplus
ensambani	[GENERAL_NOUN] an adulterous person
ensasanure	[GENERAL_NOUN] strippings from papyrus stems
ensongore	[COMMON_ANIMALS_NOUN] a male dog
ensumbi	[GENERAL_NOUN] SW.voilence or force
ekwanzi ekwanasana	[GENERAL_NOUN] big white beads
enobi	[GENERAL_NOUN] dislike, enmity, hatred
enondwa	[GENERAL_NOUN] tree with edible fruit
ensaali	[GENERAL_NOUN] loquats
ensaasi	[GOVERNANCE_AND_ADMINISTRATION_NOUN] illness of king only
enkuya	[COMMON_ANIMALS_NOUN] large ape
enkuzi/onuhama	[GENERAL_NOUN] main root, tap root
enkwali	[GENERAL_NOUN] quail
enkwomoro	[GENERAL_NOUN] waning moon
ensamya	[GENERAL_NOUN] simsim
ensaija	[GENERAL_NOUN] a male animal
ensekure	[COMMON_ANIMALS_NOUN] a ram
ensoberwa	[GENERAL_NOUN] SW.a desparate person
ensoboorozi	[GENERAL_NOUN] SW.someone who explains something
ensoma	[GENERAL_NOUN] the way of reading
ensonga	[HEALTH_AND_MEDICINE_NOUN] menstruation period
ensonga	[HEALTH_AND_MEDICINE_NOUN] SW.cattle disease
ensoigo	[GENERAL_NOUN] honey guide bird
enombe	[GENERAL_NOUN] a soft red clay
ensamaaki	[GENERAL_NOUN] fish
ensaano	[GENERAL_NOUN] flour, powder
enseegu	[GENERAL_NOUN] pipe, flute
enseenene	[GENERAL_NOUN] edible grasshoppers
enseesekale	[GENERAL_NOUN] loose cents
enseiso	[GENERAL_NOUN] upper grinding stone
enseko	[GENERAL_NOUN] laughter, fun
ensemere	[GENERAL_NOUN] dear one, beloved
ensenge	[GENERAL_NOUN] giant hog
ensenyerre	[GENERAL_NOUN] good clear eyes
etanaki	[GENERAL_NOUN] nausea, vomit
ensi	[GEOGRAPHY_NOUN] earth, land, country
ensidirirwa	[GENERAL_NOUN] muzzle-loader
ensigo	[GENERAL_NOUN] kidney; seed
ensiiso	[GENERAL_NOUN] upper grind stone
ensimbi	[GENERAL_NOUN] money
ensinduro	[GENERAL_NOUN] full moon when rising
ensisana	[GENERAL_NOUN] shape, appearance
entaranta	[GENERAL_NOUN] talent: a natural gift
ensobi	[GENERAL_NOUN] mistake, error
ensama	[GENERAL_NOUN] reedbuck, water buck
ensandaigo	[GENERAL_NOUN] border of mat
ensazi	[GENERAL_NOUN] become very exhausted
ensekere	[GENERAL_NOUN] sty (in eye)
ensembukya	[GENERAL_NOUN] short-bladed spear
ensenada	[GENERAL_NOUN] cast
ensengo	[GENERAL_NOUN] fetters
ensere	[COMMON_ANIMALS_NOUN] hippopotamus
ensese	[HEALTH_AND_MEDICINE_NOUN] dysentery, diarrhoea with blood
ensibago	[GENERAL_NOUN] cane for bow string
ensibyemu	[GENERAL_NOUN] type of potato
ensiisira	[GENERAL_NOUN] temporary shelter
ensindizi	[COMMON_ANIMALS_NOUN] owl, sad, lonely person
ensinika	[GENERAL_NOUN] grin showing teeth
ensita	[GENERAL_NOUN] secret
ensoborra	[GENERAL_NOUN] explanation
ensoga	[GENERAL_NOUN] castor oil berry
ensogasoga	[GENERAL_NOUN] castor oil plant
ensohera	[GENERAL_NOUN] housefly
ensole	[COMMON_ANIMALS_NOUN] young dog, puppy
ensombabyoma	[GENERAL_NOUN] silkworm
ensondokozi	[GENERAL_NOUN] biting ant
ensongo y'omutwe	[GENERAL_NOUN] protruding, prominent forehead
ensonjogo	[HEALTH_AND_MEDICINE_NOUN] tertiary syphilis
ensonzi	[GENERAL_NOUN] small black fish
ensoro	[GENERAL_NOUN] spring of water
ensorrokano	[GENERAL_NOUN] assemblies
ensubiirizi	[GENERAL_NOUN] imitator
entaahi	[COMMON_ANIMALS_NOUN] swallow
entanaki	[GENERAL_NOUN] vomit
enteekateeka	[GENERAL_NUM] one's opinions and ideas
enteere	[GENERAL_NOUN] being very tired
ente-matako	[COMMON_ANIMALS_NOUN] a good female cow
entenge	[GENERAL_NOUN] small beads
ensunsunikizo	[GENERAL_NOUN] extreme edge, unsafe place
ensusu	[GENERAL_NOUN] flakes of skin
enswa	[GENERAL_NOUN] white ants
ensoha	[GENERAL_NOUN] water- jar
ensolima	[COMMON_ANIMALS_NOUN] large type of rat
ensombi	[GENERAL_NOUN] mud-fish
ensondo	[GENERAL_NOUN] cape of land
ensoni	[GENERAL_NOUN] shame, embarrassment
ensooki	[GENERAL_NOUN] insolent person
ensorooza	[GENERAL_NOUN] collection
ensubiiriza	[GENERAL_NOUN] imitation
enswiga	[GENERAL_NOUN] black nightshade
entabo n	[GENERAL_NOUN] red clay, fertile soil
entasumbuswa	[COMMON_ANIMALS_NOUN] an irreplaceable cow
entembarusaka	[GENERAL_NOUN] a type of potatoes
entetere	[GENERAL_NOUN] seeds of a pumpkin
entiizano	[GENERAL_NOUN] borrowed things
ensundi	[GENERAL_NOUN] small red bird, wax-bill
enyuma	[GENERAL_NOUN] behind
enyungu	[GENERAL_NOUN] pipe, earthenware, cooking-pot
enzibira-busa	[GENERAL_NOUN] a cartapillas cacoon
enziramira	[COMMON_ANIMALS_NOUN] python
enziiki	[GENERAL_NOUN] burial fee
enzira-kabi	[GENERAL_NOUN] a holy person
enzirigi	[GENERAL_NOUN] muscular and strong
enziransi	[GENERAL_NOUN] West wind
enzonza-mutima	[GENERAL_NOUN] deep sorrow or bitterness
erende	[GENERAL_NOUN] spoilt beer or porridge
enzooro	[GENERAL_NOUN] full moon
eraatiri	[GENERAL_NOUN] a pound
erangi	[GENERAL_NOUN] colour
eriiba	[GENERAL_NOUN] dove, pigeon
amaiba	[GENERAL_NOUN_PLURAL] dove, pigeons
eriiso-ry'ensi	[GENERAL_NOUN] abyss
amaiso-ry'ensi	[GENERAL_NOUN_PLURAL] abysses
erooro	[GENERAL_NOUN] thin or not fat
eruusi	[COMMON_ANIMALS_NOUN] young female goat
eryogero	[GENERAL_NOUN] bathroom
amaogero	[GENERAL_NOUN_PLURAL] bathrooms
esaasi	[GENERAL_NOUN] sympathy, mercy, kindness
esaara	[GENERAL_NOUN] prayer
enyuguta	[EDUCATION_AND_LEARNING_NOUN] letter of the alphabet
enyumbu	[COMMON_ANIMALS_NOUN] mule
enza	[GENERAL_NOUN] pubic Hair
enzaarwa	[GENERAL_NOUN] home-born, native, original
enziika	[GENERAL_NOUN] strong feeling of hatred
enzige	[COMMON_ANIMALS_NOUN] locust
enziha	[GENERAL_NOUN] deep water
enziku	[GENERAL_NOUN] gonorrhoea
enzini	[ART_AND_ENTERTAINMENT_NOUN] singer, dancer
enzizi	[GENERAL_NOUN] wound
ereka	[HEALTH_AND_MEDICINE_NOUN] shrub with much syrup
eriigenda	[GENERAL_NOUN] these days, nowadays
amaigenda	[GENERAL_NOUN_PLURAL] these days, nowadayses
enzooka	[GENERAL_NOUN] appearance, view
epipa	[GENERAL_NOUN] barrel, pipe
eri	[GENERAL_NOUN] which
amarogo	[GENERAL_NOUN_PLURAL] whiches
eriino	[GENERAL_NOUN] tooth
amaino	[GENERAL_NOUN_PLURAL] tooths
eryanda	[GENERAL_NOUN] a dry cell
amaanda	[GENERAL_NOUN_PLURAL] dry cells
eryato	[GENERAL_NOUN] a boat
amaato	[GENERAL_NOUN_PLURAL] boats
eryombera	[GENERAL_NOUN] season of weeding millet
amaombera	[GENERAL_NOUN_PLURAL] season of weeding millets
eruguru	[GENERAL_NOUN] top, overthere
eryana	[GENERAL_NOUN] childishness
engumba	[GENERAL_NOUN_PLURAL] childishnesses
esaatumba	[GENERAL_NOUN] aheap of unorganised things
esaati	[GENERAL_NOUN] shirt
esaiso	[GENERAL_NOUN] upper grinding stone
esasazi	[GENERAL_NOUN] sparks
esabwe	[GENERAL_NOUN] butter sauce
esafuliya	[GENERAL_NOUN] saucepan
esa	[GENERAL_NOUN] bandle of grass
esande	[GENERAL_NOUN] type of a bird
esenza	[COMMON_ANIMALS_NOUN] SW.cane rat
esokondwa	[COMMON_ANIMALS_NOUN] caterpillar
esusure	[GENERAL_NOUN] type of yellow bananas
esuuka	[GENERAL_NOUN] bed sheets
esirabo	[GENERAL_NOUN] common duiker
esigara	[GENERAL_NOUN] cigarettes
esimu	[GENERAL_NOUN] telephone
esabbuuni	[GENERAL_NOUN] soap
esafaali	[GENERAL_NOUN] journey, tour
esagama	[GENERAL_NOUN] blood
esapuli	[GENERAL_NOUN] rosary
esande	[GENERAL_NOUN] banana juice
esarisari	[GENERAL_NOUN] SW.urine in droplets
esojo	[GENERAL_NOUN] Spear grass (Heteropogon contortus)
esweta	[GENERAL_NOUN] sweater
esiba	[GENERAL_NOUN] SW.section of a book
esimooni	[GENERAL_NOUN] fifty cents
esirimbi	[GENERAL_NOUN] whistle
etaaba	[GENERAL_NOUN] tobacco, cigeretts
etabaaro	[GENERAL_NOUN] placenta: the afterbirth
etabaaza	[GENERAL_NOUN] lantern
etarabuusu	[GENERAL_NOUN] turkish hut
etanka	[GENERAL_NOUN] tank
evaaro/eveero	[GENERAL_NOUN] veil
eveesiti	[GENERAL_NOUN] vest
eyange	[GENERAL_NOUN] mine
ezange	[GENERAL_NOUN] mine
ezikeere	[GENERAL_NOUN] pelican
etawaaza	[GENERAL_NOUN] See: ETABAAZA
etuutu	[GENERAL_NOUN] sweat, perspiration
etundubaale	[GENERAL_NOUN] tarpauline
evanjiri	[GENERAL_NOUN] the gospel
eviini	[GENERAL_NOUN] wine
ezaabbu	[GENERAL_NOUN] gold
ezi	[GENERAL_NOUN] those ones, which
ekikonderezo	[GENERAL_NOUN] a curse
ebikonderezo	[GENERAL_NOUN_PLURAL] curses
ekikangi	[GENERAL_NOUN] thorn of palm tree
ebikangi	[GENERAL_NOUN_PLURAL] thorn of palm trees
ekikayaabu	[GENERAL_NOUN] fish: Salted fish
ebikayaabu	[GENERAL_NOUN_PLURAL] fish: Salted fishes
ekikoba	[GENERAL_NOUN] peeled off skin
ebikoba	[GENERAL_NOUN_PLURAL] peeled off skins
ekikoijo	[GENERAL_NOUN] sugarcane
ebikoijo	[GENERAL_NOUN_PLURAL] sugarcanes
ekikomo	[GENERAL_NOUN] copper, large brass bracelet
ebikomo	[GENERAL_NOUN_PLURAL] copper, large brass bracelets
ekikondere	[GENERAL_NOUN] necklace of headwork
ebikondere	[GENERAL_NOUN_PLURAL] necklace of headworks
ekikondo	[GENERAL_NOUN] milestone
ebikondo	[GENERAL_NOUN_PLURAL] milestones
ekikongoijo	[COMMON_ANIMALS_NOUN] millipede
ebikongoijo	[COMMON_ANIMALS_NOUN_PLURAL] millipedes
ekikonko	[GENERAL_NOUN] empty maize cob
ebikonko	[GENERAL_NOUN_PLURAL] empty maize cobs
ekikoori	[GENERAL_NOUN] eye blow
ebikoori	[GENERAL_NOUN_PLURAL] eye blows
ekikorongezo	[GENERAL_NOUN] a torch
ebikorongezo	[GENERAL_NOUN_PLURAL] torches
ekikorwa	[GENERAL_NOUN] an act
ebikorwa	[GENERAL_NOUN_PLURAL] acts
ekikumu	[GENERAL_NOUN] toe or finger
ebikumu	[GENERAL_NOUN_PLURAL] toe or fingers
ekitindinda	[GENERAL_NOUN] snail, slug
ebitindinda	[GENERAL_NOUN_PLURAL] snail, slugs
ekitime	[GENERAL_NOUN] small piece of meat
ebitime	[GENERAL_NOUN_PLURAL] small piece of meats
ekitimatima	[GENERAL_NOUN] the last
ebitimatima	[GENERAL_NOUN_PLURAL] lasts
ekitiiri	[GENERAL_NOUN] anus, buttock
ebitiiri	[GENERAL_NOUN_PLURAL] anus, buttocks
ekiti	[GENERAL_NOUN] a piece of stick
ebiti	[GENERAL_NOUN_PLURAL] piece of sticks
ekitere	[COMMON_ANIMALS_NOUN] fatty tail of sheep
ebitere	[COMMON_ANIMALS_NOUN_PLURAL] fatty tail of sheeps
ekiteete	[GENERAL_NOUN] umoa grass
ebiteete	[GENERAL_NOUN_PLURAL] umoa grasses
ekiteekerezo	[GENERAL_NOUN] idea, thought
ebiteekerezo	[GENERAL_NOUN_PLURAL] idea, thoughts
ekitoijo	[GENERAL_NOUN] an offering to God
ebitoijo	[GENERAL_NOUN_PLURAL] offering to Gods
ekitoga	[GENERAL_NOUN] something young or imature
ebitoga	[GENERAL_NOUN_PLURAL] something young or imatures
ekitingwa	[GENERAL_NOUN] sexually loose
ebitingwa	[GENERAL_NOUN_PLURAL] sexually looses
ekiteete	[GENERAL_NOUN] lemon grass
ebiteete	[GENERAL_NOUN_PLURAL] lemon grasses
ensoha	[GENERAL_NOUN] a clay water pot
ensoha	[GENERAL_NOUN_PLURAL] clay water pots
ekitentere	[COMMON_ANIMALS_NOUN] a young grasshopper
ebitentere	[COMMON_ANIMALS_NOUN_PLURAL] young grasshoppers
ekitindiriro	[GENERAL_NOUN] millet drying rack
ebitindiriro	[GENERAL_NOUN_PLURAL] millet drying racks
ekiteetei	[GENERAL_NOUN] dress
ebiteetei	[GENERAL_NOUN_PLURAL] dresses
ekitenterezi	[GENERAL_NOUN] a kind of bird
ebitenterezi	[GENERAL_NOUN_PLURAL] kind of birds
ekitereza	[GENERAL_NOUN] soft straight hair
ebitereza	[GENERAL_NOUN_PLURAL] soft straight hairs
ekitiinisa	[GENERAL_NOUN] glory, honour, respect, reverence
ebitiinisa	[GENERAL_NOUN_PLURAL] glory, honour, respect, reverences
ekitinti	[GENERAL_NOUN] a patched garmen
ebitinti	[GENERAL_NOUN_PLURAL] patched garmens
ekitiyo	[GENERAL_NOUN] spade
ebitiyo	[GENERAL_NOUN_PLURAL] spades
ekyata-muzinga	[GENERAL_NOUN] honey-eating animal
ebyata-muzinga	[GENERAL_NOUN_PLURAL] honey-eating animals
ekyasa	[GENERAL_NOUN] century: a hundred years
ebyasa	[GENERAL_NOUN_PLURAL] century: a hundred yearses
ekoona	[GENERAL_NOUN] corner: a sharp bend
ekiziba	[GENERAL_NOUN] valley dam or pond
ebiziba	[GENERAL_NOUN_PLURAL] valley dam or ponds
ekiyengo	[GENERAL_NOUN] a small measuring basket
ebiyengo	[GENERAL_NOUN_PLURAL] small measuring baskets
ekitwaro	[GENERAL_NOUN] a big storage basket
ebitwaro	[GENERAL_NOUN_PLURAL] big storage baskets
ekituzi	[GENERAL_NOUN] mushroom:a large size mushroom
ebituzi	[GENERAL_NOUN_PLURAL] mushroom:a large size mushrooms
ekitumbwe	[GENERAL_NOUN] **unripe fruit.**
ebitumbwe	[GENERAL_NOUN_PLURAL] **unripe fruit.**s
ekisige	[GENERAL_NOUN] eye blows
ebisige	[GENERAL_NOUN_PLURAL] eye blowses
ekitooma	[GENERAL_NOUN] ficus tree
ebitooma	[GENERAL_NOUN_PLURAL] ficus trees
ekitontome	[GENERAL_NOUN] poem
ebitontome	[GENERAL_NOUN_PLURAL] poems
ekyenda	[GENERAL_NOUN] the stomach,intestine
ebyenda	[GENERAL_NOUN_PLURAL] stomach,intestines
ekyemo	[GENERAL_NOUN] physical stature
ebyemo	[GENERAL_NOUN_PLURAL] physical statures
ekyemerro	[GENERAL_NOUN] stature
ebyemerro	[GENERAL_NOUN_PLURAL] statures
ekyemeza	[GENERAL_NOUN] a self-propagated plant
ebyemeza	[GENERAL_NOUN_PLURAL] self-propagated plants
ekyekwaso	[GENERAL_NOUN] excuse
ebyekwaso	[GENERAL_NOUN_PLURAL] excuses
ekyekurra	[GENERAL_NOUN] a crawling thing
ebyekurra	[GENERAL_NOUN_PLURAL] crawling things
ekyegemera	[MATHEMATICS_NOUN] a set-square
ebyegemera	[MATHEMATICS_NOUN_PLURAL] set-squares
ekyebu	[GENERAL_NOUN] corner of cloth, skin
ebyebu	[GENERAL_NOUN_PLURAL] corner of cloth, skins
ekyeera	[GENERAL_NOUN] albino
ebyeera	[GENERAL_NOUN_PLURAL] albinos
ekyasha	[GENERAL_NOUN] a heart burn
ebyasha	[GENERAL_NOUN_PLURAL] heart burns
ekyate	[GENERAL_NOUN] a crack
ebyate	[GENERAL_NOUN_PLURAL] cracks
ekyasa	[GENERAL_NOUN] piece of split firewood
ebyasa	[GENERAL_NOUN_PLURAL] piece of split firewoods
ekyasi	[GENERAL_NOUN] gap in the teeth
ebyasi	[GENERAL_NOUN_PLURAL] gap in the teeths
ekyaro	[GENERAL_NOUN] village, estate
ebyaro	[GENERAL_NOUN_PLURAL] village, estates
ekyarre	[COMMON_ANIMALS_NOUN] grass spread for cattle
ebyarre	[COMMON_ANIMALS_NOUN_PLURAL] grass spread for cattles
ekyaraani	[GENERAL_NOUN] sowing machine
ebyaraani	[GENERAL_NOUN_PLURAL] sowing machines
ekyara	[GENERAL_NOUN] finger, toe
ebyara	[GENERAL_NOUN_PLURAL] finger, toes
ekyano	[GENERAL_NOUN] hollow infront of neck
ebyano	[GENERAL_NOUN_PLURAL] hollow infront of necks
ekyanyuma	[GENERAL_NOUN] post, stamp
ebyanyuma	[GENERAL_NOUN_PLURAL] post, stamps
ekyange	[GENERAL_NOUN] mine
ebyange	[GENERAL_NOUN_PLURAL] mines
eky'ensekuro	[GENERAL_NOUN] pestle
eby'ensekuro	[GENERAL_NOUN_PLURAL] pestles
ekyambu	[GENERAL_NOUN] river
ebyambu	[GENERAL_NOUN_PLURAL] rivers
ekyalinga	[GENERAL_NOUN] worthless person, good-for-nothing
ebyalinga	[GENERAL_NOUN_PLURAL] worthless person, good-for-nothings
ekyambara	[COMMON_ANIMALS_NOUN] dog's collar
ebyambara	[COMMON_ANIMALS_NOUN_PLURAL] dog's collars
ekyakyo	[GENERAL_NOUN] flower,blossom
ebyakyo	[GENERAL_NOUN_PLURAL] flower,blossoms
ekyokunya	[GENERAL_NOUN] drink
ebyokunya	[GENERAL_NOUN_PLURAL] drinks
ekyahati/kirokinu	[GENERAL_NOUN] today
ebyahati	[GENERAL_NOUN_PLURAL] todays
ekyahanyuma	[GENERAL_NOUN] placenta, after birth
ebyahanyuma	[GENERAL_NOUN_PLURAL] placenta, after births
ekyadundu	[GENERAL_NOUN] pouch,crop
ebyadundu	[GENERAL_NOUN_PLURAL] pouch,crops
ekyadaadi	[GENERAL_NOUN] placenta, after birth
ebyadaadi	[GENERAL_NOUN_PLURAL] placenta, after births
ekyabuuramuti ekooti	[GENERAL_NOUN] cart, rickshaw coat, jacket
ebyabuuramuti ekooti	[GENERAL_NOUN_PLURAL] cart, rickshaw coat, jackets
ekufuru	[GENERAL_NOUN] lock, padlock
ekooko	[GENERAL_NOUN] cocoa fruit
ekondo	[GENERAL_NOUN] coronets
ekizizi	[GENERAL_NOUN] swarm
ebizizi	[GENERAL_NOUN_PLURAL] swarms
embaata	[COMMON_ANIMALS_NOUN] duck, goose
emanzi	[GENERAL_NOUN] a hero, brave person
emana	[GENERAL_NOUN] vagina
emamba	[GENERAL_NOUN] dawn, day break
emambo	[GENERAL_NOUN] pegs
emaaya	[COMMON_ANIMALS_NOUN] ostrich
edobo	[GENERAL_NOUN] pail, bucket
ekyoya	[GENERAL_NOUN] feather, hair
ebyoya	[GENERAL_NOUN_PLURAL] feather, hairs
ekyoto	[GENERAL_NOUN] fireplace, hearth
ebyoto	[GENERAL_NOUN_PLURAL] fireplace, hearths
ekyose	[GENERAL_NOUN] hair bracelet
ebyose	[GENERAL_NOUN_PLURAL] hair bracelets
ekyonzira	[GENERAL_NOUN] sacrifice
ebyonzira	[GENERAL_NOUN_PLURAL] sacrifices
ekyombo	[GENERAL_NOUN] sailing ship, dhow
ebyombo	[GENERAL_NOUN_PLURAL] sailing ship, dhows
ekyomuziro	[GENERAL_NOUN] forbidden thing
ebyomuziro	[GENERAL_NOUN_PLURAL] forbidden things
ekyombeko	[GENERAL_NOUN] building
ebyombeko	[GENERAL_NOUN_PLURAL] buildings
ekyokurwanisa	[GENERAL_NOUN] weapon
ebyokurwanisa	[GENERAL_NOUN_PLURAL] weapons
ekyokuhonga	[GENERAL_NOUN] offering
ebyokuhonga	[GENERAL_NOUN_PLURAL] offerings
ekyokujwara	[GENERAL_NOUN] garment, cloth
ebyokujwara	[GENERAL_NOUN_PLURAL] garment, cloths
ekyokoora	[GENERAL_NOUN] poison given by witchdoctors
ebyokoora	[GENERAL_NOUN_PLURAL] poison given by witchdoctorses
ekyohyo	[GENERAL_NOUN] temptation
ebyohyo	[GENERAL_NOUN_PLURAL] temptations
ekyeyo	[GENERAL_NOUN] broom
ebyeyo	[GENERAL_NOUN_PLURAL] brooms
ekyezigolezo	[GENERAL_NOUN] corner, turn, bend,curve
ebyezigolezo	[GENERAL_NOUN_PLURAL] corner, turn, bend,curves
ekyeyamura	[GENERAL_NOUN] yawn
ebyeyamura	[GENERAL_NOUN_PLURAL] yawns
ekyeya	[GENERAL_NOUN] a level plain
ebyeya	[GENERAL_NOUN_PLURAL] level plains
ekyetaago	[GENERAL_NOUN] a need
ebyetaago	[GENERAL_NOUN_PLURAL] needs
ekyetebuko	[GENERAL_NOUN] an echo
ebyetebuko	[GENERAL_NOUN_PLURAL] echos
ekyesweko	[GENERAL_NOUN] covering, blanket, sheet
ebyesweko	[GENERAL_NOUN_PLURAL] covering, blanket, sheets
ekyesomeko	[GENERAL_NOUN] coat, made-up garment, overal
ebyesomeko	[GENERAL_NOUN_PLURAL] coat, made-up garment, overals
ekyesingo	[GENERAL_NOUN] self-will
ebyesingo	[GENERAL_NOUN_PLURAL] self-wills
ekyesindiko	[GENERAL_NOUN] self-confidence, self-assurance,leisurely, stately walk
ebyesindiko	[GENERAL_NOUN_PLURAL] self-confidence, self-assurance,leisurely, stately walks
ekyesingiso	[GENERAL_NOUN] loofah, sponge
ebyesingiso/ekikuto/ekijumakuba	[GENERAL_NOUN_PLURAL] loofah, sponges
ekyesegenyu	[GENERAL_NOUN] strainer for water
ebyesegenyu	[GENERAL_NOUN_PLURAL] strainer for waters
ekyeremye	[GENERAL_NOUN] rebelliousness, disobedience
ebyeremye	[GENERAL_NOUN_PLURAL] rebelliousness, disobediences
ekyenyanja	[GENERAL_NOUN] fish
ebyenyanja	[GENERAL_NOUN_PLURAL] fishes
ekyokyezo	[GENERAL_NOUN] a burning place
ebyokyezo	[GENERAL_NOUN_PLURAL] burning places
eraihiriza	[GENERAL_VERB] to stand on tiptoe
eraoga	[GENERAL_VERB] to announce oneself
ereega	[GENERAL_VERB] to be taut, tightened
erinduka	[GENERAL_VERB] to wince, start
erora/kugezesa	[GENERAL_VERB] to examine or seeoneself
erabura	[GENERAL_VERB] to be insolent, inquisitive
erozaroza	[GENERAL_VERB] to pretend to search
esansara	[GENERAL_VERB] to scatter
esereka	[GENERAL_VERB] to hide oneself
esiga	[GENERAL_VERB] to trust, rely on
esiiga	[GENERAL_VERB] to smear oneself
esiikiriza	[GENERAL_VERB] to coveroneself, camouflage
esiitara	[GENERAL_VERB] to stumble, trip
esimba	[GENERAL_VERB] to become surety
esibiirra	[GENERAL_VERB] to stick on; insist
escra	[COMMON_ANIMALS_VERB] to give water (cattle)
esenguJa	[GENERAL_VERB] to settle on lees
eseemura	[GENERAL_VERB] to sneeze
esama	[GENERAL_VERB] to open the mouth
esagura	[GENERAL_VERB] to pillow one's self
kwimukya obusungu	[GENERAL_NOUN] raise ones grief
kwimukya obusungu	[GENERAL_NOUN_PLURAL] raise ones griefs
kugaita	[GENERAL_VERB] to mix with
kusereka	[GENERAL_VERB] to hide
erambira	[GENERAL_VERB] to lick up one's
erahiirra	[GENERAL_VERB] to make a vow
esingoleza	[GENERAL_VERB] to sweep idly
kufika	[GENERAL_VERB] to miss
esoka	[GENERAL_VERB] to gorge oneself
esonsogora	[GENERAL_VERB] to plume feathers, preen
esooboora	[GENERAL_VERB] to slink off
esorooza	[GENERAL_VERB] to assemble, come together
esungunika	[GENERAL_VERB] to keep to oneself
eta	[GENERAL_VERB] to call, invite
etaabya	[GENERAL_NOUN] intrude
etabaga	[GENERAL_NOUN] splash about
etabatabika	[GENERAL_VERB] to be mixed up
kwepana	[GENERAL_VERB] to dodge
eteega	[GENERAL_VERB] to gird oneself
eteekaniza	[GENERAL_VERB] to get ready, prepare
etendebeka	[GENERAL_VERB] to balance oneself
kuguruka	[GENERAL_VERB] to skip
kuhiga	[GENERAL_NOUN] go hunting alone
etiriginya	[GENERAL_VERB] to wriggle
eterega	[GENERAL_VERB] to gambol, skip
kujingajinga	[GENERAL_VERB] to fidget
kujingjinga	[GENERAL_VERB] to skip, gambol
etembeeka	[GENERAL_VERB] to presume, take upon
kwececura	[GENERAL_VERB] to securitise, examine, understand
eteegura	[GENERAL_VERB] to ungird oneself
etanga	[GENERAL_VERB] to control oneself, refrain
etaba	[GENERAL_NOUN] toentangle oneself
esweka	[GENERAL_VERB] to cover oneself
esuusa	[GENERAL_VERB] to swing oneself
esungusura	[GENERAL_NOUN] go away alone
esoroora	[GENERAL_VERB] to separate oneself, withdraw
esokoora	[GENERAL_VERB] to clean, pick out
etooratoora	[GENERAL_VERB] to be handy, skilful
kwaralikira	[GENERAL_VERB] to worry, be anxious
eturumbwijura	[GENERAL_VERB] to be lazy, dawdle
eyahukaniza	[GENERAL_VERB] to separate oneself,exclude oneself
eyamura	[GENERAL_VERB] to yawn
kukaba	[GENERAL_VERB] to challenge
eyiba	[GENERAL_VERB] to escape, slink off
eyiita	[GENERAL_VERB] to commit suicide
eyongosa	[GENERAL_VERB] to twist; go unwillingly
eyorobya	[GENERAL_VERB] to insinuate oneself,fawn
eyunguura	[GENERAL_VERB] to separate, disperse
ezinda	[GENERAL_VERB] to destroy oneself
ezinguurra	[GENERAL_VERB] to unwind oneself
eyobyo	[GENERAL_NOUN] Spider plant
eyagura	[GENERAL_VERB] to scratch oneself
etuuma	[GENERAL_VERB] to crowd together
eturubika	[GENERAL_VERB] to huddle oneself up
etunguurra	[GENERAL_VERB] to slip off
etooliikn	[GENERAL_VERB] to be skilful, romantic
ebikoreso	[GENERAL_NOUN] 1) materials. 2) utensils
ebisoro	[GENERAL_NOUN] animals
ebijwaro	[GENERAL_NOUN] clothings, garments
ebijaburiro	[GENERAL_NOUN] fomentations
ebiino	[GENERAL_NOUN] large teeth
ebihera	[GENERAL_NOUN] odd numbers
ebicwanta	[GENERAL_NOUN] saliva
ebicooli	[GENERAL_NOUN] maize plant
ebicaani	[GENERAL_NOUN] campfire made for cows
ebbeeseni	[GENERAL_NOUN] a basin
ebbaibbuli	[GENERAL_NOUN] The Bible
ebbahaasa	[GENERAL_NOUN] envelope
ebirengeso	[GENERAL_NOUN] examinations or tests
ebicwanyagurika	[GENERAL_NOUN] **broken pieces**
ebigene	[GENERAL_NOUN] something done excessively
ebigonzi	[GENERAL_NOUN] waves
ebihaburo	[GENERAL_NOUN] pieces of advice
ebihimba	[GENERAL_NOUN] beans
ebihwazi	[GENERAL_NOUN] impaired vision
ebiiga	[COMMON_ANIMALS_NOUN] swellings on cattle hips
ebijaga	[HEALTH_AND_MEDICINE_NOUN] syphilis
ebijenge	[GENERAL_NOUN] water-logged ground
ebitakuri	[GENERAL_NOUN] sweet potatoes
ebihya	[GENERAL_NOUN] new things
ebisingo	[GENERAL_NOUN] garden rubbish
ebisigarira	[GENERAL_NOUN] left-overs
ebisekule	[GENERAL_NOUN] food without salt
ebisa	[HEALTH_AND_MEDICINE_NOUN] labour pains
ebirwaniso	[GENERAL_NOUN] weapons
ebirungo	[GENERAL_NOUN] spices
ebirego	[GENERAL_NOUN] rumours
ebiraatwa	[GENERAL_NOUN] a pair of shoes
ebinyiga	[GENERAL_NOUN] saltless food or sauce
ebinyangabo	[GENERAL_NOUN] edible mushrooms
ebinyansi	[GENERAL_NOUN] weeds, tall grass
ebingonzi	[GENERAL_NOUN] water waves
ebimira	[GENERAL_NOUN] mucus from the nose
ebikya	[GENERAL_NOUN] neck
ebikwato	[GENERAL_NOUN] items touse, tools, implements
ebikuti	[GENERAL_NOUN] millet husks
ebikyenkya	[GENERAL_NOUN] pozzolan
ebindi	[GENERAL_NOUN] others: the rest
ebinyaanyindo	[GENERAL_NOUN] nasalised manner of speech
ebinyoobwa	[GENERAL_NOUN] groundnuts
ebinzaali	[GENERAL_NOUN] curry powder
ekirahure	[GENERAL_NOUN] sw.1) spectacles. 2) glasses
ebirahure	[GENERAL_NOUN_PLURAL] sw.1) spectacles. 2) glasseses
ebireju	[GENERAL_NOUN] beards
ebirika	[GENERAL_NOUN] snow
ebirungi	[GENERAL_NOUN] good things
ebisosonkoro	[GENERAL_NOUN] empty match boxes
ebisurugutururu	[GENERAL_NOUN] ear wax
ekiigaana	[GENERAL_NOUN] shallow pool
ebiigaana	[GENERAL_NOUN_PLURAL] shallow pools
ekihwijo	[GENERAL_NOUN] fern, air freshener
ebihwijo	[GENERAL_NOUN_PLURAL] fern, air fresheners
ekihurro	[GENERAL_NOUN] creeper
ebihurro	[GENERAL_NOUN_PLURAL] creepers
ekihukuzi	[COMMON_ANIMALS_NOUN] a mole
ebihukuzi	[COMMON_ANIMALS_NOUN_PLURAL] moles
ekihongole	[GENERAL_NOUN] shade for calves
ebihongole	[GENERAL_NOUN_PLURAL] shade for calveses
ekihoiga	[GENERAL_NOUN] bit of grass
ebihoiga	[GENERAL_NOUN_PLURAL] bit of grasses
ekiho	[GENERAL_NOUN] haze, mist, fog
ebiho	[GENERAL_NOUN_PLURAL] haze, mist, fogs
ekihika	[GENERAL_NOUN] expectation, curiosity, longing for
ebihika	[GENERAL_NOUN_PLURAL] expectation, curiosity, longing fors
ebihiba	[GENERAL_NOUN] fresh beans
ebihimba	[GENERAL_NOUN_PLURAL] fresh beanses
ekihangwa	[GENERAL_NOUN] a creature, created thing
ebihangwa	[GENERAL_NOUN_PLURAL] creature, created things
ekihanga	[GENERAL_NOUN] valley
ebihanga	[GENERAL_NOUN_PLURAL] valleys
ekihaha	[GENERAL_NOUN] a lung
ebihaha	[GENERAL_NOUN_PLURAL] lungs
ekigwo	[GENERAL_NOUN] a fall
ebigwo	[GENERAL_NOUN_PLURAL] falls
ekigugu	[GENERAL_NOUN] smell of burning food
ebigugu	[GENERAL_NOUN_PLURAL] smell of burning foods
ekigonzi	[GENERAL_NOUN] a wave
ebigonzi	[GENERAL_NOUN_PLURAL] waves
ekigurukano	[GENERAL_NOUN] occasionally; not often
ebigurukano	[GENERAL_NOUN_PLURAL] occasionally; not oftens
ekihuurika	[GENERAL_NOUN] an absent minded person
ebihuurika	[GENERAL_NOUN_PLURAL] absent minded persons
ekigwara	[GENERAL_NOUN] occasionally; not often
ebigwara	[GENERAL_NOUN_PLURAL] occasionally; not oftens
ekigogo	[GENERAL_NOUN] banana fibre
ebigogo	[GENERAL_NOUN_PLURAL] banana fibres
ekigono	[GENERAL_NOUN] the act of snoring
ebigono	[GENERAL_NOUN_PLURAL] act of snorings
ekigundu	[GENERAL_NOUN] the big one
ebigundu	[GENERAL_NOUN_PLURAL] big ones
ekigwererezi	[GENERAL_NOUN] accident, unexpected problem
ebigwererezi	[GENERAL_NOUN_PLURAL] accident, unexpected problems
ekihangara	[GENERAL_NOUN] palate
esahani	[GENERAL_NOUN_PLURAL] palates
ekihaso	[HEALTH_AND_MEDICINE_NOUN] pneumonia
ebihaso	[HEALTH_AND_MEDICINE_NOUN_PLURAL] pneumonias
ekihihi	[GENERAL_NOUN] cold, dull weather
ebihihi	[GENERAL_NOUN_PLURAL] cold, dull weathers
ekihoihorya	[COMMON_ANIMALS_NOUN] butterfly
ebihoihorya	[COMMON_ANIMALS_NOUN_PLURAL] butterflies
ekijuju	[GENERAL_NOUN] tsetsefly
ebijuju	[GENERAL_NOUN_PLURAL] tsetseflies
ekihooya	[GENERAL_NOUN] wound, sore
ebihooya	[GENERAL_NOUN_PLURAL] wound, sores
ekihuguhugu	[COMMON_ANIMALS_NOUN] a bat
ebihuguhugu	[COMMON_ANIMALS_NOUN_PLURAL] bats
ekihururwa	[NATURE_AND_ENVIRONMENT_NOUN] climbing plant
ebihururwa	[NATURE_AND_ENVIRONMENT_NOUN_PLURAL] climbing plants
ekihuumuro	[GENERAL_NOUN] holiday,rest
ebihuumuro	[GENERAL_NOUN_PLURAL] holiday,rests
ekihyo	[GENERAL_NOUN] large knife, machete, sword
ebihyo	[GENERAL_NOUN_PLURAL] large knife, machete, swords
ekinyampo	[GENERAL_NOUN] passing air, a fart
ebinyampo	[GENERAL_NOUN_PLURAL] passing air, a farts
ekinyamakeka	[GENERAL_NOUN] civet-ca
ebinyamakeka	[GENERAL_NOUN_PLURAL] civet-cas
ekinyabwoya	[COMMON_ANIMALS_NOUN] a woolly caterpillar
ebinyabwoya	[COMMON_ANIMALS_NOUN_PLURAL] woolly caterpillars
ekinunko	[GENERAL_NOUN] bad smell
ebinunko	[GENERAL_NOUN_PLURAL] bad smells
ekintana	[GOVERNANCE_AND_ADMINISTRATION_NOUN] the queen termite
ebintana	[GOVERNANCE_AND_ADMINISTRATION_NOUN_PLURAL] queen termites
ekiniga	[GENERAL_NOUN] anger
ebiniga	[GENERAL_NOUN_PLURAL] angers
ekingoleka	[GENERAL_NOUN] an idiot, an imbecile
ebingoleka	[GENERAL_NOUN_PLURAL] idiot, an imbeciles
ekinaga	[GENERAL_NOUN] cooking pot
ebinaga	[GENERAL_NOUN_PLURAL] cooking pots
ekimiro	[GENERAL_NOUN] a deep voice
ebimiro	[GENERAL_NOUN_PLURAL] deep voices
ekimera	[GENERAL_NOUN] a growing plant
ebimera	[GENERAL_NOUN_PLURAL] growing plants
ekimara	[GENERAL_NOUN] arrow
ebimara	[GENERAL_NOUN_PLURAL] arrows
ekikwato	[GENERAL_NOUN] household
ebikwato	[GENERAL_NOUN_PLURAL] households
ekikwasi	[GENERAL_NOUN] safety pin
ebikwasi	[GENERAL_NOUN_PLURAL] safety pins
ekikururuzo	[GENERAL_NOUN] **track, trail**
ebikururuzo	[GENERAL_NOUN_PLURAL] **track, trail**s
ekikunya	[GENERAL_NOUN] stump of a tree
ebikunya	[GENERAL_NOUN_PLURAL] stump of a trees
ekikungulima	[GENERAL_NOUN] a projecting thing
ebikungulima	[GENERAL_NOUN_PLURAL] projecting things
ekikule	[GENERAL_NOUN] hunting-horn
ebikule	[GENERAL_NOUN_PLURAL] hunting-horns
ekikugizo	[GENERAL_NOUN] title of honour
ebikugizo	[GENERAL_NOUN_PLURAL] title of honours
ekikonkonamiti	[GENERAL_NOUN] woodpecker
ebikonkonamiti	[GENERAL_NOUN_PLURAL] woodpeckers
ekikonkomago	[GENERAL_NOUN] wood pecker
ebikonkomago	[GENERAL_NOUN_PLURAL] wood peckers
ekikonkomi	[COMMON_ANIMALS_NOUN] large lizard
ebikonkomi	[COMMON_ANIMALS_NOUN_PLURAL] large lizards
ekikoonora	[COMMON_ANIMALS_NOUN] bull dozer
ebikoonora	[COMMON_ANIMALS_NOUN_PLURAL] bull dozers
ekikorwa	[GENERAL_NOUN] deed, act
ebikorwa	[GENERAL_NOUN_PLURAL] deed, acts
ekikura	[GENERAL_NOUN] a large trench
ebikura	[GENERAL_NOUN_PLURAL] large trenches
ekinuuko	[GENERAL_NOUN] stench: a bad smell
ebinuuko	[GENERAL_NOUN_PLURAL] stench: a bad smells
ekilaaya	[GENERAL_NOUN] irish potato
ebilaaya	[GENERAL_NOUN_PLURAL] irish potatos
ekimeeri	[GENERAL_NOUN] friendship without blood- brotherhood
ebimeeri	[GENERAL_NOUN_PLURAL] friendship without blood- brotherhoods
ekinaabiro	[GENERAL_NOUN] bathroom
ebinaabiro	[GENERAL_NOUN_PLURAL] bathrooms
ekingoora	[COMMON_ANIMALS_NOUN] crow
ebingoora	[COMMON_ANIMALS_NOUN_PLURAL] crows
ekinosi	[GENERAL_NOUN] protuberance above navel
ebinosi	[GENERAL_NOUN_PLURAL] protuberance above navels
ekintu	[GENERAL_NOUN] a thing
ebintu	[GENERAL_NOUN_PLURAL] things
ekinyabaisiki	[GENERAL_NOUN] mushroom: an edible mushroom
ebinyabaisiki	[GENERAL_NOUN_PLURAL] mushroom: an edible mushrooms
ekibazo	[GENERAL_NOUN] sentence: a complete statement
ebibazo	[GENERAL_NOUN_PLURAL] sentence: a complete statements
ekibbaati	[GENERAL_NOUN] an old iron sheet
ebibbaati	[GENERAL_NOUN_PLURAL] old iron sheets
ekibbiriiti	[GENERAL_NOUN] a match box
ebibbiriiti	[GENERAL_NOUN_PLURAL] match boxes
ekibero	[GENERAL_NOUN] thigh, lap
ebibero	[GENERAL_NOUN_PLURAL] thigh, laps
ekibiriza	[GENERAL_NOUN] boiled meat
ebibiriza	[GENERAL_NOUN_PLURAL] boiled meats
ekibindi	[GENERAL_NOUN] clay or wooden bowl
ebibindi	[GENERAL_NOUN_PLURAL] clay or wooden bowls
ekibunu/ekitiri	[GENERAL_NOUN] buttocks
ebibunu/ebitiri	[GENERAL_NOUN_PLURAL] buttockses
ekibwegurra	[COMMON_ANIMALS_NOUN] a hairy stinging caterpillar
ebibwegurra	[COMMON_ANIMALS_NOUN_PLURAL] hairy stinging caterpillars
omukonko	[GENERAL_NOUN] sw.cereal: maize cob
emikonko	[GENERAL_NOUN_PLURAL] sw.cereal: maize cobs
ekicu	[GENERAL_NOUN] cloud
ebicu	[GENERAL_NOUN_PLURAL] clouds
ekibbaali	[CULTURE_AND_TRADITION_NOUN] spirit shrine for twins
ebibbaali	[CULTURE_AND_TRADITION_NOUN_PLURAL] spirit shrine for twinses
ekibiriiti	[GENERAL_NOUN] match box
ebibiriiti	[GENERAL_NOUN_PLURAL] match boxes
ekibira	[GENERAL_NOUN] forest
ebibira	[GENERAL_NOUN_PLURAL] forests
ekibonwomwe	[GENERAL_NOUN] a shooting star
ebibonwomwe	[GENERAL_NOUN_PLURAL] shooting stars
ekibunda	[GENERAL_NOUN] a dull rainy day
ebibunda	[GENERAL_NOUN_PLURAL] dull rainy days
ekibwana	[COMMON_ANIMALS_NOUN] puppy: a young dog
ebibwana	[COMMON_ANIMALS_NOUN_PLURAL] puppy: a young dogs
ekicooli	[GENERAL_NOUN] maize
ebicooli	[GENERAL_NOUN_PLURAL] maizes
ekinyangondookyera/ekitindinda	[GENERAL_NOUN] a snail
ebinyangondookyeraebitindinda	[GENERAL_NOUN_PLURAL] snails
endobeso	[GENERAL_NOUN] fish-trap
endobeso	[GENERAL_NOUN_PLURAL] fish-traps
ekinyomo	[GENERAL_NOUN] a large brown ant
ebinyomo	[GENERAL_NOUN_PLURAL] large brown ants
ekinyonyi	[GENERAL_NOUN] bird
ebinyonyi	[GENERAL_NOUN_PLURAL] birds
ekinywa	[BIOLOGY_NOUN] vein, artery
ebinywa	[BIOLOGY_NOUN_PLURAL] vein, arteries
ekintu	[GENERAL_NOUN] things
ebintu	[GENERAL_NOUN_PLURAL] thingses
ekipampagara	[GENERAL_NOUN] mud guard
ebipampagara	[GENERAL_NOUN_PLURAL] mud guards
ekiranga	[GENERAL_NOUN] a broken pot
ebiranga	[GENERAL_NOUN_PLURAL] broken pots
ekipanga	[GENERAL_NOUN] panga, matchet
ebipanga	[GENERAL_NOUN_PLURAL] panga, matchets
ekiragaano	[GENERAL_NOUN] covenant, agreement
ebiragaano	[GENERAL_NOUN_PLURAL] covenant, agreements
ekirahuli	[GENERAL_NOUN] glass, tumbler
ebirahuli	[GENERAL_NOUN_PLURAL] glass, tumblers
ekirali	[GENERAL_NOUN] wild
ebirali	[GENERAL_NOUN_PLURAL] wilds
ekiramukyo	[GENERAL_NOUN] small present, remembrance
ebiramukyo	[GENERAL_NOUN_PLURAL] small present, remembrances
ekinyamunsungusungu	[COMMON_ANIMALS_NOUN] crested eagle
ebinyamunsungusungu	[COMMON_ANIMALS_NOUN_PLURAL] crested eagles
ekinyoobwa	[GENERAL_NOUN] groundnut
ebinyoobwa	[GENERAL_NOUN_PLURAL] groundnuts
ekinyumyo	[GENERAL_NOUN] festivity or feast
ebinyumyo	[GENERAL_NOUN_PLURAL] festivity or feasts
ekinywabwino	[GENERAL_NOUN] blotting paper
ebinywabwino	[GENERAL_NOUN_PLURAL] blotting papers
ekipaali	[GENERAL_NOUN] papyrus mat
ebipaali	[GENERAL_NOUN_PLURAL] papyrus mats
ekipande	[GENERAL_NOUN] reading sheet, notice, card
ebipande	[GENERAL_NOUN_PLURAL] reading sheet, notice, cards
ekirandakwata	[GENERAL_NOUN] a useless person
ebirandakwata	[GENERAL_NOUN_PLURAL] useless persons
ekipiira	[GENERAL_NOUN] jerrycan
ebipiira	[GENERAL_NOUN_PLURAL] jerrycans
ekirabyo	[GENERAL_NOUN] flower, blossom
ebirabyo	[GENERAL_NOUN_PLURAL] flower, blossoms
ekirahiro	[GENERAL_NOUN] oath, vow
ebirahiro	[GENERAL_NOUN_PLURAL] oath, vows
ekirale	[GENERAL_NOUN] a trail of men
ebirale	[GENERAL_NOUN_PLURAL] trail of mens
ekirangirro	[GENERAL_NOUN] proclamation,anouncement
ebirangirro	[GENERAL_NOUN_PLURAL] proclamation,anouncements
ekireere	[GENERAL_NOUN] dry banana fibres
ebireere	[GENERAL_NOUN_PLURAL] dry banana fibreses
embabazi	[GENERAL_NOUN] sympathy,grace, kindness
embambagya	[GENERAL_NOUN] smart, clever person
embaraasi	[COMMON_ANIMALS_NOUN] horse
embasuko	[GENERAL_NOUN] spring of trap
embaza	[GENERAL_NOUN] speech, pronunciation, talking of
embegede emberra	[COMMON_ANIMALS_NOUN] fish with snout virgin
embogo	[COMMON_ANIMALS_NOUN] buffalo
embumbe/ekyekulingirire	[GENERAL_NOUN] round shaped
embunduguru	[GENERAL_NOUN] rounded or rotund object
emboijana	[GENERAL_NOUN] a friendless person
embomboza	[GENERAL_NOUN] lonely person, vagrant
emboni	[EDUCATION_AND_LEARNING_NOUN] pupil of the eye
embanza	[GENERAL_NOUN] beginning
embatamo	[GENERAL_NOUN] extended flat bums
embone	[GENERAL_NOUN] eyelids
embaya	[GENERAL_NOUN] dry papyrus stalks
emberenge	[GENERAL_NOUN] dried maize grains
emboyi	[GENERAL_NOUN] bully, tyrant
embumbatizi	[COMMON_ANIMALS_NOUN] sitting hen, broody hen
emburara	[GENERAL_NOUN] jaraguÃ¡ (Hyparrhenia rufa)
embwa embyara	[COMMON_ANIMALS_NOUN] a dog planting
emeeza	[GENERAL_NOUN] table
emera	[GENERAL_NOUN] shape, appearance
emigambire	[GENERAL_NOUN] way of speaking, pronunciation
embwakazi	[COMMON_ANIMALS_NOUN] bitch: a female dog
emigaatwa	[GENERAL_NOUN] malnourished domestic animals
embungu	[GENERAL_NOUN] a small boring beetle
emburabura	[GENERAL_NOUN] foreigner, homeless person
emenge	[GENERAL_NOUN] blaze
emibbwebbwe	[GENERAL_NOUN] half-cooked potatoes
emigaramo	[GENERAL_NOUN] idleness, leisure
emitego	[GENERAL_NOUN] bowed legs
embugo	[GENERAL_NOUN] bark cloth
embunda	[GENERAL_NOUN] a dull day
embuuru	[GENERAL_NOUN] sea: very large lake
embuzi	[COMMON_ANIMALS_NOUN] a goat or sheep
embyamyamu	[GENERAL_NOUN] a reclining chair
emengo	[GENERAL_NOUN] grinning stones
emerezi	[GENERAL_NOUN] self sown or planted
emicungiro	[GENERAL_NOUN] dirt in the nail
emirabanamu	[GENERAL_NOUN] bothersome problems
emilyoni ikumi	[GENERAL_NOUN] ten million
empande	[GENERAL_NOUN] Bambara nuts
emilyoni	[MATHEMATICS_NOUN] one billion
eminwa	[GENERAL_NOUN] lips
eminyeeto	[GENERAL_NOUN] the youth
emirembe emitalibaine	[GENERAL_NOUN] peace
emitalibaine	[GENERAL_NOUN] problems, worries, difficultie
emitegano	[GENERAL_NOUN] business, hard work
emirindi	[GENERAL_NOUN] tramping of many fee
emitumanyuma	[GENERAL_ADV] between the shoulder blades
emyetuno	[GENERAL_NOUN] showing off, affectation, vanity
empooza	[GENERAL_NOUN] taxi levied, dues, customs
empotole	[GENERAL_NOUN] undiluted sweet banana juice
empuka	[GENERAL_NOUN] east wind
empulirizo	[GENERAL_NOUN] small opening of cavity
encumate	[GENERAL_NOUN] thick eye secretions
encwekye	[GENERAL_NOUN] someone who dies childless
empuruuturro	[GENERAL_NOUN] sliding loop, noose, bow
empuule	[GENERAL_NOUN] unground millet, loose grain
empuunisa	[GENERAL_NOUN] nasal sounds
empwamaani	[GENERAL_NOUN] invalid, weak, passive person
empwerwa	[GENERAL_NOUN] utterly destitute person
empwite	[GENERAL_NOUN] very old person, senile
ebitanga	[GENERAL_NOUN] spots: small round spots
ebyahandiikirwe	[GENERAL_NOUN] scriptures: religious writings
ebyobutegeki	[POLITICS_AND_CURRENT_AFFAIRS_NOUN] politics: matters of politics
ebisigi	[GENERAL_NOUN] eyebrows
ebitaara	[GENERAL_NOUN] car head lamps
ebiteere	[GENERAL_NOUN] dried cassava
ebyenda	[GENERAL_NOUN] intestines, offals
ebyondo	[GENERAL_NOUN] mud: soft sticky mud
ebyohyo	[GENERAL_NOUN] roastings
ebyoya	[GENERAL_NOUN] hair
eduuka	[GENERAL_NOUN] shop, business premise
efirimbi	[GENERAL_NOUN] whistle
ebitarira	[GENERAL_NOUN] scattered animal spots
eboote	[GENERAL_NOUN] the aged
ebyakwahwa	[GENERAL_NOUN] armpit hair
ebyamaka	[GENERAL_NOUN] family matters
ebyari	[GENERAL_NOUN] rags
ebya Sitaani	[GENERAL_NOUN] evil acts
ecupa	[GENERAL_NOUN] bottle
edubu	[GENERAL_NOUN] Sear
egaaju	[COMMON_ANIMALS_NOUN] a brown cow
Egiigya	[GENERAL_NOUN] type of loan grass
egomborra	[GENERAL_NOUN] sub-county
egyambiya	[GENERAL_NOUN] machette
ejoora	[GENERAL_NOUN] roll ofcloth
eka	[GENERAL_NOUN] a home, a homestead
ekambi	[GENERAL_NOUN] hard working
ekarwa	[NATURE_AND_ENVIRONMENT_NOUN] type of grass
ekelezia	[GENERAL_NOUN] church
ekibako	[GENERAL_NOUN] tomb
ebibako	[GENERAL_NOUN_PLURAL] tombs
ebibaara	[GENERAL_NOUN_PLURAL] ekibaaras
ekibanda	[GENERAL_NOUN] carpenter's shade
ebibanda	[GENERAL_NOUN_PLURAL] carpenter's shades
egaali	[GENERAL_NOUN] bicycle
egaragara	[COMMON_ANIMALS_NOUN] lizard
egi	[GENERAL_NOUN] which
egunga	[GENERAL_NOUN] a specie of grass
ego mail	[GENERAL_NOUN] truly
ehiira	[GENERAL_NOUN] porriedge: sour porridge
ekaanyuma	[GENERAL_NOUN] behind the house
ekaraamu	[GENERAL_NOUN] pencil, writing instrument
ekanisa	[GENERAL_NOUN] church
ekirimi	[GENERAL_NOUN] flames of fire
ebirimi	[GENERAL_NOUN_PLURAL] flames of fires
ekirego	[GENERAL_NOUN] a secret accusation
ebirego	[GENERAL_NOUN_PLURAL] secret accusations
ekiremba	[GENERAL_NOUN] a head- cloth
ebiremba	[GENERAL_NOUN_PLURAL] head- cloths
ekiriisa	[GENERAL_NOUN] fertility/ nutrition
ebiriisa	[GENERAL_NOUN_PLURAL] fertility/ nutritions
ekirubi	[GENERAL_NOUN] a furnace
ebirubi	[GENERAL_NOUN_PLURAL] furnaces
ekirongooro	[GENERAL_NOUN] return present
ebirongooro	[GENERAL_NOUN_PLURAL] return presents
ekirungo	[GENERAL_NOUN] seasoning, spice
ebirungo	[GENERAL_NOUN_PLURAL] seasoning, spices
ekireego	[GENERAL_NOUN] taut string
ebireego	[GENERAL_NOUN_PLURAL] taut strings
ekirenge	[GENERAL_NOUN] hoof, foot
ebirenge	[GENERAL_NOUN_PLURAL] hoof, foots
ekirere	[GENERAL_NOUN] gourd of milk
ebirere	[GENERAL_NOUN_PLURAL] gourd of milks
ekirumiko	[GENERAL_NOUN] a vessel cupping- hoi
ebirumiko	[GENERAL_NOUN_PLURAL] vessel cupping- hois
ekiromba	[GENERAL_NOUN] i protruding navel
ebiromba	[GENERAL_NOUN_PLURAL] i protruding navels
ekirooto	[GENERAL_NOUN] a dream
ebirooto	[GENERAL_NOUN_PLURAL] dreams
ekirukirro	[GENERAL_NOUN] nickname
ebirukirro	[GENERAL_NOUN_PLURAL] nicknames
ekirurumo	[GENERAL_NOUN] a low-pitched mumbling sound
ebirurumo	[GENERAL_NOUN_PLURAL] low-pitched mumbling sounds
ekisaaru	[GENERAL_NOUN] a reedlike swamp grass
ebisaaru	[GENERAL_NOUN_PLURAL] reedlike swamp grasses
ekisagiko	[GENERAL_NOUN] ornament: hair beads
ebisagiko	[GENERAL_NOUN_PLURAL] ornament: hair beadses
ekisa	[GENERAL_NOUN] labour pain
ebisa	[GENERAL_NOUN_PLURAL] labour pains
ekizaaiiiro/ ekisaaru	[GENERAL_NOUN] swamp, stream, river
ebizaaiiiro/ ekisaaru	[GENERAL_NOUN_PLURAL] swamp, stream, rivers
ekisabiko	[GENERAL_NOUN] herbal purgative
ebisabiko	[GENERAL_NOUN_PLURAL] herbal purgatives
ekisanju	[GENERAL_NOUN] whip
ebisanju	[GENERAL_NOUN_PLURAL] whips
ekisasaazi	[GENERAL_NOUN] spark (of fire)
ebisasaazi	[GENERAL_NOUN_PLURAL] spark (of fire)s
ekisegu	[GENERAL_NOUN] sexual urge
ebisegu	[GENERAL_NOUN_PLURAL] sexual urges
ekisengiijo	[GENERAL_NOUN] filter
ebisengiijo	[GENERAL_NOUN_PLURAL] filters
ekisense	[GENERAL_NOUN] ragged edge, rag
ebisense	[GENERAL_NOUN_PLURAL] ragged edge, rags
ekisanku	[COMMON_ANIMALS_NOUN] dry cow dung
ebisanku	[COMMON_ANIMALS_NOUN_PLURAL] dry cow dungs
ekisensero	[GENERAL_NOUN] entrance: a posterior gate
ebisensero	[GENERAL_NOUN_PLURAL] entrance: a posterior gates
ekisinjo	[GENERAL_NOUN] rage: violent uncontrolled anger
ebisinjo	[GENERAL_NOUN_PLURAL] rage: violent uncontrolled angers
ekisore	[COMMON_ANIMALS_NOUN] puppy: a young dog
ebisore	[COMMON_ANIMALS_NOUN_PLURAL] puppy: a young dogs
ekisutama-hamwe	[GENERAL_NOUN] a traditional stool
ebisutama-hamwe	[GENERAL_NOUN_PLURAL] traditional stools
ekisaatu	[GENERAL_NOUN] skin, hide
ebisaatu	[GENERAL_NOUN_PLURAL] skin, hides
ekisago	[GENERAL_NOUN] a pillow,cushion
ebisago	[GENERAL_NOUN_PLURAL] pillow,cushions
ekisambizo ekisanuruzo	[COMMON_ANIMALS_NOUN] spur of cock comb
ebisambizo ekisanuruzo	[COMMON_ANIMALS_NOUN_PLURAL] spur of cock combs
ekisarazi	[GENERAL_NOUN] numbness, cramp
ebisarazi	[GENERAL_NOUN_PLURAL] numbness, cramps
ekisebe	[BIOLOGY_NOUN] beetle larva, grub
ebisebe	[BIOLOGY_NOUN_PLURAL] beetle larva, grubs
ekisengeijo	[GENERAL_NOUN] strainer
ebisengeijo	[GENERAL_NOUN_PLURAL] strainers
ekisamba	[GENERAL_NOUN] floating vegetation on water
ebisamba	[GENERAL_NOUN_PLURAL] floating vegetation on waters
ekisonga	[GENERAL_NOUN] chest pain
ebisonga	[GENERAL_NOUN_PLURAL] chest pains
ekisorosoro	[GENERAL_NOUN] navel: a big navel
ebisorosoro	[GENERAL_NOUN_PLURAL] navel: a big navels
ekisoma	[GENERAL_NOUN] fresh bean leaves
ebisoma	[GENERAL_NOUN_PLURAL] fresh bean leaveses
ekisurugu	[GENERAL_NOUN] groundnut husk
ebisurugu	[GENERAL_NOUN_PLURAL] groundnut husks
ekisizi	[GENERAL_NOUN] a plant disease
ebisizi	[GENERAL_NOUN_PLURAL] plant diseases
ekisyarazi	[GENERAL_NOUN] stagnant water
ebisyarazi	[GENERAL_NOUN_PLURAL] stagnant waters
ekitaba	[GENERAL_NOUN] ditch
ebitaba	[GENERAL_NOUN_PLURAL] ditches
ekitabaswa	[GENERAL_NOUN] a suit case
ebitabaswa	[GENERAL_NOUN_PLURAL] suit cases
ekitaka	[GENERAL_NOUN] a clod
ebitaka	[GENERAL_NOUN_PLURAL] clods
ekitaraariire	[GENERAL_NOUN] something that happens unexpectedly
ebitaraariire	[GENERAL_NOUN_PLURAL] something that happens unexpectedlies
ekisiika	[GENERAL_NOUN] partition,wall, room
ebisiika	[GENERAL_NOUN_PLURAL] partition,wall, rooms
ekisindikwa	[GENERAL_NOUN] turf, sod
ebisindikwa	[GENERAL_NOUN_PLURAL] turf, sods
ekisinziro	[GENERAL_NOUN] heel
ebisinziro	[GENERAL_NOUN_PLURAL] heels
ekisirya	[GENERAL_NOUN] calabash, gourd
ebisirya	[GENERAL_NOUN_PLURAL] calabash, gourds
ekisomabwire	[GENERAL_NOUN] a nightjar bird
ebisomabwire	[GENERAL_NOUN_PLURAL] nightjar birds
ekisombera	[GENERAL_NOUN] a very large basket
ebisombera	[GENERAL_NOUN_PLURAL] very large baskets
ekisonko	[GENERAL_NOUN] sea shell
ebisonko	[GENERAL_NOUN_PLURAL] sea shells
ekisoonante	[NATURE_AND_ENVIRONMENT_NOUN] a kind of grass
ebisoonante	[NATURE_AND_ENVIRONMENT_NOUN_PLURAL] kind of grasses
ekisunsuzo	[GENERAL_NOUN] a comb
ebisunsuzo	[GENERAL_NOUN_PLURAL] combs
ekisweko	[GENERAL_NOUN] blister
ebisweko	[GENERAL_NOUN_PLURAL] blisters
ekitanakya	[GENERAL_NOUN] emetic, makesone vomit
ebitanakya	[GENERAL_NOUN_PLURAL] emetic, makesone vomits
ekisire	[GENERAL_NOUN] obstinate person
ebisire	[GENERAL_NOUN_PLURAL] obstinate persons
ekisooko	[GENERAL_NOUN] a locally made cigarette
ebisooko	[GENERAL_NOUN_PLURAL] locally made cigarettes
ekitabaraara	[GENERAL_NOUN] the guest of honour
ebitabaraara	[GENERAL_NOUN_PLURAL] guest of honours
ekisiibo	[GENERAL_NOUN] fasting period
ebisiibo	[GENERAL_NOUN_PLURAL] fasting periods
ekisingolezo	[GENERAL_NOUN] a broom
ebisingolezo	[GENERAL_NOUN_PLURAL] brooms
ekisumuruzo	[GENERAL_NOUN] a key, an opener
ebisumuruzo	[GENERAL_NOUN_PLURAL] key, an openers
ekisuzi	[GENERAL_NOUN] wildcat, bed bug
ebisuzi	[GENERAL_NOUN_PLURAL] wildcat, bed bugs
ekisusu	[GENERAL_NOUN] peel, husk, fore skin
ebisusu	[GENERAL_NOUN_PLURAL] peel, husk, fore skins
ekitaatnutoole	[GENERAL_NOUN] nonsense
ebitaatnutoole	[GENERAL_NOUN_PLURAL] nonsenses
ekitabujuguta	[COMMON_ANIMALS_NOUN] civet-cat
ebitabujuguta	[COMMON_ANIMALS_NOUN_PLURAL] civet-cats
ekitakuli	[GENERAL_NOUN] potato
ebitakuli	[GENERAL_NOUN_PLURAL] potatos
ekitanake	[GENERAL_NOUN] heap of vomit
ebitanake	[GENERAL_NOUN_PLURAL] heap of vomits
ekitangaazo	[GENERAL_NOUN] a microscope
ebitangaazo	[GENERAL_NOUN_PLURAL] microscopes
endyakiro	[COMMON_ANIMALS_NOUN] mouse
endyanga	[GENERAL_NOUN] skinbag, leather bag
enfuuzi	[GENERAL_NOUN] orphan
engaba	[GENERAL_NOUN] distribution, giving
engambisa	[GENERAL_NOUN] vowels
engano	[GENERAL_NOUN] wheat flour,wheat
enganja	[GENERAL_NOUN] white geranium
engurumbanyi	[GENERAL_NOUN] untrust-worthy person
endyaga	[GENERAL_NOUN] plenty of food
eenimi	[COMMON_ANIMALS_NOUN] bull: male cattle
enfaana	[GENERAL_NOUN] tapeworm
enfunjo	[ART_AND_ENTERTAINMENT_NOUN] papyrus for craft work
enfuuni	[GENERAL_NOUN] a worn out hoe
enfumbi	[GENERAL_NOUN] swollen glands
engabi	[GENERAL_NOUN] bushbuck
engabwa	[MILITARY_NOUN] general, commander, ambassador, representative
engagya	[COMMON_ANIMALS_NOUN] large spotted hyena
engamba	[GENERAL_NOUN] shell spoon,sea shell
engambo	[GENERAL_NOUN] dialect, speech,utterance or rumour
enganga	[GENERAL_NOUN] loan meat
enganjani	[GENERAL_NOUN] friend
enganyi	[GENERAL_NOUN] sorrow, sadness
engasa	[GENERAL_NOUN] small delicious fish
engazi	[GENERAL_NOUN] palm oil
engendo	[GENERAL_NOUN] travels, journeys
engenzigenzi	[GENERAL_NOUN] type of beetle
engingo	[GENERAL_NOUN] shape, figure, joint
engoga	[GENERAL_NOUN] open wound
engombe	[GENERAL_NOUN] hoot
engonero	[GENERAL_NOUN] secretion from the mouth
engonzi	[GENERAL_NOUN] love, affection
engoro	[GENERAL_NOUN] reed
engoto	[GENERAL_NOUN] nape of neck
enguha	[GENERAL_NOUN] tick, mite
engumangane	[GENERAL_NOUN] hard-hearted, obstinate
engunu	[GENERAL_NOUN] gum (of teeth)
engururrumi	[GENERAL_NOUN] stunted child
enguudo	[GENERAL_NOUN] high road, street
enguzi	[GENERAL_NOUN] bribe
enio	[GENERAL_NOUN] buttocks, bottom
enjaza	[GENERAL_NOUN] reedbuck
enjeru	[COMMON_ANIMALS_NOUN] white sheep, cow
engarukamu	[GENERAL_NOUN] way of answering
engaase	[GENERAL_NOUN] sundried meat
engenzi	[GENERAL_NOUN] traveller
engiga	[GENERAL_NOUN] notch, joint, point
engo	[COMMON_ANIMALS_NOUN] leopard
engobya	[GENERAL_NOUN] cunning deceitful person, cheat
engoma	[GOVERNANCE_AND_ADMINISTRATION_NOUN] drum, throne
engona	[GENERAL_NOUN] slime on stagnant water
engondo	[GENERAL_NOUN] cuts on the body
engonge	[GENERAL_NOUN] otter
engoonyo	[GENERAL_NOUN] camping-place, tennporary shelter
engorombe	[COMMON_ANIMALS_NOUN] stunted child, cow
engoye	[GENERAL_NOUN] clothes
engungumale	[GENERAL_NOUN] obstinate
engundizi	[GENERAL_NOUN] weakling; long-lived person
engwara	[GENERAL_NOUN] horn trumpet
engweterano	[GENERAL_NOUN] from generation to generation
enimi	[COMMON_ANIMALS_NOUN] bull
enjaahi	[GENERAL_NOUN] Indian hemp, opium, bhang
enjabule	[GENERAL_NOUN] cropped ears
enjagirizi	[GENERAL_NOUN] flatterer
enjatu	[NATURE_AND_ENVIRONMENT_NOUN] destructive gale
enjenga	[GENERAL_NOUN] many banana gardens together
enjoga	[GENERAL_NOUN] water container
enjoka	[COMMON_ANIMALS_NOUN] snake; internal pains
enjoki	[GENERAL_NOUN] bees
enjuba	[GENERAL_NOUN] blood pudding
enjunza	[GENERAL_NOUN] jigger
enkambi	[GENERAL_NOUN] restcamp
enkali	[GENERAL_NOUN] urine
enkango	[GENERAL_NOUN] end goal, stopping-place
enkenko	[GENERAL_NOUN] vinegar
enkerebe	[COMMON_ANIMALS_NOUN] dog-faced ape, baboon
enkana	[GENERAL_NOUN] a neck swelling
enjuza	[GENERAL_NOUN] twisted papyrus ropes
enjwaranna	[GENERAL_NOUN] way of clothing, attire
enkaanaana enkaina	[COMMON_ANIMALS_NOUN] flowers donkey
enkaka	[GENERAL_NOUN] heart-burn, anthrax
enkamba-be	[GENERAL_NOUN] diligent, work hard
enkangaasi	[GENERAL_NOUN] hoof
enkanjaiga	[GENERAL_NOUN] times
enkaranga	[GENERAL_NOUN] huge elephant
enkarwa	[GENERAL_NOUN] leg trick in wrestling
enkeeho	[GENERAL_NOUN] waning moon
enkenyera	[GENERAL_NOUN] groaning, discontent; pain, ache
enkere	[GENERAL_NOUN] water frog
enkerembe	[GENERAL_NOUN] infant, baby
entabukatabuka	[GENERAL_NOUN] muddle, confusion, commotion
entaka	[GENERAL_NOUN] clod, sod
entangize	[GENERAL_NOUN] time just after sunrise
entaratazi	[GENERAL_NOUN] wanderer, roamer
enteerabwire	[COMMON_ANIMALS_NOUN] cock
enteeraniza	[GENERAL_NOUN] a way of joining
entemamuhoro	[GENERAL_NOUN] mantis
enterebuki	[GENERAL_NOUN] shirker, dodger
entimbo	[GOVERNANCE_AND_ADMINISTRATION_NOUN] small royal drum
entoijo	[COMMON_ANIMALS_NOUN] freshly churned cow ghee
entongana	[GENERAL_NOUN] defence; apology; pleading
entajumba	[GENERAL_NOUN] guinea fowl
entama	[GENERAL_NOUN] mouthful
entale	[COMMON_ANIMALS_NOUN] a lion
entambu	[GENERAL_NOUN] pace, short distance, strides
entandikiro	[GENERAL_NOUN] beginning, start, origin
entangatangano	[GENERAL_NOUN] cross-roads, junction
entarutahu	[GENERAL_NOUN] walk very quickly
entebe	[GENERAL_NOUN] chair
entema	[GENERAL_NOUN] small calabash cup
entenyi	[GENERAL_NOUN] trial by ordeal
entimagizi	[GOVERNANCE_AND_ADMINISTRATION_NOUN] malachite king-fisher
entimbure	[GENERAL_NOUN] mixed food
entondo	[COMMON_ANIMALS_NOUN] small type of grasshopper
entongole	[GENERAL_NOUN] kind of harp
entoole	[GENERAL_NOUN] water frog, stupid person
entumba	[GENERAL_NOUN] a loud fart
entulirra	[GENERAL_NOUN] self-sown potatoes
entundwa	[GENERAL_NOUN] very lightcoloured millet
entungo	[GENERAL_NOUN] sim-sim seeds
entuuru	[COMMON_ANIMALS_NOUN] a wild cat
enumi	[COMMON_ANIMALS_NOUN] bull: a male cow
enyakibabi	[COMMON_ANIMALS_NOUN] a green coloured snake
enturabusa	[GENERAL_NOUN] swollen gland
enturro	[GENERAL_NOUN] sourness, acidity
entuuha	[COMMON_ANIMALS_NOUN] crested crane
entuuyo	[GENERAL_NOUN] state of perspiration, sweat
entyabiri	[BIOLOGY_NOUN] a species of mushrooms
enuuni	[GENERAL_NOUN] duodenum
enyaani	[GENERAL_NOUN] coffee-berries
enyabatimbo	[GENERAL_NOUN] silkworm
enyahukana	[GENERAL_NOUN] difference
enyakabara	[GENERAL_NOUN] native-born
enyama	[GENERAL_NOUN] meat, flesh, muscle
enyamahamba	[GENERAL_NOUN] type of edible mushroom
entumbi	[COMMON_ANIMALS_NOUN] a corpse of cattle
entumbwe	[COMMON_ANIMALS_NOUN] calf
entuumuuki	[GENERAL_NOUN] blankshot
entuuru	[GENERAL_NOUN] a fall
enusu	[ECONOMICS_AND_COMMERCE_NOUN] coin: metallic currency
enyamaiswa	[GENERAL_NOUN] an animal
enturuba	[GENERAL_NOUN] gurgle, bubble, slobber
entuutu	[COMMON_ANIMALS_NOUN] cape goose berries
entwe	[GENERAL_NOUN] ears of millet
enwa	[COMMON_ANIMALS_NOUN] hornet,wasps
enyabisaaniko	[GENERAL_NOUN] evening star
enyakibisi	[GENERAL_NOUN] fresh beans
enyamagaro n	[GENERAL_NOUN] pincers, pliers
Eba	[GENERAL_VERB] to be forgotten
Ebabura	[GENERAL_NOUN] of his/her relative
Ebiihabiiha	[GENERAL_VERB] to deceive oneself
Ebondoiga	[COMMON_ANIMALS_VERB] to vomit (dog etc.)
Ebundaaza	[GENERAL_VERB] to humble oneself
Eceeba	[GENERAL_VERB] to wear many clothes(woman)
Ecunda	[GENERAL_VERB] to drag oneself along
Efoora	[GENERAL_VERB] to pretend to be
egaa rraamu,	[GENERAL_VERB] to pluck up courage
Ebaarra	[GENERAL_VERB] to be cautious
Ebabara	[GENERAL_VERB] to beware
Ebaganizaamu	[GENERAL_VERB] to withdraw oneself
Ebairuka	[GENERAL_VERB] to be startled
Ebeteka	[GENERAL_VERB] to sit down carelessly
Ebiihiirra	[GENERAL_VERB] to boast groundlessly
Ebiihiraniza	[GENERAL_VERB] to provoke one another
Ebiijagura	[GENERAL_VERB] to belch
ebin ga	[GENERAL_VERB] to fly for refuge
Ebumbiirra	[GENERAL_VERB] to wrap oneself up
Ebwa	[GENERAL_VERB] to forget
Ecencura	[GENERAL_VERB] to fully understand, comprehend
Ecumiitiriza	[GENERAL_VERB] to think deeply
ecundacu nda,	[GENERAL_VERB] to rock oneself
Ecuraniza	[GENERAL_VERB] to sit properly
Ecwacwana	[GENERAL_VERB] to writhe, wag, wriggle
Edikya	[GENERAL_VERB] to fall heavily
Efaafaaniza	[GENERAL_VERB] to be dirty, slovenly
Efuba	[GENERAL_VERB] to hide
Ega	[GENERAL_VERB] to learn
Egama	[GENERAL_VERB] to starve
Egambiirra	[GENERAL_VERB] to exhort oneself
Eganyira	[GENERAL_VERB] to pity oneself
Eganira	[GENERAL_VERB] to leave off doing
Egejageja	[GENERAL_VERB] to malinger
Egemba	[GENERAL_VERB] to shave oneself
Egemuliza	[GENERAL_VERB] to fetch one's food
Egesa	[GENERAL_VERB] to teach, educate
Egiza	[GENERAL_VERB] to pretend
Egonyoorra	[GENERAL_VERB] to stretch oneself
Egurukya	[GENERAL_VERB] to deny having done
Ehaisa	[GENERAL_VERB] to flatter oneself, boast
Ehakana	[GENERAL_VERB] to deny knowledge of
Ebengeka	[GENERAL_VERB] to lean sideways
Ehenyenga	[GENERAL_NOUN] forge
Ehingahingisa	[GENERAL_VERB] to be changeable
Ehoima	[GENERAL_VERB] To be quarrelsome
Eganya	[GENERAL_VERB] to be lazy, weak
Eganyiirra	[GENERAL_NOUN] become lazy
Egarukamu	[GENERAL_VERB] to repent, reconcile
Egegecrra	[GENERAL_VERB] to handle carefully
Egema	[GENERAL_VERB] to bend, be flexible
Egendera	[GENERAL_VERB] to take oneself off
Egenya	[GENERAL_VERB] To frown
Egogeza	[GENERAL_VERB] to be self
Egonesa	[GENERAL_VERB] to feign sleep
Egoora	[GENERAL_VERB] to enjoy oneself
Ebaabira	[GENERAL_VERB] to boast
Ehara	[GENERAL_VERB] to scratch oneself, avoid
Ehemura	[GENERAL_VERB] to debase oneself
Ehenya	[GENERAL_VERB] to search diligently
eh.tita,	[GENERAL_VERB] to work tirelessly
Ehinguliriza	[GENERAL_VERB] to surround, go round
Ehiringisa	[GENERAL_VERB] to roll
Ehonga	[GENERAL_VERB] to dedicate oneself
Ebooga	[POLITICS_AND_CURRENT_AFFAIRS_VERB] to republic an acquaintance
Ehoza	[GENERAL_VERB] to lend
Ehungura	[GENERAL_VERB] to put on airs
Ehuuga	[GENERAL_VERB] to rinse
Ebyohya	[GENERAL_VERB] to change one's mind
Ejuura	[GENERAL_VERB] to undress oneself
Ekanga	[GENERAL_VERB] to be indolent, lazy
Ekaranduza	[GENERAL_VERB] to clear the throat
Ekeerreema	[GENERAL_VERB] to reflect_ ponder
Ekima	[GENERAL_VERB] to bide
Ekingira	[GENERAL_VERB] to shut oneself in
Ekonga	[GENERAL_NOUN] shrug the shoulders
Ekopa	[GENERAL_VERB] to buy on credit
Ebotoora	[GENERAL_VERB] to rub oneself
Ehotora	[GENERAL_VERB] To wind
Ehugya	[GENERAL_VERB] to ignore, pretend
Ehuuta	[GENERAL_VERB] to walk very fast
Ebyahyaniza	[GENERAL_VERB] to fidget
ejw eka	[GENERAL_NOUN] oneself
Ekaakura	[GENERAL_VERB] to scratch oneself
ekagu ra,	[GENERAL_VERB] to taste(food) again, repeat
Ekaguza	[GENERAL_VERB] to examine oneself, reflect
Ekeehereza	[GENERAL_VERB] to draw in stomach
Ekcndura	[GENERAL_VERB] to gird oneself tightly
Ekilka	[GENERAL_VERB] to be cross wise
Ekooka	[GENERAL_VERB] to retch
Ekoonyera	[GENERAL_VERB] to help oneself
Ekubakuba	[GENERAL_VERB] to become tangled
Ekubirana	[GENERAL_VERB] to take one's ease
Ekugusa	[GENERAL_VERB] to slip past
Ekulingilrra	[GENERAL_VERB] to be round, spherical
Ekumba	[GENERAL_VERB] to join with others
Ekumbya	[GENERAL_VERB] to roll oneself
Ekuusa	[GENERAL_VERB] to rub oneself
Ekwasa	[GENERAL_VERB] to make excuses
Emanya	[GENERAL_VERB] to be selfish, vain
Emanyisa	[GENERAL_VERB] to make oneself
Emigiza	[GENERAL_VERB] to squeeze oneself against
Emogora	[GENERAL_VERB] to make a grimace
Emwa	[GENERAL_VERB] to shave oneself
Ena	[GENERAL_NOUN] All of me
Enegura	[GENERAL_VERB] to regain one's strength
Enuuba	[GENERAL_VERB] to become miserable, unhappy
Eoyini	[GENERAL_NOUN] self, selves
Epaoka	[GENERAL_VERB] to be proud
Eraga	[GENERAL_VERB] to vow, pledge, promise
Ekubiriza	[GENERAL_NOUN] earnestly entreat
Ekukumika	[GENERAL_VERB] to hide, escape
Ekuliiriza	[GENERAL_VERB] to take upon oneself
Ekulingura	[GENERAL_VERB] to roll, wallow
Ekuma	[GENERAL_VERB] to sit nicely
Ekuuma	[GENERAL_VERB] to chew the cud
Ekuuyuuya	[GENERAL_VERB] to shade wings (termites)
Emaanyura	[GENERAL_VERB] pull out one's hair
Embi	[GENERAL_NOUN] Both
Emererwa	[GENERAL_VERB] To have pain
Endereza	[GENERAL_VERB] to oppress, bully, afflict
Eoka	[GENERAL_NOUN] self, selves
Eoyuma	[GENERAL_NOUN] behind
Eragaza	[GENERAL_VERB] to wipe oneself
Empooka	[GENERAL_NOUN] survivor
Empugutani	[GENERAL_NOUN] forgetful, scatterbrained person
Empulirro	[GENERAL_NOUN] ear passage
Empunu	[COMMON_ANIMALS_NOUN] Pig, wild bear
Emyerande	[GENERAL_NOUN] potatoes uprooted from runners
Empya	[GENERAL_NOUN] way of burning
Emyehurro	[GENERAL_NOUN] conceit, boastfulness
Emyekuniko	[GENERAL_NOUN] pride, arrogance, unnecessary quietness
Emyesungo	[GENERAL_NOUN] cheeky, rudeness, perversity, affectation
Empuku	[GENERAL_NOUN] weevil
Empungira	[GENERAL_NOUN] sleeping-sickness
Empurizana	[GENERAL_NOUN] Communication
Emputa	[GENERAL_NOUN] wounded person
Empyo	[COMMON_ANIMALS_NOUN] crocodile
Emyehaahiro	[GENERAL_NOUN] boasting, selfishness
Emyehembo	[GENERAL_NOUN] conceit, boastfulness
Emyekuzo	[GENERAL_NOUN] conceit, boastful
emyenda ya'bunyoro	[GENERAL_NOUN] praise, self-exaltation, boasting
Emyombekere	[GENERAL_NOUN] style of building, architecture
Enaanaasi	[GENERAL_NOUN] pineapple
Encamparya	[GENERAL_NOUN] withered breasts
Encikinya	[GENERAL_NOUN] Flies
Encompya	[GENERAL_NOUN] untrustworthy, deceitful person, mischief-maker
Encwangya	[GENERAL_NOUN] tricky person, unreliable person
Endaade	[COMMON_ANIMALS_NOUN] large, long-legged cock
Endaawa	[COMMON_ANIMALS_NOUN] a castrated bull
Endagaano	[GENERAL_NOUN] agreement, covenant, bargain
Endagalika	[GENERAL_NOUN] odd one, fallen thing
Endahiro	[GENERAL_NOUN] oath, vow, protestation
Endale	[GENERAL_NOUN] wild yam
Endangaazi	[GENERAL_NOUN] hartebeest
Endeberwamu	[GENERAL_NOUN] looking-glass, mirror
Endebolebo	[GENERAL_NOUN] border, edge
Endambi	[GENERAL_NOUN] tapeworm
Enamba	[GENERAL_NOUN] hole in the earth
Enceke	[GENERAL_NOUN] weakly person, invalid
Encu	[GENERAL_NOUN] fish
Encuro	[GENERAL_NOUN] a measure; time
Endabukya	[GENERAL_NOUN] sharp, clever person
endamya	[GENERAL_NOUN] worship, ritual
Endebe	[GENERAL_NOUN] small bell-like ornament
Endehwa	[GENERAL_NOUN] Fine
Enderalera	[GENERAL_NOUN] lower part of abdomen
Endigito	[GENERAL_INTERJ] sound of running footsteps
Endiirakumara	[COMMON_ANIMALS_NOUN] a wild dog
Endimi	[GENERAL_NOUN] languages, tongues
Endimiro	[GENERAL_NOUN] cultivated plot, field
Endobo	[GENERAL_NOUN] fish-hook
Nyineeka afeera aka ye'.	The house owner dies for his home
fa	To die, be destroyed, become useless
amaiso; amatu; obusaija	Become blind; Become deaf; Become impotent
faabbiina	To work hard
kukaba kufaabbiina kw 'amani kwija kumara enju enu; Mugume akaba nafaabbiinisibwa enju ye obu yahoire yahuumura	It was real hard work finishing this house; It was the construction of his house that made Mugume work hard, he has come to rest after finishing it
faafaana	To come to nothing, be destroyed, wear out
akafaafaanira mukyaro; akakira muno kufaafaanizibwa obulemu	He/she came ended up in ruins while in the village; Be/she was worn out by the war
faafaaniza	To throw about, give away, waste
faahongana	To mind each other, care for each other
nooha ayafaahonganisize abantu abo; ira kabataafahongaana? enju ye efaakaire kundi	Who have made those people care for each other, they never did so in the past; His house looks very untidy
faakuuza	To make a rustling noise (e.g. Animal in grass), scuffle
feekya	To snuffle
feerra	To die for on, on behalf of
Yesu Kiristo akatufeerra hamusalaba	Jesus Christ died for us on the cross
feerwa	To be bereaved of, lose.
fiisa	Die
abaana be babiri akabafiisiza Kyaka	She lost her two children in Kyaka.
foorogora	To change butter sauce from pot to bowl and bowl to pot till water in which butter is being cooked has changed to white
footooka	To grow soft and baby, be deflated
omupiira gwa motoka ye gukafootookera omukiikaro ekibi	The tyre for his/her car got deflated in a dangerous place
fooba	To plait, interlace, tack in
-amabingo bakozeseze ekiaali bakagafoobera kukikozesa kurungi.	-the reeds which they used for the King's enclosure were interlaced so as to make it look smart.
foobera	Of a soft thing, to be easily compressed, fall in and upward when pressed
fooka	Become, be made, change, draw (a bow)
omukozi yaleesire akamufookera kasaarre	The workman he/she employed became a problem to him/her.
footookeerra	To be vacillating, unsteady
footora	To squash
foototora	To defecate, void feaces anonymously
fuba	To cause misfortune, bring bad luck
endagu ifubire	Divination has given information of misfortune
fuba	To throw away (esp. Bad milk), amata agafiire bagafubire, milk that has gone bad has been thrown away
-amata agafiire gayine kunangwa	-bad milk should be thrown away
fubata	To be tightly covered up
omuhiiha tigufubasire kurungi hakyanzi; omukazi onu emihiiha ye tagifubasa kurungi habyanzi	The lid is not holding tightly on the wooden milk vessel; This woman does not see to it that the lids do fubeera fukumura bold tightly on the wooden milk vessel
fubeera	To have second thought when you are ready to do something, e.g. Spearing
fubeereza	Dismay, confound
fubeerra	To slow down, be dismayed, draw back, slacken speed
fubika	To warp up.(a person)
bintu bibiri abakazi ebi bakira kufubikisa abaana baabo	There are two things which parents commonly use io wrapping their children
fubira	To punish, frustrate
Nyinenkuru nyowe akafubire batahi bange.	-my grandmother punished my friends.
fufuza	To go alone through dense forest,etc
obu yacwire omunkomo kuhika owaabu akafufuliza omukibira	When he escaped from prison he walked through a dense forest to reach home
fuguta	To pump, blow (bellows)
omuheesi aheesa n'omwojo ow'okumufutiraira omujuba; omujuba bagufugusa orulw orubohwa hankero yagwo	A black smith forges iron with a boy who blows the bellows for him; The bellow is pumped by pressing the skin tied on its nozzle
fuka	To grow cold, blow nose
amaizi akaba naagya kwoga akabanza kugafukya	He/she first made cold the water that he/she was going to use for bathing
fukaana	To wrestle
bakafukaanira harubaju rw'ekisaaru baitu hatabeho n 'omu ayanagire mugenzi we hansi	They wrestled at the side of a river but no one threw the other down
fukama	Used of breasts of young girls about 16 years of age
akaswerwa amabeere nigafukama kugwa	She got married at the age of 16 years, when her breasts were just begin ing to grow
fukiiriza	To cool with water, refresh
fukumuka	To come out in large amounts as water from ground (content of gourd)
fukumura	To shake out (contents of gourd )
fuleeteza	To tie tightly (as rope around the neck). Fuliiteza = ful eeteza, ku-, oku- v.tr
fuma	To prod,thrust
-omusuma bokamufumira omumadaara g'ekitobu.	-A thief was thrusted while he was under the bed.
fumba	To push away through (where there is no path)
nambere hataabaga nguudo abaana abaazindukaga, baafumbaga orume buli nyekya	Where there were no roads children who travelled early in the morning, had to pass through dewy grass on their way daily
fumbagiriza	To elbow one's way through, to push out of the way
fumbasa	To clasp
fumbata	To embrance,
fumura	To piece,bore,lance
funda	To be narrow, confined, cling to
oruguudo rufimdiire nambere rukaba rutasemeriire kufimdira	The road narrowed where it was not supposed to be narrowed
fundaana	To be crowded together, be stifled, be suffocated
funduka	To come up (esp. Mushrooms), grow (hump)
/.omaiso	Have protruding eyes
fumbatiza	To clasp in the hand
fundukura	To uncover, take the lid off
ky 'akohiecupa yo sooda kugifundukuzo amaino	It is dangerous to open a bottle of soda with fundura furuuta the teeth
fundura	Uncover
amaiso	Glare, stare
funduza	To show signs of coming out
omwana afundwize kuturuka	The baby is showing signs of coming out of the womb
funga	To fasten (e. G button)
fungwa	- hold up clothes
- fungwa ebijwaro	- she is holding up clothes or s ell.
fungiirra	To hold up (clothes)
funguka	To be djluted.
-Funguka obyokunywa ebyo	-dilute those drinks.
funuura	To masturbate, push back foreskin of penis
-batwasire omusigazi afunuura nyekyakara	-the boy was caught masturbating in the morning.
funya	To fold (trouser or sleeves)
-oyine kufunya esatii oli omukukora	-you are supposed to fold a shirt when u are working.
funyiirra	To turn up
-okufuunyiirra kubaho ayisomero	-you are supposed to turn up at school.
funyika	To crumple up, gather (in sewing)
furafura	To disparage, run down
tikihikire kufurafuurra omuntu omubantu	It is not right to disparage a person in public
furuka	To desert, migrate
-nkafuruka omuka	-I migrated from home.
furungu	To dilute too much, disparage, run down, change
-Ebigambo bye bakabifurungura tinukwo yabigambire,ati.	-they changed his words, that is not the way he/she said them.
furuuta	To be blistered, swell (as from bite or sting)
omubiri gwe gukaba nigumufurutira Kampala, obu yaizire Tooro gwaleka	His/her body used to swell while he/she was in Kampala, when he/ she returned to Tooro tt stopped
futana	To chew (soft substance), masticate
-maama akaba nafutana omubazi gwa akaana ke	-mother used to chew medicine for her child.
fuuha	To blow, snort
ente kukufuhira buli neekuseruza obulemu	If a cow snorts at you it is a sign of challenging you for a fight
fuuha	To avoid, be jealous of (wife or husband)
-nakufuuhira musijaa wee.	-She is jealous of her husband
fuuhiza	To say God forbid
-nfuuhize ekibi	-said by a diviner when his/her divination show that danger is imminent
fuuhya	To prevent (evil), ward off, forbid
fuuka	To bubble, boil fast, froth, foam lather
amaarwa g 'ebitooke gafuukira omubisisi; ekifaukisa amaanva nubwo obutagasi obugatunga gakyali omukiina	Plantain beer froths in the gourds where it is kept; What makes a plantain wine to froths is the heat it gets while in the hole where it is kept for fermentation
fuukeera	To breathe with difficulty through the nose, snore, have nose stopped up
afuukeerra omubwire bw 'embeho; abatabani bakamufuruurra Mwenge	He/she breathes with diffculty during the cold season; His/her sons helped him/her migrate to Mwenge
fuuta	To fill mouth with food
fuutafuutiika	To bundle in any how, to stuff
jaallima	To talk nonsense
jaagira	To waddle, straddle, walk with legs wide open due to pain
akahanda kafunzire nikalemesa arukujaagira kukajaagiirraamu	A narrow path makes it difficult for a straddler to straddle in it
jaagiza	To cause one walk with legs wide open
jaagura	To beat, dig on the surface.
jaagya	To strut about conceitedly, spread, do to excess
jaakaara	To spread (e.g. Epidemic, rumour)
kujaakaara kw 'endwara y 'omunywereerro kurogiirra ha bantu kwanga kuhuurra ebirukwegesibwa hali yo; emibu ejaakaaza omuswija; omunywereerro gujaalcaazibwa okuteesigangana kw'abarukugonzangana	The spread of HIV/AIDS is as a result of people's disobedience in observing what is being taught about it; Mosquitoes spread malaria; The spread HlV/AIDS is due to unfaithfulness among sexual partners. Oku-
jaamaara	To be dull, stupid, clumsy. Jaara,
jaara	To make a jarring noise, gambling game
ekijeerre kijaarra hamunwa gw 'ekiina kyakyo	A cricket will make a jarring noise at the mouth of its hole
jaata	To be sodden (millet flour), be clumsy, be worthless
jabagira	To bubble, seethe. Jabajabuka
jabajabura	To pull to pieces, to pull out threads
jabanganiza	To talk rapidly or indistinctly, mispronounce
jabiza	, to be excited
jabuka	To be chipped, broken.
haroho abasaija abagira engeso y 'okubajabuurra ebyokulya enjara obu eba ebali kubi; amujabwize ebyokulya bitakahiire	Ear, etc.), crop (ear), break a piece off; Some men are in the habit of asking their wives to give them food while it is being cooked when they feel hungry; He has made her to give him half cooked food
jagaata	To be hairy, be shaggy
jagajaga	To walk stiffly, awkwardly
naaganya kujagajagira omubantu	He/ she is troubled when he/she thinks of walking awkwardly among the people
jagaraza	To excite, spread out fingers
jagiriza	To flatter
jaguza	To rejoice, celebrate.
jaika	To gad about, roam about
jajura	To burn slightly causing to wither, superficialJy burnt, cook too fast, burn up
jakura	To snatch from
jaliga	To squelch (swamp)
jamajama	To jabber, babble
janguurra	To explain fully, put right what bad gone wrong
janjaara	To behave like a madman, roam about, spread
omuguwiraro ajanjaarra omubantu abamumanyire; omuntu aina obmwaire obukutuurra ayerinda kubujanjaaza omu bagenzi be	A mad person roams among people who know him/her; A person suffering from a contagious disease is always careful not to spread it to his/her neighbours
janjaba	To care for, nurse, treat, attend to
bakamusiima habw 'okujanjaba Isebo akamujanjabira ameezi mukaaga; tiinyina muntu w'okunjanjabisa omurwaire onu; akajanjabwa mukazi we	They thanked her for attending to their father, She cared for him for six months; I do not have anyone to help me with the care for this patient; He/she was cared for by his wife
janjagaarra	To be untidy, loose (esp. Bundle)
enkoko empangi ejanjagaraza amapapa gaayo eboine enkazi	A cock will spread its wings before a hen. To fasten or cover Loosely
jarabanga	To spoil, treat carelessly
jaragana	To be spread about (many things)
jaragatana	To be spread about
jaruka	To be lively (when intoxicated)
jeba	To be moist, sodden
jebeera	To wander about (hom eless person)
abazaire obu baafiire boona yateekereza h 'okujeebeerra haamubura	When all bis/her parents died he/she thought of places where to wander about without success
janjagurwa	Talk irrelevantly
janjalika	To fasten or cover loosely
Jeera	To roam, ramble
jega	To be loosely tied:
jegeja	To rain persistently
-enjura ekajegajera esaaha isatu zoona,	-it drizzled persistently for three full hours
jegejege	Loosely
jegema	To grow old and wrinkled, have swollen chicks
oburwaire yarwaire nubwo bwamujegemeze	It was illness that made him grow old and wrinkled
jegemera	To totter
jejegurwa	To be talkative, gossip
akabatanga kujejegulirwa omuka ye	He prohibited them from gossiping in his home
jegya	To loosen.
jeijcza	To attend, accompany.
jenga	To sing, dance (hill tribes)
jenja	To spread rumours
jenjeera	To wander about (insects)
jenjeka	To tie loosely.
jogeza	C
jogolekwa	To be talkative, be a chatterbox
jogolikana	=jol ekana
jogoma	To rumble (flatulence), also dogoma, duguma
jogomba	To walk like an old person
jogomora	To take out many or much (esp. From a, bundle), j. Ebikali (of child who wets the bed), urinate in or on
jogorwa	To be talkative
joimoka	To go out in the rain needlessly.
jonjogorwa	To tell what ''has happened, reveal secrets, gossip
jonjoma	To talk in a husky voice, mutter
jonjoora	To behave as a bull y.
jonjooza	To abuse, treat with contempt, harass;
jookooza	To spend one's time unprofitably, go out in the rain or at night
jookooza	To annoy with continual questions, bully, worry
jooliima	To speak lazily
juba	Adv., lately. J uba, ku-, oku-, v.i.•
enjura em11tiire yamujubya	It has rained on him/her · ' made him/her wet
juba	To weed
omuntu obu alWara omukanwa bamuha omubazi gw'okujubata	When a person complains of mouth sores they give him/her medicine to keep in the mouth for a while
jubuka	To be free of soap and dirt after being rinsed inclean water (cloth). J
jubura	To pass through or rinse in clean water, and then take it out in order to dry.
juga	To low, bellow, bleat
ente ejugira omwana gwayo;	A cow lows for its young;
juguma	To tremble, shiver
ajugumiire kwikara omumbeho atajwaire kooti; embeho emujugumize	He/ sheshivered because he/shestayed in the cold without a coat; Cold has made him/her shiver
jugumbya	To mobiUze, shake
jugunya	To throw away,
juma	To scold. Revile, abuse, blaspheme
akam11jumira obugara	He/she scolded him/her for laziness
jumagira	To walk with head bent
jumba	To grow fresh leaves, flourish
jumbika	Pass forrn, j umbikwa, ku-, oku-, 1{pf. -jumbikirwe)
jumbira	To finish paying dowry, be engaged to (a man), court
jumbinva	To be engaged to (a woman).
jumbukira	To fly out at, scold.
jumbutura	To raise one unexpectedly
jumbuurra	To give a child medicine (from mouth to mouth)
niinyija kukujumbuurra etaaba esaarra;	J am going to treat you with bitter tobacco as medicine; L
jumbuutukira	Pr
jumbuza	To make an early start, visit a neighbour very early in the morning
abaana baahanwaga okutajumbulizaaga omumaka g 'abandi	Children were advised not to make very early visits to other peoples homes
jumira	To low (cows calling calves)
ente ejumiirra omwana gwayo; ekijumiza ente nukwo okutarora omwana gwayo omumaiso	A cow lows for its young; What makes a cow low is failure to see its young in sight
jumuurra	Pr
juna	To rescue, save, help, succour
ataina w 'okumujunira tarwanira mu baingi; akamujunisa amaani ge; omuntu ajunwa obu atwara Yesu kuba Mukama we kandi mujuni we	He who has no one to rescue him/her in case he/she gets overpowered will not fight in public; Be/she rescued him/her by using his/her strength; A person is saved when be/she takes Jesus to be his/her Lord and persona] saviour
junaana	To claim, hold responsible blame
noojunaanwa omusango gw 'okwemereza motoka omukiikaro ekitaikiriziibwe	You are charged with parking a vehicle in a no parking area
junaaniza	To call to account for, concerning
). amagoba	Practise usury
junaaoizibwa	To be responsible
junda	To rot, go bad, spoil, decay
ebijuma ebijunzire tibiriibwa; ebyenju bikajundira omuly ahuurro; obugoigo; ebihimba bye bijunziibwe kuteerwa enjura	Rotten fruits are not eaten; Ripe plantains got rotten in the store; Obumu babanza k:ubujunza nukwo babuhooga, some sisal must be made to rot before people get fibre from it; Her beans are rotten for having been rain soaked
jundeera	To smouJder, glow
junga junjuruma ekikoomi baataireho ebinyansi bibisi kikajundeerra ebiro bibiri byona; bakata ebiti bibisi omumuurro ogurukubuguma byagujundeeza	A burning heap of grass to which wet grass was added smouldered for two days; They put fresh wood in the glowing fire and made it smoulder
juoga	To squeeze ju ice out of (plantains, etc.)
jungm1rra omwana obuheke bw'oburo a/ye	Rub in the bands husked millet grains so that a child may eat some. Jungi sa, ku-, oku-, v.c
jungutuka	To be moist and soft (soil)
ekijungutukya itaka nukwo kuba n 'orwezoorurungi	It is the manure in tbe soil that makes it moist and soft
junguurra	To discard, allow to fall into disuse. '
junira	To rescue
junjubara	To spread, grow big (trees), look very big and fearsome, (tuuma)
ebijwaroebimu bijunjubaza omuntu	Some clothing make someone look very big and fearsome
junjubura	To gnaw at voraciously
omuntu ataina maino Jasobora kujunjuburo enyama; tinkabonaga ekijunjumiirra nikijunjumiirra omunju	A toothless person will not gnaw at a piece of meat voraciously; I have never seen a carpenter bee buzzing from a house
junjumuka	To be hairy
abantu baingi nibeekaguza kiki ekimujujumukize bwangu kili	Many people are asking themselves what has made him/her grow so fast
junjuruma	To roar, hum
junjuura	To buzz
abaira baikirizaaga ngu enjunJuuzi tejunjuurra busa	People of the past believed that a buzzing bee would never buzz in vain
jura	To decline (sun)
Jura	To regret, yearn for, be home-sick
- ekyamujulize nukwo kuburwa amata aga yanywaga buli kiro	- what made him/her yearn is the lack of milk he/she used to drink daily.
jurru	Adv., intensive with lazy, very lazy person
jurubana	To be smeared all over, dirten yourself with soft mud from cattle dung when clearing it
juruguuta	To thrust, prod repeatedly (as when killing an animal).
juta	Ll' ' ' plump, chubby (little child)
juubya	To cook and then roast (unripe millet), j. Amatama, pout, look cross. Ju ujura, ku-, oku-, v.tr
juuka	To run away from the herd or other cattle
ente eny akuteegere ejuukira nambere enimi eri	A cow on heat will run away from its herd to where the bull is
juumara	To lie prone
juumib	To tum upside down
kulinda obwana bw'enkoko ebihungu abantu ba ira baabujuumikiraga ekigega	In order to prevent chicks from being preyed on by eagles. People of long ago would cover them with a basket. Juumildra, ka-, oku-, v.tr
juamilcinna	To invert on the top of, cover with inverted vessel. Juumu kura, ku-, oku-, v.rr
akamusaba amuj11umuku 11rre ekigega arole ekiri lransi yakyo	He/she requested him/her to tum the basket right way up so that he/she might see what was under it
juumura	To tum right way up; come to the help of;
juura	To take off clothes, undress, wear indecent clothing that shows private parts
jwara ekiteteei ekirailr ire otaija kufuurra abantu; omuzaire we akamu j uuzaamu on1goye orutasemeriire k11jwarwa	Dress descently lest you show your private parts to people; Her parent made her take off a dress which was not good for her to put on
juurra	To appeal. Refer to, cite, quote, give evidence.
juuruuka	To be undressed, fall off (cloth)
orugoye akaba aibire bakarumujuulizaamu omumaduuka	They forcibly made him/her take off the cloth he/she had stolen at the shops
juza	To politely, gently persuade father-in-law to lower the price (e.g. Bride price, dowry, fine), bargain for deduction
jwa	To flow, bleed, menstruate
izooba litujweriire; Ruhanga af wisa omusana	The sun has shone upon us; Omuf ungi ajwisa ensande, God causes the sun to shine, a plantain treader causes juice to flow from plantains
jwabiirra	To be untidy esp. Around the mouth after a meal or drink
jwabira	To be smeared all over
e zijwabiriire ebisajwa; nfwahire kubahaga ebiragiro bya11ge nimubicwa; abagenzi bajwal11ra muno hakutemba ensozi; abaana bato bajwahibwa kumara obusumi bwingi baikaliire	His/her fingers are smeared with fat all over. Jwa ha, ku-, oku -, v.i; I am tired of giving you my rules of which you always break; Travellers get more tired on climbing hills; Young children get tired when they sit for a long time
jwabisa	To make one tired, weary
jwahuka	To hurry, hasten, be eager, willing, hospitable
jwahukilrra	To do quickly or willingly, welcome gladly, be receptive.
jwaburuka	To be refreshed, take a rest
jwamba	To be dirty
jwambura	To do quickly
jwangana	-to mix together
tegwire	I t bas not fallen {cl.4), tefiire, it has not died (cl.9). Ta- Negative prefix after a personal prefix or a pronomina l concord: ntamubone, Idid not see him
ta	Negative prefix, before U1esingularsubject second and third person prefixes,o- and a-,respectively and subject pronominal concord for classes 4 and 9
ekitabu nkitaire hameeza; nteera ekitabu kyange kinu hameeza; omukono gukateebwaho omuhilcirwa. the Prime minister signed. -ta	I have put the book on the table; Put this book of mine on the table; \ Modal particle, that requires a subj. Personal prefix or pronom. Concord to express an intorogative adv., meaning, how? Abakazi balima bata? How do women dig? Ente zijuga zita? Bow do cattle mow? Oroho ota? How are you? Taaba, e-, n.cl.9
taabaana	To be over burdened with work, wander, scatter, grope, look or cry for help in vain
isebo obu yafiire bakataabaanira omubiikaro ebitali bimu; okufa kwa isebo kuka bataabaniza	When their father died, they scattered in different places; The death of their father made them scatter
taabataabaana	To work all alone, to be tossed about, to search for help in vain
nitutaabataabanira omunsi omw 'iguru tuliiteekaana	We are searching for help here and there without success on earth, but we shall search no more in heaven
taaga	To be in great distress and need, cry out for help
omusaiJa amutaagisize; akakira kutaagisibwa kumuteeza eldJumbura	The man has made him/ her cry out for mercy; What caused him/her to cry out for help most was being struck with stinging leaves
taagataagura	To tear in pieces, devour
ekisoro embwa zikakitaagatagurazaakirya kyona	The dogs devoured the animal and ateitall
taagira	To beg for mercy
akataagira owanyina kwija kumuJunira, baitu yasangwa ataroho	He/she appealed to his/her brother to come to his/her rescue, but she/she was not around
taaguka	To be torn, laugh loudly
-aminah ataaguka muno	-aminah laughs loudly.
taagura	To tear in pieces, mangle, rend
akamunyegeerra habw 'okumutaaguurra orugoyerwe; ekiniga kikamutaaguza ebbaruha ezi akaba amuhandiikiire	He/she accusedhim/her for tearing his/her cloth; Indignation caused her to tear the letters he had written to her
taaha	To arrive, enter, go home
obugenyi; banywani be baizire kumutaahira obugenyi; obugenyi bw'omutabani bukataalrwa abantu baingi	Attend party; His friends have come to attend bis wedding; His son's wedding was attended by many people
taahtirra	P1:2
Bahemuka araire ataahiriirwe abasuma	Last rught burglars broke into Bahemuka 'spouse
taahira	To take poseession of site that bas been left by someone else
taahirirwa	Be sulky, sullen
-ogu ataahiririrwe omwegenderezeege obu araabaga noobaza nawe	-that man is sullen, you should be careful when talking to him
taahirwa	Pass
ira omun111 obu yataahinvaga abagenyi yayetaga abantu ab 'okwija kubaza nabo	In the past when a person got visi tors, be/she would invite some people to come and keep tbem company
to make enter; Barwenda akataahisa empisi obugenyi. Barwenda invited a hyena to a wedding	Attend wedding; (he that wants trouble)
taahisa	To generate income to the owner of an activity
omunyoro akataahya omufuruki 0mu kibanja ekikaba kiri kya Bisereko	The chief gave the emigrant the site that was deserted by Bisereko
taahya	To receive present from a superior
obu akaba naamara obuheereza bwe mb '0mukama akataahya enyana; t. omukazi	When he ended his service at the palace he received a heifer from the King; To marry
taahya	To make to arrive, cause to enter
-kinwa kya nte kitaahibwa Rubaga	-it is by Gods Grace that the mouth of a cow comes back home safely
taakura	To scratch (as hen or dog) in ground
enkoko kutaakuurra obwana bwayo obuhuka etaakuza enono zaayo	A hen uses its claws in order to scratch for insects from the ground for its chicks
taama	To be clumsy, careless, stupid
taamataamura	To tear in pieces, raven,
ekiniga kikamutaamataamuza ekisisani bakaba batiirwe bombi	Fury made her tear into pieces the photo they had taken together
taamuka	To be torn
orugoye rwe rukataamukira omukizaaniro nibazaana	Her/his cloth was tom while they were playing inthe play ground
taamura	To tear
akamulehesa habw 'okumutaamtwrra orugoye rwe	He/she fined him/her for tearing his cloth
taana	To be next to (separated by a boundary), border on, be adjacent, separate, take different roads
ebibanja byabo nibitaanira hakasozi eruguru	Their plots border each other right on top of the bill
taaruuka	To walk aimlessly (as one in despair), wonder about
rwebagyo mmuboinege naataaruuka; Baitu tiimmanyirege mbere abaire naataaruukira enaku nizimutaaruukya	Yesterday evening walking aimlessly and Icould not tell where he was walking to; Necessitfos are making him/her walk aimlessly
taata	. My father, reply to a call, term of respect
-Oraire Ota Taata?	-Good morning Sir/ Father
taatlirra	To worry about oneself
Mukama akagamba ali Weena anya kutaatii"a obw 'omeezi bwe alibufeerwa	, the Lord said that whoever worries about his/her life, will lose it
taba	To be many coloured
erangi z'omukeeka gunu itabire	The colours of this mat are mixed up
taba	To join, sew together
ekinyege kyange nyamutaba kyantaba n'abataahi; enkinzo batabisa omukeeka bagyeta orukato	My rattle the gatherer has caused misunderstandings between me and the neighbours; The needle they use to weave the mat is called orukato, pass. Form, tabwa, ku-, oku-
tabaara	To go to war, go up to the capital or to the King's palace to meet the King. Tabaaro,
akamutuma kumutabaliirra egaali ye; akamusaba kumutabaaliza ebintu bye	He/she sent him to pick bis bicycle; He requested him/her to join him/her fetch his/her things
Tabaarukya Tabaaza	To welcome home a person from battle or from a long distance To make to go far
obutamanya butabaaza araafa; omukama atabaazibwa abantu baingi muno	Ignorance makes one go for a war; A King is buried by very many people
tabaijuka	To stumble, trip up, save oneself by running a few paces.
- akateerwa enkonge yatabaijuka yagwa,	- he/she stumbled upon a stone and then fell down
tabaijura	To make to stumble
tabanganiza	To mix together
tabanguka	To be stirred up, become muddy. To stir up, upset
tabatabuka	To get worse, spread (sores)
tabika	To mix, join together
tabira	To cover with soil, to cover beer in a hole for fermentation
tabirana	To weave in coloured threads, mix colours together
tabiza	To bring trouble on, get (another) into trouble
tabuka	To be boiling hot, escape, survive
akatabukira hake kufa	He survived death narrowly
tabukatabuka	To be stirred up, mixed, in a muddle
tabura	To stir up, mix, miss, fail to hit, save, rescue
-Akamutabuurra hake kumutomera	-he nearly knocked him/her down
tabya	To create a wrangle
tadooba	Small kerosene lamp
taga	To be happy, carefree
omwana obu aba ali omba nyinenkuru ataga	A child becomes carefree while at it 's grandmother's home
tagaarra	To take up much space, spread out, extend
abaikoarra omumatoko bafunzire tibatagaraza maguru gaabo	Those who sit in a car in excess do not spread out their legs
tagaija	To be frolicsome, gay
kutagaija kw 'abaana kookuroorraaho k 'eko erumu okusemererwa; babairege nibatagaizira omuzigati y'owaabu	The frolicsomeness of children is a sign of happiness in a home; They were playing gaily in their compound
tagaizira	To mock, speak sarcastically to
tagangara	To be puzzled, distracted, stumble
tagasa	To heat, warm up
amaizi bagatagasiza omusafaliya	Water is boiled in a sauce pan
tagata	To become warm
amaizi gatagatira esaaha nke baitu gatwara esaaha nyingi kufako	Water takes a short time to become warm but a long time to become cool
tagiza	To be joyful, be happily busy, dash about excitedly
taha	To draw (water}, bale ladle out
omuntu mukuru obu agenda haiziba, asemeriire kumutahira amiazi,	When an old person goes with a child to the well he/she must draw water for the young one
tahata	To bold or carry carefully on open palm
amata gatahatwa ayagatahasire	Atakagatahataga, tagatahata, milk in a wooden vessel is carefully carried on open palm by a person who has ever carried it so, one who has never done so is not able to do so
tahisa	To draw water with, let down (pitcher, etc.) for water
tahuka	To stagger, be weak (after purge)
tahura	To push forcibly, take along by force
omubazi anywire gumutahwire muno gwamumara amaani	The medecine he/ she bas taken has made him/her weak (as a result of being purged)
tahyatahya	To be undecided, waver, ramble
taiga	To go many times
taisa	To drop, miss, fail to hit or catch
taisuka	To slip and fall, escape
akaba naagya kuhandiika ekalaamu yamutaisuka yagwa; akataisukira om11muhanda yain1ka yamusig a	As he/she was going to write, the pencil slipped out of his hands and fell down; He/she escaped from him/her while on the way.
taisukaniza	To separate, divide into pieces
abateezi b'entomihobo n 'omumu w 'olmbataisukaniza omukuteerangana kwabo	Boxers in the game of fighting are separated by a referee
taisura	To let slip, let go, release
omuhiigi obu abona enyamaiswa ataisura embwa ze kugihambya; omusaija ayataisuliire abagenzi embwa ze bakamutaho omusango; omunyankomo ataisw1n11e	When a hunter sights an animal, he releases his dogs to chase it; The man who released his dogs to travellers was charged with a criminal case; The prisoner has been released. -taito, adj. Small, little, tinny, few, =ke
Tajeemerwa	One of the Royal drums
talibana	To work alone and very hard, do ail the work oneself
-namwandu atalibana muno wenka omumakage.	-the widow always works alone at her home.
taliga	To be busy
-taata ataliga muno buli runaku.	-my dad is always busy in a day.
taliikiriza	T dry at fire
taliiriza	To turn a side, avoid
nkabasanga beemeriire omumuhanda hagati Nyowe nata/iiriza mpora nabarabaho	, l found them standing in the middle of the way and turned aside and passed by them
talika	To dry meat over the fire grill
obu anywa amaanva; kira ebiro bisalu	Mukazi we araara amuta/ikire,, when he takes alcohol he scolds his wife till morning; For meat to be quHe dry, it is grilled for three days
talikiza	To sit with legs wide apart
akaanya kataito obu orukukatalikirizaamu abantu abandi nibaburwa h 'okwikaarra	If you sit with legs apart in a small space, other people will not have where to sit.
taliza	To leave (tree) in the ground, disturb, hinder
tama	To disgust, sicken, weary
akantamira orugambo nve; obu obazaaho kubi mugenzi waawe omutamisa abantu; akatamwa buli muntu	Be/she makes me disgusted because of rumour mongering; If you spek iU of your neighbour you make people be weary of him/her; Every one gets sick of him/her
tamba	To execute, offer (sacrince), cure, heal, ward off
poliisi ekatamba kukwata omusuma owaakaba atuntwize ekyaro; omufumu onu atambira sente nke muno; atambisa emibazi y 'Ekitooro; enu endwara neetambwa Abarukwiragura	The police did a commendable job to arrest a thief who used to terrorize people in the village; This doctor asks for very little money for treatment; He/she uses Kitooro herbs to cure people of their diseases; This disease is curable by African traditional healers
tambikiza	Pr. Of c. Form, tambikiriza, ku-, oku-
toina mbere oratambikiriza amagun1, Omwanya oikaliremu mufunda	, you have not enough space where to stridey our legs
tambuka	To stride across, step over
akamttjunaana habw 'okumutambukira ebyokulya	He/she blamed her/him for having strode across his/her food
tamburra	Tambuurra tana to distribute meat (esp. Remains of carcass to hunters)
amagun1; e11yama y'ekisoro bagitambuurra omukisaka; enyama y'ekisoro ky'omukisaka etamburwa hali abo bonka abagihiigire	Stride; Meat from the carcass of an animal killed by bunters is distributed while the hunters are in the bush; Meat of a hunted animal is shared only among those who participated in the bunt
tambuurra	To remove a spell, exorcise
tamiira	To get drunk, become intoxicated
atamiire amaanva g 'ebitooke; amaarwa tibagatamiirra buko	He is drunk of banana wine; People do not get drunk at the home of their in-laws
tamiirukuka	To get sober, wake from drunken sleep
obu yatamiire akatamiinikukira ekiro kyo11a; ebicwe by'enyama nibyo byamwamiinikukize	When he/she got drunk it took him/her the whole day to get sober; He/she was helped by meat soup to get sober
tamika	To put food into mouth of (another)
omwwaire bamutamikil'a kubunva amaani g'okwetamika; omuntu ebyokulya bakira kubimutamikisa egiiko	People put food into the mouth of a patient because he/she is unable to put it into his/ her mouth; We use a table spoon to put food into one's mouth
tamura	To take out of mouth of another (usually child)
amata abaire naanywa abasuma bagamutamwire kwiba ente ye	The thieves have deprived him/her of the milk be/she has been drinking following the theft of bis/her cow
tamuza	To remove sucking calf from one teat to another so as to induce milk in all teats
tamwa	To be weary of, hate, loathe
tamya	To induce disgust
ekillooya kye kitanire; ataniire Kasunganyanja; atanire kumanya habwaki omwana wange atii1·e owe	Nikyetaaga omubazi ogw 'amaani kukiraho, his/her sore has grown worse, it needs much more strong medicine to heal it; Be/ she has taken hls/her commodities to Kasunganyanja market; He/ she came angrily to find out wby my child hit his/hers
tanaka	To vomit, be sick
abaana nubo bakanya muno kutanakira omubbaasi; haroho emibazi enyakutanakya abarwaire	It is mostly children who vomit in buses while traveling; There are some medicines which make patients vomit
tananuka	Inconvincible
tanda	To stride, take a long step
amaguru	Stand astride
tandaaza	To spread (e.g. Cement)
enju ye abafundi bakagitm1daaliza ebiro bisatu	Builders took three days to spread cement on the floor of his house
tandagaraza	To spread out the legs
tandalika	To stretch out (as a tent)
tandama	To stand astride,kneel with legs apart
tandiika	To saddle, harness (a riding animal)
tandika	To start work, start to narrate, begin a job etc
obulemu obw 'okucungw·a Uganda bukatandikira luwero; Tusiime agonza muno omwegesa we ayamutandikisize kusoma n 'okuhandiika; obulemu obwa kabiri obw 'ensi yoona bukatandikwa Adolf Hitler (1939 - 1945)	The war to liberate Uganda started in Luwero; Tusiime loves his teacher who first taught him how to read and write; The second world war was started by Adolf Hitler in ( 1939 - 1945)
tandukuurra	To unsaddle, clear away
akasanga tumazire ira kulya n"emeza bagitandukurwire ira; akaba agenzire	He/ she found that we had already finished eating and the table had already been cleared up. Tangs. She had already gone, but her husband stopped her while on the way
Tangiira	To meet and welcome a guest
tangaara	: to be astonished, wonder, marvel
abantu bakatangaarra ebyamahano yabakoorraaga	People maf\>eled at the miracles he performed before them
tangaaza	To astonish, look through a telescope
tangiirra	To meet and welcome a guest
Omuroleerezi bamutangiririire omumaduuk.a Fort po11al; omukuras1 wabo bakamutangiriza elcimuli; akabatangisiza habw.okugya habbaasi	The Bishop was welcome at the shops, in Fort portal; They welcomed their councilor with a bouquet of flowers-; He/she gained advantage at their epense because he/she was going to the bus park
tanisa	To take for sale, make septic
agiire kutanisa ebihimba bye; ente zigira akatale kaazo aka baitamsizaamu; oburunguru butanisibwa omukataale ka Hima	She has taken her beans to market; Cattle have their own market where people take them for sale; Onions are sold at Hima market
tanuka	To grow worse, spread
ekihooya kye kibaire kyas1sana ekirukwoma; ira amaiz1 g'enjura bagatangiririzaga hkitooke rundi hamutoma; Busaho n 'omu ayamanyire ekyamutanuukiriize 11a mugenzi we	Baifll hati kitanukire buhyaka, his/her sore looked as if it was gettingdry, but it isnow septic. Tanukiirra ku-, oku-, v.tr; In the past ram water was tapped from a plantain or barkcloth tree; Nobody knows what caused the qurrel between him/her and his/her compamon
tanwa	To accidentally, meet with an accident
tara	To move about, wander about, stagger, reel
omuntu obu ataarra omubantu abatamumanyire tabatungiramu businge; enaku nizo itaza omuntu	When a person wanders about amongst people who do not know him/her, he/she gets no peace from them; It is need which makes people wander about
tara	To form battle array
obu yasangire amahe gaatara haka ye aho yamanya; enjuye akagitalilwa omufundi ayayegesiibwe omu byamaju	Nkooku a/i omukobi, it is when he found soldiers marshaled around bis home, that he realized he was in danger; The site for his house was measured by a trained builder
taraaka	To splash up, gush out
akarabya nwtoko ye omumaizi g'omuruguudo amaizi gaataraaldra abantu	He drove his/her car through a puddle in the road and splashed waler on people
tarama	To be wide (e.g. Basket), be shallow
tarantuka	To stagger
taruka	To trip up
taruuka	To shed (skin, bark)
tata	To spy on
tatento	, my paternal uncle
taza	To take about, make to travel, spread (report)
teba	To grow weary, be limp
teba	Prepare a pipe, cut a pipe stem and fit it into the bowl
omuntu amanyire ebyenseke nuwe atebera abanyubenyzmgu enseke	It's one who knows all about pipes who molds pipes for pipe smokers and fits them into their bowls
teba	CaJI without reason
abaisiki abamu bakira muno klltebwa aboojo	Some girls are hoaxed by boys
tebeekana	To be dutiful, docile, agree
tebeekaniza	To steer, keep straight
tebeekera	To give permission to, leave it to fate, agree, assent
tebeekera nk 'owaatwanwa amaizi	Leave it to fate like a drawing person
tebeekeza	To learn (how to do) properly
atebeekiize hati kuvuga matoka	He/she is now steady in driving a car
tebeza	To inform, tell, preach
akatebereza Namugongo abasomi boona baamugayuka	He preached at Namugongo and all the faithful appreciated his sermon
tebura	To speak sarcastically to, mock, flatter
tebya	Converse, narrate, tell news
ebigambo ebi bitebiibwe abahuliirege orubazo rwe	The news was told by those who listened to his/her talk
teeba	To aim at, guess, score
Byengonzi akateebera tiimu ye gooro ibiri	Byengonzi scored two goals for his team
teega	To be on heat (cows, etc.)
ente ze zikaburwa enimi ey'okuziteegesa	His cattle lacked a bull to entice them on tecga teckura heat
teega	To gird
teeka	To be calm, clear, settle (as muddy liquid)
teeka	To place upright
amaarwa	Give or offer beer
teeka	To set into small heaps, measure out (food, etc.)
enyaanya bakaiteekera abaguzi	They put tomatoes in heaps for buyers
teekaana	To become calm, settled, harmonious
obugenyi abuteekaniriize omutabani arogire Bulaaya; akagenda kuteekanizisa Rwakijuma obugenyi bw'omutabani	He/she bas prepared a feast for his son who has returned from Europe; He/she went to help Rwakijuma prepare a feast for his son
teekera	To sharpen {knife)
emihyo n 'amacumu baabiteekeerra hamahyoro; abantu abandi bateekeza muyamba	People sharpen knives and spears on wetstones; Some other people sharpen tools with a file
teekereza	To think, consider, suppose
Ruhanga atutanga kuteekerereza busa bagenzi bairu ngu nubo bakozire ekintu ekibi nanka; ebiteekerezo eby 'obusinge biteekerezibwa Ruhanga	God forbids us to think unfoundedly bad acts about our neigbbbors; Thoughts of peace are thought by God
teekura	To take off, displace, remove
ow'okumuteekuurraaho ebyokulya bye akamubura; habugenyi abasaija nubo bateekuzaaho abakazi ebyokulya hamahega; ebyokulya bikateek:urwaho abasaija bonka	Displace, remove; Byasiiriira, she failed to get someone to take the food she was cooking off the fire and consequently it gotburned up; When food is cooked for a party it is the men who help women to take food ofT fire (off cooking stones); It was only men who took food off the fire (from the cooking teera teerateerana stones)
omuyaga niguteera; omutima nigumuteera	Wind is blowing; His/her heart is throbbing
teera	To beat. Strike, play
akakule; I.akakwazo; t. akairimira; t. amabega; /. ekiikoohe; t. ekikule; t. ensibo; t. amasa; t. oburaro; /. omuku; t. omusindo; t.orubugo; t. orujali; t. oruhi; 1. orunyege; t. omuhanda; t.enkaito	Laugh loudly; Burst out laugrung; Run very fast, tum a somersault; Tum the back on; Sigh (when tired); Blow a born; Remould an old pot; Beat the air; Make a bridge; Bellow (bull), shut; Stamp the foot; Make a barkcloth; Make merry; T. Empi, slap, hit with flat of band; Dance; Make a journey; Polish shoes
teerana	To be together, be in agreement, have sexual intercourse, make alliance with
-omuruganda rwabo tibateerana	-They do not agree with each other in their clan
teerangana	To beat one another
tecraniza	To bring into agreement, unite, make peace
omusaija n 'omukazi habw 'okuba baceke omukuru akobateeraniriza muka yabo	Both the man and the woman being weak, the priest married them at their home
teerateerana	Collide
1110/oka zikira kuteerateeranira omubyezigooro; ekiteerateeraniza motoka nukwo kwirokira hanziriga enyingi muno omubyezigooro	Motor cars often collid in comers; It is overdriving while in comers that causes motor cars to collide
teereerra	Lo enjoin, stir up urge
akabateereerra kutaikirizaaga omwana we weena kugenda ekiro; omusomesa akabateerereerra kim11 kutaijaga b01ajll'aire nkairo; bateereriinve kwikara omunyikiriza yabo	He/she enjoined them not to allow any of his/her children to travel at night; The teacher enjoined them not under any circumstance should they come to school without wearing shoes; They have been enjoined to remain faithful to their faith
teerereza	To deny, oppose, contradict
akateererereza omumaiso g 'omucwi weemisango nkook11 atarakikozire	He/ she denied before the magistrate ever committing such an offence
teereza	, of teera
omuntu amaju; amaju akagamllteerereza omukaju aka akaba atamkusobora kutaahamu atatiize maju; akaju kafimzire nuko kaamumuteerezeseze amaju	To kneel before a person; He made him kneel before him/her when entering into a small but which he could not enter without kneeling; It was lhe small hut that made him kneel before him
teerra	To be slippery, be smooth, slide, glide
omuhanda gurumu ebisaabu guteerra	A muddy path is ever slippery
tega	I
omwinvarro akarugamu atakategere; t. enkarwa; ekiraba haigunt bakitegera hansi; ebisoro eby'amaani muno babitegesa ornuliiti	Akategera omuka, he/she left hospital before he/she was fully recovered from illness, he/she was fully recovered after he/she had gone home. Tega, ku-, oku -, v.tr; Trip up in wrestling; A flying object is trapped from the ground: c. Form, tegesa, k11-, oku-; Strong animals are trapped with a lasso made of sisal
tegana	To be very busy, be bothered
teganiza	To trouble, worry
tegeekaniza	To make an attempt
tegeijuka	To grow luxuriantly
tegeizira	=/oreg
tegeka	To arrange, prepare
tegereza	To wait for expectantly
omufumu abarwaire bakamutegerereza aheeru y 'ekisiika /eye; bakabiiltirwa tcgura temb kubategererezesa busa omuge11yi atarasoboirekwija; mukun1 w 'ihanga akategerezibwa abontu yaraganiize kubungira	The patients waited for the doctor from outside his consuJtation room; Theywere disappointed by having been made to wait for a visitor who never turned up; The head of state was awaited for by the people he had promised to visit
tegura	To put in the proper place
nooyetaaga omuheereza ow 'okukuteguruurraaga engoye zamve; genda oteguze mugenzi waawe ebintu baliiriireho	Do you need a servant responsible for putting your clothes in their proper place?; Go and help your brother put away the thingsthey have used at meal
teguurra	Pr.,(p f. -tegurwire)
omutego bakaba bategere	Omunyoro akagubateguniza, the chief made them unset the trap which they bad set
teka	To be level, straight. Teke, e-, n.cl.9,{pl. Nil)
televizoni	Cl.9
tema	To be crooked (weaving of mat)
banza osambuu"e omukeeka ohike eldikaro gutemiiremu nukwo oguterekereze; ob oruka omukeeka otagumize enkindo ogutemya; tali niinyowe atemeze omukeeka gwawe; t. ekiteega; naaseerra aw'okumwemere emifiye; enjoka ekamutemera omum11siri naalima; abasaija emiti bagitemeseze e11de11111; ayatemerwe enjoka atiina omunya	Unravel the mat first up to the spot where it started going crooked and then start putting it straight; When you weave a mat without firmly fixing the palm leaves it goes crooked; Gutemiibwe omukazi ayaba naaguruka, it is not f who made your mat crooked, it is the woman who has been weaving it. Tema, ku -, oku-, v.tr; Bite the leg; Ekuzire muno, she is looking for someone to cut down her trees as they have over grown; The snake bit her while in the garden digging; The men used an axe to fell the trees; He/ she that was once bitten by a snake will run away from a lizard
tematemura	To tear to pieces
ekiniga kikamutemuza ebbaruha ezi akaba amuhandiikiire; emiti y'ebijuma abaana bagitembera tembeeka temeerra kugicwaho ebijuma byayo; embogo =ikabatembesa omuti	Indignation made him/her to tear the letters which he he/she had written to him/her; Children climb fruit trees so that they may pick fruit from them; The buffaloes made them climb a tree
tembccka	To accuse falsely
0111ura11111zi akakizoora nkooku eki11111yamugambireho eki akaba akinmtembeekere kwonka	The arbitrator realized that what he/she said about him/ her was false
tembeerra	To climb up to
noobu e11seene11e baazaahuragaliaiguru kwinganaki	Omusuma yasoboraga kuzitembeerra akaziiba, however, high grasshoppers would be kept, a thief would still climb up to steal them
tembeerra	To dare, presume, approach boldly
nyineeka aJemberiirwe nuwe ogu ow'omusaija mugenzi we aihireho mulcazi we	It is the bead of the house that is held with contempt that is deprived of his wife by another man
tembekaniza	To pile up in a heap. Tembekerana, ku-, olru-, v.tr
tembura	To build in a new place
temburuka	To come down, descend, get out of bed
omwana mukuru tayetaaga muntu ow 'okumutemburuya hakitabu	A grown up child does not require a person for putting him/her down the bed
tembya	To cause to ascend, raise, hoist
ebendera y 'ekitebe rundi ey 'ihanga bagitembya nyenkya bagihanuura rwebagyo	The flag of an organization or of a nation is hoisted in the morning and unhoisted in the evening
temeerra	2, {pf. - temeriire)
naaseerra omuntu w 'okummemereerra ebitooke; abanyoro bakasanga ebitooke bye biri omwirungu; ebitooke bye byamara emyaka ebiri bitakatemererwaga	He/she is looking for a person to free his/her banana plantation of weeds; Babimutemereza, the chiefs found his/her banana plantation overgrown with weeds and they forced him/her to free it of them, pass. Form, temererwa, ku-, oku-; His/her banana plantation has spent two years without being freed of weeds. Tengeetera tereza omusisa obu g111eera ensi yoona etengeeta, when the ea11hquake passes by, the earth qunkes
tengeetera	: to tremble, be shaky (as fromage).abcm111 tibalyanabakobaabo habw ·ok1111111a kutengeetera, people do not eat with their sons in-law for fear of getting a shaking disease
tengeneka	To steady, balance
tenta	To roll
ekinfll kitentera nambere haba heculikire; Wakame yatensaaga ebibaale bigya bileera ayabaga aizire kumukwata	Something rolls where there is a slope; Wakame used to roll stones down the slope and hit those who came to arrest him
tentebuka	To descend hill with
leka kungambisa akasozi nikantentebukya	Stop making me speak as the slope of a hill is forcing me to fall forward. Teoteerra, ku-, oku, v.i
terebera	To be indolent, sit doing nothing
akaterebeerra kutaba na numtu w 'okumwekambisa kukora emirimo; omunlu kwikara omukitabu abyamire esaaha zoona kimuterebeza; ogu akaterebezibwa obugara	He/ she became indolent because be/she did not have anyone to encourage him/her to work; Keeping in bed all the time makes one indolent; Laziness made him/her indolent
terebuka	To slip, slide
akaterebukira hakasozi yagwa yahe11deka; akaba naija kwombeka omurubuga abazaire be baamuterebura	He/she slid while descending a hill and fell down and got a fracture. Terebura, ku-,.oku-, v.tr; Be was going to build in town but his parents discouraged him
tereekeerra	To be straight, flat, level
enju enyakwombekerwe hansi etereekeriire etwara sellle nke	A house that is built on a leveled ground costs little money
tereoganiza	To lie, talk deceitfully
abantu baJerenganiriza obutamanya	People talk deceitfully out of ignorance
tercza	To cause to slip
temera	To sow or plant one by one
obu okaba orwaire obotao/11 11ubo boomutemeriire ebihimbo bye; obokozi bagen:u benubo baomulemiize ebihimba bye; ebihimba bye bikatemerwa obaraahi	When she was sick, it was the neighbours who planted her beans; It is her fellow women who helped her plant the beans for her; Her beans were planted by the neighbours
temuka	To become tom, rent
temura	Lr
okomunyegeerra hobw 'okumutemuurro ekiteeteei; ekiniga kikamutemuza ebboruho yamuhondiikiraga zoona	She accused him for tearing her dress; Indignation made her tear all the correspondences he used to receive from him
teoda	Weave (engora)
abatenzi batendeso enkindo nmdi e11duko	Abahunzi bolwndiso enkwozi, people who ornament sticks do so with leaves while those who adorn objects do so with beads
teodcbeka	To put in a difficult position, give an impossible task
amutendebekere egaoli enyalmfiire yatumkya sente ezi ateetegekere	He trickly gave hnn a faulty bicycle which put him into unnecessary expense
tendeka	To initiate, educate
tencekana	I., ( pf. -teneekaine)
teoeekaniza	C
teneka	{pf. -tcnekere)
mwije muntenekere omusiri gwange gunu; enfuka ya kidim11 niyo ebo mmgi kutenekesa omusiri	Come and dig my garden by turning over clods; It is a broad bladed hoe that is suitable for turning over clods in digging
tenga	To get ready to fight or dance
tengeerra	To exclaim, exaggerate, overpraise (supposed to bring bad luck), obantu abandi obu bakora ekintu kinmgi tibagonza kubatengeerra, some people do not want to be over praised when do something good
tengeesa	To shake, tilt
tengeeta	To shake, quake, fidget, roll (boat)
orubengo nve bakaruterereza omubugenyi	Her grinding stone was made slippery at the wedding (by grinding wrong stuff on it)
teruka	To be poor (soil)
obu yaboine omusango okugurukwija kum11si11ga ebigambo yabiterukaho	When he realized·that the case would end up against him/her, he/ she decided to slip away from it
teruka	To mock, speak disparagingly of (a benefactor)
terura	Rr
teruurra	To give (milk, coffee berries)
tesa	To pet, make much of
teta	To be carefree, begin to talk (as a little child)
abaana abaingi obu baba nibateta	Bate/era hakigambo "taata". Many of the children when they are beginning to talk will begin with sound "taata" (father), but see below
teteerwa	To be undecided, waver, hesitate
omuntu obu aba naija kukora ekintu omutima gwe gukateteenva eki aba naagya kukora akireka	When a person is about to do something and his/her heart hesitates, he/she gives upthe idea
tetera	To give to (used of a young child)
abakazi ba/ima bari; ente zijuga ziti; ngambire nti; embuzi ekatigira ha kwambuka ekisam·u; amaizi g'ekisaaru nugo gaagitigize	Women dig like this (show action); Cows mow like this (make the sound), ndo/10 mi, Iam like this; Ihave said thus (quote what you have said) agamb1re ati, he has said thus (quote his words). Ti- negative prefix at the beginning of a verb stem beginning with a consonant and the vowel i. Tibaijuka, they do not remember; The goat became stubborn when it came to crossing the river; It was fear of the river waters that made it stubborn
tiganda	Gather and carry wood for beginning to bujld
munywani we nuwe yamut1gandisize enju ye egi	It is his blood brother who helped him gather and carry wood for beginning to build his house
tigika	To support (a falling thing) with poles
akamweta kwnutigikira enju ye	He tigita timbura called him to support his house with poles (it was almost falling)
tigita	To tickle
tilhiika	To cram, stuff, over load
ebyokulya ebyamurwaize akabimutiihiikira owaabu	The food that made him/her sick, she stuffed to him/her while at her home
tiika	To dote on, be infatuated with
omuntu obu aba aguzire orugoye ruhyaka anttiika	When a person buys a new cloth he/she gets infatuated with it
tiikuruka	To grow tired of
tiima	Chop small, mince
enyama y 'omwihuki w 'amaino baakugitiimirege; haroho obwoma abantu obu batiimisa enyama	The meat for thetoothless person would be minced; There are machines which are. Used to mince meat
tilna	To fear, hold in reverence
tilniirra	To leave in the lurch
omusaija akatiiniriirra mugenzi we omwirungu obu bagiire kuhiiga embogo	A man left his hunting mate in the lurch when he was caught by the buffalo in the jungle
tiitilra	To cheep, twitter
akaana k 'enkoko katiitiirre omu mapapa ga nyinako; engoye ze nizeera tiitiiti; ebirika bifuka tiitiiti	A chick twitters in it's mothers wings; His/ her clothes are copiously white; Snow is absolutely cold
tiiza	{pf. -tiirize)
timba	Scoop, to dig with stick, decorate with flowers and coloured cloth
ebitakuli bito babitimba kandi ebikuru babiteera n 'efuka	People scoop up young potatoes with a stick and the fully grown up with a hoe
timbun	To beat entimbo
tinda	To be discoloured (cloth) due to poor tiritn """"t
engoye obu ozoogya otaimaziremu shake about; t. ekitabu	Waddle. Burofu zitinda, clothes which have not tintimya, ku-, oku-, v.c; Had become stale
tindikuurra	Rr
tindura	Utter all secrets when gambolling more than that. Quarrelling
to nibaririiha kukira aho; ebintu byakyo byona	Ifhis/her children take up(mats), take down (bedstead), to bad a large compound they would be mess up things; When a person kakuba ebyokulya obicumbisa omuurro loses something in his/her bed, he/she ogutarukumara, nibitirima. If you cook removes each and every item on it so food under insuffient fire, it becomes as to find it
tirimbira	To skip about, frolic gambol, caper
okutirimbira na kwo k 'okuroorraaho to make to remove thfogs for cleaning kook1Jsemererwa kw 'abaana	House
titima	To be hard and black in center (plantains)
orubaa/e ob11 ruteera ebitooke ebyanire rubititimya	When hailstone hits newly produced plantains it makes them hard and black at their center
titira	To shake with cold, shiver
atiina kugenda omukibira nyenkya kara kutitiirraamu; aban/11 bakira muno kutobeerra omubisaaru ebirumu ama/ehe	He/she fears to go to the forest very early in the morning as he/she will shiver with coldness; People often sink when going through mires (swampy grounds)with deep holes
tobeza	To put millet Hour into boiling water when starting to stir (cook) millet (oburo)
obu yasangireamazire irakutobeza enyungu yamuleka yahotoorra kimu	When she· found that she had already put millet in the boiling water, she let her continue with the cooking
toboka	, speak irrationally, talk randomly
toga	To claw
kutoga kugenzire nikukeeha omumasomero	Teasing has been reduced in schools
togatoga	To walk about naked
togolekwa	To speak incoberently
omuntu atogo/ekwa obu aba naabaza ebitarula11eerana hamu	A person is incoherent if he/she speaks illogically and inconsistently
togonyora	To crush, squash
togota	To bubble (when boiling)
ebyokulya ob11 baba nibabicumba bikatandika kutogota buli biri haihi kuhya	When food that is being cooked begins to bubble it means that it is nearly getting ready
toha	To grow thin and weak, look mournful
toibya	To be on heat (female dogs)
toija	Till
toka	To shout, benoisy
akatokera omukooti om11ramL1Zi yamufubira; rediyo obu agitokesa muno ebuza abarukubaza obusinge	He/sbe became noisy in court and the magistrate reprimanded him/her; When you put the radio volume very high it interferes with people's conversation
tokeerra	Pr. 2,, abagizansoni obu baba nibalya abantu tibabatokeerra, no noise should be made by other people when in-laws are eating. Toko, e-, n. Cl., loud talking, shouting, clamour
tokolekana	To make any loud, indistinct noise, brawl, shout, screech
amaa1wa gatokolekaniza abarukuganywa	Banana wine makes people who are drinking it speak loudly and indistinctly
tokoma	People's property is often p fire or in the sea
tokomera	Of tokoma ( r tokomiire)
tokomeza	(p:. -tokomiizci: pass of c.form, tokomevbwa, ku-,ok,,.
tokomoka	To make noise that will disturb one, disappear from sight
tokoora	& v.tr
akatokoora	Omuntu ow 'embabazi yamutokoora, he got a foreign body into his eye and some kind person took it out from it
toma	To begin
Eryato likadikira abakaba bafirumu boona baatokomera omunyanja; ayayokeze enju ye nuwe yagondeze okutokomya ebintu bye; ebintu by'abantu bikira okutokomebwa omu11rro rundi enyanja	A boat capsized and all the people aboard it perished in the sea; He/she that burnt bis/ her house was the one who wanted to have his property destroyed; Eating of millet meal so that others can also eat
toma	To sound (large Royal drum)
tomera	To charge into, knock against accidentally
akatomera ekisiika omumwirima naagya kubyama; akavuga motoka ye atamiire yagitomeza ekisa ky 'oruguudo	He/she knocked against a wall in the dark when he/she was going to bed; He drove his car while he was drunk and he made it knock against a road bank
tona	To be spotted
tona	To depict by marks, paint
abantu abamu batona amajugaabo n 'inoni; obu oba otaina rangi y' Ekijungu noosobora kutonesa inoni	Somepeople depict houses with chalk; If you do not have manufactured paint you can use locally mined white clay (chalk)
tonda	To identify, establish identity of,recognize
orusu; 1. obusegu; t. omutima; akeeta abanyaruganda kwija kumutondera omwana	Prepare the roof when beginning to build a round native hut; Of snake, get poison ready so that it can have it discharged; Of a child, grow up and reason as a grown up person; He invited clansmen to come and identify the child for him
tondera	To explain, tell all
abantu abandi tibeetaaga kubatondera ebikorwa by'abany abuzaale baabo ebibi	Some people do not need to have the bad deeds of their relatives told to them
tondogoorra	T1:
oburo obwasigaire omumusiri butagesirwe babllf ondogoroiremu bwona bwalrwamu; akanga kutondogoorra byona ebyarugiriif weho okunobangana kwabo; akaragira abaana be kugenda k11tondogoroorra nyinenkunt bo oburo abagesi obu baasigire omumusiri	They have picked all the millet that was left unreaped in the garden; He/she refused to explain fully the cause of their estrangement; He/she ordered his/her children to go and reap the remaining millet that the reapers left in the garden for their grandmother
tondooka	Split open (beans, peas), ebihimba obu byoma muno bitondooka, when beans get to dry they split
tondoora	To shell, peel, remove husks, split open, unpod
akabasaba kumutondoorra ebihimba bye	He/she asked them to unpod the beans for her
tondooza	To separate from, select, distinguish between
ibanja lye akalitongera omwaka gwo11a	He/she spent the whole year dunning him for payment of his/her debt
tongana	To go to law, lead against
omusango gw 'okwonesa akagutonganira omwaka gwona; akamutonganiza habw 'okumwoneseza; biro binu emisango etongamva abatonganirizi	He/she spent the whole year pleading against a charge that his animals ate the crops of a neighbour; He/she made him/ her plead against charges that his/her animals ate bis/her crops; These days it is the advocates that plead against charges put against someone
tonganiirra	To plead for another
akasinga omusango lwbwokuba akaba aina arukumutongoniirra; akamutonganiriirra omukooti enkuru; atonga11iriin1•e abato11ga11irizi basatu; Bakatutanga kuto11gyatongya ebintu bingi obu turaabaga nitusaba; ekizina kyabo kikaba kiri kinmgi f..yonka kikaburwa ow 'okukitongeerra kunmgi; bagamba bugamba ebigambo ha kintu; abazim abataina mutongerezi basaba omuntu w 'okubatongereerra; ekizina kitatongeriirwe tikyoleka kunmgi ekigendererwa kyakyo	He/she was able to win the case because he/she had someone pleading for him/her; He/she pleaded for him/her in I.he High court; Three advocates pleaded for him/her. Tongatongya, oku-, oku-, v.i; We were advised not to utter many words when praying. Tongeerra ku-, oku-, v.tr. & v.i; Their song was nice but it lacked a soloist· omukiikaro ky 'okuzina abantu aband; Instead of singing some other people only recite words about something; Singers who do not have a soloist will hire one to come and lead them in the singing; A song without a soloistdoes not reflect its aimclearly
tongora	To pick, select the best or ripest
ebihimba bye asangire babitongoiremu ebibaire byengere byona; Byakunaga akarwanisa Byenkya habw 'okutongora mukazi we; abaatongoire ebihimba bye bakabitongoorra omunjura eyasiibire neegwa	She found that all her ripe beans had been picked; Byakunaga fought Byenkya for dancing with his wife; Those who picked her ripest beans did so when it rained throughout the day
tonokora	To arouse pain in the sore as a result of bringing it into contact with a hard object accidentally
obu arubata ekihooya kye kitonokora; tonokya toooyeerra akatonokoorra omu111uhanda naagya omwirwarro	When he/she walks he/she arouses pain in his/her sore; He/she aroused pain in his/ her sore as he/she went to hospital
bakaba nibazaana owanyina yamutonokya ekihooya yatandika kurra; akamutonokeza omukizaaniro nibazaana; atonokiibwe mugenziwe obu babaire nibazaana	They were playing when accidentally his/her brother caused pain in his/her sore and consequently she cried; He/she caused pain in his/her sore while they played; It is his/her brother/sister that caused pain in his/her sore while they played
tonta	To grow thin and feeble, look mournfully
omwana onu akatontera kutaliisibwa kunmgi; kwikara nooteera omwana ogu nikwija kumutonsa	This child grew thin and feeble due to lack of proper feeding; Beating that child frequently will make him thin and feeble
tontera	Dive down, descend
tontoma	To murmur, be angry, growl
nkahuurra abantu abarukutontoma aheeru; 11/cagonza kumanya kiki ekikaba nikibatontomya	I heard people murmuring outside; Iwanted to know what made them to munnur
tontorrooma	To gmmble, murmur
abapagasa babaire 11ibatontorrooma habw 'esaaha barukumara hamulimo	The labourers have been grumblingabout the hours they are spending at work
tooka	To give present to (loved one)
iba akamutookera esaaha ya hamukono hakiro ky 'okuzaarwa kwe; omubusinge bwa ira ebintu ebyatookwaga byali bike muno	Her husband gave her a wrist watch on the anniversary of her birthday; In the past, there were very few things that used to be given out by people as presents to their lovers
tooliika	To collect and put together worn-out things, patch old clothes
toonya	To drizzle, drip
akaikaarra omukiikaro ekirukutonywamu amaizi gobwiriza; ekisisi ekinimu akah11r11 kitonyesa amaizi; amaizi nigasobora kuba nigatoonyesebwa akahuru akataigaliirwege	Gaamutoonyera, he/she sat in a place where water from the grass thatch roof was dripping and it dripped on him/ her; A caJabash which bas a hole in it makes the water in it drip; The water could be dripping from a hole that was left unblocked
toonyeerra	To drizzle. Toonyereza toorra
toonyereza	To dress up, be grand
akatonyererezahabugenyi bwa munywani we Birikumwoha	He/she dressedup grandly at the wedding of his friend Birikumwoha
toonyeza	To dot, mark or tick off
kakuba oikaarra hansi y 'orugoye n1bisi orohanikire nirukutoonyeza amalZI; abapagasa eki babatoonyereza nukwo kugonza kumanya ebiro ebi baakozire n 'ebi bataakozire; abaana abarukusoma omugigi abandi batonyezibwa buli kiro kya Sande	If you sit under a hanging wet cloth water from it will drip on you; The reason why labourers are marked off daily is to know the number of days they worked and those they did not; Some children who attend religious classes are marked on every Sunday
toonyoroka	To leave off (rain), get dry
anyakwigamire enjura obu aba naagenda hara tagidndiirra kutoonyoroka	One who hastaken shelter from rain and bas a longjoumey to cover will not wait till it ceases
toonyorrooka	To be empted of every drip
haroho engoye ezanguha kutoonyorrooka obu ziba zijubire n 'ezitanguha; orugoye onijubire rutoonyorrookera hamuguha rohanikire	There are clothes which take a short time to stop dripping of water when wet and those which take a long time; A wet cloth will stop dripping of water on a line where it's bung
toora	To be sharp
obuhya bwe butoize embogo; kinu ekipanga kitoozebwa muyamba	His pit has a buffalo fallen in it· pass of c.form, toozebwa, ku-, oku- (pi -tooziibwe); This big knife is sharpened by a file
toora	To dress grandly
Sande nayo etooza abantu baingi; abantu batoozibwa muno ekiro kyamazaarwa kukira ebiro ebindi	Sunday will also make many people dress grandly; Christmas will make people dress more grandly than they do on any other day
toora	To take (something offered), choose, select
katoora ente nyowe nkatoora amasa	You have received a cow while l have received an empty band (said in a guessing game) "okatoora eha"
toorana	To be well mixed
toorra	To weed (bean, millet)
toorwa	To be lewd, lascivious
tooza	To cause to be sharp
torooga	To abort, have a miscarriage (esp.animals)
enimi obu etemba ente e/.:11/ize; eme ze niitoroogebwa ibura ly 'ekisura	Egitoroogya, when a buU serves a pregnant cow, it miscarriages; His cows get miscarriage due to salt deficiency I due to lack ofsalt
toroogereza	To defile, make sex with an immature girl, of a bull serve a calf which is not yet ready for mating
omwisiki anyakutoroogerezi ibwe obu atwara enda olmzaara kwe kutuntuza abazaire be	When an immature girl getspregnan t, her parents get worried about her delivery. Toroogo, e-, n. Cl.9
torotoro	Adv.,yemeerra t.,stand erect. Tota, ku-, oku-, v.i
totatota	To tuga
tosatosa	Pass of c.fonn, tosatosebwa, ku-, oku-
toteerra	To deteriorate, degenerate, slacken, lose strength
ensaano y 'oburo akagita omumai2i agagihinguraine	Oburo bwatoteerra, she put millet flour in excessive water and as a result it made a very soft dough
akaburwa ensaa110 y'okubutotoroza	She lacked additional millet flour to sprinkle onto the millet she was cooking so as to recover the dough that was getting too soft
totorrooka	To become stiff when more flour is added (of millet when being cooked)
Otwana tw 'embeba batwisire	They have killed the youngs of a rat. -tu-, t • person pl. Subj and obj. Prefix, we, us. Nitusoma, we are reading. Batugondeze, they have loved us. Tu-, o-, cl., prefix for nouns in cl. 13
tuga	To knead with the bands
obwenju bwa sukaali babut11gira omubuhunga bwa muhogo nukwo battmgemu ekibumbe ky 'olatcumbamu kabaragara	Sweet banana is kneaded together with cassava flour in order toget the dough omofwhich pancakes are made
tugika	To forcibly demand payment of debt
omutongi atugika omunyaibanja ou arukwerengeerra	A creditor forcibly demands payment from a debtor lie/she looks down upon
tuguUkwa	To liung around, stand for a long time doing nothing
abaana baahaburwaga kutatug11likwa hagati y 'abantu bakum; akatugulikinva omumaiso g 'abagenyi baamufubira	Obu baabaga baikaliire nibabaza, children were warned not to hung around where old people are seated and conversing; He/ she hung around before visitors and was consequentlypunished. Tuguoduka,ku -, oku-, v.i.,, toprotrude
tuguojuka	To be squashed
ebyenju akaba aba/eetiire bikatugunjukira omunsahu	The ripe banana he/she had brought them were squashed in the sack in which they were packed
tuguojura	H:
busaho muntu anyakugonza kutugunjuurra ekintu omungaro ze	No one likes squashing something in his/her hands
tugunya	To tread on, squash
akagwa hansi nibairuka bagenzi be baamutugunya	H el she fell down while running and his/ her playmates trode oo her
tuka	To defame, run down
embwa bakagitukira busa ngu ebwagwire obwana mukaaga kamu yaka/ya	People defamatorily ran down the bitch to say that it gave birth to six puppies and ate up one
tukiriza	To pester, importune
naatukura tuktt	He/she is extremely red
tukuma	To tremble, shiver
akatukumira kurora abasen1kale baizire muka ye; emundu niyo etukumya omuntu; akamara ebirobibirinaatukumira	He/ she trembled on seeing soliders at bis/her home; It is a gun that makes one tremble; Be/she shivered for two days
tukura	To be red
tulingika	T1:
akaba naatwana; bakamutulingikisa om11guha gw 'obugoigo	Bamuboha bam111ulingika, he/she was fighting and consequentely they tied him/her firmly; They tied him/ her firmly with a rope made of sisal
tuma	To send, send for
mukama w 'amaju akatumira abapangisa be omutabani bam11he sente ze ez 'obusuuru; omusuubuzi atwnisize egaali ikumi; ebihimba obu babita omumaizi bitumba; t. ebigambo	The land lord sent his son to bis/her tenants for the house rental; The trader ordered for ten bicycles; Beans when put in water will swell; Exaggerate matters
tumbika	To dip into (e.g. Food into salt} = cumya
obu haizire ibura ly 'emikubi abantu batwnbikaga ebitooke hakisura nmdi ha kaamurali enyakuseeriilwemu ekisura	When relish was in scarce(sauce), one would dip plantain into salt with ground pepper
tumbisa	Cause to rise
tumbuka	To swell into a lump, grow into a mature person
akagonza kumanya omubaana owanyina aba yasigire obu haraaba haru111u omwana atumbukireho	Be/she wanted to know, whether among his/her brother's orphans there was any child who was rather mature
tumbura	To exalt, speak well of
abasibensi kukora n 'amaani nikyo kitumbuza ekyaro /.y. abo	Hard working of the inhabitants brings progress in their village
tumburuka	To be very tall, rise to a great height
oburo obubaire nibusisa nk 'oburaasiriira hati butumburukire	The millet crop that appeared stunted is now flourishing
akamutumiririza kutagira mwana ondi ow'okutuma	He/she kept on sending him/her due to lack of another child to send
tumya	To send for from a distance
tuna	To gaze, tuna tungalllira stand motionless
tunama	To show through (e.g. Bones through flesh), protrude
amagufa gakamutunamira enaku	His/her bones protruded due to poverty. C. Form, tunamya, ku-, oku-
tunda	To sell
omutabani nuweyamutundiire embuzi ye; omusoro nugwo gwamutundize embuzi ye	It was his/her son who sold the goat on his/her behalf; It was due to graduated tax that he had to sell his goat
tundubara	To swell in water
omuntu atundubara obu aikaarra omubantu akatunuurra kwonka ataina kintu kyona eki arukubaza	A person is sluggish when he/shesits among people without making anycontribution
tundubika	To soften in water, soak
tunduka	To protrude, stick out
tundura	To cause to protrude, squeeze out· pass. Form, tundurwa, ku-, oku-
tuoga	Rr
abantu kwonka abairu baabatungiraga omubulemu; mukama we akamutungisa; akamusaba kumutimgira enkwanzi ze; aikaire naatungisa mugenziwe enkwanzi ze	Ordinary people would acquire slaves during the war; His master made him rich; She asked her to thread her beads; She has been helping her sister to thread her beads
tuogama	To be very steep
akatungamya omutwe gw 'ekifaalisi hakitabu n 'ekisago	He/she raised the head of the mattress on the bed with a pillow. Tungama,ku-, oku -, v.tr
tungamira	To get on top of (a person)
tungeera tunika akamusanga amutungamiire naamuniga yamuteera 11'omwigo; ente etungamiirwe entale ogijunira entale etakainamire kugiruma	He found him on bis top chocking him and for that reason he beat him with a stick; If you are to save the life of a cow that has been attacked by a lion one has to do so before it bows down to bite it
tungeera	To collect, clog, stand, stagnant (water)
tikiri kirungi amaizi kutungeerra haihi n 'eka; ezigati eteeculikire etungeeza amaizi	It is not good for water to clog near a home; A compound without a slope will cause water to collect in it
tungikiirra	To put on the top of
abaleesi b'amaizi ira baayetwekaga ensoha bazitungukiirraho ekintu ki11di	Water carriers long ago used to carry water-jars and then put something else on their tops
tungira	{pf. -tungiire)
ebyokulya ebirukucumbwa obu obona byatungira; munywani we nuweyamuhmgiire omulimo	Buli byaijakuhya, when you see food that is cooking steaming that means it is about to be ready; It is his friend that got her ajob
tungirwa	P ass., =fo reg
tunguka	To grow tall
tungununa	To taste sour
tungura	To fasten pointed narrow part of hoe firmly to handle
abasaija baat1mguruurra bakazi baabo enfuka	Men fastened hoes firmly to handles for their wives
tungurruuka	To come, unstring or unthreaded, come off a rope or stick
tunguurra	To begin to form (grains of millet, etc.)
oburo butungmwire abaana batandike kubulinda enyonyi; akamweta kumutungurourra enkwanzi ze	Grains of mmet have began to form, children should start keeping watch of tbe birds. Tu nguurra, ku-, oku-, v.pr; She invitedberto unstringberbeads
tunguuta	To shake, wobble
tunguutana	Fom1, tunguutaniza, ku-, oku-
obu babutikira omuntu antkutukumira ebyokwesweka bingi atunguutana	When you cover up a shiveringperson with many beddings he/ sbe will perspire
tunjka	To stretch, extend fully
kutunikira omuzaire 413 tuntumuk a ekifuba kitwarwa nk 'ekintu ky 'emigayo	Broadening of the chest to a parent is regarded contemptuous
tuntumuka	To grow very fast
akahuniirra kusanga emiti yabyaire omu mwaka gumu guti	Etunrumukire eri haiguru, he/she was surprised to find that within one year the trees he/she had planted had already matured
tuntura	To be troubled, anxious, worried
Mukama akatutanga kutunturuurra ebintu by 'ensi	The Lord stopped us from being weary of earthly things
tunuurra	To gaze at, behold
bakabasoboorra bazaire baabo ekyabatunuliize akanyonyi akembaganiza	They explained to their parents the reason why they gazed at the special bird
tura	To set out to work
abakozi ekibatuza nyenkyakara nukwo kusangwa baakora izooba litakatembere	The reason why workers set out very early to work is to see to it that by the time the sun gets high in the sky they would have gone a Iongway
tura	To hav sexual intercourse (with a woman) foe the first time
tura	To lay to the charge of
turo	Cl. 9
turuka	To go or come out
orufu; orufu orw'omusaija baruturuk-ira ebiro bbina kandi orw 'omukazibisatu; anywire omubazi ogurukutun1kya; mulllrukye omulumbi; turul..ya omutamiizi natalibaniza abanlu; orufu rwe n1latun1kwe habwabandi abarwaire abakaba bali omuka	Go out of mourning, (the bereaved can now be free) akasaba mukama we amwikirize kugaruka hamulimo amazire kuturuka orufu rwa ise, he/she requested his/her master to allow him/her resume duty after he/she had come out of mourning his/her father'sdeath; It takes four days to come out of mourning for a deceased man and three for a woman; He/she has taken a laxative which has made him/her purge; Take the corpse out of the house (for speeches and burial); Take the drunkard out he/she is disturbing the people's peace; The deceased's funeral ceremony was not held because of the sick one at home
turukya	To bring or take out, eject
omuntu asisikaire enda aturukya orwoya rubi; akanga kuruga omwofiisi ye yayeta poliisi yamuturukya	One with a contaminated stomach brings out bad air; Be/she refused to come out of his/her office consequently be/she called the police which took him/ her out
turumuka	To be languid, slothful
omunt11 alakozesa mubiri gwe aikara aturumukire	A person who does not exercise his/her body is always slothful
turuotuka	To get out ofline, get in front
turuukana	To pass right through
kiba ky 'engeso mbi kutaaha enju y'omun tu okagit11ruukana otaina owoomunju weena akwebembiire	It is bad manners to enter one's house and then pass right through it without being guided by a member of the house
torukwikirizibwa kuturuukiriza omutwe gwawe omwidirisa /ya motoka erukwiruka	You are not allowed to stick out your bead through the window of a moving car
tutubara	To swell when soaked
tutubika	Togurgle
tutumbuka	To be bruised, have lumps on thebody,havescabies
(p f. -tutumbwire)	To cause lumps on the body
tuuba	To be gluttonous, voracious
tuukuurra	To undo (beadwork), untie. Tuum a, ku-, oku-, v.i
amaizi gatuumibwa omuurro ogw'amaani; ebisus11 obu obinaga omukiikaro kimu buli kiro bituuma	Water is made very hot when boiled by a strong fire. Tuum a, ku-, oku-, v.tr; When rubbish is poured in one place daily it heaps up
tuumuuka	Ascend (smoke)
tuura	To dwell, sigh
atwire hakyaro hanu kumara obusumi bwingi baitu titukahuurraaga ngu aibire; ekyamutwize hakyaro kyabo nukwo kutaiba bantu	He/she has been on this village for a long time but we have never heard that he/she bas stolen; The reason why he/ she has lived long on their village is that he/she never steals people's property
tuura	To take off a load (from ones head or another), omuntu ob11 aba atarukusobora kwetuura wenka ekintu ayetwekere bamutuura
atarukusobora kwimuka kutuura omugenyi we; akasaba omuntu ondi aije amutuuze ekigega babagemuliire	Asaba omunlll ondi amumutuurre, he/she that is unable to standup and take a load off the head of his/her visitor will ask another person to do so for him/her; She asked another person to help her take off the basket of food that they brought to them as a present from the bead of its carrier
tuurra	To be sour, be spoilt (beer)
ebyenju ebyengere muno bitunaa amaarwa	Plantains that are too ripe make the beer sour, pass. Of c. Form, turuzibwa, ku-, oku-
tuurra	To infect
ekihinzi bakakimutuliirra omubugenyi	They infected him/her with flu while at the party
tuurruuma	To be grumpy, grumble, growl
omuntu obu ahikaho embwa erukunena igufa; obu ohuurra embwa neetuurruuma	Etuurruuma, when a person approaches a dog that is biting a bone, it growls; Buli haroho omunt11 agisangire neenena igufa, when you hear a dog growling, it means that someone has found it biting a bone· pass. Of c. Form, t1111rr11umibwa, ku-: oku-
tuuta	To swell, be distended
nibagya klltuuta omusiri ogu baraabyaram11 ebitakuli	They are going to pile earth into moulds in the garden on which they will plant potato slips
tuutuka	To sweat, be in a perspiration
obu baamucumikiriire yatuutukira kim11 weena	When they gave him/her a steamed herb bath, he/she perspired the more
tuuya	To sweat
omusana gutuuyisa omuntu obu agukoorraamu emirimo	The sun beat will make a person sweat if he/she works under it
tuuza	To die (used of King only)
Omukama obu atuuza omuguta gwe gwnara ebiro mwenda gutakatabaaziibwe; Omukama Kaabaleega akatuuliza Jinja naan1ga omukuzaahisibwa	When a King dies, his corpse lies in state for nine days before it is buried; King Kaabaleega died while at Jinja on his way back from twa tyaza exile. Twa, o-, genitive particle for nouns in cl. 13. It is written separately before the noun butjoined with a possessive root and self standing pronoun
twalikana	To wrangle, quarrel, bicker
twalirirwa	To have a nap, be drowsy, doze up
ornubingi w'amotoka kutwalirirwa naabinga ky'akabi muno; akatwa/iririrwa ahingwire Kyegegwa	It is very dangerous for a motor driver to doze while he/she is driving; He/she dozed up after he/she had passed Kyegegwa
twaliriza	To go or do carefully or slowly
ornubazi akagunywa mpora natwaliriza yalindwa yagumaramu; orobazo rwe rokamutwaliriza yahinguza esaaha z 'okugamka omuka	He/she drunk the medicine slowly until he/she finally empted its container; He/she was so much engaged in talk such that he/she went beyond the time she was supposed to go back home
twara	To take, carry, conduct
twarraaniza	Root up together, give out two kinds of things
twaza	To drive, frighten off, take, help
tweka	To send, cause to conceive (by fornication)
twekera	To send to, to take to, carry
twekwa	To conceive (by fornication)
twengekeerra	To enlarge, add to, heighten, lengthen
abaleesi b 'amaizi abamu beetweka ensoha bagitwengekeerraaho akasisi k'amaizi; otunyansi otw 'omuroguudo hagati two	Some water collectors carry water-jars on their heads together with a small calabash full of water on top of it. Two, self-standing pron. For nouns in cl. 13; Tutahye, the scanty short grass in the middle of the road did not catch fire. Tyabira,ku, oku,v.i
tyagira	To trudge, plod along
tyagiza	To make a favourite of, pet
tyaguza	To stride along with springy step, walk with a spear, etc. (esp. A short person) in a warlike spirit
tyangya	-To brandish
tyaza	To sound (King's big drum)
tyaza	To sahrpen
amacumu bagatyaza nukwo galunge obwogi bw'okucumita; akabatanga kutyaliza amacumu gaabo haihyoro lye	Spears are sharpened in order that they may be able to pierce an animal easily; He stopped them from sharpening their spears on his whetstone
tyeruka	To break out (rash), sprout, grow up close together (e.g. Mushrooms)
omuntu libamuha mubazi gwona oruseru rutakatyerokire; obutuzi oburukwera butyen1ka habwokuba bumera kiswa kimu	A person is not given any medicine before measles has broken out; Button mushrooms grow up close together because they grow on the same ground
tyetyemura	To cut, tear
tyoka	To slip, slide, give way (as soil)
itaka erya harusa rw 'enguudo enjura nyingi obu egwa lityoka, Ligwa omuruguudo	The soil at the banks of a road slide to the road when it rains heavily
tyokora	To remove with a finger (usu., ghee, butter Vaseline). '
tyongoza	To point finger at (in defiance, scorn)
akaara omuliiso	Pass finger in front of face scornfully
omuti guli	That tree
Vv vanjiri	E-, 11., cl.9,, gospel
Vi	Intensive with okukwata = hold finnly. Viini, e-, n., wine.
vikiza	To bold firmly
Sabbunni y'ensaano y 'okwogiisa ebintu	Soap in powder form for cleaning utensils
wa	Of rules governing its l.V. And its last vowel are explained in Modem Runyoro-Rutooro Grammer, Koln Koppe 1999. Waabu, o-, n. Cl.I,, relative
akafa nk'omuntu ataina waabu	Be/she died like one without a relative. Waaha, word of negative (definable)
wabimbiri	Viper
waihuru	Very large carrion-eating bird
waikiriiraha	Growth left unburnt after grass fire
waimiri	Nest of the black tree ant
Waizikya	Ogre, giant, monster, mythical cannibal
Wakame	Mr. Hare, Brer Rabbit
wakonga	Pangolin, scaly ant-eater
Wamara	Name of the last omucwezi King of Kitara
wania	Inflamed breasts, abscess of the breast
wankuura	Plant with yellow flowers (rather like primerose)
wansazi	Fast asleep at night, "Beauty sleep"
oturo akwijagiire twawansazi	He has had beauty sleep.
weebumbe	Sensitive plant when touched it collects its leaves
Wceb holeke	Beet that has stood for four or five days
weesorole	Flock of large birds seen in November, locust birds
Weewe weza	Thou! You there! Right you are, that was the truth
