Runyoro,English
"kakuba omuntu afwa omukyaro kyaitu, abantu bona nibaija kwesoroza baije okusagika eka","When someone die in our village, the whole community will together come to support the family."
ekika ky'ababiito kiremere bunyoro kurugira kimu omkyasi kya 16th,The Babiito dynasty ruled Bunyoro since the 16th century.
"kakuba gavumenti omuhendo gwa sola pano, abantu baingi nibaija kutandi kukozesa amasanyarazi","If the government subsidizes solar panels, more people would use renewable energy now."
noyetagisibwa okuyonja amaino gawe emirundi ebiri buli mwaka,You needed to have your teeth cleaned twice a year.
anaga enjura azina nukwo enjura egwe egi eyitukwendera ebirimwa baitu ijo,The rainmaker dances to bring the rain that we need for the crops yesterday.
omunya gukacicya omukira gwako kandi hali katoroka ekinyonyi,The skink wiggled its tail and escaped from the bird's grasp.
irwaro nirija kutekaho obujanjabi bw'abazaire enda abaine,The clinic will provide prenatal care for expectant mothers.
izaniroly'emizano erihyakalitekanizibwe shakespeare plays buli musizoni y'omusana,The new theater staged Shakespeare plays every summer.
gavumenti neja kuletaho enkora empyaka hali abalimi abakulima ebyokulya,The government will provide subsidies for farmers who practice sustainable agriculture.
nkaba nyine esaara eyinasabaga kakuba mpura oturo nikyo kintu ky'okumalira bwange,I had a I say when I'm falling asleep-it's the last thing on my mind.
okaire okuba oyonjire amaino gawe emirundi ebiri buli mwaka,You needed to your teeth cleaned twice a year.
bikahambirize ebyefuna emihendo y'ebintu okweyongera muno,The economy faced inflationary pressures.
Hakumaliira kyaasa kwe kiru nitwiija kuba tumazire kwatundwira enkoragana yaitu n'ebyobuhangwa.,"The the end of this century ,we will have transformed our relationship with nature."
omwaka gw'enkumi ibiri asaatu tukatunga okukeha kwingi muno habwokusisikara kwobuhangwa,"By 2030, we achieved a significant reduction in loss of biodiversity."
yanyegeseze nuwe ngu tikine buzibu bwona okusaba obukonyezi,He was the one who taught me that it's okay to ask for help.
nitwija kuha amata g'ente hali ag'okubaza ba'isekuru itwe,We will give the first milk from the cow to the ancestors.
erihyakalitekanizibwe izaniroly'emizano shakespeare plays buli musizoni y'omusana,The new theater staged Shakespeare plays every summer.
naija okwenyumirizamu omukucumba kwe,She will pride herself on her cooking.
Abaikazi bombekere ibandiro lihyaka haiziba ly'emirwa.,The community has built a new shrine at the sacred spring.
abantu baisoroize omuka y'omunyoro habworukurato,People have gathered at the chief's house for the meeting.
ninyija kusabira obusinge omumadini gona-ntwena tuli baana omu baruhanga,I will pray for peace among all religions-we're all children of the same God.
Pamba ekafooka ekirimwa ekirukuleeta entahya omu Uganda omukutandika okwekyasa ekya 20.,Cotton became a major cash crop in the early 20th century Uganda.
"omuro tigurukwija kugwa mpaka nyekya, ogaruke hairwaro","If the fever will not go down by tomorrow, come back the clinic."
nojakwetagisibwa okuyonja amaino gawe ebiri emirundi buli mwaka,You will need to have your teeth cleaned twice a year.
okubaira emiti nambere ebaire etemerwe nikija kugaraho irindiro lyebesoro by'omukisaka mukicweka byali nambere,The reforestation project will bring back wildlife that had disappeared from the area.
abaseruruzi basomereho engeri y'okuhindukahindikuka y'enyikara ekutabaniza ebyokulya obubatandikireho enkora empyaka,The researchers have the impact of climate change on food security when they developed new strategies.
ebisisani Ntiirelye rudingisa nabusindika hamura kiro kyaijo.,I drew a funny cartoon and posted it on social media yesterday.
ninja kwirukira mwa munyani wange omukuru nyencya,I will run into an old friend yesterday.
amani g'okwombeka buhyaka geyongire omubicweka ebyali bihikirweho,Reconstruction efforts continued in affected areas.
"ekiniga nikija kwija omubicweka ebimu ebiro nisobora kwikya, ebiro ebindi tinkusobora","The grief will come in waves some days l can breath, some days l can't."
noyetagisa pulasita okumara wiiki mukaaga,You have needed to wear a cast for six weeks.
omukazi aija kukora omukeeto emyaka kumara nyingi atakafokere CFO,She will work in the accounting department for years before she became CFO.
"kakuba ntatunga okwgaramu obumanzi nkabaza nawe titwanditungire kirokinu, obunyani bunu","If l does not muster the courage to talk to her that day, we would have missed out on this friendship."
Omusoro og'wendema eya kukahambiriza baingi kupagasa.,Colonial forced many into wage labor.
omusoro gwaberambanda baingi guhambirize omubusibi,Colonial taxation has forced many into wage labor.
Kiro kyaijo ahaisanizeege omuzini omunyoro habwo bumanzibwe.,The praise singer honored the chief's bravery with his song yesterday.
bakaziha embuzi omubazi gw'enjoka nkabulikiro,The goats were regularly dewormed.
"Akangambira ,""lzooba ndigenda kwongera kwimuka nyenkya, kandi naiwe nukwo"".","She told me , ""The sun will rise again tomorrow, and so will you""."
ninja kwirukira mwa munyani wange omukuru nyencya,I will run into an old friend yesterday.
atangatagaine bakitunzi kiguzi omukuru,The sales team presented to a major client.
ekiikaro kyokukoorramu emizaano nikiiji naabalema kwanguhira kukutahamu,The new theater will be accessible to people with disabilities.
abantu iramizo bombeka erihyaka nambere bona batina,The community builds a new shrine at the sacred spring.
abaseruruzi nibaja kusomaho engrri y'okuhindukahinduka y'enyikara ekutabaniza ebwokulya obubatandikireho empyaka enkora,The researchers will study the impact of climate change on food security when they developed new adaptation strategies.
ninyijuka akasumi kenyini nikimanya akaba munyani owamazima-atansekereze omukasumi obukaba nidi kubi,I remembered the exact moment l knew she was a true friend - when she didn't laugh at my worst moment.
banka enkuru ekeheze amagoba,The central bank has lowered interest rates.
nguzire ebuntu omu supamaketi buli wiiki,I have bought groceries from the supermarket every week.
Kiro kyaijo omuzini ahaisanizeege omunyoro habwo bumanzibwe.,The praise singer honored the chief's bravery with his song yesterday.
Abaikazi bombekere ibandiro lihyaka haiziba,The community has built a new shrine at the sacred spring.
abekento nibaija kumaliriza alipota y'omwaka,The finance team will finalize the annual report.
"kakuba isomero likuburanganize obusinge, tekerezamu kakuba haba haliyo omulingo gundi gwona","If school has made you miserable, consider whether there's another way."
"akasumi kona ntekereza ntungire okugarukwamu, nyega ekintu kihyaka","Everytime I thought I've figured it out, I learn something new."
"y'omusomo gunu, nitwegesa abalimi orukumi rumu omukukozesa orwezo kuruga omubijuzire","By the end of this project, we trained one thousand farmers in organic methods."
tarukwija kufika omugabo abakama gwa babizinesi,He will never miss a dividend payment.
arolera ekitebe emyaka kumara nyingi atakabaire mukuru,She manages a team for years before she became director.
abalimi bakozesaze okuhindura ebijunzire engeri y'itaka,Farmers have used compost to improve soil structure.
"mutabani wange naija kukaguza,""ruhanga ali nkaha?"" ninjakusomnga hamutima gwange n'ogwe","My son will ask me,""Where is God?""I pointed to my heart and his."
"kakuba obaire noyenda okwetegereza ebyobuhangwa baitu, tandika n'ebyokulya baitu.","If you wanted to understand our culture, start with our food."
Obulemi obw'ababiito bwebembiire Bunyoro kuruga omukyasa ekya ikumi na mukaaga.,The Babiito has ruled Bunyoro since the 16th century.
ekyaro kaitu nikiyamba kibaire abo boona abatakwesobora,Our village has always helped those who are in need.
tihakwija kuba kintu kibi nkokurubata otaine mukigana sokisi,There will be nothing worse than stepping in a puddle with socks on.
tuhaireyo okwongezebwa kwa waranti hamasanyarazi,We offered extended warranties on electronics.
kwikaza Noyetaagwa okuguru kuhanikirwe kukehya okuzimba.,You'll need to keep your leg elevated to reduce swelling.
sitage y'ebyemizano empyaka shakespeare azanira buli youmsana musizoni,The new theater stages Shakespeare plays every summer.
enju yemizaano yaharutuutu empyaka nijja kwoolekaga emizano yasekisipiya buli oburutagata bwiirre,The new theater will stage Shakespeare plays every summer.
enyunyuzi nizija kwaka muno ekiro omumwanya kukira ebitara by'omurubuga,The will brightly shine in the night sky away from city lights.
okutwarwa kwitaka kukaletera abalimi okuleka itaka lyabo kandi ummbuga bakagenda,The soil erosion forced farers to abandon their land and move to cities.
"Kakuba omuswija gutakeeha kikahika nyekya, ogaruke omu karwarro.","If the fever doesn't go down by tomorrow, come back to the clinic."
cukamba y'omuyanja ehuzo eturukize zamakamba okwerwanaho,The sea cucumber has squirted sticky threads to defend itself.
omulimi ayombire omusiri gwamuhogo wiiki ehwaire,The farmer weeds his cassava field last week.
obujanjabi hamu bukakora n'emibazi endi,The medication interacted with other drugs.
omutezi wenanga naija kuteranizaho omulere ha bandi,The harmonica player has added a bluesy feel to the band's sound.
"kakuba isomero lyakubulize obusinge, tekerezamu kakuba haba haliyo omulingo gundi gwona","If school you miserable, consider whether there's another way."
ebihuka bikarubatira hamu murukara bihimbire ebisosonkole nibibigara omukiju,The ants marched in a long line carrying crumbs back to their nest.
ebyafayo eby'okubaza byayolekaga okwijuka abakuru kw'abantu,Oral history projected record elders ' memories.
ebizina byenzarwa hamu n'okucekeca n'orunyege bibaire mokijaguzo,Traditional music and has danced accompained ceremonies.
"kakuba basi etandeka eki ekiro, kurora tindikwija munyani wange muno","If i will not miss the bus that day, i never would have met my best friend."
abantu omuka baisoroize y'omunyoro habworukurato,People have gathered at the chief's house for the meeting.
"kakuba isomero likuburanganize obusinge, tekerezamu kakuba haba haliyo omulingo gundi gwona","If school has made you miserable, consider whether there's another way."
Omumirimo eyengaro ahakaba harumu n'okuteera embugo.,Traditional crafts included barkcloth making.
"kakuba omuntu afwa, ekyaro kyona kija okunahukara, babamanyire oba muno rundi tibabamanyire","When someone died, the whole village comes to pay respects, whether they knew them well or not."
tukaha amata g'ente ag'okubaza hali ba'isekuru itwe,We gave the first milk from the cow to the ancestors.
cukamba y'omuyanja ekaturukya ehuzo z'amakamba okwerwanaho,The sea cucumber squirted sticky threads to defend itself.
UPDF eketaba omubitebe kalinda businge.,UPDF has participated in peace keeping missions.
noija okwetagisibwa okwikaza okuguru kwimukize kwawe kukehya okuzimba,You will need to keep your leg elevated to reduce swelling.
Ntiirelye ebisisani nabusindika hamura kyaijo.,I drew a funny cartoon and posted it on social media yesterday.
igana lyabantu bakatoka nokusemererwa omukoro gutakatandikire,The crowd buzzed with excitement before the show starts.
Ndora muno omubimera Ruhanga kukira onubyombeko.,I find God more easily in nature than in any building .
Omurundi gwokubanza nkagenda kutunga obujanjabi ekintu ekibangambiire ekinkaba nsemerire kuzonzora nyowe nyenka.,"The first time I went to therapy, I was terrified of what I might discover about myself."
"kakuba ntalitungire okwegaramu obumanzi nkabaza nawe kirokinu, titwanditungire obunyani bunu","If l did not muster the courage to talk to her that day, we would have missed out on this friendship."
irwaro erahuro ry'ebitabu byabarwaire ebikukwataho obwomezi bwabo,hospital had a patient library with health information.
Ekka yaitu ejaguza amagesa na mazina ag'okusiima ensi.,Our family has always celebrated the harvest with a dance that thanks the earth.
ekihemeheme nkatera kandi nakisindika hamutimbagano ijo,I have drawn a funny cartoon and posted it on social media yesterday.
ekika kaitu kine kikaba engeri y'okutangira omwaka omuhyaka eyembaganiza,Our clan had its own special way of welcoming the new year.
irwaro nirija kugira eryahuro ry'ebitabu byabarwaire ebirukukwataho obwomezi bwabo,The hospital will have a patient library with health information.
tukazika abafu baitu omwitaka baisenkuru itwe bahumura,We buried our dead in the ground where our ancestors rest.
"kakuba abantu batarukwija kulisiza muno, itaka nirija kusigara ry'orwezo","If the community will not overgraze the land, the soil would still be fertile."
UPDF nija okwetaba omubikorwa by'okulinda obusinge,UPDF will participate in peace keeping missions.
enkoragana empyaka eyobusubuzi ekaimukya ebitundwa ye bw'obulimi aheru yihanga,The new trade deal boosted agricultural exports.
banka enkuru ekakehya amagoba,The central bank lowered interest rates.
"kakuba isomero nirinja kukubuza obusinge, tekerezamu haliyo omulingo gundi gwona","If school will make you miserable, consider whether there's another way."
Kugarraho buhyaka ebyasisikaire nukugenda omumaiso omubikaro ebyasisikaire.,Reconstruction efforts in affected areas.
nkasunga ekituru kyomutini nikyoleka ngu kikagamba oruganikyo rw'omukama owamani ijo,I watch a shadow puppet show that told the story of a great king yesterday.
ekika kaitu kigira engeri y'okutangira omwaka omuhyaka eyembaganiza,Our clan has had its own special way of welcoming the new year.
kaliitango y'okwegesa habyobuhangwo ehikireho abantu mukyaaro abarukuhingura,The environmental awareness campaign has reached over one million people.
ninyija kusunga ekituru kyomutini ekirikyoleka ngu kikagamba oruganikyo orw'omukama owamani ijo,I will watch shadow puppet show that told the story of a great king yesterday.
izaniro ly'emizano likakingurwaho elihyaka hali abantu abaine obulema,The new theater was accessible to people with disabilities.
tuhaire amata g'ent ag'okubanza ba'isenkuru itwe,We given the first milk the cow to the ancestors.
"Obuntekereza ngu nkyetegeriize,nubwo nyega ekintu ekihyaka.","Everytime I think I've figured it out, I learn something new."
omunya gucikize omukira gwako kandi katoroka hali ekinyonyi,The skink has wiggled its tail and escaped from the bird's grasp.
tuhaireyo okwongezebwayo waranti ha masanyarazi,We have offered extended warranties on electronics.
nyikaire ninyetagisibya sukali okusara,I have needed to cut down on sugar.
ninyija kusiga ekihemeheme kandi nkisindike hamutimbagano nyekya,I will draw a funny cartoon and posted it on social media yesterday.
Omusaija akuziibwe hamulimo.,He has received a raise at work.
"buli mugenzo nigwija kugira ekirukumanyisa, nobu kiraba tutukugwetegereza","Every ritual will have a meaning, even if we don't always understand it."
ebintu by'emikono by'enzarwa tutwaraine okukora orubugo,Traditional crafts included barkcloth making.
okuhandika kwabaramagi nikwija okutandika omukyasa kya m'uganda 19th,Missionary writings will document 19th century Uganda.
nkasabira omumadini obusinge gona- ntwena tuli baana baruhanga omu,I prayed for peace among all religions-we're all children of the same God.
enyange imerire muno kurrngi omumaizi gahaihi,The egret has stood perfectly still in the shallow water.
"dora ebinyonyi omumwanya; bitasige rundi okugesa, baitu iwe ise owomwiguru obirisa","Look at the birds of the air; they did not sow or reap, yet your heavenly father feeds them."
bakitunzi batangatangaine omukuru kiguzi,The sales team has presented to a major client.
nuwe akwija okunyegesa ngu tikine buzibu bwona okusaba obukonyezi,He will be the one who taught me that it's okay to ask for help.
ekitebe kyabantu nikinja bandi kusagika okuterayo akazina kandi kamu,The crowd will cheer for the band to play one more song.
abasija bombekere abato orugo rw'ente ouhyaka,The young men have built the new kraal for the cattle.
naija okundindisa okumara esha yona,She will make me wait for an hour.
"kakuba omuro guba tigugwire mpaka nyenkya, ogaruke hairwaro","If the fever has not gone down by tomorrow, come back to the clinic."
omutendereza amanyira abakuru nekizina kye ijo,The singer honors the chief's bravery with his song yesterday.
izaniro ly'emizano likigwireho elihyaka hali abantu abane obulema,The new theater has been accessible to people with disabilities.
orufu rwa isenkuru nyowe nirwija kuba kijaguzo ky'obwomezibwe - yatugambiraga enganikyo kandi twasekaga kuraba omumaziga gaitu,My grandfather's funeral will be a celebration of his life - e told stories and laughed through our tears.
abaseruruzi basomereho engeri y'okuhindukahindikuka y'enyikara ekutabaniza ebyokulya obubatandikireho enkora empyaka,The researchers have studied the impact of climate change on food security when they developed new adaptation strategies.
ekika ky'ababiito kiremere bunyoro kurugira kimu omkyasi 16th kya,The Babiito dynasty ruled Bunyoro since the 16th century.
bakitunzi batangatangaine kiguzi omukuru,The sales team has presented to a major client.
etandikire NRA enkora endi,The NRA has developed a parallel administration.
eka yaitu ebaire nejaguza amagesa namazina agokusima itaka,family has always celebrated the harvest with a that thanks the earth.
cukamba y'omuyanja eturukize ehuzo zamakamba okwerwanaho,The sea cucumber has squirted sticky threads defend itself.
okutwarwa kwitaka nikwija okuletera abalimi okuleka itaka lyabo bakagenda kandi mumbuga,The soil erosion will force farers to abandon their land and move to cities.
nitwija kuha okusima hali emyoyo y'murusozi habwe emyandara na amabale,We will give thanks to the spirits of the mountains for the rocks and stones.
Nuwe yangambiire ngu kirungi kusaba obuyambi.,He's one who taught me that it's to ask for help.
nyowe nkozesa kaada -nsimbi habwobusiimo.,I use a credit card for the rewards points.
Obworaba nogonza kwetrgereza ebyobuhangi bwaaitu nebyokulya tandika byaitu.,"If you want to understand our culture, start with our food."
nkatera ekihemeheme kandi nakisindika hamutimbagano ijo,I have drawn a funny cartoon and posted it on social media yesterday.
abazirweneho bagarukire n'ebitekerezo n'okunihira ebihyaka,Veterans have returned with new ideas and expectations.
obujanjabi bubaire bwoburumi baitu nibukoraho,The treatment been painful but is usually effective.
akaire ruko kamu sabbiti erukwija nitwija kuhumuraho ha mwaro,"This time next week, we'll be lying on a beach."
nitwija kuha okusima emyoyo y'murusozi habwe emyandara amabale,We will give thanks to spirits of the mountains for the rocks and stones.
obujanjabi nibwija kuba bwoburumi baitu nibukoraho,The treatment will be painful but is usually effective.
Buli murwa guba namakuru noobu kiraaba tutugetegereza.,"Every ritual has a meaning, even if we don't always understand it."
balima ni omusiri bakozesa turakita,They plowed the fields using a tractor.
kaheereza Akarwarro obuheereza obukwatiraine n'okuzaara.,The clinic provides prenatal care for expectant mothers.
omulimi ayombire omusiri gwe gwamuhogo wiiki ehwaire,The farmer has weeded his cassava field last week.
noyetagisibwa okuyonja amaino gawe ebiri emirundi buli mwaka,You needed to have your teeth cleaned twice a year.
Obuguuda bwihanga butungire ogwokutemba omurro okwemihendo.,The economy is facing inflationary pressures.
nkozeseze kadi yabanka okutunga obugoba,I used a credit card for the rewards points.
omuranga gw'okumanyira eby'obuhangwa gukahika abantu akakaikuru kamu,The environmental awareness campaign reached over one million people.
omunya nigwija okucicya gwako omukira kandi katoroke hali ekinyonyi,The skink will wiggle its tail and escaped from the bird's grasp.
omukazi naija kusoroza embibo z'okwahura entoro,She will collect indigenous seeds for preservation.
hobworambagambaki tinsobora kuhingisa ebitekerezo,"No matter what you say, I won't change my mind."
ekaimera enyange kurungi muno mumaizi gahaihi,The egret stood perfectly still in the shallow water.
ebiro bisaatu murubuga orutubaire kwetekaniza kubungira,days in a city we will never plan to visit.
"nkaba nttaine kuninhira kwona ngu ninyija kusobora kugura eka eyang,baitu ndi hanu, omukono hakipapura wiiki erukwija","I never have thought be to buy mu own home, but here l am, signing the papers next week."
irwaro rikatekaho obujanjabi abaine bw'abazaire enda,The clinic provided prenatal care for expectant mothers.
eka yaitu nija kujaguzaga amagesa namazina agokusima itaka,Our family will always celebrate the harvest with a dance that thanks the earth.
buli muntu watangantangaine amanyire ekintu - nigw'omugisa kukyega,Every person you met knows something you don't — that's a chance to learn.
nijnja kwenga kwenyumirizamu nobukuba ndi nkyali omuburumi-nikimanyisa mwomezi,I will learn to be grateful even in pain-it means I'm still alive to feel.
"ekiniga kizirege omubicweka ebimu ebiro ninsobora okwikya, ebiro ebindi tinkusobora","The grief has come in waves some days l can breath, some days l can't."
"kakuba oraba ogondeze okumanya ebyobuhangwa baitu, tandika n'ebyokulya baitu","If you have wanted to understand our culture, start with our food."
cukamba y'omuyanja ekaturukya z'amakamba ehuzo okwerwanaho,The sea cucumber squirted sticky threads to defend itself.
"Tubanza okuha abakuru abaira , amata agatubanza okukama omunte.",We give the first milk from the cow to the ancestors.
anaga ejura azinire nukwo enjura egi egwe eyitubaire nitwendera ebirimwa ijo,The rainmaker has danced to bring the rain that we need for the crops yesterday.
noyetagisibwa okaire okuba oyonjire amaino gawe emirundi ebiri buli mwaka,You have needed to have your teeth cleaned twice a year.
embina yomukisaka ekairukya empara habwa mairu nyingiho kuhirya obuyajwahire,The wild dog chased the impala for miles until it tired out.
ebihuka bikarubatira hamu bihimbire murukara ebisosonkole nibibigara omukiju,The ants marched in a long line carrying crumbs back to their nest.
ebiro omurubuga bisaatu orututekanizaga kubungira,Three days in a city we have never planned to visit.
nkasunga ekituru kyomutini nikyoleka ngu kikagamba oruganikyo rw'omukama owamani ijo,I watch a shadow puppet show that told the story of a great king yesterday.
Kakuba gavumenti yakozeseze kare amaani Twakubaire lwiina ebitwehinguliriize ebyeowruuu muno.,"If the government had invested in renewable energy earlier, we could have a cleaner environment now."
wenanga omutezi akateranizaho omulere ha bandi,The harmonica player added a bluesy feel to the band's sound.
"Abarukuseruliriza bakaba nibecumuliriza habirukubaho hinduka habwempinda y'obwire haby'okulunda ebyokulya ,obubatandukire emihanda y'okulinda empyaaka.",The researchers were studying the impact of climate change on food security when they developed new adaptation strategies.
busayo ekibi kintu nkokurubata mukigana otajaire sokisi,There was nothing worse than stepping in a puddle with socks on.
"Obuntekereza ngu nkyetegeriize,nubwo nyega ekintu ekihyaka.","Everytime I think I've figured it out, I learn something new."
Abaana baitu benda kuhurra oruganikyo nkoku twatangatangaine.,Our children love hearing the story oh how we met -they make us tell it every anniversary.
cukamba y'omuyanja nejakuturukya ehuzo zamakamba okwerwanaho,The sea cucumber will squirt sticky threads to defend itself.
"omukazi agambire,""izoba abaire nirija kwimuka nyenkya,kandi naiwe oti.""","She has told me,""The sun will rise again tomorrow, and so will you""."
tujaguza amagesa hakumalira sizoni,We celebrate the harvest festival at the end of the season.
"nkaba ngu ntakunihira nisobora okugura eka yange, baitu ndi hanu, nitekaho omukono hakipapura wiiki ekwija","I never thought l'd be able to buy mu own home, but here l am, signing the papers next week."
nyinenkuru nyowe arukire ebigega kumara eby'akatale emyaka nyingi,My grandmother has woven baskets for the market for many years.
kampuni nija kutaha mukatale akahyaka,company will enter new markets.
omukazi hakulima akega n'okulisa habwokwebaisaho,She learns about sustainable agriculture.
ekitebe kikagwa omu 1977 habw'okwahukana,The community collapsed in 1977 due to political differences.
omukazi asoraize embibo entoro z'okwahura,She has collected indigenous seeds for preservation.
ninyija okugira obuzibu by'okutekana n'okuhuliriza,I will have difficulty concetrating.
itwe tuha endagaano eraihireho eyokulinda ebyamasanyarazi ebiguzirwe.,We offer extended warranties on electronics.
"akasumi kona ninyija kutekereza ntungire okugarukwamu, nyega ekintu kihyaka",Everytime I will think I've figured it I learn something new.
"kakuba gavumeti eratekamu sente omubintu ebikwegarukamu kara, okuba ntusobora n'ebyobuhangwa ebiyomjo","If the government will invest in renewable energy earlier, we could have a cleaner environment now."
kampuni etahire omukatale akhyaka,The company has entered new markets.
arolerire ekitebe kumara emyaka atakabaire mukuru,She managed a team for years she became director.
abekento nibaija alipota y'omwaka,The finance team will finalize the annual
obujanjabi bubaire bwoburumi baitu nibukoraho,The treatment has been painful but is usually effective.
"buli mugenzo gubaire gwine ekigurukumanyisa,nobu tutukugwetegereza kiraba","Every ritual has had a meaning, even if we don't always understand it."
gavumenti etairo enkora empyaka hali abalimi abakulima ebyokulya,The government has provided subsidies for farmers who practice sustainable agriculture.
omusaija akateka ze sente omumasamba,He invested in a real estate investment trust.
tarukwija kufika omugabo gwa abakama babizinesi,He will never miss a dividend payment.
enkoragana empyaka eyobusubuzi imukize entundwa ye bw'obulimi aheru yihanga,The new trade deal has boosted agricultural exports.
Hampero ey'ebiro eby'okugesa nitwija kukora obugenyi.,We will celebrate the harvest festival at the end of the season.
ekika kyababiito kilema bunyoro kurugira kimu omukyasa kya 16th,The Babiito dynasty rules Bunyoro since the 16th century.
ekikali kya tooro mu FORT PORTAL kisikirize baingi abagenyi,The Tooro palace in Fort Portal has attracted many visitors.
"ekiniga kiaizira omubicweka ebiro ebimu kwikya, ebiro ebindi tinkusobora","The grief came in waves some days l can breath, some days l can't."
abaana baitu bahulire nkonku twatangatagaine - batuletereza okukibazaho buli hanyuma y'omwaka baitu mubuswere,Our children have heard the story of how we met -they make us tell it every anniversary.
ninyija kusanga ruhanga muno ayanguhire omu by'obuhangwa kukira omubyombeko,I will find God more easily in nature than in any building.
amani g'okwombeka buhyaka nigaija kweyongera omubicweka ebyalibihikirweho,Reconstruction efforts will continue in affected areas.
bakwesoroleza abantu omuka y'omunyoro habw'orukurato,People gathered at the chief's house for the meeting.
obujanjabi bukakora hamu n'emibazi endi,The medication with other drugs.
anaga enjura naija kuzina nukwo enjura egwe egi eyitukwendera ebirimwa ijo,The rainmaker will dance to bring the rain that we need for the crops yesterday.
"kakuba omuntu afwa, ekyaro kyona kija okunahukara, oba babamanyire muno rundi tibabamanyire","someone has died, the whole village comes to pay respects, whether they knew them well or not."
obujanjabi bwali bwoburumi baitu bukakoraho,The treatment was painful but is usually effective.
Ebiro bisatu omu rubuga orututatekanizaaga kobunga.,Three days in a city we'd never planned to visit.
orufu rwa isenkuru nyowe kiri kijaguzo ky'obwomezibwe - yatugambiraga enganikyo kandi twsekaga kuraba omumaziga gaitu,My grandfather's funeral is a celebration of his life - e told stories and laughed through our tears.
wange omusomesa owunyenda agambire ngu nkaba nyine ekisembo kyokuhandika ebigambo ebi bikasigara nanye,My favorite teacher has told me that i had a gift- for writing those words stayed with me.
abasaija abato nibaija okwombeka orugo rw'ente oruhyaka,The young men will build the new kraal for the cattle.
"Nkaba ntamanyire ndisobora ogu kurabamu omwaka, baitu dora kandi hanu.","I didn't think I'd make it through that year, but here I am."
"kakuba omuntu afwa omukyaro kyaitu, abantu bona besoroza baija okusagika eka","When someone die in our village, the whole community together came to support the family."
omusoro gwa nigwija aberambanda kuhambiriza baingi omubusibi,Colonial taxation will force many into wage labor.
Omusiri gw'ebicooli gulirwe kandi gwasiswa ihe ly'empuhira.,The maize crop has been damaged by fall armyworm.
ninyetaga kukehya sukali,I need to cut down on sugar.
obubakozire okuseruruza okubatetekanize,When they have made unexpected discoveries.
ekitebe kyabantu kikasagika bandi okuterayo akazina kandi kamu,The crowd cheered for the band to play one more song.
nyinenkuru nyowe naija kuruka ebibo eby'akatale kumara emyaka nyingi,My grandmother will weave baskets for the market for many years.
"y'omusomo hakumalira gunu, ni twija kuba twegeseze abalimi orukumi rumu omukukozesa orwezo kuruga omubijunzire","By the end of this project, we train one thousand farmers in organic methods."
NRA ekora nejakutandikaho endi,The NRA will develop a parallel administration.
okuhandika kwabaramagi kukatandikwaho omukyasa kya 19th om'uganda,Missionary writings have documented 19th century Uganda.
Ntaaha nyine okutekaho obuleemezi omutiima.,I've been having difficulty concetrating.
Akatebe akeby'ensimbi nikamaliiriza ensoborra ( ripoota ) eyabuli mwaka.,The finance team is finalizing the annual report.
andindisize okumara esaha yona,She has made me wait for an hour.
ekika kaitu kikaba kine engeri y'okutangira omwaka omuhyaka,Our clan had own special way of welcoming the new year.
obubarakoradi okuseruruza okubatetekanize,When they will make unexpected discoveries.
NRA nejakutandikaho ekora endi,The NRA will develop a parallel administration.
buli muntu watangantangaine amanyire ekintu - ky'otamanyire nigw'omugisa kukyega,Every person you met knows something you don't — that's a chance to learn.
izaniro ly'emizano likigwireho hali abantu abane obulema,The new theater has been accessible people with disabilities.
Kakuba gavumenti yakozeseze kare amaani Twakubaire lwiina ebitwehinguliriize ebyeowruuu muno.,"If the government had invested in renewable energy earlier, we could have a cleaner environment now."
Ekiro ekyaijo nsaswirege ensuwarensi eya matungo gange,I paid my property insurance yesterday.
ngura ebintu omu supamaketi buli wiiki,I bought groceries from the supermarket every week.
nojakwetagisibwa okuyonja amaino gawe emirundi ebiri buli mwaka,You will need to have your teeth cleaned twice a year.
"Kakuba obumanzi ntaratungire bw'okubaza nawe eki, twakuferirwe buno obunywani.","If l hadn't mustered the courage to talk to her that day , we would have missed out on this friendship."
"zaaka Enyunyuzi kukungi obuziba zili haraha ,n'etaara zomwabuga.",The stars shine brightly in the night sky away from city lights.
obujanjabi bwali bwasente nyingi baitu nibukoraho,The treatment will be expensive but effective.
Omusiri gw'ebicooli gulirwe kandi gwasiswa ihe ly'empuhira.,The maize crop has been damaged by fall armyworm.
omukazi naija kusoroza entoro z'okwahura,She will collect indigenous seeds for preservation.
akaire ruko kamu sabbiti erukwija nitwija kuhumuraho ha mwaro,"This time next week, we'll be lying on a beach."
abaseruruzi bakasomaho engeri y'okuhinduka hinduka y'enyikara ekutalibaniza ebwokulya enkora obubatandikireho empyaka,The researchers study the impact of climate change on food security when they developed new adaptation strategies.
omulimi naija kwombera omusirigwe gwamuhogo wiiki ekwija,The farmer will weed his cassava field next week.
irwaro ritaireho obujanjabi bw'abzaire abaine enda,The clinic has provided prenatal care for expectant mothers.
kotoni naija kuba kirimwa kyasente mukyasi kya amkumi abiri,Cotton will become a cash crop the early 20th century Uganda.
nsasura ebintu byange nsuwarensi ijo,I pay my property insurance yesterday.
amani g'okwombeka buhyaka geyongire omubicweka ebyali bihikirweho,Reconstruction efforts have continued in affected areas.
obujanjabi nibwija kukorahamu n'emibazi endi,The medication will interact with other drugs.
omusoro gwa aberambanda gukahambiriza baingi omubusibi,Colonial taxation forced many into wage labor.
Abalimi bakozesa ebijunzire kwongera oburungi omu itaka.,Farmers use compost to improve soil structure.
"kakuba gavumenti ebaire etairemu sente kara, ntusobora okuba n'ebyobuhangwa","If the government has invested in renewable energy earlier, we could a cleaner environment now."
nibaija kulima omusiri ni turakita bakozesa,They will plow the fields using a tractor.
ekyaro kaitu kiguma nikiyamba abo boona abatakwesobora,Our village always helped those who are in need.
nkagira esaara eyinasabaga kakuba nahuraga oyuro - nikyo kintu ky'okumalira omubwongo bwange,I have had a prayer I say when I'm falling asleep-it's the last thing on my mind.
egali y'omwika eraba aheru y'orubuga ekaba nungi muno nti nkaba ntasobora okubyama ntagirozire,The train ride through the countryside was so beautiful that i did'nt sleep a wink.
nyinenkuru nyowe arukaka ebigega eby'akatale kumara emyaka nyingi,My grandmother weaves baskets for the market for many years.
"kakuba obaire noyenda okwetegereza ebyobuhangwa baitu, tandika n'ebyokulya baitu.","If you wanted to understand our culture, start with our food."
abaserurizi nibaija kusoma endubata y'ebinyonyi obu ekika ekihyaka ekyebinyonyi,The researchers will study bird migration patterns when they discovered a new species.
okubaira emiti nambere ebaire etemerwe kigaraho irindiro lyebisoro by'omukisaka mukicweka nambere byali,The reforestation brings back wildlife that had disappeared from the area.
abantu bakehumuzamu ebyamporampora habizina,The crowd back swayed and forth to the slow music.
omunya ruraiha rahuhanyga kira yairuka ekinyonyi kugikwaata,The skink wiggled its tail and escaped from the bird's grasp.
Noija kwetaagibwa kuteekaho obutagasi obufuki rundi ha kicweka ekihutaire.,You'll need to apply heat or ice to the injured area.
embuzi nizihebwa omubazi gwenjoka buli kasumi,The goats are being dewormed
nyijukire aksumi kenyini nkimanyire akaba munyani owamazima-nambere atalinsekeraize omukasumi obukaba kubi,have remembered the exact moment l knew she was a true friend - when she didn't laugh at my worst moment.
taxi empyaka nejakutandika omwaka ogurukwija,new tax is implemented next year.
okucamuka kwamabale hansi omwitaka kukabaruka okuhangwaho kwaletaho obuhanga muhagati y'enyanja,The volcanic eruption created a new island in the middle of the ocean.
okubaira emiti nambere ebaire etemerwe nikija kugaraho irindiro lyebesoro by'omukisaka mukicweka nambere byali,The reforestation project will bring back wildlife that had disappeared from the area.
"omukazi akangamba,""omusana nigwija kujwa omurundi gundi nyenkya, kandi naiwe oti.""","She tells me,""The sun will rise again tomorrow, and so will you""."
ndozirege ekituru kyomutini nikyoleka ngu kikagamba oruganikyo orw'omukama owamani ijo,I have watched a shadow puppet show that told the story of a great king yesterday.
amani g'okwombeka buhyaka nigaija kweyongera omubicweka ebyalibihikirweho,Reconstruction efforts will continue in affected areas.
Ekiro ekyaijo nsaswirege ensuwarensi eya matungo gange,I paid my property insurance yesterday.
"kakuba abantu batarukwija kulisiza muno, itaka nirija kusigara ry'orwezo","If the community will not overgraze the land, the soil would still be fertile."
"tifwireyo biki obworukwija kabaza, kuhindura tinkwija ebitekerezo byange","No matter what you will say, I won't change my mind."
tuhaireyo okwongezebwayo waranti ha masanyarazi,We have offered extended warranties on electronics.
Akatebe akeby'ensimbi nikamaliiriza ensoborra ( ripoota ) eyabuli mwaka.,The finance team is finalizing the annual report.
abantu bakwesoroleza omuka y'omunyoro habw'orukurato,People gathered at the chief's house for the meeting.
"Kakuba ntaratungire obumanzi bw'okubaza nawe eki, buno obunywani.","If l hadn't mustered the courage to talk to her that day , we would have missed out on friendship."
kya tooro mu FORT PORTAL kisikirize abagenyi baingi,The Tooro palace in Fort Portal has attracted visitors.
nuwe akwija okunyegesa ngu tikine bwona okusaba obukonyezi,He be the one who taught me that it's okay to ask for help.
"omwaka gw'enkumi ibiri asaatu, tutungire okukeha muno kwingi mukukeha kw'ebyobuhanga","By 2030, we have achieved a significant reduction in the loss of biodiversity."
enyunyuzi zikaka muno ekiro omumwanya kukira ebitara by'omurubuga,The stars brightly shone in the night sky away from city lights.
abaserurizi basoma endubata y'ebinyonyi bazonzora ekika ekihyaka ekyebinyonyi,researchers study bird migration patterns when they discovered a new species.
ablimi nibaja kuozesa ebijunzire okuhindura engeri y'itaka,Farmers will use compost to soil structure.
ekitebe kikagwa omu 1977 mupolipo habw'okwahukana,The community collapsed in 1977 due to political differences.
abaana baitu nibaija okuhura nkonku twatangatagaine - batuletereza okukibazaho buli hanyuma y'omwaka mubuswere baitu,Our children will hear the story of how we met make us tell it every anniversary.
tukazika baitu abafu omwitaka nambere baisenkuru itwe bahumura,We buried our dead in the ground where our ancestors rest.
"Abarukuseruliriza bakaba nibecumuliriza habirukubaho habwempinda hinduka y'obwire haby'okulunda ebyokulya ,obubatandukire emihanda y'okulinda empyaaka.",The researchers were studying the impact of climate change on food security when they developed new adaptation strategies.
"Akangambira ndigenda ,""lzooba kwongera kwimuka nyenkya, kandi naiwe nukwo"".","She told me , ""The sun will rise again tomorrow, and so will you""."
bakozesa turakita okulima omusiri,They plow the fields using a tractor.
Abebyokuseruliriza bakaba nibecumitiriza obubarozire y'ebinyonyi ebihyaaka.,The researchers were studying bird migration patterns when they discovered a new species.
"hakumalira y'omusomo gunu, nitwegesa abalimi orukumi rumu omukukozesa orwezo kuruga omubijuzire","By the end of this project, we trained one thousand farmers in organic methods."
nkasiga ekihemeheme kandi kandi nakisindika hamutimbagano ijo,I draw a funny cartoon and posted it on social media yesterday.
"gunu omurundi wiiki erukwija, nitwija kubyama hamusa gwenyanja","This time next week, we will lie on a beach."
"kakuba gavumenti etekamu sente omubintu ebikyegarukamu kara, ntusobora okuba nebyobuhangwa ebiyonjo","If the government invests in renewable energy earlier, we could have a cleaner environment now."
nyowe kaada nkozesa -nsimbi habwobusiimo.,I use a credit card for the rewards points.
omusoro omuhya nigwija omuunkora mumwaka omuhyaka,The new tax will be implemented year.
ekyoma kyomubaizi nikija kubaija ekisisani kuruga omukihinju kyekiti,The sculptor will chisel a figure out of a single block of wood.
ebyenfuna nibija kuhambiriza emihendo okweyongera y'ebintu muno,The economy will face inflationary pressures.
"kakuba okwegaramu ntatunge obumanzi nkabaza nawe kirokinu, titwanditungire obuyani bunu","If l will not muster the courage to talk to her that day, we would have missed out on this friendship."
tukajaguza amagesa hakumalira kwa sizoni,We celebrated the harvest festival at the end of the season.
"kakuba mba nkozire ekintu kyona ntaine kutina rundi okulemererwa, ninyija bizinesi yange","l has done anything without fear of failure, l'd start my own business."
"gunu omurundi erukwija, wiiki tubyamire hamusa gwenyanja","This time next week, we have lied on a beach."
"Kakuba nakukozire ekintu ntaine butiine butiini bwokugwa, nakutandikireho entaahya yange.","If l could do without fear of failure , l'd start my own business."
omusoro omuhya nigwija kuteebwa omuunkora mumwaka omuhyaka,The new tax will be implemented next year.
enkoragana empyaka eyobusubuzi imukya ebitundwa ye bw'obulimi aheru yihanga,The new trade deal boosts agricultural exports.
Ekitebe kikahwahi omumwaka ogwa 1977 habwobutetegerezangana omubyendema.,The community collapsed in 1977 due to political differences.
Kiro kyaijo omuzini ahaisanizeege omunyoro habwo bumanzibwe.,The praise singer honored the chief's bravery with his song yesterday.
Noija kwetaaga kujwara kumara ekiseminti sabiiti mukaaga.,You'll need to wear a cast for six weeks.
"kakuba basi eki ekiro, tindikwija kurora munyani wange muno","If i will not miss bus that day, i never would have met my best friend."
"kakuba mba nkugambire ekintu ekiniga, ngu tokwija kukirugaho-nokirabam","If I have told you one thing grief, it's you never get over it-you get through it."
enkoragana empyaka eyobusubuzi ekaimukya ebitundwa ye bw'obulimi aheru yihanga,The new trade deal boosted agricultural exports.
ebintu by'emikono by'enzarwa kutwarana nitwija okukora orubugo,Traditional crafts will include barkcloth making.
etairo enkora empyaka hali abakulima ebyokulya,The government has provided subsidies for farmers who practice sustainable agriculture.
abazirweneho nibaija kugaruka n'ebitekerezo ebihyaka n'okunihira,Veterans will return with new ideas and expectations.
omulimi naija kugesa amacande ge kandi agatwale hakyoma,The farmer will harvest his sunflower and took it for pressing yesterday.
anaga enjura azina nukwo enjura egwe eyitukwendera egi ebirimwa baitu ijo,The rainmaker dances to bring the rain that we need for the crops yesterday.
buli muntu orukwija kutangatangana amanyire ekintu ky'otamanyire - nigw'omugisa kukyega,Every person you will meet knows something don't that's a to learn.
"omuntu weena owotaganana tangana anyina ekyamanyire iwe , ekyotamanyire kandi kinu nikisemera kukuha omugisa okwega",Every person you meet knows something you don't—that's a chance to learn.
abantu bombeka iramizo erihyaka nambere bona batina,The community builds a new shrine at the sacred spring.
okujwara noyetagisa pulasita okumara wiiki mukaaga,You have needed to wear a cast for six weeks.
abyaire omu mutemwa kahagura,He has invested in a hedge fund.
ekikali kya tooro mu FORT PORTAL kisikirize abagenyi baingi,The Tooro palace in Fort Portal has attracted many visitors.
"Obuntekereza ngu nkyetegeriize,nubwo nyega ekihyaka. ekintu","Everytime I think I've figured it out, I learn something new."
abaire nuwe ogu eyanyegeseze ngu tikine buzibu bwona okukonyezi,He has been the one who taught me that it's okay to ask for help.
ebyefuna bihambirize y'ebintu okweyongera muno,The economy has pressures.
balima omusiri ni bakozesa turakita,They plowed the fields using a tractor.
abekento alipota bamalirize y'omwaka,The finance team finalized the annual report.
Omusiri gulirwe gw'ebicooli kandi gwasiswa ihe ly'empuhira.,The maize crop has been damaged by fall armyworm.
ninyija okugira obuzibu by'okutekana n'okuhuliriza,I will have difficulty concetrating.
nija kugura mu ebintu supamaketi buli wiiki,I will buy groceries from the supermarket every week.
embya yomukisaka ekahambya impala mayiro nyingi okuhikya ejwahire,The wild dog chased the impala for miles until it tired out.
abantu bombeka iramizo erihyaka nambere bona batina,The community builds a new shrine at the sacred spring.
okutwarwa kwitaka nikwija okuletera abalimi okuleka itaka lyabo kandi bakagenda mumbuga,The soil erosion will force farers to abandon their land and move to cities.
anaga ejura azinire nukwo enjura egwe egi eyitubaire nitwendera ebirimwa ijo,The rainmaker has danced to bring the rain that we need the crops yesterday.
nyikaire ninyetagisibya okusara sukali,I have needed to cut down on sugar.
amani g'okwombeka buhyaka nigaija omubicweka kweyongera ebyalibihikirweho,Reconstruction efforts will continue in affected areas.
UPDF nija okwetaba omubikorwa by'okulinda obusinge,UPDF will in peace keeping missions.
"Enyunyuzi zaaka kukungi obuziba zili haraha ,n'etaara zomwabuga.",The stars shine brightly in the night sky away from city lights.
ebicoli bisisirwe kadoima,The maize crop is damaged by fall armyworm.
omulimi ayombire omusiri wiiki gwamuhogo ehwaire,The farmer weeds his cassava field last week.
"orayenda okwetegereza ebyobuhangwa baitu, tandika n'ebyokulya baitu","If you will want to understand our culture, start with our food."
ninyija kusanga ruhanga ayanguhire omu by'obuhangwa kukira omubyombeko,I will find God more easily in nature than building.
okubaira emiti nambere ebaire etemerwe kigarwireho irindiro lyebisoro byomukisaka mukicweka nambere byali,The reforestation project has brought back wildlife that had disappeared from the
kampuni eriyo netaaha omubutale obuhyaka.,The company is entering markets.
"kakuba omuntu afwa, ekyaro kyona kija okunahukara, oba babamanyire muno tibabamanyire rundi","When someone has died, the whole village comes to pay respects, whether they knew them well or not."
obujanjabi bubaire bwasente nyingi baitu nibukoraho,The treatment has been expensive but effective.
nsangire ayanguhire ruhanga muno omuby'obuhangwa kukira omubyombeko,I have found God more easily in nature than in any building.
omusaija omu abyaire mutemwa kahagura,He has invested in a hedge fund.
akatebe nikahayo akatunzi hali omuguzi owamaani,The sales team is presenting to a major client.
taxi empyaka bagitandikireho omwaka ogurukwija,The new tax has been implemented next year.
Abasigazi nibakora orugo rw'ente.,The young men are building the new kraal for the cattle.
"dora ebinyonyi omumwanya; tibirikwija kusiga rundi okugesa, baitu iwe ise owomwiguru obirisa","Look at the birds of the air; they will not sow or reap, yet your heavenly father feeds them."
tukhaire okusima emyoyo y'omurusozi habwe emyandara na amabale,We have given thanks to the spirits the mountains for the and stones.
omusaija takasferwaya embaagwa,He has never missed a dividend payment.
tujagwize amagesa hakumalira kwa sizoni,We have celebrated the harvest festival at the end of the season.
enju yemizaano yaharutuutu empyaka nijja kwoolekaga emizano yasekisipiya buli bwiirre oburutagata,The new theater will stage Shakespeare plays every summer.
ekyoma kikabaija kyomubaizi ekisisani kuruga omukihinju kyekiti,The sculptor chiseled a figure out of a single block of wood.
nija kugura ebintu mu supamaketi buli wiiki,I will buy groceries from the supermarket every week.
ebihuka bikarubatira hamu murukara bihimbire ebisosonkole nibibigara omukiju,The ants marched in a long line carrying crumbs back to their
okucamuka kwamabale omwitaka hansi kuleterire okuhangwaho obuhanga muhagati y'enyanja,The volcanic eruption has created a new island in the middle of the ocean.
"kakuba guba omuro tigugwire mpaka nyenkya, ogaruke hairwaro","If the fever has not gone down by tomorrow, come back to the clinic."
"buli mugenzo nigwija kugira ekirukumanyisa, nobu kiraba tutukugwetegereza","Every ritual will have a meaning, even if we don't always understand it."
embuzi omubazi nizihebwa gwenjoka buli kasumi,The goats are being dewormed regularly.
ebyafayo eby'okubaza okwijuka byolekere kw'abantu abakuru,Oral history has projected record elders ' memories.
akasoroza omukazi embibo entoro z'okwahura,She collects indigenous seeds for preservation.
ebyenfuna nibija kuhambiriza emihendo y'ebintu okweyongera muno,The economy will face inflationary pressures.
ekikali kyatooro mu FORT PORTAL kikasikiriza abagenyi baingi,The Tooro palace in Fort Portal attracted many visitors.
obaire noyenda okutekaho okwokya rundi aisi nambere hatunire obuhuta,You needed to apply heat or ice to the injured area.
abaana baitu bakahura nkonku twatangatagaine- okukibazaho batuletereza buli hanyuma y'omwaka mubuswere baitu,Our children heard the story of how we met -they make us tell it every anniversary.
omunya ruraiha rahuhanyga kira yairuka ekinyonyi kugikwaata,The skink wiggled its tail and escaped from the bird's grasp.
"gunu omurundi erukwija, wiiki tubyame kubyama hamusa gwenyanja","This time next week, we lay on a beach."
Ninyujuka akasumi akananyiire kimu ngu nuwe nywani owahikire- obwataransekeriize omukasu kange akabi.,I remember the exact moment l knew she was a true friend - when she didn't laugh at my worst moment.
Obulemi obw'ababiito bwebembiire Bunyoro kuruga omukyasa ekya ikumi na mukaaga.,The Babiito dynasty has ruled Bunyoro since the 16th century.
"nkaba ntakinihira nti kumaraho omwaka gunu, baitu hati ndihanu","I did think I'd it through that year, but here I am."
nsasura ebintu nsuwarensi byange ijo,I pay my property insurance yesterday.
naija omulimi kwombera omusirigwe gwamuhogo wiiki ekwija,The farmer will weed his cassava field next week.
Itwe emizimu tusiima ey'omunsozi nomumyandara namabaale.,We give thanks to the spirits of the mountains for the rocks and stones.
tuzika abafu baitu omwitaka nambere baisenkuru itwe bahumura,We bury our dead in the ground where our ancestors rest.
bakitunnzi naija kutangatangana kiguzi omukuru,The sales team will present to a major client.
omumwaka gw'enkumi ibiri asaatu tufunire okukeha kwingi muno kwobuhanwa,"By 2030, we achieve a significant reduction in the loss of biodiversity."
embibo enu emyaka nija ruba nungi ha bwebicweeka ebyensozi,The new variety will be suitable for higher altitudes.
izaniroly'emizano erihyakalitekanizibwe shakespeare plays buli musizoni y'omusana,The new theater staged Shakespeare plays every summer.
tujaguza amagesa hakumalira sizoni kwa,We celebrate the harvest festival at the end of the season.
noija kwetagisa kwokya okutekaho rundi aisi nambere hatungire obuhuta,You will need to apply heat or ice to the injured area.
ndozirege ebituuru byebisisaru ebisarazirwe ebirukugambaho rwomukama oruganikyo owamaani kiro kyaijo,I watched a shadow puppet show that told the story of a great king yesterday.
nkatera ekihemeheme kandi nakisindika hamutimbagano ijo,I have drawn a funny cartoon and posted it on social media yesterday.
ekika kaitu kikaba kine engeri y'okutangira omwaka omuhyaka eyembaganiza,Our clan had its own special way of welcoming the new year.
omukago gw'obusubuzi omuhyaka gwimukya ebitundwa aheru,The new trade deal exports.
"omukazi akangamba,""omusana nigwija kujwa omurundi gundi nyenkya, kandi naiwe oti.""","She tells me,""The sun will rise again tomorrow, so will you""."
Ntaaha nyine obuleemezi okutekaho omutiima.,I've been having difficulty concetrating.
obujanjabi nibwija kukorahamu n'emibazi endi,medication will interact with other
arolerire kumara ekitebe emyaka atakabaire mukuru,She has managed a team for years before she became director.
"hakumalira y'omusomo gunu, ni twija kuba twegeseze abalimi orukumi rumu omukukozesa orwezo kuruga omubijunzire","By the end of this project, we train one thousand farmers in organic methods."
Uganda ey'ekyasa ekya eri 19 omubihandiiko ebyabakwenda abenjiri.,Missionary writings document 19th century Uganda.
omusaija ateka sente ze omumasamba,He invests in a real estate investment trust.
ebyefuna bihambirize y'ebintu emihendo okweyongera muno,The economy has faced inflationary pressures.
"akasumi kona mbaire ntungire nitekereza okugarukwamu, nyega ekintu kihyaka","Everytime I have thought I've figured it out, I learn something new."
"kakuba gavumenti ebaire etairemu sente kara, ntusobora okuba n'ebyobuhangwa ebiyounjo","If the government has invested in renewable energy earlier, we could have a cleaner environment now."
obw'ababiito Obulemi bwebembiire Bunyoro kuruga omukyasa ekya ikumi na mukaaga.,The Babiito dynasty has ruled Bunyoro since the 16th century.
irwaro nirija kugira eryahuro ry'ebitabu byabarwaire ebirukukwataho obwomezi bwabo,The hospital will have a patient library with health information.
enkoragana empyaka eyobusubuzi imukize ye entundwa bw'obulimi aheru yihanga,The new trade deal has boosted agricultural exports.
abaana baitu nibaija okuhura nkonku twatangatagaine - batuletereza okukibazaho buli hanyuma y'omwaka mubuswere baitu,Our children will hear the story of how we met -they make us tell it every anniversary.
okaba oine okujwara pulasita kumara wiiki mukaaga,You needed to wear a cast six weeks.
"kakuba omuntu afwa omukyaro kyaitu, abantu bona besoroza baija okusagika eka","When someone die in our village, the whole community together came to support the family."
atafike omugabo gwa bakama babizinesi,He never missed a dividend payment.
omukazi aija kukora omukeeto kumara emyaka atakafokere CFO,She will work in the accounting department for years before she became CFO.
"kakuba ninyija kukora ekintu kyona ntaine okutina rundi okulemererwa, ninyija kutandikaho bizinesi yange","If l will do anything without fear of failure, l'd start my own business."
ninja kwirukira mwa wange munyani omukuru nyencya,I will run into an old friend yesterday.
"akasumi kona ninyija kutekereza ntungire okugarukwamu, ekintu nyega kihyaka","Everytime I will think I've figured it out, I learn something new."
nibaija abazirweneho kugaruka n'ebitekerezo ebihyaka n'okunihira,Veterans will return with new ideas and expectations.
akahuka nikaija kujanjara muno mubantu,The virus will widely circulate in the community.
okubaira emiti nambere ebaire etemerwe nikija kugaraho irindiro lyebesoro by'omukisaka mukicweka nambere byali,The reforestation project will bring back wildlife that had disappeared from the area.
akenyumirizamu omukucumba kwe,She prided herself on her cooking.
ayenyumirize omukucumba kwe,She has prided herself on her cooking.
irwaro rigagira eryahuro ry'ebitabu ebirukukwataho byabarwaire obwomezi bwabo,The hospital has had a patient library with health information.
akahuka kajanjaire muno mubantu,The virus widely circulated in the community.
naija okusasura amabanjage gona,He will pay off all his debts.
Hakumaliira kwe kyaasa kiru nitwiija kuba tumazire kwatundwira enkoragana yaitu n'ebyobuhangwa.,"The the end of this century ,we will have transformed our relationship with nature."
kaliitango y'okwegesa habyobuhangwo ehikireho abantu abarukuhingura mukyaaro,The environmental awareness campaign has reached over one million people.
ly'emizano izaniro elihyaka likingwire hali abantu abaine obulema,The new theater is accessible to people with disabilities.
"Omukyaro kyaitu omuntu obwafa ,abasi,bensi boona baterana bazagika abafeerwa.","When someone die in our village , the whole community comes together to support the family."
"omukazi akangambira,""omusana nigwija kujwa nyenkya,kandi naiwe oti.""","She told me,""The sun will rise again tomorrow, and so will you""."
okuhandika kwabaramagi kukatandika mukyasa kya 19th m'uganda,Missionary writings documented 19th century Uganda.
Omumirimo eyengaro ahakaba n'okuteera embugo.,Traditional included barkcloth making.
tukhaire hali okusima emyoyo y'omurusozi habwe emyandara na amabale,We have given thanks to the spirits of the mountains for the rocks and stones.
"kakuba omuntu afwa omukyaro kyaitu, abantu bona nibaija kwesoroza baije okusagika eka","someone die in our village, the whole community will together come to support the family."
"omukazi akangambira,""omusana kujwa nigwija nyenkya,kandi naiwe oti.""","She told me,""The sun will rise again tomorrow, and so will you""."
nsabire obusnge omumadini gona-ntwena tuli bana baruhanga omu,I have prayed for peace among all religions-we're all children of the God.
buli orukwija muntu kutangatangana amanyire ekintu ky'otamanyire - nigw'omugisa kukyega,Every person you will meet knows something you don't — that's a chance to learn.
anaga enjura naija kuzina nukwo egwe enjura egi eyitukwendera ebirimwa ijo,The rainmaker will dance to bring the rain that we need for the crops yesterday.
abazirweneho bakagaruka n'ebitekerezo ebihyaka kandi n'okunihira,Veterans returned with new ideas and expectations.
oyetagisize okutekaho okwokya rundi nambere hantungire obuhuta,You have needed to apply or ice to the injured area.
embya yomukisaka ekahambya impala mayiro nyingi okuhikya ejwahire,The wild dog chased the impala for miles until it tired out.
abalimi bakakozesa ebijunzire okuhidura engeri y'itaka,Farmers used compost to improve soil structure.
"kakuba nkugambira ekintu kimu hali ekiniga,kiri ngu tokwija kukirugaho-nokirabamu","If I told you one thing about grief, it's that you never get over it-you get it."
ngira obuzibu by'okutekana n'okuhuliriza,I have had difficulty concetrating.
"tifwireyo biki bwobailize, tinkwija kuhindura ebitekerezo byange","No matter what you said, I won't change my mind."
omusoro aberambanda gwa gukahambiriza baingi omubusibi,Colonial taxation forced many into wage labor.
"Kakuba ndi wokukugambira ekintu kimu hali enaku, nikyo ngu otaligyehugura-ogirabemu.","If I could tell you one thing about grief, it's that you never get over it-you get it."
omusaija akateka sente ze omumasamba,He invested in a real estate investment trust.
"Kakuba ndi wokukugambira ekintu kimu hali enaku, nikyo ngu otaligyehugura-ogirabemu.","If I could tell you one thing about grief, it's that you never get over it-you get through it."
ekitebe nikija kugwa omu1977 mupolipo habw'okwahukana,The community will collapse in 1977 due to political differences.
Kugarraho buhyaka ebyasisikaire omumaiso nukugenda omubikaro ebyasisikaire.,Reconstruction efforts continue in affected areas.
omwaka gw'enkumi ibiri asaatu okukeha tukatunga kwingi muno habwokusisikara kwobuhangwa,"By 2030, we achieved a significant reduction in the loss of biodiversity."
"kakuba orayenda okwetegereza ebyobuhangwa baitu, tandika n'ebyokulya baitu","If you will want to understand our culture, start with our food."
omusoro gwaberambanda guhambirize baingi omubusibi,Colonial taxation has forced many into wage labor.
"kakuba omuntu afwa, ekyaro kija okunahukara, oba babamanyire muno rundi tibabamanyire","When someone died, the whole village comes to pay respects, whether they knew them well or not."
amani g'okwombeka buhyaka geyongire omubicweka ebyali bihikirweho,Reconstruction efforts have continued in affected areas.
okubura kwamaizi kutalibaniza ebyobulimi n'obulisa omukicweka,The water scarcity affects agricultural in the region.
ekituru kyomutini nikyoleka ngu kikagamba oruganikyo orw'omukama owamani ijo,I have watched a shadow puppet show that told the story of a great king yesterday.
ebyafayo eby'okubaza byolekere okwijuka kw'abantu abakuru,Oral history has projected record elders ' memories.
tuhaire amata g'ent ag'okubanza hali itwe ba'isenkuru,We have given the first milk from the cow to the ancestors.
ebibo empyaka ekaba hansi esemerire eyimukire,The new variety was suitable for higher altitudes.
"kakuba isomero lyakubulize obusinge, tekerezamu haba kakuba haliyo omulingo gundi gwona","If school made you miserable, consider whether there's another way."
gavumenti eresireho enkora empyaka hali abalimi abakulima ebyokulya,The provided subsidies farmers who practice sustainable agriculture.
naija kutekamu sente nyingi muno,He will invest in a hedge fund.
cukamba y'omuyanja eturukize ehuzo zamakamba okwerwanaho,The sea cucumber has squirted sticky threads to defend itself.
obujanjabi bwali bwasente nyingi baitu nibukoraho,The treatment will be expensive but effective.
noyetagisibwa amaino gawe emirundi ebiri buli mwaka,needed to have your teeth cleaned twice a year.
Orugendo rwegaali y'omwika kuraba omu bugwa izooba rukaba muno habwokuba nta hungi reho kakube kukoimya.,The train ride through the countryside was so beautiful that i did'nt sleep a wink.
omukazi naija kwega hakulima n'okulisa okwokwebaisaho,She will learn about sustainable agriculture.
"orayenda kakuba okwetegereza ebyobuhangwa baitu, tandika n'ebyokulya baitu","If you will want to understand our culture, start with our food."
"hakumalira ye kyasa kinu, tuhindwire enkoragana yaitu n'ebyobuhangwa","The the end of century, we have transformed our relationship with nature."
omunya gucikize omukira gwako katoroka kandi hali ekinyonyi,The skink has wiggled its tail and escaped from the bird's grasp.
irwaro nirija kutekaho obujanjabi bw'abazaire abaine enda,The clinic will provide prenatal care for expectant mothers.
itwe tuha endagaano eraihireho ebyamasanyarazi eyokulinda ebiguzirwe.,We offer extended warranties on electronics.
enyunyuzi zakire muno ekiro omumwanya kukira ebitara by'omurubuga,The stars have brightly shone in the night sky away from city lights.
"tifwireyo ogambireki, tikwija kuhindura byange ebitekerezo","No matter what you have said, I won't change my mind."
atafike omugabo gwa bakama babizinesi,He never missed a dividend payment.
Nyina esaara eyinsaba obunkwatwa otuuro-nikyo kintu kyokumalirra ha bwongo bwange.,I have a prayer I say when I'm falling asleep-it's the last thing on my mind.
okutwarwa kwitaka kukaletera abalimi okuleka itaka lyabo kandi bakagenda ummbuga,The soil erosion forced farers to abandon their land and move to cities.
nitwija okwongezayo waranti hamasanyarazi,We will offer extended warranties on electronics.
omuranga gw'okumanyira eby'obuhangwa guhikire abantu akakaikuru kamu,The environmental awareness campaign reaches over one million people.
eka yaitu ebaire nejaguza amagesa namazina agokusima itaka,Our family has always celebrated the harvest with a dance that thanks the earth.
"Obusasi bwija nkebigonzi ebiro ebimu ninyikya ,ebiro ebindi","The grief comes in waves some days l can breath , some days l can't."
"mutabani wange akagwize,""ruhanga ali nkaha?"" nasonga hamutima gwange n'ogwe","My son is God?""I pointed to my heart and his."
ninyija okukozesa kadi yabanka okutunga obugoba,I will use a credit card for the rewards points.
omutezi naija kuteranizaho omulere ha bandi,The harmonica player has added bluesy feel to the band's sound.
cukamba y'omuyanja ekaturukya ehuzo z'amakamba okwerwanaho,The sea cucumber squirted sticky threads to defend itself.
ninyija kwijuka akasumi kenyini akaba munyani owamazima-nambere atalinsekeraize omukasumi obukaba ndi kubi,I will remember the exact moment l knew she was a true friend - when she didn't laugh at my worst moment.
okubura kwamaizi kukatalibaniza ebyobulimi omukicweka,The water scarcity affected agricultural production in the region.
ebizina byenzarwa hamu n'okucekeca n'orunyege bibaire mokijaguzo,Traditional music and has danced accompained ceremonies.
ebizina hamu n'okucekeca n'orunyegebirabaga mubuli mukoro,Traditional music and will dance accompained ceremonies.
Omurwaire nayoleka oburorwaho bwokuba kubi.,The patient is showing signs of sepsis.
anaga enjura naija kuzina nukwo enjura egwe egi eyitukwendera ebirimwa ijo,The rainmaker will dance to bring the rain that we for the yesterday.
ebyenfuna nibija kuhambiriza emihendo y'ebintu okweyongera muno,The economy will face inflationary pressures.
"kakuba ninyija kukora ekintu ntaine kyona okutina rundi okulemererwa, ninyija kutandikaho bizinesi yange","If l will do anything without fear of failure, l'd start my own business."
buli muntu orukwija kutangatangana amanyire ekintu ky'otamanyire - nigw'omugisa kukyega,Every person you will meet knows something you don't — that's a chance to learn.
"Kakuba nakukozire ekintu ntaine butiine butiini bwokugwa, nakutandikireho entaahya yange.","If l could do anything without fear of failure , l'd start my own business."
arolera ekitebe kumara emyaka nyingi atakabaire mukuru,She manages a team for years before she became director.
abasaija abato bakombekere orugo oruhyaka r'ente,The young men built the new kraal for the cattle.
omulimi ayombire omusiri gwamuhogo wiiki ehwaire,The farmer weeds his cassava field last week.
Orugendo rwegaali y'omwika kuraba omu bugwa izooba muno rukaba habwokuba nta hungi reho kakube kukoimya.,The train ride through the countryside was so beautiful that i did'nt sleep a wink.
buli muntu oratangatangaineho amanyire ekintu ky'otamanyire - nigw'omugisa kukyega,Every person you have met knows something you don't — that's a chance to learn.
"omurundi wiiki erukwija, nitwija kubyama hamusa gwenyanja","This time next week, we lie on a beach."
gw'obusubuzi omukago omuhyaka gukaimukya ebitundwa aheru,The new trade deal boosted exports.
ninyijuka akasumi nikimanya akaba munyani owamazima-atansekereze omukasumi obukaba nidi kubi,I remembered the exact moment l knew she a true friend - when she didn't laugh at my worst moment.
"omukazi akangambira,""omusana nigwija kujwa nyenkya,kandi naiwe oti.""","She told me,""The sun rise again tomorrow, and so will you""."
"kakuba basi etalindekere ekiro eki, tinandibwoine munyani wange muno.","If i did not miss the bus that day, i never would have met my best friend."
irwaro ritaireho obujanjabi bw'abzaire abaine enda,The clinic has provided prenatal care for expectant mothers.
tihabaireho ekintu ekibi nkoku rubata omukigana sokisi otaine,There has been nothing worse than stepping in a puddle with socks on.
Nsabira amadiini goona omugisa-itwena tuli ba baana Ruhanga omu.,I pray for peace among all religions-we're all children of the same God.
"akasumi kona ninyija kutekereza ntungire okugarukwamu, nyega ekintu kihyaka","Everytime I will think I've figured it out, I learn something new."
ekituru ndozirege kyomutini nikyoleka ngu kikagamba oruganikyo orw'omukama owamani ijo,I have watched a shadow puppet show that told the story of a great king yesterday.
atekamu sentu nyigi muno,He invests in a hedge fund.
NRA ekora ekatandikaho endi,The NRA developed a parallel administration.
ekitebe kigwire 1977 omu habw'okwahukana mupolipo,The community has collapsed in 1977 due to political differences.
"akasumi kona ntekereza ntungire okugarukwamu, nyega kihyaka","Everytime I thought I've figured it out, I something new."
omunya gukacicya omukira gwako kandi katoroka hali ekinyonyi,The skink wiggled its tail and escaped from the bird's grasp.
igana lyabantu lika semererwa gutakatandikire omukoro,The crowd has buzzed with excitement before the show starts.
tuhaireyo okwongezebwa waranti kwa hamasanyarazi,We offered extended warranties on electronics.
"dora ebinyonyi omumwanya; bitasige rundi okugesa, baitu iwe ise owomwiguru obirisa","Look at the birds of the air; they did not sow or reap, yet your heavenly father feeds them."
omukazi asoraize embibo entoro z'okwahura,She has collected indigenous seeds for preservation.
kakuba ntararabirweho baasi ekiro eki tinakutangaine engajani yange.,"if i hadn't missed the bus that day, i never would have met my best friend."
okuwikaza noyetagisibwa okuguru kwawe kwimukize kukehya okuzimba,You needed to keep your leg elevated to reduce swelling.
embina yomukisaka ekairukya empara habwa nyingiho mairu kuhirya obuyajwahire,The wild dog chased the impala for miles until it tired out.
enyange ekaimera kurungi muno mumaizi gahaihi,The egret stood perfectly still in the shallow water.
Ntiirelye ebisisani rudingisa nabusindika hamura kiro kyaijo.,I drew a funny cartoon and posted it on social media yesterday.
"Tubanza okuha abakuru abaira , agatubanza amata okukama omunte.",We give the first milk from the cow to the ancestors.
ebizina hamu byenzarwa n'okucekeca n'orunyege bibaire mokijaguzo,Traditional music and has danced accompained ceremonies.
ekikali kyatooro mu FORT PORTAL kikasikiriza abagenyi,The Tooro palace in Fort Portal will attract many visitors.
akatebe akatunzi nikahayo hali omuguzi owamaani,The sales team is presenting to a major client.
"kakuba nakugambira ekintu kimu hali ekiniga, kiri tokwija kukirugaho-nokirabamu","If I will tell you one thing grief, it's that you never get over it-you get through it."
noyetagisibwa okuwikaza okuguru kwawe kwimukize kukehya okuzimba,You needed to keep your leg elevated to reduce swelling.
omwaka gw'enkumi ibiri asaatu tukatunga okukeha kwingi muno habwokusisikara kwobuhangwa,"By 2030, we achieved a significant reduction in the loss of biodiversity."
NRA ekatandikaho ekora endi,The NRA developed a parallel administration.
ekitebe kigwire omu 1977 habw'okwahukana mupolipo,The community has collapsed in 1977 due to political
"omurundi gw'okubanza nkagenda mwoyomubudabuda, nkatina hali ekinazonzora nyo","The first time I have gone to therapy, I was terrified of what I might discover about myself."
omusoro gwa aberambanda nigwija kuhambiriza omubusibi,Colonial taxation will force many into wage labor.
nojakwetagisibwa okuyonja amaino gawe emirundi ebiri buli,will need to have your teeth cleaned a year.
"gw'okubanza omurundi okugenda mwoyomubudabuda, nkatina ekinazonzora hali nyowe","The first time I go to therapy, I was terrified of what I might discover about myself."
"kakuba batalisiza abantu muno, itaka nirija kusigara rw'orwezo","If the community does not overgraze the land, the soil would still be fertile."
ninyija kwijuka akasumi kenyini munyani owamazima-nambere atalinsekeraize omukasumi ndi kubi,I will remember the exact moment l knew she was a true friend - when she didn't laugh at my worst moment.
"buli mugenzo gubaire gwine ekigurukumanyisa,nobu kiraba tutukugwetegereza","Every ritual has had a meaning, even if we don't always understand it."
ekyoma kyomubaizi kikabaija kuruga ekisisani omukihinju kyekiti,The sculptor chisels a figure out of a single block of wood.
kotoni ebaire kirimwa kyasente muno mukyasi kya amakumi abiri m'uganda,Cotton has a major cash crop in the early 20th century Uganda.
omrwaire naija kwoleka oburorwaho obwokwekengera,The patient will show signs of sepsis.
Kakuba gavumenti yakozeseze kare amaani Twakubaire lwiina ebitwehinguliriize muno. ebyeowruuu,"If the government had invested in renewable energy earlier, we could have a cleaner environment now."
okucamuka kwamabale hansi omwitaka kuleterire obuhanga muhagati,The volcanic eruption has created a new island in the middle of the ocean.
irwaro line erahuro ry'ebitabu byabarwaire ebikukwataho obwomezi bwabo,The hospital had a patient library with health information.
izaniro ly'emizano elihyaka likingwire hali abantu abaine obulema,The new theater is accessible to people with disabilities.
naija okusasura gona amabanjage,He will pay off all his debts.
nyirukire mwamunwani wange omukuru ijo,I have run into an old friend yesterday.
tuzikire abafu baitu nambere baisenkuru bahumura,We have our dead in the ground where our ancestors rest.
ebyafayo eby'okubaza nibija kwoleka okwijuka kw'abantu abakuru,Oral history will project record elders ' memories.
omukazi naija kusoroza embibo entoro z'okwahura,She will collect indigenous seeds for preservation.
anaga enjura azina nukwo enjura egwe egi eyitukwendera ebirimwa baitu ijo,The rainmaker dances to bring the rain that we need for the crops yesterday.
ekyoma kyomubaizi kikabaija ekisisani kuruga omukihinju kyekiti,The sculptor chiseled a figure out of a single block of wood.
akahuka kajanjaire mubantu muno,The virus widely circulated in the community.
nkaba nyine esaara eyinasabaga kakuba mpura oturo - nikyo kintu ky'okumalira omubwongo bwange,I had a prayer I say when I'm falling asleep-it's the last thing on my mind.
"hakumalira y'omusomo gunu, twegeseze abalimi orukumi rumu omukukozesa orwezo kuruga omubijuzire","By the end of this project, we have trained one thousand farmers in organic methods."
"kakuba omuntu afwa omukyaro kyaitu, abantu bona baija kwesoroza baije okusagika eka","When someone die in our village, the whole community has together come to support the family."
abaana baitu nibaija okuhura nkonku twatangatagaine - batuletereza buli okukibazaho hanyuma y'omwaka mubuswere baitu,Our children will hear the story of how we met -they make us tell it every anniversary.
okuhandika kwabaramagi kukatandika mukyasa 19th kya m'uganda,Missionary writings documented 19th century Uganda.
"omurundi gw'okubanza ninyija mwomubudabuda, kugenda nkatina ekinazonzora hali nyowe","The first time I will go to therapy, I was terrified of what I might discover about myself."
omutendereza abakuru amanyirire nekizina kye ijo,The praise singer has honored the chief's bravery with his song yesterday.
irwaro rikatekaho obujanjabi bw'abazaire abaine enda,The clinic provided prenatal care for expectant mothers.
empyaka ekaba esemerire hansi eyimukire,The new variety suitable for higher altitudes.
"Kakuba ntaratungire obumanzi bw'okubaza nawe eki, twakuferirwe buno obunywani.","If l hadn't mustered the courage to talk to her that day , we would have missed out on this friendship."
noija okwetagisibwa okwikaza okuguru kwawe kwimukize kukehya okuzimba,You will need to keep your leg to reduce swelling.
"nkaba nttaine kuninhira kwona ngu ninyija kusobora eka kugura eyang,baitu ndi hanu, nitekakaho omukono hakipapura wiiki erukwija","I never have thought l'd be able to buy mu own home, but here l am, signing the papers next week."
sentu atekamu nyigi muno,He invests in a hedge fund.
omuranga gw'okumanyira eby'obuhangwa gukahika abantu akakaikuru kamu,The environmental awareness campaign reached over one million people.
"ekiniga kiaizira ebiro omubicweka ebimu nisobora kwikya, ebiro ebindi tinkusobora","The grief came in waves some days l can breath, some days l can't."
abalimi bakakozesa ebijunzire engeri okuhidura y'itaka,Farmers used compost to improve soil structure.
ekitebe kigwire omu 1977 habw'okwahukana mupolipo,The community has collapsed in 1977 due to political differences.
Ndora muno Ruhanga omubimera kukira onubyombeko.,I find God more easily in nature than in any building .
eka yaitu ekajaguza amagesa namazina agokusima itaka,Our family always celebrated the harvest with a dance that thanks the earth.
balima omusiri ni bakozesa turakita,They fields using a tractor.
UPDF omubitebe kalinda businge.,UPDF has participated in peace keeping missions.
"kakuba gavumenti eba ekendize omuhendo gwa sola pano, abantu baingi nibaija kutandika kukozesa amasanyarazi","If the government has subsidized solar panels, more people would use renewable energy now."
enyunyuzi nizija kwaka ekiro muno omumwanya kukira ebitara by'omurubuga,The stars will brightly shine in the night sky away from city lights.
ninyija kusabira obusinge omumadini gona-ntwena tuli baana baruhanga omu,I will pray for peace among all religions-we're all children of the same God.
tihabaireho ekintu ekibi nkoku rubata omukigana otaine sokisi,There has been nothing worse than stepping in a puddle with socks on.
Omusoro og'wendema eya matwale kukahambiriza baingi kupagasa.,Colonial taxation forced many into wage labor.
embya y'omukisaka nija kuhambya impala mayiro nyingi okuhikya ejwahire,The wild dog will chase the impala for miles until it tired out.
Buli guba murwa namakuru noobu kiraaba tutugetegereza.,"Every ritual has a meaning, even if we don't always understand it."
Ekka yaitu ejaguza amagesa na mazina ag'okusiima ensi.,Our family has always celebrated the harvest with a dance that thanks the earth.
ekika kaitu kigira y'okutangira engeri omwaka omuhyaka eyembaganiza,Our clan has had its own special way of welcoming the new year.
abaana baitu bakahura nkonku twatangatagaine- batuletereza okukibazaho buli hanyuma y'omwaka baitu,Our children heard the story how we met -they make us it every anniversary.
abazirweneho nibaija kugaruka n'ebitekerezo ebihyaka n'okunihira,Veterans will return with new ideas and expectations.
obujanjabi nibwija n'emibazi kukorahamu endi,The medication will interact with other drugs.
ebibo empyaka nekora kurungi eyimukire hansi,The new variety is suitable for higher altitudes.
kadi yabanka okutunga obugoba,I have used a credit card for rewards points.
"hakumalira ye kyasa kinu, tuhindura ekoragana yaitu n'ebyobuhangwa","The the end of this century, we transform our relationship with nature."
Ekiro kyaijo omwigi w'enjura eyiturukwetaaga kuleeta acekecerege rnjura.,The rainmaker danced to bring the rain that we need for the crops yesterday.
okutwarwa kwitaka kukaletera abalimi okuleka itaka lyabo kandi bakagenda ummbuga,The soil erosion forced farers to abandon their land and move to cities.
ekyoma kyomubaizi nikija kubaija ekisisani omukihinju kuruga kyekiti,The sculptor will chisel a figure out of a single block of wood.
"omuntu weena owotaganana tangana anyina ekyamanyire iwe ekyotamanyire , kandi kinu nikisemera kukuha omugisa okwega",Every person you meet knows something you don't—that's a chance to learn.
"mutabani akagwize,""ruhanga wange ali nkaha?"" nasonga hamutima gwange n'ogwe","My son asked me,""Where is God?""I pointed to my heart and his."
akatunga ha okwimukiza mulimo,He received a raise at work.
"omwaka gw'enkumi ibiri asaatu, tutungire okukeha kwingi muno mukukeha kw'ebyobuhanga","By 2030, we have achieved a significant reduction in the loss of biodiversity."
"kakuba ntatunge okwegaramu obumanzi nkabaza nawe kirokinu, titwanditungire obuyani bunu","If l will not muster the courage to talk to her that day, we would have missed out on this friendship."
"kakuba basi etalindekere ekiro eki, tinandibwoine munyani wange muno.","If i did not miss the bus that day, i never would have met my best friend."
omusomesa wange owunyenda agambire ngu nkaba nyine ekisembo kyokuhandika ebigambo ebi bikasigara nanye,My favorite teacher has told me that i had a gift- for writing those words stayed with me.
nkairukira mwamunwani wange omukuru ijo,I run into an old friend yesterday.
UPDF eketaba omubikorwa by'okulinda obusinge,UPDF participated in peace keeping missions.
"kakuba obaire noyenda okwetegereza ebyobuhangwa baitu, n'ebyokulya tandika baitu.","If you wanted to understand our culture, start with our food."
orufu rwa isenkuru nyowe kiri kijaguzo ky'obwomezibwe - yatugambiraga enganikyo kandi twsekaga kuraba omumaziga gaitu,My grandfather's funeral is a celebration of his life - e told stories and laughed through
akaire ruko kamu sabbiti erukwija kuhumuraho nitwija ha mwaro,"This time next week, we'll be lying on a beach."
dora ebinyonyi omumwanya; tibirikwija kusiga rundi baitu iwe owomwiguru obirisa,"Look at the birds of the air; they will not sow or reap, yet your heavenly father feeds them."
nyijukire aksumi kenyini nkimanyire akaba munyani owamazima-nambere atalinsekeraize omukasumi obukaba kubi,I have remembered the exact moment l knew she was a true friend - when she didn't laugh at my worst moment.
tuzikire abafu baitu omwitaka nambere baisenkuru itwe bahumura,We have buried our dead in the ground where our ancestors rest.
ekiikaro kyokukoorramu nikiiji kwanguhira naabalema kukutahamu,The new theater will be accessible to people with disabilities.
omrwaire naija kwoleka oburorwaho obwokwekengera,The patient will show signs of sepsis.
omulimi agesire amacande ge kandi yagatwara hakyoma,The farmer has harvested his sunflower and took it for pressing yesterday.
omuranga gw'okumanyira nigwija eby'obuhangwa kuhika akakaikuru kamu,The environmental awareness campaign will reach over one million people.
ebicoli nibija kusisibwa kadoima,The maize crop will be damaged by fall armyworm.
Ekaali kya Tooro omu Fort Portal kisikiriza baingi. abagenyi,The Tooro palace in Fort Portal attracts many visitors.
kutunga naija okwimukizibwa ha mulimo,He will receive a raise at work.
rwa isenkuru nyowe rubairekijaguzo ky'obwomezibwe enganikyo kandi twasekaga kuraba omuziga gaitu,My funeral has a celebration of his life - e told stories and laughed through our tears.
irwaro line erahuro ry'ebitabu byabarwaire ebikukwataho bwabo obwomezi,The hospital had a patient library with health information.
"Enyunyuzi zaaka kukungi obuziba zili haraha ,n'etaara zomwabuga.",The stars shine brightly in the night sky away from city lights.
okubaira nambere emiti ebaire etemerwe kigaraho irindiro lyebisoro by'omukisaka mukicweka nambere byali,The reforestation project brings back wildlife that had disappeared from the area.
Itwe tusiima emizimu ey'omunsozi nomumyandara namabaale.,We give thanks to the spirits of the mountains for the and
nkagira esaara eyinasabaga kakuba nahuraga - nikyo kintu ky'okumalira omubwongo bwange,I have had a prayer I say when I'm falling asleep-it's the last thing on my mind.
omusaija ateka sente ze omumasamba,He invests in a real estate investment trust.
ekyoma kyomubaizi kikabaija ekisisani kuruga omukihinju kyekiti,The sculptor chisels a figure out of a block of wood.
abaserurizi basomereho endubata y'ebinyonyi obu bazonzoire ekika ekihyaka ekyebinyonyi,The researchers have studied bird migration patterns when they discovered a new species.
kyatooro mu FORT PORTAL kikasikiriza abagenyi baingi,The Tooro palace in Fort Portal many visitors.
okusasura ebintu byange nsuwarensi ijo,I have paid my property insurance yesterday.
bakitunnzi naija kutangatangana kiguzi omukuru,The sales team will present to a major client.
"hakumalira y'omusomo gunu, nitwegesa abalimi orukumi omukukozesa rumu orwezo kuruga omubijuzire","By the end of this project, we trained one thousand farmers in organic methods."
omutendereza amanyira abakuru nekizina kye ijo,The praise singer honors the chief's bravery with his song yesterday.
kadi nkozeseze yabanka okutunga obugoba,I used a credit card for the rewards points.
abaana baitu bahulire nkonku twatangatagaine - batuletereza okukibazaho buli hanyuma y'omwaka mubuswere baitu,Our children have heard the story of how we met -they make us tell it every anniversary.
tukaha okusima hali emyoyo y'omurusozi emyandara habwa na amabale,We gave thanks to the spirits of the mountains for the rocks and stones.
obujanjabi bubaire baitu bwoburumi nibukoraho,The treatment has been painful but is usually effective.
nyijukire aksumi kenyini nkimanyire akaba munyani owamazima-nambere omukasumi atalinsekeraize obukaba kubi,I have remembered the exact moment l knew she was a true friend - when she didn't laugh at my worst moment.
noija kwetagisibya okujwara pulasita okumara wiiki mukaaga,You will need to wear a cast for six weeks.
nkaba nyine obuzibu n'okutekana ahahuliriza,I had difficulty concetrating.
banka ekehya enkuru amagoba,The central bank lowers interest rates.
taxi empyaka bakagitandikaho omwaka oguhwaire,The new tax was implemented next year.
"buli mugenzo gwali gwine ekigurukumanyisa, nobu kiraba tutukugwetegereza.","Every ritual had a meaning, even if we don't always understand it."
"Rora ebinyonyi omumwanya, tibisiga, tibigesa baitu Isinywe anyakuli abiriisa. omwiguru","Look at the birds of the air; they do not sow or reap, yet your heavenly father feeds them."
abasaija abato bakombekere orugo r'ente oruhyaka,The young men built the new kraal for the cattle.
orufu rwa isenkuru nirwija nyowe kuba kijaguzo ky'obwomezibwe - yatugambiraga enganikyo kandi twasekaga kuraba omumaziga gaitu,My grandfather's funeral will be a celebration of his life - e told stories and laughed through our tears.
ekikali kyatooro mu FORT PORTAL kikasikiriza abagenyi baingi,The Tooro palace in Fort Portal will attract many visitors.
okaire noyetagisibwa okuguru kwawe kwimukize kukehya okuzimba,You have needed to keep your leg elevated to reduce swelling.
nsabire obusnge omumadini gona-ntwena tuli bana baruhanga omu,I have prayed for peace among all religions-we're all children of the same God.
abaserurizi basomereho endubata y'ebinyonyi bazonzoire ekika ekihyaka ekyebinyonyi,The researchers have studied bird migration patterns they discovered a new species.
takafikaga omugabo gwa babizinesi abakama,He has never missed a dividend payment.
Enganikyo zoleka ebya abakuru abantu ebibamanyire,Oral history projects record elders' memories.
nsangire ayanguhire muno omuby'obuhangwa kukira ebyombeko,I found God more easily in nature than in any building.
"kakuba gavumeti eratekamu sente omubintu ebikwegarukamu kara, ntusobora okuba n'ebyobuhangwa ebiyomjo",If the government will invest in renewable we could have a cleaner environment now.
Abalimi bakozesa ebijunzire oburungi kwongera omu itaka.,Farmers use compost to improve soil structure.
naija kutunga okwimukizibwa ha mulimo,He will receive a raise at work.
Abasigazi orugo nibakora rw'ente.,The young men are building the new kraal for the cattle.
ablimi nibaja ebijunzire kuozesa okuhindura engeri y'itaka,Farmers will use compost to improve soil structure.
omwaka gw'enkumi ibiri tutungire okukeha kwingi muno mukukeha kw'ebyobuhanga,"By 2030, we have achieved a significant reduction in the loss of biodiversity."
ekiikaro kyokukoorramu emizaano nikiiji kwanguhira naabalema kukutahamu,The new theater will be accessible to people with disabilities.
nguzire ebuntu omu buli supamaketi wiiki,I have bought groceries from the supermarket every week.
ruraiha omunya rahuhanyga kira yairuka ekinyonyi kugikwaata,The skink wiggled its tail and escaped from the bird's grasp.
abasaija abato bakombekere orugo r'ente oruhyaka,The young men built the new kraal for the cattle.
omusaija ateka sente omumasamba ze,He invests in a real estate investment trust.
omusoro nigwija omuhya kuteebwa omuunkora mumwaka omuhyaka,The new tax will be implemented next year.
omukago gw'obusubuzi omuhyaka gwimukize ebitundwa aheru,The new trade deal has boosted exports.
Nyina esaara eyinsaba obunkwatwa otuuro-nikyo kintu kyokumalirra ha bwongo bwange.,I have a prayer I say when I'm falling asleep-it's the last thing on my mind.
akandindisa okumara yona esaha,She made me wait for an hour.
ebizina byenzarwa n'okucekeca hamu n'orunyegebirabaga mubuli mukoro,Traditional music and will dance accompained ceremonies.
ebyafayo eby'okubaza byolekere okwijuka kw'abantu abakuru,Oral has projected record elders ' memories.
"kakuba gavumenti ebaire sente etairemu kara, ntusobora okuba n'ebyobuhangwa ebiyounjo","If the government has invested in renewable energy earlier, we could have a cleaner environment now."
okusasura ninyja ebintu byange nsuwarensi ijo,I will pay my property insurance yesterday.
"mutabani wange naija kukaguza,""ruhanga ali nkaha?"" ninjakusomnga hamutima n'ogwe","My son will ask me,""Where is God?""I pointed to my heart and his."
ebintu by'emikono by'enzarwa tutwaraine okukora orubugo,Traditional crafts included barkcloth making.
tuhaireyo okwongezebwa kwa waranti hamasanyarazi,We offered extended warranties on electronics.
enyunyuzi zakire muno ekiro omumwanya kukira ebitara by'omurubuga,The stars have brightly shone in the sky away from lights.
nsangire ruhanga ayanguhire muno omuby'obuhangwa kukira ebyombeko,I found God more easily in nature than in any building.
nsangire ayanguhire muno kukira omubyombeko,I have found God more easily in than in any building.
omulimi naija kwombera omusirigwe gwamuhogo wiiki ekwija,The farmer will weed his cassava field next
embuzi nibaja kuziha omubazi gw'enjoka nkabulikiro,The goats will regularly be dewormed.
abalimi bakozesaze ebijunzire okuhindura engeri y'itaka,Farmers have used compost to improve soil structure.
yetaba omubikorwa by'okulinda,UPDF participates in peace keeping missions.
noyetagisa okujwara pulasita okumara wiiki mukaaga,You have needed to wear a cast for six weeks.
atunga ha okwimukiza mulimo,He receives a raise at work.
Ekiro kyaijo omwigi w'enjura eyiturukwetaaga acekecerege kuleeta rnjura.,The rainmaker danced to bring the rain that we need for the crops yesterday.
omunya gucikize omukira gwako kandi katoroka hali ekinyonyi,The skink has its tail and escaped from the grasp.
okuhandika kwabaramagi kukatandika mukyasa kya 19th m'uganda,Missionary writings documented 19th century Uganda.
"kakuba abantu batalisize muno, itaka ry'orwezo lyandisigaire","If the community has not overgrazed the land, the soil would still be fertile."
omulimi naija kugesa amacande ge kandi agatwale hakyoma,The farmer will harvest his sunflower and took it for pressing yesterday.
igana lyabantu nirija kusemererwa omukoro gutakatandikire,crowd will buzz with excitement before the show starts.
egali y'omwika eraba aheru y'orubuga ebaire nungi muno nti nkaba ntasobora kubyama ntagirozire,The train ride through the countryside has so been beautiful that i did'nt sleep a wink.
nuwe ngu tikine buzibu bwona okusaba obukonyezi,He was the one who taught me that it's to ask for help.
abazirweneho bakagaruka n'ebitekerezo ebihyaka n'okunihira kandi,Veterans returned with new ideas and expectations.
omulimi agesa amacande ge kandi yagatwara hakyoma ijo,The farmer harvests his sunflower and took it for pressing yesterday.
Abaana baitu benda kuhurra oruganikyo nkoku twatangatangaine.,Our children love hearing oh how we met make us tell it every anniversary.
"kakuba omuntu afwa, ekyaro kyona nikija okunahukara, oba babamanyire muno rundi tibabamanyire","When someone will die, whole village comes to pay respects, whether they knew them well or not."
abaseruruzi bakasomaho engeri y'okuhinduka hinduka y'enyikara ekutalibaniza ebwokulya obubatandikireho enkora empyaka,The researchers study the impact of climate change on food security when they developed new adaptation strategies.
"kakuba ntatunga okwgaramu obumanzi nkabaza nawe kirokinu, titwanditungire obunyani bunu","If l does not muster the courage to talk to her that day, we would have missed out on this friendship."
"hakumalira ye kyasa kinu, tuhindura ekoragana n'ebyobuhangwa yaitu","The the end of this century, we transform our relationship with nature."
omukazi abaire nakorra mukeeto kumara emyaka atkabaire CFO,She works in the accounting department for years before she became CFO.
abantu bombekere erihyaka iramizo namebere bona batina,The community has built a new shrine at the sacred spring.
kakuba gavumenti yataireho omuhendo gwahansiho habwengo zamani gizooba abantu abaingi bakubaire nibakozesa amaani agaani agarukugarurwa buhyaaka,"the government had subsidized solar panels, more people would use renewable energy now."
Ekitebe kikahwahi omumwaka ogwa 1977 omubyendema. habwobutetegerezangana,The community collapsed in 1977 due to political differences.
akatebe akatunzi nikahayo hali omuguzi owamaani,The sales team is presenting to a major client.
"hakumalira ye kyasa kinu, tuhindwire enkoragana yaitu n'ebyobuhangwa","The the end of this century, we have transformed our relationship with nature."
gw'obusubuzi omuhyaka gukaimukya ebitundwa aheru,The new trade deal boosted exports.
"Orufu rwalsenkuru nyowe rukuba rwokujaguza obuwomezibwe -nobukiraba tukaba tuli omumazisa, ,nokuseka tukamubazaaho twaseka.",My grandfather's funeral was a celebration of his life - e told stories and laughed through our tears.
okwongezayo nitwija waranti hamasanyarazi,We will offer extended warranties on electronics.
abaingi abantu abesoroize abaijwiire omwiro omuzaano gutakatandikire,The crowd is buzzing with excitement before the show starts.
kotoni ebaire kirimwa kyasente muno mukyasi kya amakumi abiri m'uganda,Cotton has become a major cash crop in the early 20th century Uganda.
ebibo emyaka ebaire hansi nungi eyimukire,The new variety has been suitable for higher altitudes.
"Obusasi bwija nkebigonzi ebiro ebimu ,ebiro ninyikya ebindi tindukusobora.","The grief comes in waves some days l can breath , some days l can't."
Omumirimo eyengaro ahakaba n'okuteera harumu embugo.,Traditional crafts included barkcloth making.
asaswire amabanjage gona,He has paid off all his debts.
ekitebe kyabantu nikinja kusagika bandi okuterayo akazina kandi kamu,The crowd will cheer for the band to play one more song.
nkega nyeka nobukuba ndi muburumi-nikimanyisa nkyali mwomezi,I learned to be grateful even in pain-it means I'm still alive to feel.
omusaija naija kuteka sente ze omumasamba,He will invest in a real estate investment trust.
kampuni nija kutaha mukatale akahyaka,The company will enter new markets.
Nyina esaara eyinsaba obunkwatwa kintu otuuro-nikyo kyokumalirra ha bwongo bwange.,I have a prayer I say when I'm falling asleep-it's the last thing on my mind.
igana lyabantu lika semererwa omukoro gutakatandikire,The crowd has buzzed with excitement before the show starts.
ebibo emyaka ebaire nungi hansi eyimukire,The new variety has been suitable for altitudes.
"kakuba omuntu afwa omukyaro kyaitu, abantu bona baija baije okusagika eka","When someone die in our village, the whole community has together come to support the family."
gw'okumanyira omuranga eby'obuhangwa guhikire abantu akakaikuru kamu,The environmental awareness campaign reaches over one million people.
"ekiniga nikija kwija omubicweka ebiro ebimu nisobora kwikya, ebiro ebindi tinkusobora","The grief will come in waves some days l can breath, some days l can't."
eka yaitu nija kujaguzaga amagesa namazina itaka agokusima,Our family will always celebrate the harvest with a dance that thanks the earth.
ebiro bisaatu omurubuga orututekanizaga kubungira,Three days in a city we have never planned to visit.
ekyaro kaitu kiguma nikiyamba boona abo abatakwesobora,Our village always helped those who are in need.
"omurundi gw'okubanza nkagenda mwoyomubudabuda, nkatina ekinazonzora hali nyo","The first time I have gone to therapy, I was terrified of what I might discover about myself."
ebintu by'emikono by'enzarwa nitwija kutwarana okukora orubugo,Traditional crafts will include barkcloth making.
enyange ekeemerra eterekeriire mumaizi agatahamire,The stood perfectly still in the shallow
omukazi ayegere n'okulisa hakulima okwokwebaisaho,She has learned about sustainable agriculture.
ntangainege munywani wange owaira ijo,I ran into an old friend yesterday.
orufu rwa isenkuru nyowe nirwija kijaguzo ky'obwomezibwe - yatugambiraga enganikyo kandi twasekaga kuraba omumaziga gaitu,My grandfather's funeral will be a celebration of his life - e told stories and laughed through our
"kakuba bus etandekere, tinanditangatangaine munyani wange muno","If i have not missed the bus that day, i never would have met my best friend."
omutezi wenanga naijakuteranizaho omulere ha bandi,The harmonica player will add a bluesy feel to the band's sound.
obujanjabi nyingi byasente baitu nibukoraho,The treatment was expensive but effective.
ayehaisa wenka we habwencumbaye,She prides herself on her cooking.
enyunyuzi zikaka ekiro muno omumwanya kukira ebitara by'omurubuga,The stars brightly shone in the night sky away from city lights.
rwegaali y'omwika kuraba omu bugwa izooba rukaba muno nta hungi reho kakube kukoimya.,The train ride through the countryside was so beautiful that i did'nt sleep a wink.
nkasabira obusinge omumadini gona- ntwena tuli baana baruhanga,I prayed for peace among all religions-we're all children of the same God.
"kakuba abantu batalisiza muno, itaka nirija kusigara rw'orwezo","If the community does not overgraze the land, the soil would still be fertile."
nkasabira obusinge omumadini gona- ntwena tuli baana baruhanga omu,I prayed for peace among all religions-we're all children of the same God.
okaire noyetagisibwa okuba oyonjire amaino gawe emirundi ebiri buli mwaka,You have needed to have your teeth cleaned twice a year.
abantu nibaija kwombeka iramizo nambere erihyaka bona batina,The community will build a new shrine at the sacred spring.
nijnja kwenga nobukuba ndi omuburumi-nikimanyisa nkyali mwomezi,I will learn to be even in pain-it means I'm still alive to feel.
Abasebeni bakagaruka nentekereza empyaka hamu nokunihira.,Veterans returned with new ideas and expectations.
"kakuba nkugambire mba ekintu kimu hali ekiniga, ngu tokwija kukirugaho-nokirabam","If I have told you one thing about grief, it's that you never get over it-you get through it."
owenanga ruhuhwa nayongeramu okukwatwaho kwobujure nokwecumitiriza omumaraka gebidongp,The harmonica player adds a bluesy feel to the band's sound.
okubura kwamaizi nikwija ebyokulima kutabaniza n'obulisa omukicweka,The water scarcity will affect agricultural production in the region.
"kakuba omuntu omukyaro afwa kyaitu, abantu bona besoroza baija okusagika eka","When someone die in our village, the whole community together came to support the family."
akatekamu sente nyingi muno,He invested in a hedge fund.
"ntindikwija kunihira nti ninyija kumaraho omwaka gunu, baitu hati ndihanu","I will not think I'd make it through that year, but here I am."
embuzi kuziha nibaja omubazi gw'enjoka nkabulikiro,The goats will regularly be dewormed.
omukazi ayegere hakulima n'okulisa okwokwebaisaho,She has learned about sustainable agriculture.
embya y'omukisaka ehambizege impala mayiro okuhikya ejwahire,The wild dog has chased the impala for miles until it out.
"kakuba nkugambira ekintu hali kimu ekiniga,kiri ngu tokwija kukirugaho-nokirabamu","If I told you one thing about grief, it's that you never get over it-you get through it."
oyetagisize okutekaho okwokya rundi aisi hantungire nambere obuhuta,You have needed to apply heat or ice to the injured area.
"kakuba gavumenti ekehya omuhendo gwa sola pano, abantu baingi nibaija kutandi kukozesa amasanyarazi","If the government subsidizes solar panels, more people would use renewable energy now."
omusomesa wange owunyenda naija kungamba nkaba nyina ekisembo kyokuhandika ebigambo ebi nanye bikasigara,My favorite teacher will tell me that i had a gift- for writing those words stayed with me.
abekento bamalirize alipota y'omwaka,The finance team finalized the annual report.
okumara andindisize esaha yona,She has made me wait for an hour.
abaserurizi nibaija kusoma endubata y'ebinyonyi obu barazonzora ekika ekihyaka ekyebinyonyi,The researchers will study bird migration patterns when they discovered a new species.
omutendereza naija kumanyira abakuru nekizina kye ijo,The praise singer honor the chief's bravery with song yesterday.
ebizina byenzarwa hamu n'okucekeca n'orunyege biba mubulimukoro,Traditional music and danced accompained ceremonies.
"dora ebinyonyi omumwanya; rundi tibisigire okugesa, baitu iwe ise owomwiguru obirisa","Look at the birds of the air; they have not sown or reap, yet your heavenly father feeds them."
abantu nibaija kwesoroza omuka y'omunyoro habw'orukurato,People will gather at the chief's house for the meeting.
eriyo kampuni netaaha omubutale obuhyaka.,The company is entering new markets.
Abasebeni bakagaruka nentekereza empyaka hamu nokunihira.,Veterans returned with new ideas and expectations.
bakagaruka Abasebeni nentekereza empyaka hamu nokunihira.,Veterans returned with new ideas and expectations.
ninyija ekihemeheme kusiga kandi nkisindike hamutimbagano nyekya,I will draw a funny cartoon and posted it on social media yesterday.
sitage y'ebyemizano empyaka shakespeare azanira buli musizoni youmsana,The new theater stages Shakespeare plays every summer.
Ekiro kyaijo omwigi w'enjura eyiturukwetaaga acekecerege kuleeta rnjura.,The rainmaker danced to bring the rain that we need for the crops yesterday.
Balimire amawinde nibakozesa karakita.,They have plowed the fields using a tractor.
ebibo empyaka nekora kurungi hansi eyimukire,The new variety is suitable for higher altitudes.
ebintu by'emikono by'enzarwa okukora tutwaraine orubugo,Traditional crafts included barkcloth making.
atafike omugabo gwa babizinesi bakama,He never missed a dividend payment.
arolera ekitebe kumara emyaka nyingi atakabaire mukuru,She manages a team for years before she became director.
"kakuba gavumenti omuhendo erakehya gwa sola pano, abantu baingi nibaija kutandika kukozesa amasanyarazi","If the government will subsidize solar panels, more people would use renewable energy now."
"omuro gutagwe mpaka nyenkya,ogaruke hairwaro","If the fever did not go down by tomorrow, come back to the clinic."
embibo enu emyaka ruba nija nungi ha bwebicweeka ebyensozi,The new variety will be suitable for higher altitudes.
omukazi naija kwega hakulima n'okulisa okwokwebaisaho,She will learn about sustainable agriculture.
Noija kwetaagibwa kuteekaho obutagasi rundi obufuki ha kicweka ekihutaire.,You'll need to apply heat ice to the injured area.
"gunu omurundi wiiki erukwija, tubyamire hamusa gwenyanja","This time next week, we have lied on a beach."
"Obusasi bwija nkebigonzi ebiro ebimu ninyikya ,ebiro ebindi tindukusobora.","The grief comes in waves some days l can breath , some days l can't."
abantu abaingi abesoroize abaijwiire omwiro omuzaano gutakatandikire,The crowd is buzzing with excitement before the show starts.
naija kutekamu sente nyingi muno,He will invest in a hedge fund.
abantu habizina behumwize ebyamporampora,The crowd has back swayed and forth to the slow music.
enkuru banka niija kukekya amagoba,The central bank will lower interest rates.
enkoragana empyaka eyobusubuzi imukize entundwa ye bw'obulimi aheru,The new trade deal has agricultural exports.
ekyaro kaitu kibaire nikiyamba abo boona abatakwesobora,Our village has always helped those who are in need.
"mutabani wange akagwize,""ruhanga ali nkaha?"" nasonga hamutima gwange n'ogwe","My son asked me,""Where is God?""I pointed to my heart and his."
ninyja okusasura ebintu byange nsuwarensi ijo,I will pay my property insurance yesterday.
ebyefuna bihambirize emihendo y'ebintu okweyongera muno,The economy has faced inflationary pressures.
ebintu by'emikono by'enzarwa tutwaraine okukora orubugo,Traditional crafts have included barkcloth making.
anaga ejura azinire nukwo enjura egwe egi eyitubaire nitwendera ebirimwa ijo,The rainmaker has danced to bring the rain that we need for the crops yesterday.
okuhandika kwabaramagi kukatandikwaho omukyasa kya 19th om'uganda,Missionary writings have documented 19th century Uganda.
omulimi ayombire omusiri gwe wiiki gwamuhogo ehwaire,The farmer has weeded his cassava field last week.
gavumenti neja kuletaho enkora empyaka abalimi hali abakulima ebyokulya,The government will provide subsidies for farmers who practice sustainable agriculture.
nkasiga ekihemeheme kandi nakisindika kandi hamutimbagano ijo,I draw a funny cartoon and posted it on social media yesterday.
hobworambagambaki tinsobora ebitekerezo kuhingisa,"No matter what you say, I won't change my mind."
omukago gw'obusubuzi omuhyaka gwimukya ebitundwa aheru,The new trade deal boosts exports.
nkega kwenyumirizamu nyeka ndi nobukuba muburumi-nikimanyisa nkyali mwomezi,I learned to be grateful even in pain-it means I'm still alive to feel.
embibo enu emyaka nija ruba nungi ha bwebicweeka ebyensozi,The new variety will be suitable for higher altitudes.
abalimi bakakozesa ebijunzire okuhidura engeri y'itaka,Farmers used compost to improve soil structure.
ekyoma kyomubaizi kikabaija ekisisani kuruga omukihinju kyekiti,The sculptor chiseled a figure out of a single block of wood.
buli muntu oratangatangaineho amanyire ekintu ky'otamanyire - nigw'omugisa kukyega,Every person you have met knows something you don't — that's a chance
obujanjabi byasente nyingi baitu nibukoraho,The treatment was expensive but effective.
omusoro gwaberambanda guhambirize baingi omubusibi,Colonial taxation has forced many into wage labor.
ebibo empyaka kurungi hansi,The new variety is suitable for higher altitudes.
igana lyabantu nokusemererwa omukoro gutakatandikire,The buzzed with excitement the show starts.
omusomesa wange owunyenda naija kungamba nkaba nyina ekisembo kyokuhandika ebigambo ebi bikasigara,My favorite teacher will tell me that i had a gift- for writing those words stayed with me.
omuranga eby'obuhangwa gw'okumanyira gukahika abantu akakaikuru kamu,The environmental awareness campaign reached over one million people.
omurwaire ayolere oburorwaho obwokwekengera,The patient has shown signs of sepsis.
ekika ky'ababiito kiremere bunyoro kurugira kimu omkyasi kya 16th,The Babiito dynasty ruled Bunyoro since the 16th century.
ebyafayo eby'okubaza byayolekaga okwijuka kw'abantu abakuru,Oral history projected record elders ' memories.
Omurwaire nayoleka oburorwaho bwokuba kubi.,The patient is showing signs sepsis.
abantu bombekere iramizo erihyaka namebere bona batina,The community has built new shrine at the sacred spring.
"kakuba omuntu afwa omukyaro kyaitu, abantu bona baija baije kwesoroza okusagika eka","When someone die in our village, the whole community has together come to support the family."
"buli mugenzo gubaire gwine ekigurukumanyisa,nobu kiraba tutukugwetegereza","Every ritual has had a meaning, even if we don't always understand it."
omukazi ayegere hakulima n'okulisa okwokwebaisaho,She has learned about sustainable agriculture.
nyinenkuru nyowe kuruka naija ebibo eby'akatale kumara emyaka nyingi,My grandmother will weave baskets for the market for many years.
kotoni akaba kirimwa kyasente omukyasi kya amkumi abiri m'uganda,Cotton became a major cash crop in the early 20th century Uganda.
abasaija abato okwombeka nibaija orugo rw'ente oruhyaka,The young men will build the new kraal for the cattle.
okuhandika kukatandikwaho kwabaramagi omukyasa kya 19th om'uganda,Missionary writings have documented 19th century Uganda.
omusomesa wange owunyenda agambira ngu nkaba nyina ekisembo kyokuhandika ebigambo ebi bikasigara nanye,My favorite teacher tells me that i had a gift- for writing those words stayed with me.
ebintu by'emikono by'enzarwa okukora tutwaraine orubugo,Traditional crafts have included barkcloth making.
naija omukucumba okwenyumirizamu kwe,She will pride herself on her cooking.
nkozeseze kadi okutunga yabanka obugoba,I have used a credit card for the rewards points.
bukozire obujanjabi hamu n'emibazi endi,The medication has interacted with other drugs.
Akarwarro kaheereza obuheereza obukwatiraine n'okuzaara.,The clinic provides prenatal care for expectant mothers.
Hampero ey'ebiro eby'okugesa nitwija kukora obugenyi.,We will celebrate the harvest festival at the end of the season.
abazirweneho bakagaruka n'ebitekerezo ebihyaka kandi n'okunihira,Veterans returned with new ideas and expectations.
omukazi akega hakulima n'okulisa habwokwebaisaho,She learns about sustainable agriculture.
"kakuba nakozire ekintu kyona ntaine okutina rundi okulemererwa,ninyija okutandikaho bizinesi yange","If l did anything without fear of failure, l'd start my own business."
"ekiniga kizirege omubicweka ebiro ninsobora okwikya, ebiro ebindi tinkusobora","The grief has come in waves some days l can breath, some days l can't."
omukago gw'obusubuzi omuhyaka ebitundwa gwimukya aheru,The new trade deal boosts exports.
abantu bakehumuzamu habizina ebyamporampora,The crowd back swayed and forth to the slow music.
"Nkaba ntukaterezaaga ngu ndisobora kusura enju eka , baitu dera ndihamu , ninyija kutekaho omukono hampapura sabbiti","I never thought l'd be able buy mu own home , but here l am , signing the papers next week."
omukazi akega hakulima n'okulisa habwokwebaisaho,She learns sustainable agriculture.
"kakuba nakozire ekintu kyona ntaine okutina rundi okulemererwa,ninyija okutandikaho bizinesi yange","If l did anything without fear of failure, l'd start my own business."
Nuwe yangambiire ngu kusaba kirungi obuyambi.,He's the one who taught me that it's okay to ask for help.
Kugarraho buhyaka ebyasisikaire nukugenda omumaiso omubikaro ebyasisikaire.,Reconstruction efforts continue in affected areas.
"nyikaire ntakukinihira ngu ninyija kugura eka yange, baitu ndi hanu, ninyija kutekaho omukono hakipapura wiiki ekwija","I never will think l'd be able to buy mu own home, but here l am, signing the papers next week."
ebiro bisaatu omurubuga orututekanizaga kubungira,Three days in a city we have never planned to visit.
kakuba gavumenti yataireho omuhendo gwahansiho habwengo zamani gizooba abantu abaingi bakubaire nibakozesa amaani agaani agarukugarurwa buhyaaka,"If the government had subsidized solar panels, more people would use renewable energy now."
UPDF omubitebe eketaba kalinda businge.,UPDF has participated in peace keeping missions.
ebiro bisaatu murubuga orutubaire tutwetekanizi kubungira,Three days in a city we never planned to visit.
embya y'omukisaka nija kuhambya impala mayiro nyingi ejwahire okuhikya,The wild dog will chase the impala for miles until it tired out.
"tikatekerezahoga nti ninyija okumaraho omwaka gunu, baitu hati ndihanu","I have not thought I'd make it through that year, but here I am."
abantu nibaija kwesoroza omuka y'omunyoro habw'orukurato,People will gather at the chief's house for the meeting.
egali y'omwika eraba aheru y'orubuga neja kuba nungi muno nti nkaba ntasobora okubyama ntagirozire,The train ride through the countryside will so be beautiful that i did'nt sleep a wink.
Ndora muno Ruhanga omubimera kukira onubyombeko.,I find God easily in nature than in any building
Enganikyo zoleka ebya abantu abakuru,Oral history projects record elders'
"Nkaba ntukaterezaaga ngu kusura ndisobora enju eka , baitu dera ndihamu , ninyija kutekaho omukono hampapura sabbiti erukwija.","I never thought l'd be able to buy mu own home , but here l am , signing the papers next week."
abantu baisoroize omuka y'omunyoro habworukurato,People have gathered at the chief's house for the meeting.
omusaija naija kuteka sente omumasamba,He will invest in a real estate investment
ekitebe ky'abantu kisagikire bandi okuterayo akazina kandi kamu,The crowd has cheered for the band to play one more song.
obujanjabi bubaire nyingi bwasente baitu nibukoraho,The treatment has been expensive but effective.
abantu bombekere iramizo erihyaka namebere bona batina,The community has built a new shrine at the sacred spring.
abaserurizi basoma endubata y'ebinyonyi obu bazonzora ekika ekihyaka ekyebinyonyi,The researchers study bird migration patterns when they discovered a new species.
embuzi bazihare omubazi gw'enjoka nkabuliro,The goats have regularly been dewormed.
"hakumalira kyasa kinu, tuhindura ekoragana yaitu n'ebyobuhangwa","The end of century, we transform our relationship with"
abantu nibaija kwombeka iramizo erihyaka nambere bona batina,The community will build a new shrine at the sacred spring.
embuzi bakaziha omubazi gw'enjoka nkabulikiro,The goats were regularly dewormed.
"kakuba oraba ogondeze okumanya ebyobuhangwa baitu, tandika n'ebyokulya baitu","If you have wanted to understand our culture, start with food."
tuhaire amata g'ent ag'okubanza hali ba'isenkuru itwe,We have given the first milk from the cow to the ancestors.
atunga okwimukiza ha mulimo,He receives a raise at work.
tujagwize amagesa hakumalira kwa sizoni,We celebrated the harvest festival at the end of the season.
"Nkaba ntukaterezaaga ngu ndisobora kusura enju eka , baitu dera ndihamu , ninyija kutekaho omukono hampapura sabbiti erukwija.","I never thought l'd be able to buy mu own home , but here l am , signing the papers next week."
NRA etandikire enkora endi,The NRA has developed a parallel administration.
enyange nija kwemera kurungi muno gahaihi omumaizi,The egret will stand perfectly still in the shallow water.
omutezi naijakuteranizaho wenanga omulere ha bandi,The harmonica player will add a bluesy feel to the band's sound.
akahuka nikaija kujanjara mubantu muno,The virus will widely circulate in the community.
ndozirege ebituuru byebisisaru ebisarazirwe ebirukugambaho oruganikyo rwomukama owamaani kiro kyaijo,I watched a shadow puppet show that told the story of a great king yesterday.
kotoni akaba kirimwa kyasente kya amkumi abiri m'uganda,became a major cash crop in the early 20th century Uganda.
Uganda ey'ekyasa ekya 19 eri omubihandiiko ebyabakwenda,Missionary writings document 19th century Uganda.
okubura kwamaizi nikwija kutabaniza ebyokulima n'obulisa omukicweka,The water will affect agricultural production the region.
aija kurolera ekitebe kumare emyaka atakabaire mukuru,She will manage a team for years before she became director.
okubaira nambere emiti ebaire etemerwe kigarwireho irindiro lyebisoro byomukisaka mukicweka nambere byali,The reforestation project has brought back wildlife that had disappeared from the area.
Enganikyo zoleka ebya abantu abakuru ebibamanyire,Oral history projects record elders' memories.
"omukazi akangamba,""omusana nigwija kujwa omurundi gundi kandi nyenkya, naiwe oti.""","She tells me,""The sun will rise again tomorrow, and so will you""."
ebizina byenzarwa hamu n'orunyege n'okucekeca biba mubulimukoro,Traditional music and danced accompained ceremonies.
sitage y'ebyemizano empyaka shakespeare azanira buli musizoni youmsana,The new theater stages Shakespeare plays every summer.
aija kurolera ekitebe kumare emyaka atakabaire mukuru,She will manage a team for years before she became director.
omulimi naija kugesa ge amacande kandi agatwale hakyoma,The farmer will harvest his sunflower and took it for pressing yesterday.
enyunyuzi zikaka muno ekiro omumwanya kukira ebitara by'omurubuga,The stars brightly shone in the night sky away from city lights.
enyange imerire kurrngi muno omumaizi gahaihi,The egret has stood perfectly still in the shallow water.
Omwegesa wange akagamba owungonza nyine ekisembo ky'okuhandiika -ebyo ebigambo bikaguma nanye.,My favorite teacher told me that i had a gift- for writing those words stayed with me.
ekitebe kyabantu nikinja kusagika bandi okuterayo akazina kandi kamu,The crowd will cheer for the band to play one more song.
omutendereza amanyirire abakuru nekizina kye ijo,The praise singer has honored the chief's bravery with his song yesterday.
orufu isenkuru rwa nyowe rubairekijaguzo ky'obwomezibwe - yatugambiraga enganikyo kandi twasekaga kuraba omuziga gaitu,My grandfather's funeral has been a celebration of his life - e told stories and laughed through our tears.
kakuba ntararabirweho baasi ekiro eki tinakutangaine yange. engajani,"if i hadn't missed the bus that day, i never would have met my best friend."
Nsabira amadiini goona omugisa-itwena tuli baana Ruhanga omu.,I pray for peace among all religions-we're all children of the same God.
okutwarwa kwitaka kihambiriza okuleka abalimi itaka lyabo kandi bagenda mumbuga,The soil erosion forces farers to abandon their land and move to cities.
"omurundi gw'okubanza okugenda mwoyomubudabuda, nkatina ekinazonzora hali nyowe","The first time I go to therapy, I was terrified of what I might discover about myself."
omukazi abaire nakorra mukeeto kumara emyaka atkabaire CFO,She works the accounting department for years before she became CFO.
nsabire omumadini obusnge gona-ntwena tuli bana baruhanga omu,I have prayed for peace among all religions-we're all children of the same God.
"Tubanza okuha abakuru abaira , amata agatubanza okukama omunte.",We give the first milk from the cow to the ancestors.
nibaija abantu kwehumuzamu habizina ebymporampora,The crowd will back sway and forth to the slow music.
ekika kyabaiito nikija kulema bunyoro kurugira kimu mukyasi kya 16th,The Babiito dynasty will rule Bunyoro since the 16th century.
Okusendwa kw'itaka kuleteriize abalimi itaka kuleka lyaabo bakagenda mu bibuga.,The soil erosion has been forcing forcing farers to abandon their land and move to cities.
omulimi agesa amacande ge kandi hakyoma yagatwara ijo,The farmer harvests his sunflower and took it for pressing yesterday.
irwaro rigagira eryahuro ry'ebitabu byabarwaire ebirukukwataho obwomezi bwabo,The hospital has had a patient library with health information.
wenanga akateranizaho omulere ha bandi,The harmonica player added a bluesy feel to the band's sound.
"tifwireyo ogambireki, tikwija kuhindura ebitekerezo byange","No matter what you have said, I won't change my mind."
"kakuba ntatunge okwegaramu obumanzi nkabaza nawe kirokinu, titwanditungire obuyani bunu","If l will not muster the courage to talk to her day, we would have missed out on this friendship."
nkozeseze kadi yabanka okutunga obugoba,I used a credit card for the rewards points.
abantu nibaija kwombeka iramizo erihyaka nambere bona batina,The community will build a new shrine at the sacred spring.
ekyaro kaitu kibaire nikiyamba abo boona abatakwesobora,Our village has always helped those who are in need.
abasija abato bombekere orugo rw'ente ouhyaka,The young men have built the new kraal for the cattle.
Nsabira amadiini goona omugisa-itwena tuli baana ba Ruhanga omu.,I pray for peace among all religions-we're all children of the same God.
obujanjabi kuba nibwija bwoburumi baitu nibukoraho,The treatment will be painful but is usually effective.
"omurundi gw'okubanza nkagenda mwoyomubudabuda, nkatina ekinazonzora hali nyo","The first time I have gone to therapy, I was terrified of what I might discover about myself."
abantu behumwize habizina ebyamporampora,The crowd has back swayed and forth to the slow music.
okubaira emiti nambere ebaire etemerwe kigaraho irindiro lyebisoro by'omukisaka mukicweka nambere byali,The reforestation project brings back wildlife that had disappeared from the area.
"kakuba mba nkozire ekintu kyona ntaine kutina rundi okulemererwa, ninyija kutandikaho bizinesi yange","If l has done anything without fear of failure, l'd start my own business."
okubura kwamaizi kutalibaniza ebyobulimi omukicweka n'obulisa,The water scarcity affects agricultural production in the region.
obujanjabi bwali bwoburumi bukakoraho baitu,The treatment was painful but is usually effective.
"kakuba nakugambira kimu ekintu hali ekiniga, kiri ngu tokwija kukirugaho-nokirabamu","If I will tell you one thing about grief, it's that you never get over it-you get through it."
"kakuba nakozire ekintu kyona ntaine okutina rundi okulemererwa,ninyija bizinesi okutandikaho yange","If l did anything without fear of failure, l'd start my own business."
"Omukyaro kyaitu omuntu obwafa ,abasi,bensi boona baterana bazagika abafeerwa.","When someone die in our village , the whole community comes together to support the family."
nkozeseze kadi yabanka okutunga obugoba,I have used a credit card for the rewards points.
"kakuba ntalitungire okwegaramu obumanzi nkabaza nawe kirokinu, titwanditungire obunyani bunu","If l did muster the courage to talk to her that day, we would have missed out on this friendship."
UPDF omubikorwa eketaba by'okulinda obusinge,UPDF participated in peace keeping missions.
ekika kyabaiito kulema nikija bunyoro kurugira kimu mukyasi kya 16th,The Babiito dynasty will rule Bunyoro since the 16th century.
ekyoma kyomubaizi nikija kubaija ekisisani kuruga omukihinju kyekiti,The sculptor will chisel figure out of a single block of wood.
okutwarwa kwitaka kihambiriza abalimi okuleka itaka lyabo kandi bagenda mumbuga,The soil erosion forces farers to abandon their land and move to cities.
abazirweneho bagarukire n'ebitekerezo ebihyaka n'okunihira,Veterans have returned with new ideas and expectations.
irwaro nirija kutekaho obujanjabi bw'abazaire abaine enda,The clinic will provide prenatal care for expectant mothers.
"omuro tigurukwija kugwa mpaka nyekya, ogaruke hairwaro","If the fever will not go down by tomorrow, come back to the clinic."
okubura kwamaizi kutalibaniza ebyobulimi n'obulisa omukicweka,The water scarcity affects agricultural production in the region.
akahuka kajanjaire muno mubantu,The virus has widely circulated in the community.
Abebyokuseruliriza bakaba nibecumitiriza obubarozire y'ebinyonyi emiringo ebihyaaka.,The researchers were studying bird migration patterns when they discovered a new species.
ebiro bisaatu murubuga orutubaire tutwetekanizi kubungira,days in a city we never planned to visit.
"mutabani wange naija kukaguza,""ruhanga ali nkaha?"" ninjakusomnga hamutima n'ogwe gwange","My son will ask me,""Where is God?""I pointed to my heart and his."
abasaija abato nibaija okwombeka orugo rw'ente oruhyaka,The young men will build the new kraal for the cattle.
Abalimi bakozesa ebijunzire kwongera oburungi omu itaka.,use compost to improve soil structure.
ninyija kusabira obusinge omumadini gona-ntwena tuli baana baruhanga omu,I will pray for peace among all religions-we're all children of the same God.
egali y'omwika eraba aheru ebaire y'orubuga nungi muno nti nkaba ntasobora kubyama ntagirozire,The train ride through the countryside has so been beautiful that i did'nt sleep a wink.
naija kutunga okwimukizibwa ha mulimo,He will receive a raise at work.
irwaro ritaireho obujanjabi bw'abzaire enda abaine,The clinic has provided prenatal care for expectant mothers.
ekataha kampini omukatale akahyaka,The company entered new markets.
embya ehambizege y'omukisaka impala mayiro nyingi okuhikya ejwahire,The wild dog has chased the impala for miles until it tired out.
"kakuba abantu batalisiza muno, itaka nirija kusigara rw'orwezo","If the community does not overgraze the land, the soil would still be fertile."
enkoragana empyaka eyobusubuzi ekaimukya ebitundwa ye aheru bw'obulimi yihanga,The new trade deal boosted agricultural exports.
"kakuba gavumenti etekamu sente omubintu ebikyegarukamu kara, ntusobora okuba nebyobuhangwa ebiyonjo","If the government in renewable energy earlier, we could have a cleaner environment now."
egali y'omwika eraba aheru y'orubuga ebaire nungi muno nti nkaba ntasobora kubyama ntagirozire,The train ride through the countryside has so been beautiful that i did'nt sleep a wink.
omukazi ataaha naworoza hamu nokulinda,She had been collecting indigenous seeds for preservation.
okubaira emiti nambere ebaire etemerwe kigarwireho irindiro lyebisoro byomukisaka mukicweka nambere byali,The reforestation project has brought back wildlife that had disappeared from the area.
embya y'omukisaka ehambizege impala mayiro nyingi okuhikya ejwahire,The wild dog has chased the impala for miles until it tired out.
"kakuba nakugambira ekintu kimu hali ekiniga, kiri ngu tokwija kukirugaho-nokirabamu","If I will tell you one thing about grief, it's that you never get over it-you get through it."
"tifwireyo biki bwobailize, tinkwija kuhindura ebitekerezo byange","No matter what you said, I won't change my mind."
irwaro rigagira eryahuro ry'ebitabu byabarwaire ebirukukwataho obwomezi bwabo,hospital has had a patient library with health information.
gavumenti enkora eresireho empyaka hali abalimi abakulima ebyokulya,The government provided subsidies for farmers who practice sustainable agriculture.
abantu abaingi abesoroize abaijwiire omwiro omuzaano gutakatandikire,The crowd is buzzing with excitement before the show starts.
noija kwetagisa okutekaho kwokya rundi aisi nambere hatungire obuhuta,You will need to apply heat or ice to the injured area.
"kakuba mba nkugambire ekintu kimu hali ekiniga, ngu tokwija kukirugaho-nokirabam","If I have told you one thing about grief, it's that you never get over it-you get through it."
ebihuka birubatire hamu omurukara bihimbire ebisosonkole nibibigara omukiju,The ants have marched in a long line carrying crumbs back to their nest.
ekika kyababiito kilema kurugira bunyoro kimu omukyasa kya 16th,The Babiito dynasty rules Bunyoro since the 16th century.
obujanjabi nibwija kuba bwoburumi nibukoraho,The treatment will be painful but is usually effective.
tukajaguza amagesa hakumalira kwa sizoni,We celebrated the harvest festival at the end of the season.
Omwegesa wange owungonza akagamba nyine ekisembo ky'okuhandiika -ebyo ebigambo bikaguma nanye.,My favorite teacher told me that i had a gift- for writing those words stayed with me.
naija kutekamu sente muno nyingi,He will invest in a hedge fund.
buli muntu oratangatangaineho amanyire ky'otamanyire ekintu - nigw'omugisa kukyega,Every person you have met knows something you don't — that's a chance to learn.
bakozesa okulima turakita omusiri,They plow the fields using a tractor.
obaire noyenda okutekaho okwokya rundi aisi nambere hatunire obuhuta,You needed apply heat or ice to the injured
embuzi nibaja kuziha omubazi gw'enjoka nkabulikiro,The goats will regularly dewormed.
okaba oine okujwara pulasita kumara mukaaga wiiki,You needed to wear a cast for six weeks.
ngura ebintu omu supamaketi buli wiiki,I bought groceries from the supermarket every week.
owenanga ruhuhwa nayongeramu okukwatwaho kwobujure nokwecumitiriza gebidongp,The harmonica player adds a bluesy feel to the sound.
"gunu omurundi wiiki erukwija, tubyame kubyama hamusa gwenyanja","This time next week, we lay on a beach."
kotoni naija kuba kirimwa mukyasi kyasente kya amkumi abiri m'uganda,Cotton will become a major cash crop in the early 20th century Uganda.
ninyija okukozesa kadi yabanka obugoba okutunga,I will use a credit card for the rewards points.
omrwaire ayolekerege oburorwaho obwokwekengera,The patient showed signs of sepsis.
"akasumi kona mbaire nitekereza ntungire okugarukwamu, nyega ekintu kihyaka","Everytime I have thought I've figured it out, I learn new."
enyange imerire kurrngi muno omumaizi gahaihi,The egret has stood perfectly still in the shallow water.
okaire noyetagisibwa okwikaza okuguru kwawe kwimukize kukehya okuzimba,You have needed to keep your leg elevated to reduce swelling.
embina yomukisaka ekairukya empara habwa mairu nyingiho kuhirya obuyajwahire,The wild dog chased the impala for miles until it tired out.
Pamba ekafooka ekirimwa ekirukuleeta entahya omu Uganda omukutandika okwekyasa ekya 20.,Cotton became a cash crop in the early 20th century Uganda.
omutezi wenanga naijakuteranizaho omulere ha bandi,The harmonica player will add a bluesy feel to the band's sound.
Ninyujuka akasumi akananyiire kimu ngu nuwe nywani owahikire- obwataransekeriize omukasu kange akabi.,I remember the exact moment l knew she was a true friend - when she didn't laugh at my worst moment.
ekika kaitu kigira engeri y'okutangira omwaka omuhyaka eyembaganiza,Our clan has had own special way of welcoming the new year.
"omuro mpaka gutagwe nyenkya,ogaruke hairwaro","If the fever did not go down by tomorrow, come back to the clinic."
"gunu omurundi wiiki erukwija, tubyame kubyama hamusa gwenyanja","This time next week, we lay on a beach."
ebyafayo eby'okubaza nibija kwoleka okwijuka kw'abantu abakuru,Oral history will project record elders ' memories.
Omubazi kukoragana nigusobora n'emibazi endi.,The medication may interact with other drugs.
tihakwija kuba kintu kibi nkokurubata mukigana otaine sokisi,There will be nothing worse than stepping in a puddle with on.
ekika kyababiito kilema kurugira kimu omukyasa kya 16th,The Babiito dynasty rules Bunyoro since the 16th century.
okaba oine okujwara pulasita kumara wiiki mukaaga,You needed to wear a cast for six weeks.
Omubazi nigusobara kusasa baitu nigukora.,The treatment can be painful but is usually effective.
Noija kwetaaga kujwara ekiseminti kumara sabiiti mukaaga.,You'll to wear a cast for six weeks.
"kona akasumi ntekereza ntungire okugarukwamu, nyega ekintu kihyaka","Everytime I thought I've figured it out, I learn something new."
okubura kwamaizi ebyobulimi kukatalibaniza n'obulisa omukicweka,The water scarcity affected agricultural production in the region.
orufu rwa isenkuru nyowe kiri ky'obwomezibwe kijaguzo - yatugambiraga enganikyo kandi twsekaga kuraba omumaziga gaitu,My grandfather's funeral is a celebration of his life - e told stories and laughed through our tears.
Itwe tusiima emizimu ey'omunsozi nomumyandara namabaale.,We give thanks to the spirits of the mountains for the rocks and stones.
"Kakuba abasi bensi batungire itaka likooto eryokulisizamu, itaka lyakubaire likyarumu ekiriisa.","If the community had not overgrazed the land, the soil would still be fertile."
enyange ekeemerra eterekeriire mumaizi agatahamire,The egret stood perfectly still in the shallow water.
omukazi akozire mukeeto kumara emyaka nyingi atakafokere CFO,She has worked in the accounting department for years before she became CFO.
Noyetaagwa kwikaza okuguru kuhanikirwe kukehya okuzimba.,You'll need to keep your leg elevated to reduce swelling.
Noija kwetaaga kujwara ekiseminti kumara sabiiti mukaaga.,You'll need to wear a cast for six weeks.
Obworaba nogonza kwetrgereza ebyobuhangi bwaaitu tandika nebyokulya byaitu.,"If you want to understand our culture, start with our food."
empyaka taxi bakagitandikaho omwaka oguhwaire,The new tax was implemented next year.
okuhandika kwabaramagi okutandika omukyasa kya 19th m'uganda,Missionary writings will document 19th century
ebiro bisaatu murubuga tuturukwija orutubaire kwetekaniza kubungira,Three days in a city we will never plan to visit.
gavumenti neja kuletaho enkora empyaka hali abalimi abakulima ebyokulya,The government will provide subsidies for farmers who practice sustainable agriculture.
tukhaire okusima hali emyoyo y'omurusozi habwe emyandara na amabale,We have given thanks to the spirits of the mountains for the rocks and stones.
banka enkuru ekehya amagoba,The central bank lowers interest rates.
izaniro ly'emizano elihyaka balitekanize shakespeare azanira musizoni y'omusana,The new theater has staged Shakespeare plays every summer.
Hampero eby'okugesa ey'ebiro nitwija kukora obugenyi.,We will celebrate the harvest festival at the end of the season.
okucamuka kwamabale hansi omwitaka kukabaruka kwaletaho okuhangwaho obuhanga muhagati y'enyanja,The volcanic eruption created a new island in the middle of the ocean.
amanyira omutendereza abakuru nekizina kye ijo,The praise singer honors the chief's bravery with his song yesterday.
kampini ekataha omukatale akahyaka,The company entered new markets.
abaana baitu bahulire nkonku twatangatagaine - batuletereza okukibazaho buli hanyuma y'omwaka mubuswere baitu,Our children have heard the story of how we met -they make us tell every
nijnja kwenga kwenyumirizamu nobukuba ndi omuburumi-nikimanyisa nkyali mwomezi,I will learn to be grateful even in pain-it means I'm still alive to feel.
irwaro nirija kugira eryahuro ry'ebitabu byabarwaire ebirukukwataho bwabo obwomezi,The hospital will have a patient library with health information.
omukazi ataaha naworoza hamu nokulinda,She had been collecting indigenous seeds for preservation.
kyatooro ekikali mu FORT PORTAL kikasikiriza abagenyi baingi,The Tooro palace in Fort Portal attracted many visitors.
"kakuba gavumenti eba ekendize omuhendo gwa sola pano, abantu nibaija baingi kutandika kukozesa amasanyarazi","If the government has subsidized solar panels, more people would use renewable energy now."
omulimi agesire amacande ge kandi yagatwara hakyoma,The farmer has harvested his sunflower and took it for pressing yesterday.
nuwe yanyegeseze ngu tikine buzibu bwona okusaba obukonyezi,He was the one who taught me that it's okay to ask for help.
"kakuba gavumenti erakehya omuhendo gwa sola pano, abantu baingi nibaija kutandika kukozesa amasanyarazi","If the government will subsidize solar panels, more people would use renewable energy now."
abantu nibaija kwehumuzamu habizina ebymporampora,The crowd will back sway and forth to the slow music.
tukaha amata g'ente ag'okubaza ba'isekuru hali itwe,We gave the first milk from the cow to the ancestors.
izaniro ly'emizano elihyaka likakingurwaho hali abantu abaine obulema,The new theater was accessible to people with disabilities.
ekitebe ky'abantu kisagikire bandi okuterayo kandi akazina kamu,The crowd has cheered for the band to play one more song.
buli muntu watangantangaine amanyire ekintu ky'otamanyire - nigw'omugisa kukyega,Every person you met knows something you don't — that's a chance to learn.
bwali obujanjabi bwasente nyingi baitu nibukoraho,The treatment will be expensive but effective.
ekitebe nikija kugwa omu1977 habw'okwahukana mupolipo,The community will collapse in 1977 due to political differences.
"basi kakuba etalindekere ekiro eki, tinandibwoine munyani wange muno.","If i did not miss the bus that day, i never would have met my best friend."
amani g'okwombeka buhyaka omubicweka geyongire ebyali bihikirweho,Reconstruction efforts have continued in affected areas.
ebyefuna bikahambirize emihendo y'ebintu okweyongera muno,The economy faced inflationary pressures.
"hakumalira ye kyasa kinu, tukahindura ekoragana yaitu n'byobuhangwa","The the end of this century, we transformed our relationship with nature."
eka yaitu ekajaguza amagesa namazina agokusima itaka,Our family always celebrated the harvest with a dance that thanks the earth.
omutezi wenanga akateranizaho omulere ha bandi,The harmonica player added a bluesy feel to the band's sound.
abaserurizi nibaija kusoma y'ebinyonyi endubata obu barazonzora ekika ekihyaka ekyebinyonyi,The researchers will study bird migration patterns when they discovered a new species.
omutendereza naija abakuru kumanyira nekizina kye ijo,The praise singer will honor the chief's bravery with his song yesterday.
omukago gw'obusubuzi omuhyaka gukaimukya ebitundwa aheru,The new trade deal boosted exports.
tujaguza amagesa hakumalira kwa sizoni,We celebrate the harvest festival at the end of the season.
Omubazi nigusobora kukoragana n'emibazi endi.,The medication interact with other drugs.
omurwaire ayolere obwokwekengera oburorwaho,The patient has shown signs of sepsis.
amagesa tujagwize hakumalira kwa sizoni,We have celebrated the harvest festival at the end of the season.
omutezi wenanga naija kuteranizaho ha omulere bandi,The harmonica player has added a bluesy feel to the band's sound.
"hakumalira ye kyasa kinu, tukahindura ekoragana n'byobuhangwa yaitu","The the end of this century, we transformed our relationship with nature."
"kakuba isomero nirinja kukubuza obusinge, tekerezamu kakuba haba haliyo omulingo gundi gwona","If school will make you miserable, consider whether there's another way."
gavumenti etairo enkora hali empyaka abalimi abakulima ebyokulya,The government has provided subsidies for farmers who practice sustainable agriculture.
"omuro kugwa tigurukwija mpaka nyekya, ogaruke hairwaro","If the fever will not go down by tomorrow, come back to the clinic."
Noyetaagwa kwikaza okuguru kuhanikirwe kukehya okuzimba.,You'll need to keep your leg elevated to reduce swelling.
ablimi nibaja kuozesa ebijunzire okuhindura engeri y'itaka,Farmers will use compost to improve soil structure.
omuranga gw'okumanyira eby'obuhangwa nigwija kuhika akakaikuru kamu,The environmental awareness campaign will reach over one people.
"dora ebinyonyi omumwanya; tibisigire rundi okugesa, baitu ise owomwiguru obirisa","Look at the birds of the air; they have not sown or reap, yet your heavenly father feeds them."
akatunga okwimukiza ha mulimo,He received a raise at work.
"kakuba abantu batalisize muno, itaka lyandisigaire ry'orwezo","If the community has not overgrazed the land, the soil would still be fertile."
"kakuba gavumenti eba ekendize omuhendo gwa sola pano, abantu baingi nibaija kutandika kukozesa amasanyarazi",If the government has subsidized solar more people would use renewable energy now.
embuzi omubazi bazihare gw'enjoka nkabuliro,The goats have regularly been dewormed.
"Kakuba abasi bensi batungire itaka likooto eryokulisizamu, lyakubaire itaka likyarumu ekiriisa.","If the community had not overgrazed the land, the soil would still be fertile."
kampuni etahire akhyaka omukatale,The company has entered new markets.
omusomesa wange owunyenda naija kungamba nkaba nyina ekisembo kyokuhandika ebigambo ebi bikasigara nanye,My favorite teacher will tell me that i had a gift- for writing those words stayed with me.
"kakuba omuro guba tigugwire mpaka nyenkya, ogaruke hairwaro","If the fever has not gone down by tomorrow, come back to the clinic."
igana lyabantu nirija kusemererwa omukoro gutakatandikire,The crowd will buzz with excitement before the show starts.
"ekiniga kizirege omubicweka ebiro ebimu ninsobora okwikya, ebiro ebindi tinkusobora","The grief has come in waves some days l can breath, some days l can't."
nyegere okwenyumirizamu ndi nobukuba muburumi-nikimanyisa nkyali mwomezi,I have learned to be grateful even in pain-it means I'm still alive to feel.
enyange nija kwemera kurungi muno omumaizi gahaihi,The egret will stand perfectly still in the shallow water.
amani g'okwombeka buhyaka geyongire ebyali omubicweka bihikirweho,Reconstruction efforts continued in affected areas.
nyinenkuru nyowe naija kuruka ebibo eby'akatale kumara emyaka,My grandmother weave baskets for the market for many years.
izaniro ly'emizano elihyaka likingwire hali abantu abaine obulema,The new theater is accessible to people with disabilities.
"nkaba nttaine kuninhira kwona ngu ninyija kusobora kugura eka eyang,baitu ndi hanu, nitekakaho omukono hakipapura wiiki erukwija","I never have thought l'd be able to buy mu own home, but here l am, signing the papers next week."
tukaha amata g'ente ag'okubaza hali ba'isekuru itwe,We gave the first milk from cow to the ancestors.
embya yomukisaka impala ekahambya mayiro nyingi okuhikya ejwahire,The wild dog chased the impala for miles until it tired out.
UPDF yetaba omubikorwa by'okulinda obusinge,UPDF participates in peace keeping missions.
ebyafayo nibija eby'okubaza kwoleka okwijuka kw'abantu abakuru,Oral history will project record elders ' memories.
"nkaba ntakinihira ninyija nti kumaraho omwaka gunu, baitu hati ndihanu","I did not think I'd make it through that year, but here I am."
okutwarwa kwitaka abalimi okuleka itaka lyabo kandi bagenda,The soil erosion forces farers to abandon their land and move to cities.
"Abarukuseruliriza bakaba hinduka y'obwire haby'okulunda ebyokulya ,obubatandukire emihanda y'okulinda empyaaka.",researchers were studying the impact of climate change on food security they new adaptation strategies.
"kakuba basi etandeka eki ekiro, tindikwija kurora munyani wange muno","If i will not miss the bus that day, i never would have met my best friend."
"gunu omurundi wiiki erukwija, kubyama nitwija hamusa gwenyanja","This time next week, we will lie on a beach."
"Orufu rwalsenkuru nyowe rukuba rwokujaguza obuwomezibwe -nobukiraba tukaba tuli omumazisa, ,nokuseka twaseka.",My grandfather's funeral was a celebration of his life - e told stories and laughed through our tears.
ninyija ekituru kusunga kyomutini ekirikyoleka ngu kikagamba oruganikyo orw'omukama owamani ijo,I will watch a shadow puppet show that told the story of a great king yesterday.
"kakuba oraba ogondeze ebyobuhangwa okumanya baitu, tandika n'ebyokulya baitu","If you have wanted to understand our culture, start with our food."
"ye hakumalira kyasa kinu, tuhindwire enkoragana yaitu n'ebyobuhangwa","The the end of this century, we have transformed our relationship with nature."
Omurundi gwokubanza nkagenda kutunga obujanjabi ekintu ekibangambiire ekinkaba nsemerire kuzonzora nyowe nyenka.,"The first time I to therapy, I was terrified of I might discover about myself."
arolerire ekitebe kumara emyaka atakabaire mukuru,She has managed a team for years before she became director.
Abebyokuseruliriza bakaba nibecumitiriza obubarozire emiringo y'ebinyonyi ebihyaaka.,The researchers were studying bird migration patterns when they discovered a new species.
ninyija kugira eyinasabaga esaara kakuba mpura oturo - nikyo kintu ky'okumalira omubwongo bwange,I will have a prayer I say when I'm falling asleep-it's the last thing on my mind.
okubura kwamaizi nikwija kutabaniza ebyokulima n'obulisa omukicweka,The water scarcity will affect agricultural production in the region.
y'omusomo twegeseze abalimi orukumi rumu omukukozesa orwezo kuruga omubijuzire,"By the end of this project, we have trained one thousand farmers in organic methods."
omukago omuhyaka gw'obusubuzi gwimukize ebitundwa aheru,The new trade deal has boosted exports.
izaniro ly'emizano elihyaka likigwireho hali abantu abane obulema,The new theater has been accessible to people with disabilities.
empyaka enkoragana eyobusubuzi imukya ebitundwa ye bw'obulimi aheru yihanga,The new trade deal boosts agricultural exports.
ekitebe kikasagika kyabantu bandi okuterayo akazina kandi kamu,The crowd cheered for the band to play one more song.
ekyaro kaitu kiraguma nikiyamba abo boona abatakwesobora,Our village will always help those who are in need.
ndozirege ebituuru byebisisaru ebisarazirwe ebirukugambaho oruganikyo rwomukama owamaani kiro kyaijo,I watched a shadow puppet show that told the story of a great king yesterday.
"Rora ebinyonyi omumwanya, tibisiga, tibigesa baitu Isinywe anyakuli omwiguru abiriisa.","Look at the of the air; they do not sow or reap, yet your heavenly father feeds them."
ebihuka nibija kurubatira murukara ebisosonkole bihimbire nibibigara omukiju,The ants will march in a long line carrying crumbs back to their nest.
eka yaitu nija kujaguzaga amagesa namazina agokusima itaka,Our family will always celebrate the harvest with a dance that thanks the earth.
"Kakuba ndi wokukugambira ekintu kimu hali enaku, nikyo otaligyehugura-ogirabemu. ngu","If I could tell you one thing about grief, it's that you never get over it-you get through it."
"kakuba ntalitungire okwegaramu obumanzi nkabaza nawe kirokinu, titwanditungire bunu obunyani","If l did not muster the courage to talk to her that day, we would have missed out on this friendship."
Omusaija asaswire amabanjage goona,He has paid off all his debts.
Nuwe yangambiire ngu kirungi kusaba obuyambi.,He's the one who taught me that it's okay to ask for help.
enyange eterekeriire ekeemerra mumaizi agatahamire,The egret stood perfectly still in the shallow water.
nguzire ebuntu omu supamaketi buli wiiki,I have bought groceries from the supermarket every week.
ebiro murubuga bisaatu orutubaire tutwetekanizi kubungira,Three days in a city we never planned to visit.
Ekka yaitu amagesa ejaguza na mazina ag'okusiima ensi.,Our family has always celebrated the harvest with a dance that thanks the earth.
niyinja okusasura ebintu byange nsuwarensi ijo,I have paid my property insurance yesterday.
oyetagisize okutekaho okwokya rundi aisi nambere hantungire obuhuta,You have needed to apply heat or ice to the injured area.
"dora ebinyonyi omumwanya; rundi bitasige okugesa, baitu iwe ise owomwiguru obirisa","Look at the birds of the air; they did not sow or reap, yet your heavenly father feeds them."
omuranga gw'okumanyira eby'obuhangwa guhikire abantu akakaikuru kamu,The environmental awareness campaign reaches over one million people.
tuzikire abafu baitu nambere omwitaka baisenkuru itwe bahumura,We have buried our dead in the ground where our ancestors rest.
"omurundi gw'okubanza okugenda mwoyomubudabuda, nkatina ekinazonzora hali nyowe","The first time I go to therapy, I was terrified of what I might discover about myself."
ekika kaitu nikija kugira engeri omwaka y'okutangira omuhyaka eyemabaganiza,Our clan will have its own special way of welcoming the new year.
ninyija okugira obuzibu n'okuhuliriza by'okutekana,I will have difficulty concetrating.
Ntaaha nyine obuleemezi okutekaho omutiima.,I've been having difficulty concetrating.
tukaha okusima hali emyoyo y'omurusozi habwa emyandara na amabale,We gave thanks to the spirits of the mountains for the rocks and stones.
nibaija kulima omusiri ni bakozesa turakita,They will plow the fields using a tractor.
"hakumalira ye kyasa kinu, tukahindura ekoragana yaitu n'byobuhangwa","The the end of this century, we transformed our relationship with nature."
nsangire ruhanga ayanguhire omuby'obuhangwa muno kukira ebyombeko,I found God more easily in nature than in any building.
tukajaguza amagesa kwa hakumalira sizoni,We celebrated the harvest festival at the end of the season.
obujanjabi bwali bwoburumi bukakoraho,The treatment was but is usually effective.
"abantu kakuba batarukwija kulisiza muno, itaka nirija kusigara ry'orwezo","If the community will not overgraze the land, the soil would still be fertile."
Okusendwa kw'itaka kuleteriize abalimi kuleka itaka lyaabo bakagenda mu bibuga.,The soil erosion has been forcing forcing farers to abandon their land and move to cities.
"Akangambira ,""lzooba ndigenda kwongera kwimuka nyenkya, kandi naiwe nukwo"".","She told me , ""The sun will rise again tomorrow, and so will you""."
Omubazi nigusobara kusasa baitu nigukora.,The treatment can be painful but is usually effective.
Uganda ey'ekyasa ekya 19 eri omubihandiiko ebyabakwenda abenjiri.,Missionary writings document 19th century Uganda.
embya y'omukisaka nija kuhambya impala mayiro nyingi okuhikya ejwahire,The wild dog will chase the for miles until it tired out.
okaire noyetagisibwa okuguru okwikaza kwawe kwimukize kukehya okuzimba,You have needed to keep your leg elevated to reduce swelling.
ninyija kusanga ruhanga ayanguhire muno omu by'obuhangwa kukira omubyombeko,I will find God more easily in nature than in any building.
embuzi bazihare omubazi gw'enjoka nkabuliro,The goats have regularly been dewormed.
kakuba ntararabirweho baasi ekiro eki tinakutangaine engajani yange.,"if i hadn't missed the bus that day, i never would have met my best friend."
"Nkaba ntamanyire ndisobora kurabamu ogu omwaka, baitu dora kandi hanu.","I didn't think I'd make it through that year, but here I am."
"Omuntu obwafa , ekyaro kiija kugaragara , kababe bamanyire kurungi rundi tibamanyire.","When someone dies , the whole village comes to pay respects , whether they knew them well or not."
Omurundi gwokubanza nkagenda kutunga obujanjabi ekintu ekibangambiire ekinkaba nsemerire kuzonzora nyenka. nyowe,"The first time I went to therapy, I was terrified of what I might discover about myself."
"Kakuba omuswija gutakeeha kikahika nyekya, ogaruke karwarro. omu","If the fever doesn't go down by tomorrow, come back to the clinic."
abaserurizi basomereho endubata y'ebinyonyi bazonzoire obu ekika ekihyaka ekyebinyonyi,The researchers have studied bird migration patterns when they discovered a new species.
"Omuntu obwafa , ekyaro kiija kugaragara , kababe bamanyire rundi kurungi tibamanyire.","When someone dies , the whole village comes to pay respects , whether they knew them well or not."
nyinenkuru nyowe arukire ebigega eby'akatale kumara emyaka nyingi,My grandmother has woven baskets for the market for many years.
UPDF omubikorwa yetaba by'okulinda obusinge,UPDF participates in peace keeping missions.
embuzi nizihebwa omubazi gwenjoka buli kasumi,The goats are being dewormed regularly.
Hakumaliira kwe kyaasa kiru nitwiija kuba tumazire kwatundwira enkoragana yaitu n'ebyobuhangwa.,"The the of this century ,we will have transformed our relationship with nature."
nija kwemera kurungi muno omumaizi gahaihi,The egret will stand perfectly still in the shallow water.
amani g'okwombeka buhyaka omubicweka ebyali,Reconstruction efforts continued in affected areas.
omulimi ayombire omusiri gwe gwamuhogo wiiki ehwaire,The farmer has weeded his cassava field last week.
egali y'omwika eraba aheru y'orubuga ekaba muno nungi nti nkaba ntasobora okubyama ntagirozire,The train ride through the countryside was so beautiful that i did'nt sleep a wink.
izaniro ly'emizano elihyaka balitekanize shakespeare azanira buli y'omusana musizoni,The new theater has staged Shakespeare plays every summer.
kakuba gavumenti yataireho gwahansiho omuhendo habwengo zamani gizooba abantu abaingi bakubaire nibakozesa amaani agaani agarukugarurwa buhyaaka,"If the government had subsidized solar panels, more people would use renewable energy now."
omusomesa wange owunyenda agambira nkaba ngu nyina ekisembo kyokuhandika ebigambo ebi bikasigara nanye,My favorite teacher tells me that i had a gift- for writing those words stayed with me.
Obuguuda bwihanga butungire omurro ogwokutemba okwemihendo.,The economy is facing inflationary pressures.
Buli murwa namakuru noobu kiraaba tutugetegereza.,"Every ritual has a meaning, even if don't always understand it."
"omuntu weena owotaganana tangana anyina ekyamanyire iwe ekyotamanyire , kandi kinu nikisemera kukuha omugisa okwega",Every person you meet knows something you don't—that's a chance to learn.
"tifwireyo ogambireki, tikwija kuhindura ebitekerezo byange","No matter what you have said, I won't change my"
okucamuka kwamabale omwitak hansi nikwija kuletaho okuhangwaho obuhanga muhagati y'enyanja,The volcanic eruption will create a new island in the middle of the ocean.
"nkaba ntakinihira nti ninyija kumaraho omwaka gunu, baitu hati ndihanu","I did not think I'd make it through that year, but here I am."
"buli mugenzo gwali gwine ekigurukumanyisa, nobu kiraba tutukugwetegereza.","Every had a meaning, even if we don't understand it."
ekyaro kaitu kiraguma nikiyamba abo boona,Our village will always help those who in need.
nyegere okwenyumirizamu ndi muburumi-nikimanyisa nkyali mwomezi,I have learned be grateful even in pain-it means I'm still alive to feel.
Ebiro omu bisatu rubuga orututatekanizaaga kobunga.,Three days in a city we'd never planned to visit.
"kakuba mba nkozire ekintu ntaine kyona kutina rundi okulemererwa, ninyija kutandikaho bizinesi yange","If l has done anything without fear of failure, l'd start my own business."
omusaija abyaire omu mutemwa kahagura,He has invested in a hedge fund.
Abasungi nibaseyeya enyuma nomumaiso habwekizina ekiruugenda mpora mpora.,The crowd is swaying back and forth to the slow music.
Okusendwa kw'itaka kuleteriize abalimi kuleka itaka lyaabo bakagenda bibuga.,The soil erosion has been forcing forcing farers to abandon their and move cities.
"dora ebinyonyi omumwanya; tibisigire rundi okugesa, baitu iwe ise owomwiguru obirisa","Look at the birds of the air; they have not sown or reap, yet your heavenly father feeds them."
kugira esaara eyinasabaga kakuba mpura oturo - nikyo kintu ky'okumalira omubwongo bwange,I will have a I say when I'm falling asleep-it's the last thing on my mind.
okucamuka kwamabale hansi omwitaka kuleterire okuhangwaho obuhanga muhagati y'enyanja,The volcanic eruption has created a new island in the middle of the ocean.
ninyija kwijuka akasumi kenyini akaba owamazima-nambere munyani atalinsekeraize omukasumi obukaba ndi kubi,I will remember the exact moment l knew she was a true friend - when she didn't laugh at my worst moment.
ekyoma kyomubaizi kikabaija ekisisani kuruga omukihinju kyekiti,The sculptor chisels a figure out of a single block of wood.
tuzika abafu baitu nambere omwitaka baisenkuru itwe bahumura,We bury our dead in the ground where our ancestors rest.
"Orufu rwalsenkuru nyowe rukuba rwokujaguza obuwomezibwe -nobukiraba tukaba tuli omumazisa, tukamubazaaho ,nokuseka twaseka.",My grandfather's funeral was a celebration of his life - e told stories and laughed through our tears.
abaseruruzi bakasomaho engeri y'okuhinduka hinduka y'enyikara ekutalibaniza ebwokulya obubatandikireho enkora empyaka,The researchers study the impact of climate change on food security when they developed new adaptation strategies.
yemizaano yaharutuutu empyaka nijja kwoolekaga emizano yasekisipiya buli bwiirre oburutagata,The new theater will stage Shakespeare plays every summer.
omukazi akasoroza embibo entoro z'okwahura,She collects indigenous seeds for preservation.
Omurwaire nayoleka bwokuba oburorwaho kubi.,The patient is showing signs of sepsis.
kaliitango y'okwegesa habyobuhangwo ehikireho abantu abarukuhingura mukyaaro,The environmental awareness campaign has reached over one million people.
omulimi agesire amacande ge yagatwara kandi hakyoma,The farmer has harvested his sunflower and took it for pressing yesterday.
Obworaba nogonza ebyobuhangi bwaaitu tandika nebyokulya byaitu.,"If you want understand our culture, start with our food."
"kakuba abantu batalisize muno, itaka lyandisigaire ry'orwezo","If the community has not overgrazed the land, the soil would still be fertile."
abekento bamalirizege alipota y'omwaka,The finance team has finalized the annual report.
abasija abato bombekere orugo rw'ente ouhyaka,The young men have built the new kraal for the cattle.
Omwegesa wange owungonza akagamba nyine ekisembo ky'okuhandiika -ebyo ebigambo bikaguma nanye.,My favorite teacher told me that i had a gift- for writing those words stayed with me.
akahuka nikaija kujanjara muno mubantu,The virus will widely circulate in the community.
omusaija akateka sente ze omumasamba,He invested in a real estate investment trust.
omumwaka gw'enkumi ibiri asaatu tufunire okukeha kwingi muno hakusisika kwobuhanwa,"By 2030, we achieve a significant reduction in the loss of biodiversity."
akandindisa okumara esaha yona,She made me wait for an hour.
taxi empyaka nejakutandika omwaka ogurukwija,The new tax is implemented next year.
yaitu eka ekajaguza amagesa namazina agokusima itaka,Our family always celebrated the harvest with a dance that thanks the earth.
"Kakuba nakukozire ekintu ntaine butiine bwokugwa, butiini nakutandikireho entaahya yange.","If l could do anything without fear of failure , l'd start my own business."
omulimi agesa amacande ge kandi yagatwara hakyoma ijo,The farmer harvests his sunflower and took it for pressing yesterday.
birubatire ebihuka hamu omurukara bihimbire ebisosonkole nibibigara omukiju,The ants have marched in a long line carrying crumbs back to their nest.
abaire omukazi nakorra mukeeto kumara emyaka atkabaire CFO,She works in the accounting department for years before she became CFO.
"buli mugenzo gwali gwine ekigurukumanyisa, kiraba nobu tutukugwetegereza.","Every ritual had a meaning, even if we don't always understand it."
UPDF eketaba omubikorwa by'okulinda obusinge,UPDF participated in peace keeping missions.
omrwaire oburorwaho ayolekerege obwokwekengera,The patient showed signs of sepsis.
ebicoli bikasiswa kadoima,The maize crop was damaged by fall armyworm.
ebibo empyaka ekaba esemerire hansi eyimukire,The new variety was suitable for higher altitudes.
Ekaali kya Tooro omu Fort Portal kisikiriza abagenyi baingi.,The Tooro palace in Fort Portal attracts many visitors.
obujanjabi byasente nyingi baitu nibukoraho,The treatment was expensive but effective.
Akatebe akeby'ensimbi nikamaliiriza ensoborra ( ) ripoota eyabuli mwaka.,The finance team is finalizing the annual report.
omutendereza naija kumanyira abakuru nekizina kye ijo,The praise singer will honor the chief's bravery with his song yesterday.
ninyija kusunga ekituru kyomutini ekirikyoleka ngu kikagamba oruganikyo orw'omukama owamani ijo,I will watch a shadow puppet show that told the story of a great king yesterday.
ekitebe kyabantu kikasagika bandi akazina kandi kamu,The crowd for the band to play one song.
nitwija kuha amata g'ente ag'okubaza hali itwe,will give the first milk from the cow to the ancestors.
igana lyabantu lika semererwa omukoro gutakatandikire,The crowd has buzzed with excitement before the show starts.
Ninyujuka akasumi akananyiire kimu ngu nuwe nywani owahikire- obwataransekeriize kange omukasu akabi.,I remember the exact moment l knew she was a true friend - when she didn't laugh at my worst moment.
okucamuka kwamabale hansi omwitak nikwija kuletaho okuhangwaho obuhanga muhagati y'enyanja,The volcanic eruption will create a new island in the middle of the ocean.
Omubazi nigusobora kukoragana n'emibazi endi.,The medication may interact with other drugs.
ebiro bisaatu murubuga orutubaire tuturukwija kwetekaniza kubungira,Three days in a city we will never plan to visit.
enkuru banka ekeheze amagoba,The central bank has lowered interest rates.
tukaha okusima hali emyoyo y'omurusozi habwa emyandara na amabale,We gave thanks to the spirits of the mountains for the rocks and stones.
kotoni naija kuba kirimwa kyasente mukyasi kya amkumi abiri m'uganda,Cotton will become a major cash crop in the early 20th century Uganda.
ebihuka nibija kurubatira murukara bihimbire ebisosonkole nibibigara omukiju,The ants will march in a long line carrying crumbs back to their nest.
nsasura ebintu byange nsuwarensi ijo,I pay my property insurance yesterday.
ninyija kusiga ekihemeheme kandi nkisindike hamutimbagano nyekya,I will draw a funny cartoon and posted it on social media yesterday.
enyunyuzi nizija kwaka muno ekiro omumwanya kukira ebitara by'omurubuga,The stars will brightly shine in the night sky away from city lights.
Ekiro ekyaijo nsaswirege eya ensuwarensi matungo gange,I paid my property insurance yesterday.
omukazi akozire mukeeto kumara emyaka nyingi CFO atakafokere,She has worked in the accounting department for years before she became CFO.
Abasungi nibaseyeya enyuma nomumaiso habwekizina ekiruugenda mpora. mpora,The crowd is swaying back and forth to the slow music.
banka enkuru niija kukekya amagoba,The central bank will lower interest rates.
"kakuba omuntu afwa, ekyaro kyona kija okunahukara, oba babamanyire muno rundi tibabamanyire","When someone died, the whole village comes to pay respects, whether they knew them well or not."
"kakuba omuntu afwa omukyaro kyaitu, bona abantu nibaija kwesoroza baije okusagika eka","When someone die in our village, the whole community will together come to support the family."
akandindisa kumara esaaha,She made me wait for an hour.
banka enkuru amagoba ekakehya,The central bank lowered interest rates.
ayehaisa we wenka habwencumbaye,She prides herself on her cooking.
nyowe nkozesa kaada -nsimbi habwobusiimo.,I use a credit for the rewards points.
"kakuba omuntu afwa, ekyaro kyona kija okunahukara, oba babamanyire muno rundi tibabamanyire","When someone has died, the whole village comes to pay respects, whether they knew them well or not."
"Kakuba gutakeeha kikahika nyekya, ogaruke omu karwarro.","If the fever doesn't go down by tomorrow, come back to the clinic."
"Omwehanga hangi ekisisani nyaisatu , akaiihamu kurungi ,mukikuya kimu kyomuti kiti.",The sculptor has chiseled a figure out of a single block of wood.
taxi empyaka nejakutandika ogurukwija omwaka,The new tax is implemented next year.
ninyenda okusara sukali,I needed to cut down on sugar.
tuzika abafu baitu omwitaka nambere baisenkuru itwe,We bury our dead in the ground where our ancestors rest.
Noija kwetaagibwa kuteekaho obutagasi rundi obufuki ha kicweka ekihutaire.,You'll need to apply heat or ice to the injured area.
enkoragana empyaka eyobusubuzi imukya ebitundwa ye bw'obulimi aheru yihanga,The new trade boosts agricultural exports.
noija kwetagisibya okujwara pulasita okumara wiiki mukaaga,You will need to wear a cast for six weeks.
gavumenti eresireho enkora empyaka hali abalimi abakulima ebyokulya,The government provided subsidies for farmers who practice sustainable agriculture.
omukazi akasoroza embibo entoro z'okwahura,She collects indigenous seeds for preservation.
omuranga gw'okumanyira eby'obuhangwa nigwija kuhika akakaikuru kamu,The environmental awareness campaign will reach over one million people.
Abasungi nibaseyeya enyuma nomumaiso habwekizina ekiruugenda mpora mpora.,The crowd is swaying back and forth to the slow music.
obujanjabi bukozire hamu n'emibazi endi,The medication has interacted with other drugs.
abalimi bakozesaze ebijunzire okuhindura engeri y'itaka,Farmers have used compost to improve soil structure.
nkagira esaara eyinasabaga kakuba nahuraga oyuro - nikyo kintu ky'okumalira bwange omubwongo,I have had a prayer I say when I'm falling asleep-it's the last thing on my mind.
ekitebe nikija kugwa omu1977 habw'okwahukana mupolipo,community collapse in 1977 due to political differences.
ekitebe kikagwa omu 1977 habw'okwahukana mupolipo,The community collapsed in 1977 due to political differences.
"kakuba bus etandekere, tinanditangatangaine munyani wange muno","If i have not missed the bus that day, i never would have met my best friend."
"Omwehanga hangi ekisisani nyaisatu akaiihamu kurungi ,mukikuya kyomuti kimu kiti.",The sculptor has chiseled a figure out of a single block of wood.
Ekaali kya Tooro omu Fort Portal kisikiriza abagenyi baingi.,The Tooro palace in Fort Portal attracts many visitors.
ninyijuka akasumi nikimanya kenyini akaba munyani owamazima-atansekereze omukasumi obukaba nidi kubi,I remembered the exact moment l knew she was a true friend - when she didn't laugh at my worst moment.
"hakumalira gunu, y'omusomo twegeseze abalimi orukumi rumu omukukozesa orwezo kuruga omubijuzire","By the end of this project, we have trained one thousand farmers in organic methods."
"ekiniga kiaizira omubicweka ebiro ebimu nisobora kwikya, ebiro ebindi tinkusobora","The grief came in waves some days l can breath, some days l can't."
ekitebe ky'abantu kisagikire bandi okuterayo akazina kandi kamu,The crowd has cheered for the band to play one more song.
omunya nigwija okucicya omukira gwako kandi katoroke hali ekinyonyi,The skink will wiggle its tail and escaped from the bird's grasp.
"ntindikwija kunihira nti ninyija kumaraho omwaka gunu, baitu hati ndihanu","I will not think I'd make it through that year, but I am."
izaniro ly'emizano elihyaka likakingurwaho hali abantu abaine obulema,The new theater was accessible to people with disabilities.
ntangainege munywani wange owaira ijo,I ran into an old friend yesterday.
"kakuba ninyija kukora ekintu kyona ntaine okutina rundi okulemererwa, ninyija kutandikaho bizinesi yange","If l will do anything without fear of failure, l'd start my own business."
kotoni ebaire kirimwa kyasente muno mukyasi amakumi kya abiri m'uganda,Cotton has become a major cash crop in the early 20th century Uganda.
"omukazi abaire agambire,""izoba nirija kwimuka nyenkya,kandi naiwe oti.""","She has told me,""The sun will rise again tomorrow, and so will you""."
"kakuba gavumenti erakehya omuhendo gwa sola pano, abantu baingi nibaija kutandika kukozesa amasanyarazi","If the government will subsidize solar panels, more people would use renewable energy now."
abekento kumaliriza nibaija alipota y'omwaka,The finance team will finalize the annual report.
"ntindikwija kunihira nti ninyija kumaraho omwaka gunu, hati baitu ndihanu","I will not think I'd make it through that year, but here I am."
"omuro gutagwe mpaka nyenkya,ogaruke hairwaro","If the fever not go down by tomorrow, come back to the clinic."
abaana baitu bakahura nkonku twatangatagaine- batuletereza okukibazaho buli hanyuma y'omwaka mubuswere baitu,Our children heard the story of how we met -they make us tell it every anniversary.
Ebiro bisatu omu rubuga kobunga.,in a city we'd planned to visit.
ebizina byenzarwa hamu n'okucekeca n'orunyegebirabaga mubuli mukoro,Traditional music and will dance accompained ceremonies.
nitwija kuha okusima hali emyoyo y'murusozi habwe na emyandara amabale,We will give thanks to the spirits of the mountains for the rocks and stones.
nkairukira mwamunwani wange ijo omukuru,I run into an old friend yesterday.
"omurundi gw'okubanza ninyija kugenda mwomubudabuda, nkatina ekinazonzora hali nyowe","The first time I will go to therapy, I was terrified of what might discover myself."
kajanjaire akahuka muno mubantu,The virus has widely circulated in the community.
obujanjabi bukakora hamu n'emibazi endi,The medication interacted with other drugs.
obaire noyenda okutekaho okwokya rundi nambere aisi hatunire obuhuta,You needed to apply heat or ice to the injured area.
obubarakora okuseruruza okubatetekanize,When they make unexpected discoveries.
ninyija okukozesa kadi yabanka okutunga obugoba,I will use a credit card for the rewards points.
omusaija naija kuteka ze sente omumasamba,He will invest in a real estate investment trust.
nuwe akwija ngu okunyegesa tikine buzibu bwona okusaba obukonyezi,He will be the one who taught me that it's okay to ask for help.
"nyikaire ntakukinihira ngu ninyija kugura eka yange, baitu ndi hanu, ninyija kutekaho hakipapura omukono wiiki ekwija","I never will think l'd be able to buy mu own home, but here l am, signing the papers next week."
nsangire ruhanga ayanguhire muno omuby'obuhangwa kukira omubyombeko,I have found God more easily in nature than in any building.
Abaana baitu benda kuhurra oruganikyo twatangatangaine. nkoku,Our children love hearing the story oh how we met -they make us tell it every anniversary.
nyirukire wange mwamunwani omukuru ijo,I have run into an old friend yesterday.
omumwaka ibiri gw'enkumi asaatu tufunire okukeha kwingi muno hakusisika kwobuhanwa,"By 2030, we achieve a significant reduction in the loss of biodiversity."
"omukazi abaire agambire,""izoba nirija kwimuka nyenkya,kandi naiwe oti.""","She has told me,""The sun will rise again tomorrow, and so will you""."
nkaba nyine n'okutekana obuzibu ahahuliriza,I had difficulty concetrating.
Omusoro og'wendema eya kukahambiriza matwale baingi kupagasa.,Colonial taxation forced many into wage labor.
busayo ekibi nkokurubata mukigana otajaire sokisi,There was nothing worse than stepping in a puddle socks on.
"mutabani wange akagwize,""ruhanga ali nkaha?"" nkamusongera hamutima gwange n'ogwe","My son has asked me,""Where is God?""I pointed to my heart and his."
enyunyuzi zakire muno ekiro kukira omumwanya ebitara by'omurubuga,The stars have brightly shone in the night sky away from city lights.
abazirweneho bagarukire n'ebitekerezo ebihyaka n'okunihira,Veterans have returned with new ideas and expectations.
"buli mugenzo nigwija kugira ekirukumanyisa, kiraba nobu tutukugwetegereza","Every ritual will have a meaning, even if we don't always understand it."
nija kugura ebintu mu supamaketi wiiki,I will buy groceries from supermarket every week.
naija omrwaire kwoleka oburorwaho obwokwekengera,The patient will show signs of sepsis.
noyetagisibwa okuwikaza okuguru kwawe kwimukize kukehya okuzimba,You needed to keep your leg elevated to reduce swelling.
"kakuba isomero lyakubulize obusinge, tekerezamu kakuba haba haliyo omulingo gundi gwona","If school made you miserable, consider whether there's another way."
busayo kintu ekibi nkokurubata mukigana otajaire sokisi,There was nothing worse than stepping in a puddle with socks on.
nkairukira mwamunwani wange omukuru ijo,I run into an old friend yesterday.
ekika kaitu nikija kugira engeri y'okutangira omwaka omuhyaka eyemabaganiza,Our clan will have its own special way of welcoming the new year.
niyinja okusasura ebintu nsuwarensi byange ijo,I have paid my property insurance yesterday.
omusomesa wange owunyenda agambire ngu nkaba nyine ekisembo kyokuhandika ebigambo ebi bikasigara nanye,My favorite teacher has told me that i had a gift- for writing those words stayed me.
"wange mutabani akagwize,""ruhanga ali nkaha?"" nkamusongera hamutima gwange n'ogwe","My son has asked me,""Where is God?""I pointed to my heart and his."
bakitunnzi naija kiguzi kutangatangana omukuru,The sales team will present to a major client.
tihabaireho ekintu ekibi nkoku rubata omukigana otaine sokisi,There has been nothing worse than stepping in a puddle with socks on.
ekika kaitu nikija kugira engeri y'okutangira omwaka omuhyaka eyemabaganiza,Our clan will have its own special way of welcoming the new year.
egali y'omwika eraba aheru y'orubuga neja kuba nungi muno nti nkaba okubyama ntasobora ntagirozire,The train ride through the countryside will so be beautiful that i did'nt sleep a wink.
obujanjabi bukozire hamu n'emibazi endi,The medication has interacted with other drugs.
abaseruruzi nibaja kusomaho engrri y'okuhindukahinduka y'enyikara ekutabaniza ebwokulya obubatandikireho enkora empyaka,The will study the impact climate change on food security when they developed new strategies.
noija kwetagisa okutekaho kwokya rundi aisi nambere hatungire obuhuta,You will need to apply heat or ice to the injured area.
okuhandika kwabaramagi nikwija okutandika omukyasa kya 19th m'uganda,Missionary writings will document 19th century Uganda.
"kakuba likuburanganize isomero obusinge, tekerezamu kakuba haba haliyo omulingo gundi gwona","If school has made you miserable, consider whether there's another way."
kampuni nija kutaha akahyaka mukatale,The company will enter new markets.
tuhaireyo okwongezebwayo waranti masanyarazi ha,We have offered extended warranties on electronics.
nibija ebicoli kusisibwa kadoima,The maize crop will be damaged by fall armyworm.
"tifwireyo biki bwobailize, tinkwija kuhindura byange ebitekerezo","No matter what you said, I won't change my mind."
"kakuba bus etandekere, tinanditangatangaine wange munyani muno","If i have not missed the bus that day, i never would have met my best friend."
"kakuba omuntu afwa, ekyaro kyona nikija okunahukara, oba muno babamanyire rundi tibabamanyire","When someone will die, the whole village comes to pay respects, whether they knew them well or not."
"gunu omurundi erukwija, tubyamire hamusa gwenyanja","This time next week, we have lied on a beach."
egali y'omwika eraba y'orubuga neja kuba nungi muno nti nkaba ntasobora okubyama ntagirozire,The train ride through the countryside will so be beautiful that i did'nt sleep a wink.
gw'obusubuzi omuhyaka gwimukize ebitundwa aheru,The new trade deal has boosted exports.
eka yaitu ebaire amagesa nejaguza namazina agokusima itaka,Our family has always celebrated the harvest with a dance that thanks the earth.
irwaro rikatekaho obujanjabi abaine enda,The clinic provided prenatal care for expectant mothers.
omukazi naija kwega n'okulisa hakulima okwokwebaisaho,She will learn about sustainable agriculture.
owenanga ruhuhwa nayongeramu okukwatwaho kwobujure nokwecumitiriza gebidongp omumaraka,The harmonica player adds a bluesy feel to the band's sound.
nija UPDF okwetaba omubikorwa by'okulinda obusinge,UPDF will participate in peace keeping missions.
izaniro ly'emizano elihyaka balitekanize shakespeare azanira buli musizoni y'omusana,The new theater has staged Shakespeare plays every summer.
"Omukyaro kyaitu omuntu obwafa boona ,abasi,bensi baterana bazagika abafeerwa.","When someone die in our village , the whole community comes together to support the family."
Pamba ekafooka ekirimwa ekirukuleeta entahya omu Uganda okwekyasa omukutandika ekya 20.,Cotton became a major cash crop in the early 20th century Uganda.
nyinenkuru nyowe arukire ebigega eby'akatale kumara emyaka nyingi,My grandmother has woven baskets for the market for many years.
tukazika abafu baitu omwitaka nambere baisenkuru itwe bahumura,We buried our dead in the ground where our ancestors rest.
"nkaba ntakunihira ngu nisobora okugura eka yange, baitu ndi hanu, nitekaho omukono hakipapura wiiki ekwija","I never thought l'd be able to buy mu own home, but here l am, signing the papers next week."
okucamuka kwamabale hansi omwitaka kukabaruka kwaletaho okuhangwaho obuhanga muhagati y'enyanja,The volcanic eruption created a new island in the middle of the ocean.
Omubazi nigusobara baitu kusasa nigukora.,The treatment can be painful but is usually effective.
Ekitebe kikahwahi omumwaka ogwa 1977 habwobutetegerezangana omubyendema.,The community collapsed in 1977 due to political differences.
orufu rwa isenkuru nyowe rubairekijaguzo ky'obwomezibwe - yatugambiraga enganikyo kandi twasekaga kuraba omuziga gaitu,My grandfather's funeral has been a celebration of his life - e told stories and laughed through our tears.
"tifwireyo biki obworukwija kabaza, tinkwija kuhindura ebitekerezo byange","No matter what you will say, I won't change my mind."
kotoni akaba kirimwa kyasente omukyasi kya abiri amkumi m'uganda,Cotton became a major cash crop in the early 20th century Uganda.
ninyija kugira esaara eyinasabaga kakuba mpura oturo - nikyo kintu ky'okumalira omubwongo bwange,I will have a prayer I say when I'm falling asleep-it's the last thing on my mind.
ebihuka birubatire hamu bihimbire ebisosonkole nibibigara omukiju,The ants have marched in a long line carrying crumbs back to their nest.
nuwe ogu eyanyegeseze ngu tikine buzibu bwona okukonyezi,He has been one taught me that it's okay to ask for help.
omusoro gwa aberambanda nigwija kuhambiriza baingi omubusibi,Colonial taxation will force many into wage labor.
egali y'omwika eraba aheru y'orubuga ekaba nungi muno nti nkaba ntasobora okubyama ntagirozire,The train ride through the countryside was so beautiful that i did'nt sleep a wink.
nyirukire mwamunwani wange omukuru ijo,I have run into an old friend yesterday.
nitwija kuha amata g'ente ag'okubaza hali ba'isekuru itwe,We will give the first milk from the cow to the ancestors.
Obubavumbuire ebibakaba batarukuruhira.,When they made unexpected discoveries.
nyegere okwenyumirizamu nobukuba ndi muburumi-nikimanyisa nkyali mwomezi,I have learned to be grateful even in pain-it means I'm still alive to feel.
"kakuba nkugambira ekintu kimu hali ekiniga,kiri ngu tokwija kukirugaho-nokirabamu","If I told you one thing about grief, it's that you never get over it-you get through it."
itwe tuha endagaano eraihireho eyokulinda ebyamasanyarazi ebiguzirwe.,We offer extended warranties on electronics.
nkaba nyine esaara eyinasabaga kakuba oturo mpura - nikyo kintu ky'okumalira omubwongo bwange,I had a prayer I say when I'm falling asleep-it's the last thing on my mind.
ekyaro kaitu kiguma nikiyamba abo abatakwesobora,Our village always helped those who are in need.
asaswire Omusaija amabanjage goona,He has paid off all his debts.
naija okundindisa okumara esha yona,She will make me wait for an hour.
abekento alipota bamalirizege y'omwaka,The finance team has finalized the annual report.
nkasiga ekihemeheme kandi kandi nakisindika hamutimbagano ijo,I draw a funny cartoon and posted it on social media yesterday.
takafikaga omugabo gwa abakama babizinesi,He never missed a dividend payment.
igana nirija lyabantu kusemererwa omukoro gutakatandikire,The crowd will buzz with excitement before the show starts.
obujanjabi bubaire bwasente baitu nibukoraho,treatment has been expensive but effective.
omutendereza amanyirire abakuru nekizina kye ijo,The praise singer has honored the chief's bravery with his song yesterday.
ebintu by'emikono by'enzarwa tutwaraine okukora orubugo,Traditional crafts have included barkcloth making.
ebyafayo eby'okubaza byayolekaga okwijuka kw'abantu abakuru,Oral history projected record elders ' memories.
tarukwija kufika omugabo gwa abakama babizinesi,He will never miss a dividend payment.
lyabantu igana bakatoka nokusemererwa omukoro gutakatandikire,The crowd buzzed with excitement before the show starts.
ninyija okusara sukali,I will need to cut down on sugar.
"Rora ebinyonyi omumwanya, tibisiga, tibigesa baitu Isinywe anyakuli omwiguru abiriisa.","Look at the birds of the air; they do not sow or reap, yet your heavenly father feeds them."
taxi empyaka bagitandikireho omwaka ogurukwija,The new tax has been implemented next year.
aija kurolera ekitebe kumare atakabaire emyaka mukuru,She will manage a team for years before she became director.
takafikaga omugabo gwa abakama babizinesi,He has never missed a dividend payment.
akatekamu nyingi sente muno,He invested in a hedge fund.
noija kwetagisibya pulasita okujwara okumara wiiki mukaaga,You will need to wear a cast for six weeks.
omukazi aija kukora omukeeto kumara emyaka nyingi atakafokere CFO,She will work in the accounting department for years before she became CFO.
"tikatekerezahoga nti ninyija okumaraho omwaka gunu, baitu hati ndihanu","I not thought I'd make it through that year, but here I am."
ninyja ebintu byange nsuwarensi ijo,I will pay my property insurance yesterday.
"kakuba gavumenti etekamu omubintu sente ebikyegarukamu kara, ntusobora okuba nebyobuhangwa ebiyonjo","If the government invests in renewable energy earlier, we could have a cleaner environment now."
taxi empyaka bakagitandikaho omwaka oguhwaire,The new tax was implemented next year.
"kakuba isomero nirinja kukubuza obusinge, tekerezamu haba kakuba haliyo omulingo gundi gwona","If school will make you miserable, consider whether there's another way."
abaserurizi endubata basoma y'ebinyonyi obu bazonzora ekika ekihyaka ekyebinyonyi,The researchers study bird migration patterns when they discovered a new species.
abantu nibaija kwesoroza y'omunyoro omuka habw'orukurato,People will gather at the chief's house for the meeting.
"mutabani wange akagwize,""ruhanga ali nkaha?"" nkamusongera hamutima gwange n'ogwe","My son has asked me,""Where is God?""I pointed to my heart and his."
embuzi bakaziha omubazi gw'enjoka nkabulikiro,The goats were regularly dewormed.
"Omuntu obwafa , ekyaro kiija kugaragara , bamanyire kurungi rundi tibamanyire.","When , the whole village comes to pay respects , whether they knew them well or not."
ekika kyabaiito kulema bunyoro kurugira mukyasi kya 16th,The Babiito dynasty will rule Bunyoro the 16th
"kakuba okwgaramu obumanzi nkabaza nawe kirokinu, titwanditungire obunyani bunu","If l does not muster the courage to talk to her that day, we would have missed out on this friendship."
cukamba y'omuyanja nejakuturukya ehuzo zamakamba okwerwanaho,The sea cucumber will squirt sticky threads to defend itself.
Balimire nibakozesa amawinde karakita.,They have plowed the fields using a tractor.
noija okwetagisibwa okwikaza okuguru kwawe kwimukize kukehya okuzimba,You will need to keep your leg elevated to reduce swelling.
omusoro gwa aberambanda gukahambiriza baingi omubusibi,Colonial taxation forced many into wage labor.
gukacicya omukira gwako kandi katoroka ekinyonyi,The skink wiggled its tail and escaped from the bird's grasp.
"kakuba gavumenti ekehya omuhendo gwa pano, sola abantu baingi nibaija kutandi kukozesa amasanyarazi","If the government subsidizes solar panels, more people would use renewable energy now."
ataaha omukazi naworoza hamu nokulinda,She had been collecting indigenous seeds for preservation.
nkega kwenyumirizamu nyeka nobukuba ndi muburumi-nikimanyisa nkyali mwomezi,I learned to be grateful even in pain-it means I'm still alive to feel.
"Kakuba abasi bensi batungire itaka likooto eryokulisizamu, itaka lyakubaire likyarumu ekiriisa.","If the community had not overgrazed the land, the soil would still be fertile."
abaseruruzi nibaja kusomaho engrri y'okuhindukahinduka y'enyikara ekutabaniza ebwokulya obubatandikireho enkora empyaka,The researchers will study the impact of climate change on food security when they developed new adaptation strategies.
omukazi akozire mukeeto kumara emyaka nyingi atakafokere CFO,She has worked in the accounting department for years before she became
"tikatekerezahoga nti ninyija okumaraho omwaka baitu gunu, hati ndihanu","I have not thought I'd make it through that year, but here I am."
kampuni eriyo netaaha omubutale obuhyaka.,The company is entering new markets.
enyange ekaimera kurungi mumaizi gahaihi,The egret stood perfectly still in the shallow water.
cukamba y'omuyanja ehuzo nejakuturukya zamakamba okwerwanaho,The sea cucumber will squirt sticky threads to defend itself.
kaitu ekyaro kiraguma nikiyamba abo boona abatakwesobora,Our village will always help those who are in need.
okucamuka kwamabale hansi omwitak nikwija kuletaho okuhangwaho obuhanga muhagati y'enyanja,The volcanic eruption will create a new island in the middle of the ocean.
okubura kwamaizi kukatalibaniza ebyobulimi n'obulisa omukicweka,The water scarcity affected agricultural production in the region.
nyinenkuru nyowe ebigega arukaka eby'akatale kumara emyaka nyingi,My grandmother weaves baskets for the market for many years.
omunya nigwija okucicya omukira gwako kandi katoroke hali ekinyonyi,The skink will wiggle its tail and escaped from the bird's grasp.
tihakwija kuba kintu kibi nkokurubata mukigana otaine sokisi,There will be nothing worse than stepping in a puddle with socks on.
"kakuba gavumeti eratekamu sente omubintu ebikwegarukamu kara, ntusobora okuba n'ebyobuhangwa ebiyomjo","If the government will invest in renewable energy earlier, we could have a cleaner environment now."
nyinenkuru nyowe arukaka ebigega eby'akatale kumara emyaka nyingi,My grandmother weaves baskets for the market for many years.
nkaba nyine obuzibu n'okutekana ahahuliriza,I had difficulty concetrating.
abaseruruzi basomereho engeri y'okuhindukahindikuka y'enyikara ekutabaniza obubatandikireho ebyokulya enkora empyaka,The researchers have studied the impact of climate change on food security when they developed new adaptation strategies.
ntangainege wange munywani owaira ijo,I ran into an old friend yesterday.
nkasunga ekituru nikyoleka kyomutini ngu kikagamba oruganikyo rw'omukama owamani ijo,I watch a shadow puppet show that told the story of a great king yesterday.
ebihuka nibija kurubatira murukara bihimbire ebisosonkole nibibigara omukiju,The ants will in a long line carrying crumbs back to their nest.
abantu nibaija kwehumuzamu habizina ebymporampora,The crowd will back sway and forth to the slow music.
banka enkuru niija kukekya amagoba,The central bank will lower interest rates.
nibaija kulima omusiri ni bakozesa turakita,They will plow the fields using a tractor.
ebintu by'emikono by'enzarwa nitwija kutwarana okukora orubugo,Traditional crafts will include barkcloth making.
ebyefuna bikahambirize emihendo y'ebintu okweyongera muno,The economy faced inflationary pressures.
"hakumalira y'omusomo gunu, ni twija kuba twegeseze abalimi orukumi rumu omukukozesa orwezo kuruga omubijunzire","By the end of this project, we train one thousand farmers in organic methods."
ngura ebintu omu buli supamaketi wiiki,I bought groceries from the supermarket every week.
"nkaba ntakunihira ngu nisobora okugura eka yange, baitu ndi hanu, nitekaho omukono hakipapura wiiki ekwija","I never thought l'd be able to buy mu own home, but here l am, signing the papers next week."
asoraize omukazi embibo entoro z'okwahura,She has collected indigenous seeds for preservation.
abaire nuwe ogu eyanyegeseze ngu tikine bwona buzibu okukonyezi,He has been the one who taught me that it's okay to ask for help.
bakitunzi atangatagaine kiguzi omukuru,The sales team presented to a major client.
okutwarwa kwitaka nikwija okuletera abalimi okuleka itaka lyabo kandi bakagenda mumbuga,The soil erosion will force farers to abandon their land and move to cities.
Abaikazi bombekere ibandiro lihyaka ly'emirwa. haiziba,The community has built a new shrine at the sacred spring.
akasasura amabanjage gona,He paid off all his debts.
"tifwireyo biki obworukwija kabaza, tinkwija kuhindura ebitekerezo byange","No matter what you will say, I won't change my mind."
"kakuba omuntu afwa, ekyaro kyona nikija okunahukara, oba babamanyire muno rundi tibabamanyire","When someone will die, the whole village comes to pay respects, whether they knew them well or not."
Obuguuda bwihanga butungire omurro ogwokutemba okwemihendo.,The economy is facing inflationary pressures.
"akasumi kona mbaire nitekereza ntungire okugarukwamu, nyega ekintu kihyaka","Everytime I have thought I've figured it out, I learn something new."
"ekiniga nikija kwija omubicweka ebiro ebimu nisobora kwikya, ebiro ebindi tinkusobora","The grief will come in some days l can breath, some l can't."
"Omwehanga hangi ekisisani nyaisatu , akaiihamu kurungi ,mukikuya kyomuti kimu kiti.",The sculptor has chiseled a figure out of a single block of wood.
"nyikaire ntakukinihira ngu ninyija kugura eka yange, baitu ndi hanu, ninyija kutekaho omukono hakipapura wiiki ekwija","I never will think l'd be able to buy mu own home, but here l am, signing the papers next week."
ebizina byenzarwa hamu n'okucekeca n'orunyege biba mubulimukoro,Traditional music and danced accompained ceremonies.
"omurundi gw'okubanza ninyija kugenda mwomubudabuda, nkatina ekinazonzora hali nyowe","The first time I will go to therapy, I was terrified of what I might discover about myself."
obuzibu ngira by'okutekana n'okuhuliriza,I have had difficulty concetrating.
"Nkaba ntamanyire ndisobora kurabamu ogu omwaka, baitu dora kandi hanu.","I didn't think I'd make it through that year, but here I am."
naija okumara okundindisa esha yona,She will make me wait for an hour.
kyatooro ekikali mu FORT PORTAL kikasikiriza abagenyi baingi,The Tooro palace in Fort Portal will attract many visitors.
omusomesa wange owunyenda agambira ngu nkaba nyina ekisembo kyokuhandika ebigambo ebi bikasigara nanye,My favorite tells me that i had a gift- for writing those words stayed with me.
taxi bagitandikireho empyaka omwaka ogurukwija,The new tax has been implemented next year.
abantu bakwesoroleza omuka y'omunyoro habw'orukurato,People gathered at the chief's house for the meeting.
"dora ebinyonyi omumwanya; tibirikwija kusiga rundi okugesa, baitu iwe ise obirisa owomwiguru","Look at the birds of the air; they will not sow or reap, yet your heavenly father feeds them."
Akarwarro kaheereza obuheereza obukwatiraine n'okuzaara.,The clinic provides prenatal care for expectant mothers.
ebibo emyaka ebaire nungi hansi eyimukire,The new variety has been suitable for higher altitudes.
