Runyoro,English
"hakumalira kyasa kinu, tuhindura ekoragana yaitu n'ebyobuhangwa","The end of century, we transform our relationship with"
"hakumalira ye kyasa kinu, tuhindura ekoragana n'ebyobuhangwa yaitu","The the end of this century, we transform our relationship with nature."
omukazi abaire nakorra mukeeto kumara emyaka atkabaire CFO,She works the accounting department for years before she became CFO.
abaire omukazi nakorra mukeeto kumara emyaka atkabaire CFO,She works in the accounting department for years before she became CFO.
ekituru kyomutini nikyoleka ngu kikagamba oruganikyo orw'omukama owamani ijo,I have watched a shadow puppet show that told the story of a great king yesterday.
ekituru ndozirege kyomutini nikyoleka ngu kikagamba oruganikyo orw'omukama owamani ijo,I have watched a shadow puppet show that told the story of a great king yesterday.
omutezi wenanga naijakuteranizaho omulere ha bandi,The harmonica player will add a bluesy feel to the band's sound.
omutezi naijakuteranizaho wenanga omulere ha bandi,The harmonica player will add a bluesy feel to the band's sound.
nijnja kwenga nobukuba ndi omuburumi-nikimanyisa nkyali mwomezi,I will learn to be even in pain-it means I'm still alive to feel.
nijnja kwenga kwenyumirizamu nobukuba ndi nkyali omuburumi-nikimanyisa mwomezi,I will learn to be grateful even in pain-it means I'm still alive to feel.
naija kutunga okwimukizibwa ha mulimo,He will receive a raise at work.
kutunga naija okwimukizibwa ha mulimo,He will receive a raise at work.
"dora ebinyonyi omumwanya; bitasige rundi okugesa, baitu iwe ise owomwiguru obirisa","Look at the birds of the air; they did not sow or reap, yet your heavenly father feeds them."
"dora ebinyonyi omumwanya; rundi bitasige okugesa, baitu iwe ise owomwiguru obirisa","Look at the birds of the air; they did not sow or reap, yet your heavenly father feeds them."
nkasiga ekihemeheme kandi kandi nakisindika hamutimbagano ijo,I draw a funny cartoon and posted it on social media yesterday.
nkasiga ekihemeheme kandi nakisindika kandi hamutimbagano ijo,I draw a funny cartoon and posted it on social media yesterday.
ntangainege munywani wange owaira ijo,I ran into an old friend yesterday.
ntangainege wange munywani owaira ijo,I ran into an old friend yesterday.
"hakumalira ye kyasa kinu, tuhindwire enkoragana yaitu n'ebyobuhangwa","The the end of century, we have transformed our relationship with nature."
"ye hakumalira kyasa kinu, tuhindwire enkoragana yaitu n'ebyobuhangwa","The the end of this century, we have transformed our relationship with nature."
omulimi ayombire omusiri gwe gwamuhogo wiiki ehwaire,The farmer has weeded his cassava field last week.
omulimi ayombire omusiri gwe wiiki gwamuhogo ehwaire,The farmer has weeded his cassava field last week.
Hakumaliira kwe kyaasa kiru nitwiija kuba tumazire kwatundwira enkoragana yaitu n'ebyobuhangwa.,"The the of this century ,we will have transformed our relationship with nature."
Hakumaliira kyaasa kwe kiru nitwiija kuba tumazire kwatundwira enkoragana yaitu n'ebyobuhangwa.,"The the end of this century ,we will have transformed our relationship with nature."
"orayenda okwetegereza ebyobuhangwa baitu, tandika n'ebyokulya baitu","If you will want to understand our culture, start with our food."
"orayenda kakuba okwetegereza ebyobuhangwa baitu, tandika n'ebyokulya baitu","If you will want to understand our culture, start with our food."
"Nkaba ntukaterezaaga ngu ndisobora kusura enju eka , baitu dera ndihamu , ninyija kutekaho omukono hampapura sabbiti","I never thought l'd be able buy mu own home , but here l am , signing the papers next week."
"Nkaba ntukaterezaaga ngu kusura ndisobora enju eka , baitu dera ndihamu , ninyija kutekaho omukono hampapura sabbiti erukwija.","I never thought l'd be able to buy mu own home , but here l am , signing the papers next week."
nkatera ekihemeheme kandi nakisindika hamutimbagano ijo,I have drawn a funny cartoon and posted it on social media yesterday.
ekihemeheme nkatera kandi nakisindika hamutimbagano ijo,I have drawn a funny cartoon and posted it on social media yesterday.
ebizina hamu n'okucekeca n'orunyegebirabaga mubuli mukoro,Traditional music and will dance accompained ceremonies.
ebizina byenzarwa n'okucekeca hamu n'orunyegebirabaga mubuli mukoro,Traditional music and will dance accompained ceremonies.
omukazi akozire mukeeto kumara emyaka nyingi atakafokere CFO,She has worked in the accounting department for years before she became
omukazi akozire mukeeto kumara emyaka nyingi CFO atakafokere,She has worked in the accounting department for years before she became CFO.
omulimi agesa amacande ge kandi yagatwara hakyoma ijo,The farmer harvests his sunflower and took it for pressing yesterday.
omulimi agesa amacande ge kandi hakyoma yagatwara ijo,The farmer harvests his sunflower and took it for pressing yesterday.
omulimi agesire amacande ge kandi yagatwara hakyoma,The farmer has harvested his sunflower and took it for pressing yesterday.
omulimi agesire amacande ge yagatwara kandi hakyoma,The farmer has harvested his sunflower and took it for pressing yesterday.
igana lyabantu nirija kusemererwa omukoro gutakatandikire,crowd will buzz with excitement before the show starts.
igana nirija lyabantu kusemererwa omukoro gutakatandikire,The crowd will buzz with excitement before the show starts.
taxi empyaka bakagitandikaho omwaka oguhwaire,The new tax was implemented next year.
empyaka taxi bakagitandikaho omwaka oguhwaire,The new tax was implemented next year.
"kakuba gavumenti erakehya omuhendo gwa sola pano, abantu baingi nibaija kutandika kukozesa amasanyarazi","If the government will subsidize solar panels, more people would use renewable energy now."
"kakuba gavumenti omuhendo erakehya gwa sola pano, abantu baingi nibaija kutandika kukozesa amasanyarazi","If the government will subsidize solar panels, more people would use renewable energy now."
omusomesa wange owunyenda naija kungamba nkaba nyina ekisembo kyokuhandika ebigambo ebi bikasigara,My favorite teacher will tell me that i had a gift- for writing those words stayed with me.
omusomesa wange owunyenda naija kungamba nkaba nyina ekisembo kyokuhandika ebigambo ebi nanye bikasigara,My favorite teacher will tell me that i had a gift- for writing those words stayed with me.
ebiro bisaatu murubuga orutubaire kwetekaniza kubungira,days in a city we will never plan to visit.
ebiro bisaatu murubuga tuturukwija orutubaire kwetekaniza kubungira,Three days in a city we will never plan to visit.
abekento nibaija alipota y'omwaka,The finance team will finalize the annual
abekento kumaliriza nibaija alipota y'omwaka,The finance team will finalize the annual report.
irwaro ritaireho obujanjabi bw'abzaire abaine enda,The clinic has provided prenatal care for expectant mothers.
irwaro ritaireho obujanjabi bw'abzaire enda abaine,The clinic has provided prenatal care for expectant mothers.
nkasunga ekituru kyomutini nikyoleka ngu kikagamba oruganikyo rw'omukama owamani ijo,I watch a shadow puppet show that told the story of a great king yesterday.
nkasunga ekituru nikyoleka kyomutini ngu kikagamba oruganikyo rw'omukama owamani ijo,I watch a shadow puppet show that told the story of a great king yesterday.
omwaka gw'enkumi ibiri asaatu tukatunga okukeha kwingi muno habwokusisikara kwobuhangwa,"By 2030, we achieved a significant reduction in loss of biodiversity."
omwaka gw'enkumi ibiri asaatu okukeha tukatunga kwingi muno habwokusisikara kwobuhangwa,"By 2030, we achieved a significant reduction in the loss of biodiversity."
NRA ekora ekatandikaho endi,The NRA developed a parallel administration.
"Rora ebinyonyi omumwanya, tibisiga, tibigesa baitu Isinywe anyakuli omwiguru abiriisa.","Look at the of the air; they do not sow or reap, yet your heavenly father feeds them."
"Rora ebinyonyi omumwanya, tibisiga, tibigesa baitu Isinywe anyakuli abiriisa. omwiguru","Look at the birds of the air; they do not sow or reap, yet your heavenly father feeds them."
omulimi naija kwombera omusirigwe gwamuhogo wiiki ekwija,The farmer will weed his cassava field next
naija omulimi kwombera omusirigwe gwamuhogo wiiki ekwija,The farmer will weed his cassava field next week.
omunya nigwija okucicya omukira gwako kandi katoroke hali ekinyonyi,The skink will wiggle its tail and escaped from the bird's grasp.
omunya nigwija okucicya gwako omukira kandi katoroke hali ekinyonyi,The skink will wiggle its tail and escaped from the bird's grasp.
eka yaitu ekajaguza amagesa namazina agokusima itaka,Our family always celebrated the harvest with a dance that thanks the earth.
yaitu eka ekajaguza amagesa namazina agokusima itaka,Our family always celebrated the harvest with a dance that thanks the earth.
tukazika abafu baitu omwitaka baisenkuru itwe bahumura,We buried our dead in the ground where our ancestors rest.
tukazika baitu abafu omwitaka nambere baisenkuru itwe bahumura,We buried our dead in the ground where our ancestors rest.
cukamba y'omuyanja eturukize ehuzo zamakamba okwerwanaho,The sea cucumber has squirted sticky threads defend itself.
cukamba y'omuyanja ehuzo eturukize zamakamba okwerwanaho,The sea cucumber has squirted sticky threads to defend itself.
etairo enkora empyaka hali abakulima ebyokulya,The government has provided subsidies for farmers who practice sustainable agriculture.
gavumenti etairo enkora hali empyaka abalimi abakulima ebyokulya,The government has provided subsidies for farmers who practice sustainable agriculture.
ebizina byenzarwa hamu n'okucekeca n'orunyege biba mubulimukoro,Traditional music and danced accompained ceremonies.
ebizina byenzarwa hamu n'orunyege n'okucekeca biba mubulimukoro,Traditional music and danced accompained ceremonies.
tukhaire okusima emyoyo y'omurusozi habwe emyandara na amabale,We have given thanks to the spirits the mountains for the and stones.
tukhaire hali okusima emyoyo y'omurusozi habwe emyandara na amabale,We have given thanks to the spirits of the mountains for the rocks and stones.
Ekka yaitu ejaguza amagesa na mazina ag'okusiima ensi.,Our family has always celebrated the harvest with a dance that thanks the earth.
Ekka yaitu amagesa ejaguza na mazina ag'okusiima ensi.,Our family has always celebrated the harvest with a dance that thanks the earth.
omulimi ayombire omusiri gwamuhogo wiiki ehwaire,The farmer weeds his cassava field last week.
omulimi ayombire omusiri wiiki gwamuhogo ehwaire,The farmer weeds his cassava field last week.
Obworaba nogonza ebyobuhangi bwaaitu tandika nebyokulya byaitu.,"If you want understand our culture, start with our food."
Obworaba nogonza kwetrgereza ebyobuhangi bwaaitu nebyokulya tandika byaitu.,"If you want to understand our culture, start with our food."
omusomesa wange owunyenda agambire ngu nkaba nyine ekisembo kyokuhandika ebigambo ebi bikasigara nanye,My favorite teacher has told me that i had a gift- for writing those words stayed me.
wange omusomesa owunyenda agambire ngu nkaba nyine ekisembo kyokuhandika ebigambo ebi bikasigara nanye,My favorite teacher has told me that i had a gift- for writing those words stayed with me.
bakitunnzi naija kutangatangana kiguzi omukuru,The sales team will present to a major client.
bakitunnzi naija kiguzi kutangatangana omukuru,The sales team will present to a major client.
ninja kwirukira mwa munyani wange omukuru nyencya,I will run into an old friend yesterday.
ninja kwirukira mwa wange munyani omukuru nyencya,I will run into an old friend yesterday.
okucamuka kwamabale hansi omwitaka kuleterire obuhanga muhagati,The volcanic eruption has created a new island in the middle of the ocean.
okucamuka kwamabale omwitaka hansi kuleterire okuhangwaho obuhanga muhagati y'enyanja,The volcanic eruption has created a new island in the middle of the ocean.
irwaro nirija kugira eryahuro ry'ebitabu byabarwaire ebirukukwataho obwomezi bwabo,The hospital will have a patient library with health information.
irwaro nirija kugira eryahuro ry'ebitabu byabarwaire ebirukukwataho bwabo obwomezi,The hospital will have a patient library with health information.
abantu nibaija kwehumuzamu habizina ebymporampora,The crowd will back sway and forth to the slow music.
nibaija abantu kwehumuzamu habizina ebymporampora,The crowd will back sway and forth to the slow music.
omumwaka gw'enkumi ibiri asaatu tufunire okukeha kwingi muno kwobuhanwa,"By 2030, we achieve a significant reduction in the loss of biodiversity."
omumwaka ibiri gw'enkumi asaatu tufunire okukeha kwingi muno hakusisika kwobuhanwa,"By 2030, we achieve a significant reduction in the loss of biodiversity."
embina yomukisaka ekairukya empara habwa mairu nyingiho kuhirya obuyajwahire,The wild dog chased the impala for miles until it tired out.
embina yomukisaka ekairukya empara habwa nyingiho mairu kuhirya obuyajwahire,The wild dog chased the impala for miles until it tired out.
okubura kwamaizi kutalibaniza ebyobulimi n'obulisa omukicweka,The water scarcity affects agricultural in the region.
okubura kwamaizi kutalibaniza ebyobulimi omukicweka n'obulisa,The water scarcity affects agricultural production in the region.
ekyaro kaitu kibaire nikiyamba abo boona abatakwesobora,Our village has always helped those who are in need.
ekyaro kaitu nikiyamba kibaire abo boona abatakwesobora,Our village has always helped those who are in need.
ninyija kusunga ekituru kyomutini ekirikyoleka ngu kikagamba oruganikyo orw'omukama owamani ijo,I will watch shadow puppet show that told the story of a great king yesterday.
ninyija ekituru kusunga kyomutini ekirikyoleka ngu kikagamba oruganikyo orw'omukama owamani ijo,I will watch a shadow puppet show that told the story of a great king yesterday.
tukaha okusima hali emyoyo y'omurusozi habwa emyandara na amabale,We gave thanks to the spirits of the mountains for the rocks and stones.
tukaha okusima hali emyoyo y'omurusozi emyandara habwa na amabale,We gave thanks to the spirits of the mountains for the rocks and stones.
ekitebe ky'abantu kisagikire bandi okuterayo akazina kandi kamu,The crowd has cheered for the band to play one more song.
ekitebe ky'abantu kisagikire bandi okuterayo kandi akazina kamu,The crowd has cheered for the band to play one more song.
anaga ejura azinire nukwo enjura egwe egi eyitubaire nitwendera ebirimwa ijo,The rainmaker has danced to bring the rain that we need the crops yesterday.
anaga ejura azinire nukwo enjura egi egwe eyitubaire nitwendera ebirimwa ijo,The rainmaker has danced to bring the rain that we need for the crops yesterday.
gukacicya omukira gwako kandi katoroka ekinyonyi,The skink wiggled its tail and escaped from the bird's grasp.
omunya gukacicya omukira gwako kandi hali katoroka ekinyonyi,The skink wiggled its tail and escaped from the bird's grasp.
okucamuka kwamabale hansi omwitak nikwija kuletaho okuhangwaho obuhanga muhagati y'enyanja,The volcanic eruption will create a new island in the middle of the ocean.
okucamuka kwamabale omwitak hansi nikwija kuletaho okuhangwaho obuhanga muhagati y'enyanja,The volcanic eruption will create a new island in the middle of the ocean.
nojakwetagisibwa okuyonja amaino gawe emirundi ebiri buli,will need to have your teeth cleaned a year.
nojakwetagisibwa okuyonja amaino gawe ebiri emirundi buli mwaka,You will need to have your teeth cleaned twice a year.
obujanjabi bwali bwasente nyingi baitu nibukoraho,The treatment will be expensive but effective.
bwali obujanjabi bwasente nyingi baitu nibukoraho,The treatment will be expensive but effective.
akaire ruko kamu sabbiti erukwija nitwija kuhumuraho ha mwaro,"This time next week, we'll be lying on a beach."
akaire ruko kamu sabbiti erukwija kuhumuraho nitwija ha mwaro,"This time next week, we'll be lying on a beach."
nyinenkuru nyowe arukire ebigega eby'akatale kumara emyaka nyingi,My grandmother has woven baskets for the market for many years.
nyinenkuru nyowe arukire ebigega kumara eby'akatale emyaka nyingi,My grandmother has woven baskets for the market for many years.
"kakuba basi eki ekiro, tindikwija kurora munyani wange muno","If i will not miss bus that day, i never would have met my best friend."
"kakuba basi etandeka eki ekiro, kurora tindikwija munyani wange muno","If i will not miss the bus that day, i never would have met my best friend."
arolera ekitebe kumara emyaka nyingi atakabaire mukuru,She manages a team for years before she became director.
arolera ekitebe emyaka kumara nyingi atakabaire mukuru,She manages a team for years before she became director.
"omukazi akangambira,""omusana nigwija kujwa nyenkya,kandi naiwe oti.""","She told me,""The sun rise again tomorrow, and so will you""."
"omukazi akangambira,""omusana kujwa nigwija nyenkya,kandi naiwe oti.""","She told me,""The sun will rise again tomorrow, and so will you""."
atangatagaine bakitunzi kiguzi omukuru,The sales team presented to a major client.
Pamba ekafooka ekirimwa ekirukuleeta entahya omu Uganda omukutandika okwekyasa ekya 20.,Cotton became a cash crop in the early 20th century Uganda.
Pamba ekafooka ekirimwa ekirukuleeta entahya omu Uganda okwekyasa omukutandika ekya 20.,Cotton became a major cash crop in the early 20th century Uganda.
"omukazi abaire agambire,""izoba nirija kwimuka nyenkya,kandi naiwe oti.""","She has told me,""The sun will rise again tomorrow, and so will you""."
"omukazi agambire,""izoba abaire nirija kwimuka nyenkya,kandi naiwe oti.""","She has told me,""The sun will rise again tomorrow, and so will you""."
abekento alipota bamalirize y'omwaka,The finance team finalized the annual report.
bakozesa okulima turakita omusiri,They plow the fields using a tractor.
arolerire ekitebe kumara emyaka atakabaire mukuru,She managed a team for years she became director.
arolerire kumara ekitebe emyaka atakabaire mukuru,She has managed a team for years before she became director.
omukazi akega hakulima n'okulisa habwokwebaisaho,She learns sustainable agriculture.
omukazi hakulima akega n'okulisa habwokwebaisaho,She learns about sustainable agriculture.
enyange ekeemerra eterekeriire mumaizi agatahamire,The stood perfectly still in the shallow
enyange eterekeriire ekeemerra mumaizi agatahamire,The egret stood perfectly still in the shallow water.
akahuka kajanjaire mubantu muno,The virus widely circulated in the community.
cukamba y'omuyanja ekaturukya ehuzo z'amakamba okwerwanaho,The sea cucumber squirted sticky threads to defend itself.
cukamba y'omuyanja ekaturukya z'amakamba ehuzo okwerwanaho,The sea cucumber squirted sticky threads to defend itself.
nyegere okwenyumirizamu ndi muburumi-nikimanyisa nkyali mwomezi,I have learned be grateful even in pain-it means I'm still alive to feel.
nyegere okwenyumirizamu ndi nobukuba muburumi-nikimanyisa nkyali mwomezi,I have learned to be grateful even in pain-it means I'm still alive to feel.
ekika kaitu kikaba kine engeri y'okutangira omwaka omuhyaka,Our clan had own special way of welcoming the new year.
ekika kaitu kine kikaba engeri y'okutangira omwaka omuhyaka eyembaganiza,Our clan had its own special way of welcoming the new year.
irwaro nirija kutekaho obujanjabi bw'abazaire abaine enda,The clinic will provide prenatal care for expectant mothers.
irwaro nirija kutekaho obujanjabi bw'abazaire enda abaine,The clinic will provide prenatal care for expectant mothers.
taxi empyaka bagitandikireho omwaka ogurukwija,The new tax has been implemented next year.
taxi bagitandikireho empyaka omwaka ogurukwija,The new tax has been implemented next year.
"Omwehanga hangi ekisisani nyaisatu akaiihamu kurungi ,mukikuya kyomuti kimu kiti.",The sculptor has chiseled a figure out of a single block of wood.
"Omwehanga hangi ekisisani nyaisatu , akaiihamu kurungi ,mukikuya kimu kyomuti kiti.",The sculptor has chiseled a figure out of a single block of wood.
ndozirege ebituuru byebisisaru ebisarazirwe ebirukugambaho oruganikyo rwomukama owamaani kiro kyaijo,I watched a shadow puppet show that told the story of a great king yesterday.
ndozirege ebituuru byebisisaru ebisarazirwe ebirukugambaho rwomukama oruganikyo owamaani kiro kyaijo,I watched a shadow puppet show that told the story of a great king yesterday.
Abaikazi bombekere ibandiro lihyaka haiziba,The community has built a new shrine at the sacred spring.
Abaikazi bombekere ibandiro lihyaka ly'emirwa. haiziba,The community has built a new shrine at the sacred spring.
"gunu omurundi wiiki erukwija, tubyame kubyama hamusa gwenyanja","This time next week, we lay on a beach."
"gunu omurundi erukwija, wiiki tubyame kubyama hamusa gwenyanja","This time next week, we lay on a beach."
"kakuba gavumenti eba ekendize omuhendo gwa sola pano, abantu baingi nibaija kutandika kukozesa amasanyarazi",If the government has subsidized solar more people would use renewable energy now.
"kakuba gavumenti eba ekendize omuhendo gwa sola pano, abantu nibaija baingi kutandika kukozesa amasanyarazi","If the government has subsidized solar panels, more people would use renewable energy now."
ninyija kusiga ekihemeheme kandi nkisindike hamutimbagano nyekya,I will draw a funny cartoon and posted it on social media yesterday.
ninyija ekihemeheme kusiga kandi nkisindike hamutimbagano nyekya,I will draw a funny cartoon and posted it on social media yesterday.
aija kurolera ekitebe kumare emyaka atakabaire mukuru,She will manage a team for years before she became director.
aija kurolera ekitebe kumare atakabaire emyaka mukuru,She will manage a team for years before she became director.
enkoragana empyaka eyobusubuzi imukize entundwa ye bw'obulimi aheru,The new trade deal has agricultural exports.
enkoragana empyaka eyobusubuzi imukize ye entundwa bw'obulimi aheru yihanga,The new trade deal has boosted agricultural exports.
ekyoma kyomubaizi kikabaija ekisisani kuruga omukihinju kyekiti,The sculptor chiseled a figure out of a single block of wood.
ekyoma kikabaija kyomubaizi ekisisani kuruga omukihinju kyekiti,The sculptor chiseled a figure out of a single block of wood.
omukazi naija kusoroza entoro z'okwahura,She will collect indigenous seeds for preservation.
omukazi naija kusoroza embibo z'okwahura entoro,She will collect indigenous seeds for preservation.
embya y'omukisaka nija kuhambya impala mayiro nyingi okuhikya ejwahire,The wild dog will chase the for miles until it tired out.
embya y'omukisaka nija kuhambya impala mayiro nyingi ejwahire okuhikya,The wild dog will chase the impala for miles until it tired out.
dora ebinyonyi omumwanya; tibirikwija kusiga rundi baitu iwe owomwiguru obirisa,"Look at the birds of the air; they will not sow or reap, yet your heavenly father feeds them."
"dora ebinyonyi omumwanya; tibirikwija kusiga rundi okugesa, baitu iwe ise obirisa owomwiguru","Look at the birds of the air; they will not sow or reap, yet your heavenly father feeds them."
okubaira emiti nambere ebaire etemerwe kigarwireho irindiro lyebisoro byomukisaka mukicweka nambere byali,The reforestation project has brought back wildlife that had disappeared from the
okubaira nambere emiti ebaire etemerwe kigarwireho irindiro lyebisoro byomukisaka mukicweka nambere byali,The reforestation project has brought back wildlife that had disappeared from the area.
nsabire obusnge omumadini gona-ntwena tuli bana baruhanga omu,I have prayed for peace among all religions-we're all children of the God.
nsabire omumadini obusnge gona-ntwena tuli bana baruhanga omu,I have prayed for peace among all religions-we're all children of the same God.
abantu bombeka iramizo erihyaka nambere bona batina,The community builds a new shrine at the sacred spring.
abantu iramizo bombeka erihyaka nambere bona batina,The community builds a new shrine at the sacred spring.
noyetagisibwa amaino gawe emirundi ebiri buli mwaka,needed to have your teeth cleaned twice a year.
noyetagisibwa okuyonja amaino gawe ebiri emirundi buli mwaka,You needed to have your teeth cleaned twice a year.
ekitebe kyabantu nikinja kusagika bandi okuterayo akazina kandi kamu,The crowd will cheer for the band to play one more song.
ekitebe kyabantu nikinja bandi kusagika okuterayo akazina kandi kamu,The crowd will cheer for the band to play one more song.
wenanga akateranizaho omulere ha bandi,The harmonica player added a bluesy feel to the band's sound.
wenanga omutezi akateranizaho omulere ha bandi,The harmonica player added a bluesy feel to the band's sound.
"kakuba bus etandekere, tinanditangatangaine munyani wange muno","If i have not missed the bus that day, i never would have met my best friend."
"kakuba bus etandekere, tinanditangatangaine wange munyani muno","If i have not missed the bus that day, i never would have met my best friend."
Itwe tusiima emizimu ey'omunsozi nomumyandara namabaale.,We give thanks to the spirits of the mountains for the and
Itwe emizimu tusiima ey'omunsozi nomumyandara namabaale.,We give thanks to the spirits of the mountains for the rocks and stones.
irwaro erahuro ry'ebitabu byabarwaire ebikukwataho obwomezi bwabo,hospital had a patient library with health information.
irwaro line erahuro ry'ebitabu byabarwaire ebikukwataho bwabo obwomezi,The hospital had a patient library with health information.
NRA ekora nejakutandikaho endi,The NRA will develop a parallel administration.
"mutabani wange akagwize,""ruhanga ali nkaha?"" nasonga hamutima gwange n'ogwe","My son is God?""I pointed to my heart and his."
"mutabani akagwize,""ruhanga wange ali nkaha?"" nasonga hamutima gwange n'ogwe","My son asked me,""Where is God?""I pointed to my heart and his."
gw'obusubuzi omuhyaka gukaimukya ebitundwa aheru,The new trade deal boosted exports.
gw'obusubuzi omukago omuhyaka gukaimukya ebitundwa aheru,The new trade deal boosted exports.
Ekiro kyaijo omwigi w'enjura eyiturukwetaaga acekecerege kuleeta rnjura.,The rainmaker danced to bring the rain that we need for the crops yesterday.
Ekiro kyaijo omwigi w'enjura eyiturukwetaaga kuleeta acekecerege rnjura.,The rainmaker danced to bring the rain that we need for the crops yesterday.
"kakuba gavumenti omuhendo gwa sola pano, abantu baingi nibaija kutandi kukozesa amasanyarazi","If the government subsidizes solar panels, more people would use renewable energy now."
"kakuba gavumenti ekehya omuhendo gwa pano, sola abantu baingi nibaija kutandi kukozesa amasanyarazi","If the government subsidizes solar panels, more people would use renewable energy now."
omusomesa wange owunyenda agambira ngu nkaba nyina ekisembo kyokuhandika ebigambo ebi bikasigara nanye,My favorite tells me that i had a gift- for writing those words stayed with me.
omusomesa wange owunyenda agambira nkaba ngu nyina ekisembo kyokuhandika ebigambo ebi bikasigara nanye,My favorite teacher tells me that i had a gift- for writing those words stayed with me.
gavumenti eresireho enkora empyaka hali abalimi abakulima ebyokulya,The provided subsidies farmers who practice sustainable agriculture.
gavumenti enkora eresireho empyaka hali abalimi abakulima ebyokulya,The government provided subsidies for farmers who practice sustainable agriculture.
omunya ruraiha rahuhanyga kira yairuka ekinyonyi kugikwaata,The skink wiggled its tail and escaped from the bird's grasp.
ruraiha omunya rahuhanyga kira yairuka ekinyonyi kugikwaata,The skink wiggled its tail and escaped from the bird's grasp.
"kakuba mba nkugambire ekintu ekiniga, ngu tokwija kukirugaho-nokirabam","If I have told you one thing grief, it's you never get over it-you get through it."
"kakuba nkugambire mba ekintu kimu hali ekiniga, ngu tokwija kukirugaho-nokirabam","If I have told you one thing about grief, it's that you never get over it-you get through it."
kakuba gavumenti yataireho omuhendo gwahansiho habwengo zamani gizooba abantu abaingi bakubaire nibakozesa amaani agaani agarukugarurwa buhyaaka,"the government had subsidized solar panels, more people would use renewable energy now."
kakuba gavumenti yataireho gwahansiho omuhendo habwengo zamani gizooba abantu abaingi bakubaire nibakozesa amaani agaani agarukugarurwa buhyaaka,"If the government had subsidized solar panels, more people would use renewable energy now."
kotoni akaba kirimwa kyasente kya amkumi abiri m'uganda,became a major cash crop in the early 20th century Uganda.
kotoni akaba kirimwa kyasente omukyasi kya abiri amkumi m'uganda,Cotton became a major cash crop in the early 20th century Uganda.
nibaija kulima omusiri ni bakozesa turakita,They will plow the fields using a tractor.
nibaija kulima omusiri ni turakita bakozesa,They will plow the fields using a tractor.
Balimire nibakozesa amawinde karakita.,They have plowed the fields using a tractor.
omukazi ayegere hakulima n'okulisa okwokwebaisaho,She has learned about sustainable agriculture.
omukazi ayegere n'okulisa hakulima okwokwebaisaho,She has learned about sustainable agriculture.
kajanjaire akahuka muno mubantu,The virus has widely circulated in the community.
eka yaitu ebaire nejaguza amagesa namazina agokusima itaka,family has always celebrated the harvest with a that thanks the earth.
eka yaitu ebaire amagesa nejaguza namazina agokusima itaka,Our family has always celebrated the harvest with a dance that thanks the earth.
gw'obusubuzi omuhyaka gwimukize ebitundwa aheru,The new trade deal has boosted exports.
omukago omuhyaka gw'obusubuzi gwimukize ebitundwa aheru,The new trade deal has boosted exports.
anaga enjura azina nukwo enjura egwe egi eyitukwendera ebirimwa baitu ijo,The rainmaker dances to bring the rain that we need for the crops yesterday.
anaga enjura azina nukwo enjura egwe eyitukwendera egi ebirimwa baitu ijo,The rainmaker dances to bring the rain that we need for the crops yesterday.
abantu nibaija kwesoroza omuka y'omunyoro habw'orukurato,People will gather at the chief's house for the meeting.
abantu nibaija kwesoroza y'omunyoro omuka habw'orukurato,People will gather at the chief's house for the meeting.
omulimi naija kugesa amacande ge kandi agatwale hakyoma,The farmer will harvest his sunflower and took it for pressing yesterday.
omulimi naija kugesa ge amacande kandi agatwale hakyoma,The farmer will harvest his sunflower and took it for pressing yesterday.
omunya gucikize omukira gwako kandi katoroka hali ekinyonyi,The skink has its tail and escaped from the grasp.
omunya gucikize omukira gwako katoroka kandi hali ekinyonyi,The skink has wiggled its tail and escaped from the bird's grasp.
embya yomukisaka ekahambya impala mayiro nyingi okuhikya ejwahire,The wild dog chased the impala for miles until it tired out.
embya yomukisaka impala ekahambya mayiro nyingi okuhikya ejwahire,The wild dog chased the impala for miles until it tired out.
obujanjabi byasente nyingi baitu nibukoraho,The treatment was expensive but effective.
obujanjabi nyingi byasente baitu nibukoraho,The treatment was expensive but effective.
okubaira emiti nambere ebaire etemerwe kigaraho irindiro lyebisoro by'omukisaka mukicweka nambere byali,The reforestation brings back wildlife that had disappeared from the area.
okubaira nambere emiti ebaire etemerwe kigaraho irindiro lyebisoro by'omukisaka mukicweka nambere byali,The reforestation project brings back wildlife that had disappeared from the area.
okubaira emiti nambere ebaire etemerwe nikija kugaraho irindiro lyebesoro by'omukisaka mukicweka nambere byali,The reforestation project will bring back wildlife that had disappeared from the area.
okubaira emiti nambere ebaire etemerwe nikija kugaraho irindiro lyebesoro by'omukisaka mukicweka byali nambere,The reforestation project will bring back wildlife that had disappeared from the area.
ngura ebintu omu supamaketi buli wiiki,I bought groceries from the supermarket every week.
ngura ebintu omu buli supamaketi wiiki,I bought groceries from the supermarket every week.
irwaro rigagira eryahuro ry'ebitabu byabarwaire ebirukukwataho obwomezi bwabo,hospital has had a patient library with health information.
irwaro rigagira eryahuro ry'ebitabu ebirukukwataho byabarwaire obwomezi bwabo,The hospital has had a patient library with health information.
omwaka gw'enkumi ibiri tutungire okukeha kwingi muno mukukeha kw'ebyobuhanga,"By 2030, we have achieved a significant reduction in the loss of biodiversity."
"omwaka gw'enkumi ibiri asaatu, tutungire okukeha muno kwingi mukukeha kw'ebyobuhanga","By 2030, we have achieved a significant reduction in the loss of biodiversity."
"nkaba ntakunihira ngu nisobora okugura eka yange, baitu ndi hanu, nitekaho omukono hakipapura wiiki ekwija","I never thought l'd be able to buy mu own home, but here l am, signing the papers next week."
"nkaba ngu ntakunihira nisobora okugura eka yange, baitu ndi hanu, nitekaho omukono hakipapura wiiki ekwija","I never thought l'd be able to buy mu own home, but here l am, signing the papers next week."
kakuba ntararabirweho baasi ekiro eki tinakutangaine engajani yange.,"if i hadn't missed the bus that day, i never would have met my best friend."
kakuba ntararabirweho baasi ekiro eki tinakutangaine yange. engajani,"if i hadn't missed the bus that day, i never would have met my best friend."
abantu habizina behumwize ebyamporampora,The crowd has back swayed and forth to the slow music.
Ntiirelye ebisisani nabusindika hamura kyaijo.,I drew a funny cartoon and posted it on social media yesterday.
ebisisani Ntiirelye rudingisa nabusindika hamura kiro kyaijo.,I drew a funny cartoon and posted it on social media yesterday.
okubura kwamaizi nikwija kutabaniza ebyokulima n'obulisa omukicweka,The water will affect agricultural production the region.
okubura kwamaizi nikwija ebyokulima kutabaniza n'obulisa omukicweka,The water scarcity will affect agricultural production in the region.
abantu bakwesoroleza omuka y'omunyoro habw'orukurato,People gathered at the chief's house for the meeting.
bakwesoroleza abantu omuka y'omunyoro habw'orukurato,People gathered at the chief's house for the meeting.
ebiro bisaatu omurubuga orututekanizaga kubungira,Three days in a city we have never planned to visit.
ebiro omurubuga bisaatu orututekanizaga kubungira,Three days in a city we have never planned to visit.
okucamuka kwamabale hansi omwitaka kukabaruka kwaletaho okuhangwaho obuhanga muhagati y'enyanja,The volcanic eruption created a new island in the middle of the ocean.
okucamuka kwamabale hansi omwitaka kukabaruka okuhangwaho kwaletaho obuhanga muhagati y'enyanja,The volcanic eruption created a new island in the middle of the ocean.
akatunga ha okwimukiza mulimo,He received a raise at work.
nyinenkuru nyowe naija kuruka ebibo eby'akatale kumara emyaka,My grandmother weave baskets for the market for many years.
nyinenkuru nyowe kuruka naija ebibo eby'akatale kumara emyaka nyingi,My grandmother will weave baskets for the market for many years.
"kakuba isomero likuburanganize obusinge, tekerezamu kakuba haba haliyo omulingo gundi gwona","If school has made you miserable, consider whether there's another way."
"kakuba likuburanganize isomero obusinge, tekerezamu kakuba haba haliyo omulingo gundi gwona","If school has made you miserable, consider whether there's another way."
y'omusomo twegeseze abalimi orukumi rumu omukukozesa orwezo kuruga omubijuzire,"By the end of this project, we have trained one thousand farmers in organic methods."
"hakumalira gunu, y'omusomo twegeseze abalimi orukumi rumu omukukozesa orwezo kuruga omubijuzire","By the end of this project, we have trained one thousand farmers in organic methods."
Ebiro bisatu omu rubuga kobunga.,in a city we'd planned to visit.
Ebiro omu bisatu rubuga orututatekanizaaga kobunga.,Three days in a city we'd never planned to visit.
omusaija ateka sente ze omumasamba,He invests in a real estate investment trust.
omusaija ateka sente omumasamba ze,He invests in a real estate investment trust.
tihakwija kuba kintu kibi nkokurubata mukigana otaine sokisi,There will be nothing worse than stepping in a puddle with on.
tihakwija kuba kintu kibi nkokurubata otaine mukigana sokisi,There will be nothing worse than stepping in a puddle with socks on.
ebihuka birubatire hamu bihimbire ebisosonkole nibibigara omukiju,The ants have marched in a long line carrying crumbs back to their nest.
birubatire ebihuka hamu omurukara bihimbire ebisosonkole nibibigara omukiju,The ants have marched in a long line carrying crumbs back to their nest.
akatebe akatunzi nikahayo hali omuguzi owamaani,The sales team is presenting to a major client.
akatebe nikahayo akatunzi hali omuguzi owamaani,The sales team is presenting to a major client.
omukazi asoraize embibo entoro z'okwahura,She has collected indigenous seeds for preservation.
asoraize omukazi embibo entoro z'okwahura,She has collected indigenous seeds for preservation.
omusaija naija kuteka sente omumasamba,He will invest in a real estate investment
omusaija naija kuteka ze sente omumasamba,He will invest in a real estate investment trust.
tihabaireho ekintu ekibi nkoku rubata omukigana otaine sokisi,There has been nothing worse than stepping in a puddle with socks on.
tihabaireho ekintu ekibi nkoku rubata omukigana sokisi otaine,There has been nothing worse than stepping in a puddle with socks on.
ekitebe kyabantu kikasagika bandi akazina kandi kamu,The crowd for the band to play one song.
ekitebe kikasagika kyabantu bandi okuterayo akazina kandi kamu,The crowd cheered for the band to play one more song.
"nkaba nttaine kuninhira kwona ngu ninyija kusobora kugura eka eyang,baitu ndi hanu, omukono hakipapura wiiki erukwija","I never have thought be to buy mu own home, but here l am, signing the papers next week."
"nkaba nttaine kuninhira kwona ngu ninyija kusobora eka kugura eyang,baitu ndi hanu, nitekakaho omukono hakipapura wiiki erukwija","I never have thought l'd be able to buy mu own home, but here l am, signing the papers next week."
anaga enjura naija kuzina nukwo enjura egwe egi eyitukwendera ebirimwa ijo,The rainmaker will dance to bring the rain that we for the yesterday.
anaga enjura naija kuzina nukwo egwe enjura egi eyitukwendera ebirimwa ijo,The rainmaker will dance to bring the rain that we need for the crops yesterday.
"dora ebinyonyi omumwanya; tibisigire rundi okugesa, baitu ise owomwiguru obirisa","Look at the birds of the air; they have not sown or reap, yet your heavenly father feeds them."
"dora ebinyonyi omumwanya; rundi tibisigire okugesa, baitu iwe ise owomwiguru obirisa","Look at the birds of the air; they have not sown or reap, yet your heavenly father feeds them."
Nsabira amadiini goona omugisa-itwena tuli baana Ruhanga omu.,I pray for peace among all religions-we're all children of the same God.
Nsabira amadiini goona omugisa-itwena tuli ba baana Ruhanga omu.,I pray for peace among all religions-we're all children of the same God.
ekika kaitu kigira engeri y'okutangira omwaka omuhyaka eyembaganiza,Our clan has had own special way of welcoming the new year.
ekika kaitu kigira y'okutangira engeri omwaka omuhyaka eyembaganiza,Our clan has had its own special way of welcoming the new year.
"kakuba isomero nirinja kukubuza obusinge, tekerezamu haliyo omulingo gundi gwona","If school will make you miserable, consider whether there's another way."
"kakuba isomero nirinja kukubuza obusinge, tekerezamu haba kakuba haliyo omulingo gundi gwona","If school will make you miserable, consider whether there's another way."
omukago gw'obusubuzi omuhyaka gwimukya ebitundwa aheru,The new trade deal exports.
omukago gw'obusubuzi omuhyaka ebitundwa gwimukya aheru,The new trade deal boosts exports.
tuzika abafu baitu omwitaka nambere baisenkuru itwe,We bury our dead in the ground where our ancestors rest.
tuzika abafu baitu nambere omwitaka baisenkuru itwe bahumura,We bury our dead in the ground where our ancestors rest.
Abasungi nibaseyeya enyuma nomumaiso habwekizina ekiruugenda mpora mpora.,The crowd is swaying back and forth to the slow music.
Abasungi nibaseyeya enyuma nomumaiso habwekizina ekiruugenda mpora. mpora,The crowd is swaying back and forth to the slow music.
ebiro bisaatu murubuga orutubaire tutwetekanizi kubungira,days in a city we never planned to visit.
ebiro murubuga bisaatu orutubaire tutwetekanizi kubungira,Three days in a city we never planned to visit.
omukazi akasoroza embibo entoro z'okwahura,She collects indigenous seeds for preservation.
akasoroza omukazi embibo entoro z'okwahura,She collects indigenous seeds for preservation.
omukazi aija kukora omukeeto kumara emyaka atakafokere CFO,She will work in the accounting department for years before she became CFO.
omukazi aija kukora omukeeto emyaka kumara nyingi atakafokere CFO,She will work in the accounting department for years before she became CFO.
nitwija kuha okusima emyoyo y'murusozi habwe emyandara amabale,We will give thanks to spirits of the mountains for the rocks and stones.
nitwija kuha okusima hali emyoyo y'murusozi habwe na emyandara amabale,We will give thanks to the spirits of the mountains for the rocks and stones.
igana lyabantu lika semererwa omukoro gutakatandikire,The crowd has buzzed with excitement before the show starts.
igana lyabantu lika semererwa gutakatandikire omukoro,The crowd has buzzed with excitement before the show starts.
bakitunzi batangatangaine omukuru kiguzi,The sales team has presented to a major client.
"omurundi wiiki erukwija, nitwija kubyama hamusa gwenyanja","This time next week, we lie on a beach."
"gunu omurundi wiiki erukwija, kubyama nitwija hamusa gwenyanja","This time next week, we will lie on a beach."
balima omusiri ni bakozesa turakita,They fields using a tractor.
balima ni omusiri bakozesa turakita,They plowed the fields using a tractor.
tuzikire abafu baitu nambere baisenkuru bahumura,We have our dead in the ground where our ancestors rest.
tuzikire abafu baitu nambere omwitaka baisenkuru itwe bahumura,We have buried our dead in the ground where our ancestors rest.
okubura kwamaizi kukatalibaniza ebyobulimi omukicweka,The water scarcity affected agricultural production in the region.
okubura kwamaizi ebyobulimi kukatalibaniza n'obulisa omukicweka,The water scarcity affected agricultural production in the region.
Akarwarro kaheereza obuheereza obukwatiraine n'okuzaara.,The clinic provides prenatal care for expectant mothers.
kaheereza Akarwarro obuheereza obukwatiraine n'okuzaara.,The clinic provides prenatal care for expectant mothers.
taxi empyaka nejakutandika omwaka ogurukwija,new tax is implemented next year.
taxi empyaka nejakutandika ogurukwija omwaka,The new tax is implemented next year.
"Akangambira ,""lzooba ndigenda kwongera kwimuka nyenkya, kandi naiwe nukwo"".","She told me , ""The sun will rise again tomorrow, and so will you""."
"Akangambira ndigenda ,""lzooba kwongera kwimuka nyenkya, kandi naiwe nukwo"".","She told me , ""The sun will rise again tomorrow, and so will you""."
nyinenkuru nyowe arukaka ebigega eby'akatale kumara emyaka nyingi,My grandmother weaves baskets for the market for many years.
nyinenkuru nyowe ebigega arukaka eby'akatale kumara emyaka nyingi,My grandmother weaves baskets for the market for many years.
enkoragana empyaka eyobusubuzi ekaimukya ebitundwa ye bw'obulimi aheru yihanga,The new trade deal boosted agricultural exports.
enkoragana empyaka eyobusubuzi ekaimukya ebitundwa ye aheru bw'obulimi yihanga,The new trade deal boosted agricultural exports.
obujanjabi bubaire bwasente baitu nibukoraho,treatment has been expensive but effective.
obujanjabi bubaire nyingi bwasente baitu nibukoraho,The treatment has been expensive but effective.
embya y'omukisaka ehambizege impala mayiro okuhikya ejwahire,The wild dog has chased the impala for miles until it out.
embya ehambizege y'omukisaka impala mayiro nyingi okuhikya ejwahire,The wild dog has chased the impala for miles until it tired out.
okaire okuba oyonjire amaino gawe emirundi ebiri buli mwaka,You needed to your teeth cleaned twice a year.
noyetagisibwa okaire okuba oyonjire amaino gawe emirundi ebiri buli mwaka,You have needed to have your teeth cleaned twice a year.
"kakuba oraba ogondeze okumanya ebyobuhangwa baitu, tandika n'ebyokulya baitu","If you have wanted to understand our culture, start with food."
"kakuba oraba ogondeze ebyobuhangwa okumanya baitu, tandika n'ebyokulya baitu","If you have wanted to understand our culture, start with our food."
irwaro rikatekaho obujanjabi abaine enda,The clinic provided prenatal care for expectant mothers.
irwaro rikatekaho obujanjabi abaine bw'abazaire enda,The clinic provided prenatal care for expectant mothers.
nija kugura ebintu mu supamaketi wiiki,I will buy groceries from supermarket every week.
nija kugura mu ebintu supamaketi buli wiiki,I will buy groceries from the supermarket every week.
nkairukira mwamunwani wange omukuru ijo,I run into an old friend yesterday.
nkairukira mwamunwani wange ijo omukuru,I run into an old friend yesterday.
omukazi naija kwega hakulima n'okulisa okwokwebaisaho,She will learn about sustainable agriculture.
omukazi naija kwega n'okulisa hakulima okwokwebaisaho,She will learn about sustainable agriculture.
kotoni ebaire kirimwa kyasente muno mukyasi kya amakumi abiri m'uganda,Cotton has a major cash crop in the early 20th century Uganda.
kotoni ebaire kirimwa kyasente muno mukyasi amakumi kya abiri m'uganda,Cotton has become a major cash crop in the early 20th century Uganda.
"kakuba obaire noyenda okwetegereza ebyobuhangwa baitu, tandika n'ebyokulya baitu.","If you wanted to understand our culture, start with our food."
"kakuba obaire noyenda okwetegereza ebyobuhangwa baitu, n'ebyokulya tandika baitu.","If you wanted to understand our culture, start with our food."
"kakuba isomero lyakubulize obusinge, tekerezamu kakuba haba haliyo omulingo gundi gwona","If school you miserable, consider whether there's another way."
"kakuba isomero lyakubulize obusinge, tekerezamu haba kakuba haliyo omulingo gundi gwona","If school made you miserable, consider whether there's another way."
"omukazi akangamba,""omusana nigwija kujwa omurundi gundi nyenkya, kandi naiwe oti.""","She tells me,""The sun will rise again tomorrow, so will you""."
"omukazi akangamba,""omusana nigwija kujwa omurundi gundi kandi nyenkya, naiwe oti.""","She tells me,""The sun will rise again tomorrow, and so will you""."
ebihuka bikarubatira hamu murukara bihimbire ebisosonkole nibibigara omukiju,The ants marched in a long line carrying crumbs back to their
ebihuka bikarubatira hamu bihimbire murukara ebisosonkole nibibigara omukiju,The ants marched in a long line carrying crumbs back to their nest.
cukamba y'omuyanja nejakuturukya ehuzo zamakamba okwerwanaho,The sea cucumber will squirt sticky threads to defend itself.
cukamba y'omuyanja ehuzo nejakuturukya zamakamba okwerwanaho,The sea cucumber will squirt sticky threads to defend itself.
nyirukire mwamunwani wange omukuru ijo,I have run into an old friend yesterday.
nyirukire wange mwamunwani omukuru ijo,I have run into an old friend yesterday.
"hakumalira ye kyasa kinu, tukahindura ekoragana yaitu n'byobuhangwa","The the end of this century, we transformed our relationship with nature."
"hakumalira ye kyasa kinu, tukahindura ekoragana n'byobuhangwa yaitu","The the end of this century, we transformed our relationship with nature."
nkega nyeka nobukuba ndi muburumi-nikimanyisa nkyali mwomezi,I learned to be grateful even in pain-it means I'm still alive to feel.
nkega kwenyumirizamu nyeka ndi nobukuba muburumi-nikimanyisa nkyali mwomezi,I learned to be grateful even in pain-it means I'm still alive to feel.
ebihuka nibija kurubatira murukara bihimbire ebisosonkole nibibigara omukiju,The ants will in a long line carrying crumbs back to their nest.
ebihuka nibija kurubatira murukara ebisosonkole bihimbire nibibigara omukiju,The ants will march in a long line carrying crumbs back to their nest.
kotoni naija kuba kirimwa kyasente mukyasi kya amkumi abiri,Cotton will become a cash crop the early 20th century Uganda.
kotoni naija kuba kirimwa mukyasi kyasente kya amkumi abiri m'uganda,Cotton will become a major cash crop in the early 20th century Uganda.
abantu nibaija kwombeka iramizo erihyaka nambere bona batina,The community will build a new shrine at the sacred spring.
abantu nibaija kwombeka iramizo nambere erihyaka bona batina,The community will build a new shrine at the sacred spring.
"gunu omurundi erukwija, tubyamire hamusa gwenyanja","This time next week, we have lied on a beach."
"gunu omurundi erukwija, wiiki tubyamire hamusa gwenyanja","This time next week, we have lied on a beach."
ebizina byenzarwa hamu n'okucekeca n'orunyege bibaire mokijaguzo,Traditional music and has danced accompained ceremonies.
ebizina hamu byenzarwa n'okucekeca n'orunyege bibaire mokijaguzo,Traditional music and has danced accompained ceremonies.
omukazi ataaha naworoza hamu nokulinda,She had been collecting indigenous seeds for preservation.
ataaha omukazi naworoza hamu nokulinda,She had been collecting indigenous seeds for preservation.
enkoragana empyaka eyobusubuzi imukya ebitundwa ye bw'obulimi aheru yihanga,The new trade boosts agricultural exports.
empyaka enkoragana eyobusubuzi imukya ebitundwa ye bw'obulimi aheru yihanga,The new trade deal boosts agricultural exports.
"hakumalira y'omusomo gunu, ni twija kuba twegeseze abalimi orukumi rumu omukukozesa orwezo kuruga omubijunzire","By the end of this project, we train one thousand farmers in organic methods."
"y'omusomo hakumalira gunu, ni twija kuba twegeseze abalimi orukumi rumu omukukozesa orwezo kuruga omubijunzire","By the end of this project, we train one thousand farmers in organic methods."
abantu abaingi abesoroize abaijwiire omwiro omuzaano gutakatandikire,The crowd is buzzing with excitement before the show starts.
abaingi abantu abesoroize abaijwiire omwiro omuzaano gutakatandikire,The crowd is buzzing with excitement before the show starts.
"kakuba nkugambira ekintu kimu hali ekiniga,kiri ngu tokwija kukirugaho-nokirabamu","If I told you one thing about grief, it's that you never get over it-you get it."
"kakuba nkugambira ekintu hali kimu ekiniga,kiri ngu tokwija kukirugaho-nokirabamu","If I told you one thing about grief, it's that you never get over it-you get through it."
"Kakuba ndi wokukugambira ekintu kimu hali enaku, nikyo ngu otaligyehugura-ogirabemu.","If I could tell you one thing about grief, it's that you never get over it-you get it."
"Kakuba ndi wokukugambira ekintu kimu hali enaku, nikyo otaligyehugura-ogirabemu. ngu","If I could tell you one thing about grief, it's that you never get over it-you get through it."
ninyija kusabira obusinge omumadini gona-ntwena tuli baana baruhanga omu,I will pray for peace among all religions-we're all children of the same God.
ninyija kusabira obusinge omumadini gona-ntwena tuli baana omu baruhanga,I will pray for peace among all religions-we're all children of the same God.
omutezi naija kuteranizaho omulere ha bandi,The harmonica player has added bluesy feel to the band's sound.
omutezi wenanga naija kuteranizaho ha omulere bandi,The harmonica player has added a bluesy feel to the band's sound.
ekika kaitu nikija kugira engeri y'okutangira omwaka omuhyaka eyemabaganiza,Our clan will have its own special way of welcoming the new year.
ekika kaitu nikija kugira engeri omwaka y'okutangira omuhyaka eyemabaganiza,Our clan will have its own special way of welcoming the new year.
"mutabani wange akagwize,""ruhanga ali nkaha?"" nkamusongera hamutima gwange n'ogwe","My son has asked me,""Where is God?""I pointed to my heart and his."
"wange mutabani akagwize,""ruhanga ali nkaha?"" nkamusongera hamutima gwange n'ogwe","My son has asked me,""Where is God?""I pointed to my heart and his."
abantu baisoroize omuka y'omunyoro habworukurato,People have gathered at the chief's house for the meeting.
abantu omuka baisoroize y'omunyoro habworukurato,People have gathered at the chief's house for the meeting.
ekyoma kyomubaizi kikabaija ekisisani kuruga omukihinju kyekiti,The sculptor chisels a figure out of a block of wood.
ekyoma kyomubaizi kikabaija kuruga ekisisani omukihinju kyekiti,The sculptor chisels a figure out of a single block of wood.
abantu bakehumuzamu ebyamporampora habizina,The crowd back swayed and forth to the slow music.
nkasabira obusinge omumadini gona- ntwena tuli baana baruhanga,I prayed for peace among all religions-we're all children of the same God.
nkasabira omumadini obusinge gona- ntwena tuli baana baruhanga omu,I prayed for peace among all religions-we're all children of the same God.
"mutabani wange naija kukaguza,""ruhanga ali nkaha?"" ninjakusomnga hamutima n'ogwe","My son will ask me,""Where is God?""I pointed to my heart and his."
"mutabani wange naija kukaguza,""ruhanga ali nkaha?"" ninjakusomnga hamutima n'ogwe gwange","My son will ask me,""Where is God?""I pointed to my heart and his."
nguzire ebuntu omu supamaketi buli wiiki,I have bought groceries from the supermarket every week.
nguzire ebuntu omu buli supamaketi wiiki,I have bought groceries from the supermarket every week.
omusaija akateka sente ze omumasamba,He invested in a real estate investment trust.
omusaija akateka ze sente omumasamba,He invested in a real estate investment trust.
busayo ekibi nkokurubata mukigana otajaire sokisi,There was nothing worse than stepping in a puddle socks on.
busayo ekibi kintu nkokurubata mukigana otajaire sokisi,There was nothing worse than stepping in a puddle with socks on.
abantu bombekere iramizo erihyaka namebere bona batina,The community has built new shrine at the sacred spring.
abantu bombekere erihyaka iramizo namebere bona batina,The community has built a new shrine at the sacred spring.
eka yaitu nija kujaguzaga amagesa namazina agokusima itaka,Our family will always celebrate the harvest with a dance that thanks the earth.
eka yaitu nija kujaguzaga amagesa namazina itaka agokusima,Our family will always celebrate the harvest with a dance that thanks the earth.
omusoro omuhya nigwija omuunkora mumwaka omuhyaka,The new tax will be implemented year.
omusoro nigwija omuhya kuteebwa omuunkora mumwaka omuhyaka,The new tax will be implemented next year.
gavumenti neja kuletaho enkora empyaka hali abalimi abakulima ebyokulya,The government will provide subsidies for farmers who practice sustainable agriculture.
gavumenti neja kuletaho enkora empyaka abalimi hali abakulima ebyokulya,The government will provide subsidies for farmers who practice sustainable agriculture.
etandikire NRA enkora endi,The NRA has developed a parallel administration.
ekyaro kaitu kiguma nikiyamba abo abatakwesobora,Our village always helped those who are in need.
ekyaro kaitu kiguma nikiyamba boona abo abatakwesobora,Our village always helped those who are in need.
abekento alipota bamalirizege y'omwaka,The finance team has finalized the annual report.
ekyaro kaitu kiraguma nikiyamba abo boona,Our village will always help those who in need.
kaitu ekyaro kiraguma nikiyamba abo boona abatakwesobora,Our village will always help those who are in need.
atunga ha okwimukiza mulimo,He receives a raise at work.
"kakuba basi etalindekere ekiro eki, tinandibwoine munyani wange muno.","If i did not miss the bus that day, i never would have met my best friend."
"basi kakuba etalindekere ekiro eki, tinandibwoine munyani wange muno.","If i did not miss the bus that day, i never would have met my best friend."
Akatebe akeby'ensimbi nikamaliiriza ensoborra ( ripoota ) eyabuli mwaka.,The finance team is finalizing the annual report.
Akatebe akeby'ensimbi nikamaliiriza ensoborra ( ) ripoota eyabuli mwaka.,The finance team is finalizing the annual report.
"nyikaire ntakukinihira ngu ninyija kugura eka yange, baitu ndi hanu, ninyija kutekaho omukono hakipapura wiiki ekwija","I never will think l'd be able to buy mu own home, but here l am, signing the papers next week."
"nyikaire ntakukinihira ngu ninyija kugura eka yange, baitu ndi hanu, ninyija kutekaho hakipapura omukono wiiki ekwija","I never will think l'd be able to buy mu own home, but here l am, signing the papers next week."
owenanga ruhuhwa nayongeramu okukwatwaho kwobujure nokwecumitiriza gebidongp,The harmonica player adds a bluesy feel to the sound.
owenanga ruhuhwa nayongeramu okukwatwaho kwobujure nokwecumitiriza gebidongp omumaraka,The harmonica player adds a bluesy feel to the band's sound.
ekyoma kyomubaizi nikija kubaija ekisisani kuruga omukihinju kyekiti,The sculptor will chisel figure out of a single block of wood.
ekyoma kyomubaizi nikija kubaija ekisisani omukihinju kuruga kyekiti,The sculptor will chisel a figure out of a single block of wood.
akahuka nikaija kujanjara muno mubantu,The virus will widely circulate in the community.
akahuka nikaija kujanjara mubantu muno,The virus will widely circulate in the community.
igana lyabantu nokusemererwa omukoro gutakatandikire,The buzzed with excitement the show starts.
lyabantu igana bakatoka nokusemererwa omukoro gutakatandikire,The crowd buzzed with excitement before the show starts.
Omwegesa wange owungonza akagamba nyine ekisembo ky'okuhandiika -ebyo ebigambo bikaguma nanye.,My favorite teacher told me that i had a gift- for writing those words stayed with me.
Omwegesa wange akagamba owungonza nyine ekisembo ky'okuhandiika -ebyo ebigambo bikaguma nanye.,My favorite teacher told me that i had a gift- for writing those words stayed with me.
"y'omusomo gunu, nitwegesa abalimi orukumi rumu omukukozesa orwezo kuruga omubijuzire","By the end of this project, we trained one thousand farmers in organic methods."
"hakumalira y'omusomo gunu, nitwegesa abalimi orukumi omukukozesa rumu orwezo kuruga omubijuzire","By the end of this project, we trained one thousand farmers in organic methods."
"kakuba nakugambira ekintu kimu hali ekiniga, kiri tokwija kukirugaho-nokirabamu","If I will tell you one thing grief, it's that you never get over it-you get through it."
"kakuba nakugambira kimu ekintu hali ekiniga, kiri ngu tokwija kukirugaho-nokirabamu","If I will tell you one thing about grief, it's that you never get over it-you get through it."
omutendereza amanyirire abakuru nekizina kye ijo,The praise singer has honored the chief's bravery with his song yesterday.
omutendereza abakuru amanyirire nekizina kye ijo,The praise singer has honored the chief's bravery with his song yesterday.
egali y'omwika eraba aheru y'orubuga ebaire nungi muno nti nkaba ntasobora kubyama ntagirozire,The train ride through the countryside has so been beautiful that i did'nt sleep a wink.
egali y'omwika eraba aheru ebaire y'orubuga nungi muno nti nkaba ntasobora kubyama ntagirozire,The train ride through the countryside has so been beautiful that i did'nt sleep a wink.
"omurundi gw'okubanza ninyija kugenda mwomubudabuda, nkatina ekinazonzora hali nyowe","The first time I will go to therapy, I was terrified of what might discover myself."
"omurundi gw'okubanza ninyija mwomubudabuda, kugenda nkatina ekinazonzora hali nyowe","The first time I will go to therapy, I was terrified of what I might discover about myself."
embuzi bazihare omubazi gw'enjoka nkabuliro,The goats have regularly been dewormed.
embuzi omubazi bazihare gw'enjoka nkabuliro,The goats have regularly been dewormed.
Kakuba gavumenti yakozeseze kare amaani Twakubaire lwiina ebitwehinguliriize ebyeowruuu muno.,"If the government had invested in renewable energy earlier, we could have a cleaner environment now."
Kakuba gavumenti yakozeseze kare amaani Twakubaire lwiina ebitwehinguliriize muno. ebyeowruuu,"If the government had invested in renewable energy earlier, we could have a cleaner environment now."
Ntaaha nyine obuleemezi okutekaho omutiima.,I've been having difficulty concetrating.
Ntaaha nyine okutekaho obuleemezi omutiima.,I've been having difficulty concetrating.
ekika ky'ababiito kiremere bunyoro kurugira kimu omkyasi kya 16th,The Babiito dynasty ruled Bunyoro since the 16th century.
ekika ky'ababiito kiremere bunyoro kurugira kimu omkyasi 16th kya,The Babiito dynasty ruled Bunyoro since the 16th century.
obaire noyenda okutekaho okwokya rundi aisi nambere hatunire obuhuta,You needed apply heat or ice to the injured
obaire noyenda okutekaho okwokya rundi nambere aisi hatunire obuhuta,You needed to apply heat or ice to the injured area.
Obuguuda bwihanga butungire omurro ogwokutemba okwemihendo.,The economy is facing inflationary pressures.
Obuguuda bwihanga butungire ogwokutemba omurro okwemihendo.,The economy is facing inflationary pressures.
nyikaire ninyetagisibya sukali okusara,I have needed to cut down on sugar.
"kakuba omuntu afwa, ekyaro kija okunahukara, oba babamanyire muno rundi tibabamanyire","When someone died, the whole village comes to pay respects, whether they knew them well or not."
"kakuba omuntu afwa, ekyaro kyona kija okunahukara, babamanyire oba muno rundi tibabamanyire","When someone died, the whole village comes to pay respects, whether they knew them well or not."
atafike omugabo gwa bakama babizinesi,He never missed a dividend payment.
atafike omugabo gwa babizinesi bakama,He never missed a dividend payment.
ebyefuna bikahambirize emihendo y'ebintu okweyongera muno,The economy faced inflationary pressures.
bikahambirize ebyefuna emihendo y'ebintu okweyongera muno,The economy faced inflationary pressures.
"kakuba omuntu afwa omukyaro kyaitu, abantu bona besoroza baija okusagika eka","When someone die in our village, the whole community together came to support the family."
"kakuba omuntu omukyaro afwa kyaitu, abantu bona besoroza baija okusagika eka","When someone die in our village, the whole community together came to support the family."
ekika kyabaiito kulema bunyoro kurugira mukyasi kya 16th,The Babiito dynasty will rule Bunyoro the 16th
ekika kyabaiito kulema nikija bunyoro kurugira kimu mukyasi kya 16th,The Babiito dynasty will rule Bunyoro since the 16th century.
obuzibu ngira by'okutekana n'okuhuliriza,I have had difficulty concetrating.
Enganikyo zoleka ebya abantu abakuru,Oral history projects record elders'
Enganikyo zoleka ebya abakuru abantu ebibamanyire,Oral history projects record elders' memories.
embuzi nizihebwa omubazi gwenjoka buli kasumi,The goats are being dewormed
embuzi omubazi nizihebwa gwenjoka buli kasumi,The goats are being dewormed regularly.
"ekiniga kizirege omubicweka ebiro ninsobora okwikya, ebiro ebindi tinkusobora","The grief has come in waves some days l can breath, some days l can't."
"ekiniga kizirege omubicweka ebimu ebiro ninsobora okwikya, ebiro ebindi tinkusobora","The grief has come in waves some days l can breath, some days l can't."
abasija abato bombekere orugo rw'ente ouhyaka,The young men have built the new kraal for the cattle.
abasija bombekere abato orugo rw'ente ouhyaka,The young men have built the new kraal for the cattle.
"kakuba gavumenti ebaire etairemu sente kara, ntusobora okuba n'ebyobuhangwa","If the government has invested in renewable energy earlier, we could a cleaner environment now."
"kakuba gavumenti ebaire sente etairemu kara, ntusobora okuba n'ebyobuhangwa ebiyounjo","If the government has invested in renewable energy earlier, we could have a cleaner environment now."
"kakuba okwgaramu obumanzi nkabaza nawe kirokinu, titwanditungire obunyani bunu","If l does not muster the courage to talk to her that day, we would have missed out on this friendship."
"kakuba ntatunga okwgaramu obumanzi nkabaza nawe titwanditungire kirokinu, obunyani bunu","If l does not muster the courage to talk to her that day, we would have missed out on this friendship."
obujanjabi bukakora hamu n'emibazi endi,The medication with other drugs.
obujanjabi hamu bukakora n'emibazi endi,The medication interacted with other drugs.
izaniro ly'emizano elihyaka balitekanize shakespeare azanira musizoni y'omusana,The new theater has staged Shakespeare plays every summer.
izaniro ly'emizano elihyaka balitekanize shakespeare azanira buli y'omusana musizoni,The new theater has staged Shakespeare plays every summer.
"kakuba omuntu afwa omukyaro kyaitu, abantu bona baija baije okusagika eka","When someone die in our village, the whole community has together come to support the family."
"kakuba omuntu afwa omukyaro kyaitu, abantu bona baija baije kwesoroza okusagika eka","When someone die in our village, the whole community has together come to support the family."
naija okundindisa okumara esha yona,She will make me wait for an hour.
naija okumara okundindisa esha yona,She will make me wait for an hour.
Okusendwa kw'itaka kuleteriize abalimi kuleka itaka lyaabo bakagenda bibuga.,The soil erosion has been forcing forcing farers to abandon their and move cities.
Okusendwa kw'itaka kuleteriize abalimi itaka kuleka lyaabo bakagenda mu bibuga.,The soil erosion has been forcing forcing farers to abandon their land and move to cities.
"kakuba ntalitungire okwegaramu obumanzi nkabaza nawe kirokinu, titwanditungire obunyani bunu","If l did muster the courage to talk to her that day, we would have missed out on this friendship."
"kakuba ntalitungire okwegaramu obumanzi nkabaza nawe kirokinu, titwanditungire bunu obunyani","If l did not muster the courage to talk to her that day, we would have missed out on this friendship."
ebyenfuna nibija kuhambiriza emihendo y'ebintu okweyongera muno,The economy will face inflationary pressures.
ebyenfuna nibija kuhambiriza emihendo okweyongera y'ebintu muno,The economy will face inflationary pressures.
Noija kwetaagibwa kuteekaho obutagasi rundi obufuki ha kicweka ekihutaire.,You'll need to apply heat ice to the injured area.
Noija kwetaagibwa kuteekaho obutagasi obufuki rundi ha kicweka ekihutaire.,You'll need to apply heat or ice to the injured area.
ninyija kwijuka akasumi kenyini munyani owamazima-nambere atalinsekeraize omukasumi ndi kubi,I will remember the exact moment l knew she was a true friend - when she didn't laugh at my worst moment.
ninyija kwijuka akasumi kenyini akaba owamazima-nambere munyani atalinsekeraize omukasumi obukaba ndi kubi,I will remember the exact moment l knew she was a true friend - when she didn't laugh at my worst moment.
abasaija abato nibaija okwombeka orugo rw'ente oruhyaka,The young men will build the new kraal for the cattle.
abasaija abato okwombeka nibaija orugo rw'ente oruhyaka,The young men will build the new kraal for the cattle.
ebyafayo eby'okubaza byolekere okwijuka kw'abantu abakuru,Oral has projected record elders ' memories.
ebyafayo eby'okubaza okwijuka byolekere kw'abantu abakuru,Oral history has projected record elders ' memories.
omutendereza naija kumanyira abakuru nekizina kye ijo,The praise singer honor the chief's bravery with song yesterday.
omutendereza naija abakuru kumanyira nekizina kye ijo,The praise singer will honor the chief's bravery with his song yesterday.
yemizaano yaharutuutu empyaka nijja kwoolekaga emizano yasekisipiya buli bwiirre oburutagata,The new theater will stage Shakespeare plays every summer.
enju yemizaano yaharutuutu empyaka nijja kwoolekaga emizano yasekisipiya buli oburutagata bwiirre,The new theater will stage Shakespeare plays every summer.
ninyija okugira obuzibu by'okutekana n'okuhuliriza,I will have difficulty concetrating.
ninyija okugira obuzibu n'okuhuliriza by'okutekana,I will have difficulty concetrating.
abazirweneho bagarukire n'ebitekerezo ebihyaka n'okunihira,Veterans have returned with new ideas and expectations.
abazirweneho bagarukire n'ebitekerezo n'okunihira ebihyaka,Veterans have returned with new ideas and expectations.
omusoro gwaberambanda guhambirize baingi omubusibi,Colonial taxation has forced many into wage labor.
omusoro gwaberambanda baingi guhambirize omubusibi,Colonial taxation has forced many into wage labor.
abaserurizi nibaija kusoma endubata y'ebinyonyi obu ekika ekihyaka ekyebinyonyi,The researchers will study bird migration patterns when they discovered a new species.
abaserurizi nibaija kusoma y'ebinyonyi endubata obu barazonzora ekika ekihyaka ekyebinyonyi,The researchers will study bird migration patterns when they discovered a new species.
ebyafayo eby'okubaza byayolekaga okwijuka kw'abantu abakuru,Oral history projected record elders ' memories.
ebyafayo eby'okubaza byayolekaga okwijuka abakuru kw'abantu,Oral history projected record elders ' memories.
Abasebeni bakagaruka nentekereza empyaka hamu nokunihira.,Veterans returned with new ideas and expectations.
bakagaruka Abasebeni nentekereza empyaka hamu nokunihira.,Veterans returned with new ideas and expectations.
okumara andindisize esaha yona,She has made me wait for an hour.
"Omukyaro kyaitu omuntu obwafa ,abasi,bensi boona baterana bazagika abafeerwa.","When someone die in our village , the whole community comes together to support the family."
"Omukyaro kyaitu omuntu obwafa boona ,abasi,bensi baterana bazagika abafeerwa.","When someone die in our village , the whole community comes together to support the family."
Omusoro og'wendema eya kukahambiriza baingi kupagasa.,Colonial forced many into wage labor.
Omusoro og'wendema eya kukahambiriza matwale baingi kupagasa.,Colonial taxation forced many into wage labor.
"kakuba omuntu afwa omukyaro kyaitu, abantu bona nibaija kwesoroza baije okusagika eka","someone die in our village, the whole community will together come to support the family."
"kakuba omuntu afwa omukyaro kyaitu, bona abantu nibaija kwesoroza baije okusagika eka","When someone die in our village, the whole community will together come to support the family."
ebyefuna bihambirize y'ebintu okweyongera muno,The economy has pressures.
ebyefuna bihambirize y'ebintu emihendo okweyongera muno,The economy has faced inflationary pressures.
abasaija abato bakombekere orugo r'ente oruhyaka,The young men built the new kraal for the cattle.
abasaija abato bakombekere orugo oruhyaka r'ente,The young men built the new kraal for the cattle.
okaba oine okujwara pulasita kumara wiiki mukaaga,You needed to wear a cast six weeks.
okaba oine okujwara pulasita kumara mukaaga wiiki,You needed to wear a cast for six weeks.
"omuro gutagwe mpaka nyenkya,ogaruke hairwaro","If the fever not go down by tomorrow, come back to the clinic."
"omuro mpaka gutagwe nyenkya,ogaruke hairwaro","If the fever did not go down by tomorrow, come back to the clinic."
Uganda ey'ekyasa ekya 19 eri omubihandiiko ebyabakwenda,Missionary writings document 19th century Uganda.
Uganda ey'ekyasa ekya eri 19 omubihandiiko ebyabakwenda abenjiri.,Missionary writings document 19th century Uganda.
abazirweneho bakagaruka n'ebitekerezo ebihyaka kandi n'okunihira,Veterans returned with new ideas and expectations.
abazirweneho bakagaruka n'ebitekerezo ebihyaka n'okunihira kandi,Veterans returned with new ideas and expectations.
Kiro kyaijo omuzini ahaisanizeege omunyoro habwo bumanzibwe.,The praise singer honored the chief's bravery with his song yesterday.
Kiro kyaijo ahaisanizeege omuzini omunyoro habwo bumanzibwe.,The praise singer honored the chief's bravery with his song yesterday.
Omurundi gwokubanza nkagenda kutunga obujanjabi ekintu ekibangambiire ekinkaba nsemerire kuzonzora nyowe nyenka.,"The first time I to therapy, I was terrified of I might discover about myself."
Omurundi gwokubanza nkagenda kutunga obujanjabi ekintu ekibangambiire ekinkaba nsemerire kuzonzora nyenka. nyowe,"The first time I went to therapy, I was terrified of what I might discover about myself."
"omurundi gw'okubanza okugenda mwoyomubudabuda, nkatina ekinazonzora hali nyowe","The first time I go to therapy, I was terrified of what I might discover about myself."
"gw'okubanza omurundi okugenda mwoyomubudabuda, nkatina ekinazonzora hali nyowe","The first time I go to therapy, I was terrified of what I might discover about myself."
izaniroly'emizano erihyakalitekanizibwe shakespeare plays buli musizoni y'omusana,The new theater staged Shakespeare plays every summer.
erihyakalitekanizibwe izaniroly'emizano shakespeare plays buli musizoni y'omusana,The new theater staged Shakespeare plays every summer.
"kakuba ntatunge okwegaramu obumanzi nkabaza nawe kirokinu, titwanditungire obuyani bunu","If l will not muster the courage to talk to her day, we would have missed out on this friendship."
"kakuba okwegaramu ntatunge obumanzi nkabaza nawe kirokinu, titwanditungire obuyani bunu","If l will not muster the courage to talk to her that day, we would have missed out on this friendship."
"kakuba gavumeti eratekamu sente omubintu ebikwegarukamu kara, ntusobora okuba n'ebyobuhangwa ebiyomjo",If the government will invest in renewable we could have a cleaner environment now.
"kakuba gavumeti eratekamu sente omubintu ebikwegarukamu kara, okuba ntusobora n'ebyobuhangwa ebiyomjo","If the government will invest in renewable energy earlier, we could have a cleaner environment now."
nuwe ngu tikine buzibu bwona okusaba obukonyezi,He was the one who taught me that it's to ask for help.
yanyegeseze nuwe ngu tikine buzibu bwona okusaba obukonyezi,He was the one who taught me that it's okay to ask for help.
"Kakuba gutakeeha kikahika nyekya, ogaruke omu karwarro.","If the fever doesn't go down by tomorrow, come back to the clinic."
"Kakuba omuswija gutakeeha kikahika nyekya, ogaruke karwarro. omu","If the fever doesn't go down by tomorrow, come back to the clinic."
ninyijuka akasumi nikimanya akaba munyani owamazima-atansekereze omukasumi obukaba nidi kubi,I remembered the exact moment l knew she a true friend - when she didn't laugh at my worst moment.
ninyijuka akasumi nikimanya kenyini akaba munyani owamazima-atansekereze omukasumi obukaba nidi kubi,I remembered the exact moment l knew she was a true friend - when she didn't laugh at my worst moment.
akandindisa okumara yona esaha,She made me wait for an hour.
"Enyunyuzi zaaka kukungi obuziba zili haraha ,n'etaara zomwabuga.",The stars shine brightly in the night sky away from city lights.
"zaaka Enyunyuzi kukungi obuziba zili haraha ,n'etaara zomwabuga.",The stars shine brightly in the night sky away from city lights.
takafikaga omugabo gwa abakama babizinesi,He never missed a dividend payment.
takafikaga omugabo gwa babizinesi abakama,He has never missed a dividend payment.
nija kwemera kurungi muno omumaizi gahaihi,The egret will stand perfectly still in the shallow water.
enyange nija kwemera kurungi muno gahaihi omumaizi,The egret will stand perfectly still in the shallow water.
"kakuba omuntu afwa, ekyaro kyona nikija okunahukara, oba babamanyire muno rundi tibabamanyire","When someone will die, whole village comes to pay respects, whether they knew them well or not."
"kakuba omuntu afwa, ekyaro kyona nikija okunahukara, oba muno babamanyire rundi tibabamanyire","When someone will die, the whole village comes to pay respects, whether they knew them well or not."
buli muntu orukwija kutangatangana amanyire ekintu ky'otamanyire - nigw'omugisa kukyega,Every person you will meet knows something don't that's a to learn.
buli orukwija muntu kutangatangana amanyire ekintu ky'otamanyire - nigw'omugisa kukyega,Every person you will meet knows something you don't — that's a chance to learn.
enyange ekaimera kurungi mumaizi gahaihi,The egret stood perfectly still in the shallow water.
ekaimera enyange kurungi muno mumaizi gahaihi,The egret stood perfectly still in the shallow water.
"Obusasi bwija nkebigonzi ebiro ebimu ninyikya ,ebiro ebindi","The grief comes in waves some days l can breath , some days l can't."
"Obusasi bwija nkebigonzi ebiro ebimu ,ebiro ninyikya ebindi tindukusobora.","The grief comes in waves some days l can breath , some days l can't."
tarukwija kufika omugabo gwa abakama babizinesi,He will never miss a dividend payment.
tarukwija kufika omugabo abakama gwa babizinesi,He will never miss a dividend payment.
enyunyuzi zikaka muno ekiro omumwanya kukira ebitara by'omurubuga,The stars brightly shone in the night sky away from city lights.
enyunyuzi zikaka ekiro muno omumwanya kukira ebitara by'omurubuga,The stars brightly shone in the night sky away from city lights.
ebyafayo eby'okubaza nibija kwoleka okwijuka kw'abantu abakuru,Oral history will project record elders ' memories.
ebyafayo nibija eby'okubaza kwoleka okwijuka kw'abantu abakuru,Oral history will project record elders ' memories.
enyange imerire kurrngi muno omumaizi gahaihi,The egret has stood perfectly still in the shallow water.
enyange imerire muno kurrngi omumaizi gahaihi,The egret has stood perfectly still in the shallow water.
"kakuba omuro guba tigugwire mpaka nyenkya, ogaruke hairwaro","If the fever has not gone down by tomorrow, come back to the clinic."
"kakuba guba omuro tigugwire mpaka nyenkya, ogaruke hairwaro","If the fever has not gone down by tomorrow, come back to the clinic."
obujanjabi nibwija kukorahamu n'emibazi endi,medication will interact with other
obujanjabi nibwija n'emibazi kukorahamu endi,The medication will interact with other drugs.
"Kakuba ntaratungire obumanzi bw'okubaza nawe eki, buno obunywani.","If l hadn't mustered the courage to talk to her that day , we would have missed out on friendship."
"Kakuba obumanzi ntaratungire bw'okubaza nawe eki, twakuferirwe buno obunywani.","If l hadn't mustered the courage to talk to her that day , we would have missed out on this friendship."
nyijukire aksumi kenyini nkimanyire akaba munyani owamazima-nambere atalinsekeraize omukasumi obukaba kubi,have remembered the exact moment l knew she was a true friend - when she didn't laugh at my worst moment.
nyijukire aksumi kenyini nkimanyire akaba munyani owamazima-nambere omukasumi atalinsekeraize obukaba kubi,I have remembered the exact moment l knew she was a true friend - when she didn't laugh at my worst moment.
"omuro tigurukwija kugwa mpaka nyekya, ogaruke hairwaro","If the fever will not go down by tomorrow, come back the clinic."
"omuro kugwa tigurukwija mpaka nyekya, ogaruke hairwaro","If the fever will not go down by tomorrow, come back to the clinic."
"Omuntu obwafa , ekyaro kiija kugaragara , bamanyire kurungi rundi tibamanyire.","When , the whole village comes to pay respects , whether they knew them well or not."
"Omuntu obwafa , ekyaro kiija kugaragara , kababe bamanyire rundi kurungi tibamanyire.","When someone dies , the whole village comes to pay respects , whether they knew them well or not."
Omubazi nigusobora kukoragana n'emibazi endi.,The medication interact with other drugs.
Omubazi kukoragana nigusobora n'emibazi endi.,The medication may interact with other drugs.
"ekiniga kiaizira omubicweka ebiro ebimu kwikya, ebiro ebindi tinkusobora","The grief came in waves some days l can breath, some days l can't."
"ekiniga kiaizira ebiro omubicweka ebimu nisobora kwikya, ebiro ebindi tinkusobora","The grief came in waves some days l can breath, some days l can't."
okuhandika kwabaramagi kukatandika mukyasa kya 19th m'uganda,Missionary writings documented 19th century Uganda.
okuhandika kwabaramagi kukatandika mukyasa 19th kya m'uganda,Missionary writings documented 19th century Uganda.
omutendereza amanyira abakuru nekizina kye ijo,The singer honors the chief's bravery with his song yesterday.
amanyira omutendereza abakuru nekizina kye ijo,The praise singer honors the chief's bravery with his song yesterday.
Obulemi obw'ababiito bwebembiire Bunyoro kuruga omukyasa ekya ikumi na mukaaga.,The Babiito has ruled Bunyoro since the 16th century.
obw'ababiito Obulemi bwebembiire Bunyoro kuruga omukyasa ekya ikumi na mukaaga.,The Babiito dynasty has ruled Bunyoro since the 16th century.
"akasumi kona mbaire nitekereza ntungire okugarukwamu, nyega ekintu kihyaka","Everytime I have thought I've figured it out, I learn new."
"akasumi kona mbaire ntungire nitekereza okugarukwamu, nyega ekintu kihyaka","Everytime I have thought I've figured it out, I learn something new."
egali y'omwika eraba y'orubuga neja kuba nungi muno nti nkaba ntasobora okubyama ntagirozire,The train ride through the countryside will so be beautiful that i did'nt sleep a wink.
egali y'omwika eraba aheru y'orubuga neja kuba nungi muno nti nkaba okubyama ntasobora ntagirozire,The train ride through the countryside will so be beautiful that i did'nt sleep a wink.
Ninyujuka akasumi akananyiire kimu ngu nuwe nywani owahikire- obwataransekeriize omukasu kange akabi.,I remember the exact moment l knew she was a true friend - when she didn't laugh at my worst moment.
Ninyujuka akasumi akananyiire kimu ngu nuwe nywani owahikire- obwataransekeriize kange omukasu akabi.,I remember the exact moment l knew she was a true friend - when she didn't laugh at my worst moment.
enyunyuzi zakire muno ekiro omumwanya kukira ebitara by'omurubuga,The stars have brightly shone in the sky away from lights.
enyunyuzi zakire muno ekiro kukira omumwanya ebitara by'omurubuga,The stars have brightly shone in the night sky away from city lights.
"ekiniga nikija kwija omubicweka ebiro ebimu nisobora kwikya, ebiro ebindi tinkusobora","The grief will come in some days l can breath, some l can't."
"ekiniga nikija kwija omubicweka ebimu ebiro nisobora kwikya, ebiro ebindi tinkusobora","The grief will come in waves some days l can breath, some days l can't."
egali y'omwika eraba aheru y'orubuga ekaba nungi muno nti nkaba ntasobora okubyama ntagirozire,The train ride through the countryside was so beautiful that i did'nt sleep a wink.
egali y'omwika eraba aheru y'orubuga ekaba muno nungi nti nkaba ntasobora okubyama ntagirozire,The train ride through the countryside was so beautiful that i did'nt sleep a wink.
"kakuba omuntu afwa, ekyaro kyona kija okunahukara, oba babamanyire muno rundi tibabamanyire","someone has died, the whole village comes to pay respects, whether they knew them well or not."
"kakuba omuntu afwa, ekyaro kyona kija okunahukara, oba babamanyire muno tibabamanyire rundi","When someone has died, the whole village comes to pay respects, whether they knew them well or not."
enyunyuzi nizija kwaka muno ekiro omumwanya kukira ebitara by'omurubuga,The will brightly shine in the night sky away from city lights.
enyunyuzi nizija kwaka ekiro muno omumwanya kukira ebitara by'omurubuga,The stars will brightly shine in the night sky away from city lights.
"omurundi gw'okubanza nkagenda mwoyomubudabuda, nkatina ekinazonzora hali nyo","The first time I have gone to therapy, I was terrified of what I might discover about myself."
"omurundi gw'okubanza nkagenda mwoyomubudabuda, nkatina hali ekinazonzora nyo","The first time I have gone to therapy, I was terrified of what I might discover about myself."
okutwarwa kwitaka kukaletera abalimi okuleka itaka lyabo kandi bakagenda ummbuga,The soil erosion forced farers to abandon their land and move to cities.
okutwarwa kwitaka kukaletera abalimi okuleka itaka lyabo kandi ummbuga bakagenda,The soil erosion forced farers to abandon their land and move to cities.
nuwe akwija okunyegesa ngu tikine bwona okusaba obukonyezi,He be the one who taught me that it's okay to ask for help.
nuwe akwija ngu okunyegesa tikine buzibu bwona okusaba obukonyezi,He will be the one who taught me that it's okay to ask for help.
embuzi bakaziha omubazi gw'enjoka nkabulikiro,The goats were regularly dewormed.
bakaziha embuzi omubazi gw'enjoka nkabulikiro,The goats were regularly dewormed.
noija kwetagisa okutekaho kwokya rundi aisi nambere hatungire obuhuta,You will need to apply heat or ice to the injured area.
noija kwetagisa kwokya okutekaho rundi aisi nambere hatungire obuhuta,You will need to apply heat or ice to the injured area.
ekika kyababiito kilema kurugira kimu omukyasa kya 16th,The Babiito dynasty rules Bunyoro since the 16th century.
ekika kyababiito kilema kurugira bunyoro kimu omukyasa kya 16th,The Babiito dynasty rules Bunyoro since the 16th century.
"akasumi kona ninyija kutekereza ntungire okugarukwamu, nyega ekintu kihyaka",Everytime I will think I've figured it I learn something new.
"akasumi kona ninyija kutekereza ntungire okugarukwamu, ekintu nyega kihyaka","Everytime I will think I've figured it out, I learn something new."
obujanjabi bukozire hamu n'emibazi endi,The medication has interacted with other drugs.
bukozire obujanjabi hamu n'emibazi endi,The medication has interacted with other drugs.
buli muntu watangantangaine amanyire ekintu - nigw'omugisa kukyega,Every person you met knows something you don't — that's a chance to learn.
buli muntu watangantangaine amanyire ekintu - ky'otamanyire nigw'omugisa kukyega,Every person you met knows something you don't — that's a chance to learn.
Abasigazi orugo nibakora rw'ente.,The young men are building the new kraal for the cattle.
omusoro gwa aberambanda gukahambiriza baingi omubusibi,Colonial taxation forced many into wage labor.
omusoro aberambanda gwa gukahambiriza baingi omubusibi,Colonial taxation forced many into wage labor.
okutwarwa kwitaka abalimi okuleka itaka lyabo kandi bagenda,The soil erosion forces farers to abandon their land and move to cities.
okutwarwa kwitaka kihambiriza okuleka abalimi itaka lyabo kandi bagenda mumbuga,The soil erosion forces farers to abandon their land and move to cities.
"kakuba gavumenti etekamu sente omubintu ebikyegarukamu kara, ntusobora okuba nebyobuhangwa ebiyonjo","If the government in renewable energy earlier, we could have a cleaner environment now."
"kakuba gavumenti etekamu omubintu sente ebikyegarukamu kara, ntusobora okuba nebyobuhangwa ebiyonjo","If the government invests in renewable energy earlier, we could have a cleaner environment now."
Nuwe yangambiire ngu kirungi kusaba obuyambi.,He's one who taught me that it's to ask for help.
Nuwe yangambiire ngu kusaba kirungi obuyambi.,He's the one who taught me that it's okay to ask for help.
omusoro gwa aberambanda nigwija kuhambiriza omubusibi,Colonial taxation will force many into wage labor.
omusoro gwa nigwija aberambanda kuhambiriza baingi omubusibi,Colonial taxation will force many into wage labor.
okuhandika kwabaramagi kukatandikwaho omukyasa kya 19th om'uganda,Missionary writings have documented 19th century Uganda.
okuhandika kukatandikwaho kwabaramagi omukyasa kya 19th om'uganda,Missionary writings have documented 19th century Uganda.
Abebyokuseruliriza bakaba nibecumitiriza obubarozire y'ebinyonyi ebihyaaka.,The researchers were studying bird migration patterns when they discovered a new species.
Abebyokuseruliriza bakaba nibecumitiriza obubarozire y'ebinyonyi emiringo ebihyaaka.,The researchers were studying bird migration patterns when they discovered a new species.
noyetagisa pulasita okumara wiiki mukaaga,You have needed to wear a cast for six weeks.
okujwara noyetagisa pulasita okumara wiiki mukaaga,You have needed to wear a cast for six weeks.
"akasumi kona ntekereza ntungire okugarukwamu, nyega kihyaka","Everytime I thought I've figured it out, I something new."
"kona akasumi ntekereza ntungire okugarukwamu, nyega ekintu kihyaka","Everytime I thought I've figured it out, I learn something new."
Noija kwetaaga kujwara ekiseminti kumara sabiiti mukaaga.,You'll to wear a cast for six weeks.
Noija kwetaaga kujwara kumara ekiseminti sabiiti mukaaga.,You'll need to wear a cast for six weeks.
okutwarwa kwitaka nikwija okuletera abalimi okuleka itaka lyabo kandi bakagenda mumbuga,The soil erosion will force farers to abandon their land and move to cities.
okutwarwa kwitaka nikwija okuletera abalimi okuleka itaka lyabo bakagenda kandi mumbuga,The soil erosion will force farers to abandon their land and move to cities.
"Obuntekereza ngu nkyetegeriize,nubwo nyega ekintu ekihyaka.","Everytime I think I've figured it out, I learn something new."
"Obuntekereza ngu nkyetegeriize,nubwo nyega ekihyaka. ekintu","Everytime I think I've figured it out, I learn something new."
abaserurizi basoma endubata y'ebinyonyi bazonzora ekika ekihyaka ekyebinyonyi,researchers study bird migration patterns when they discovered a new species.
abaserurizi endubata basoma y'ebinyonyi obu bazonzora ekika ekihyaka ekyebinyonyi,The researchers study bird migration patterns when they discovered a new species.
ekitebe kikagwa omu 1977 habw'okwahukana,The community collapsed in 1977 due to political differences.
ekitebe kikagwa omu 1977 mupolipo habw'okwahukana,The community collapsed in 1977 due to political differences.
ekitebe nikija kugwa omu1977 habw'okwahukana mupolipo,community collapse in 1977 due to political differences.
ekitebe nikija kugwa omu1977 mupolipo habw'okwahukana,The community will collapse in 1977 due to political differences.
abaserurizi basomereho endubata y'ebinyonyi bazonzoire ekika ekihyaka ekyebinyonyi,The researchers have studied bird migration patterns they discovered a new species.
abaserurizi basomereho endubata y'ebinyonyi bazonzoire obu ekika ekihyaka ekyebinyonyi,The researchers have studied bird migration patterns when they discovered a new species.
rwegaali y'omwika kuraba omu bugwa izooba rukaba muno nta hungi reho kakube kukoimya.,The train ride through the countryside was so beautiful that i did'nt sleep a wink.
Orugendo rwegaali y'omwika kuraba omu bugwa izooba muno rukaba habwokuba nta hungi reho kakube kukoimya.,The train ride through the countryside was so beautiful that i did'nt sleep a wink.
buli muntu oratangatangaineho amanyire ekintu ky'otamanyire - nigw'omugisa kukyega,Every person you have met knows something you don't — that's a chance
buli muntu oratangatangaineho amanyire ky'otamanyire ekintu - nigw'omugisa kukyega,Every person you have met knows something you don't — that's a chance to learn.
oyetagisize okutekaho okwokya rundi nambere hantungire obuhuta,You have needed to apply or ice to the injured area.
oyetagisize okutekaho okwokya rundi aisi hantungire nambere obuhuta,You have needed to apply heat or ice to the injured area.
Ekitebe kikahwahi omumwaka ogwa 1977 habwobutetegerezangana omubyendema.,The community collapsed in 1977 due to political differences.
Ekitebe kikahwahi omumwaka ogwa 1977 omubyendema. habwobutetegerezangana,The community collapsed in 1977 due to political differences.
noija kwetagisibya okujwara pulasita okumara wiiki mukaaga,You will need to wear a cast for six weeks.
noija kwetagisibya pulasita okujwara okumara wiiki mukaaga,You will need to wear a cast for six weeks.
abazirweneho nibaija kugaruka n'ebitekerezo ebihyaka n'okunihira,Veterans will return with new ideas and expectations.
nibaija abazirweneho kugaruka n'ebitekerezo ebihyaka n'okunihira,Veterans will return with new ideas and expectations.
embuzi nibaja kuziha omubazi gw'enjoka nkabulikiro,The goats will regularly dewormed.
embuzi kuziha nibaja omubazi gw'enjoka nkabulikiro,The goats will regularly be dewormed.
nkaba nyine obuzibu n'okutekana ahahuliriza,I had difficulty concetrating.
nkaba nyine n'okutekana obuzibu ahahuliriza,I had difficulty concetrating.
sitage y'ebyemizano empyaka shakespeare azanira buli musizoni youmsana,The new theater stages Shakespeare plays every summer.
sitage y'ebyemizano empyaka shakespeare azanira buli youmsana musizoni,The new theater stages Shakespeare plays every summer.
okuhandika kwabaramagi okutandika omukyasa kya 19th m'uganda,Missionary writings will document 19th century
okuhandika kwabaramagi nikwija okutandika omukyasa kya m'uganda 19th,Missionary writings will document 19th century Uganda.
ekitebe kigwire omu 1977 habw'okwahukana mupolipo,The community has collapsed in 1977 due to political
ekitebe kigwire 1977 omu habw'okwahukana mupolipo,The community has collapsed in 1977 due to political differences.
"omuntu weena owotaganana tangana anyina ekyamanyire iwe ekyotamanyire , kandi kinu nikisemera kukuha omugisa okwega",Every person you meet knows something you don't—that's a chance to learn.
"omuntu weena owotaganana tangana anyina ekyamanyire iwe , ekyotamanyire kandi kinu nikisemera kukuha omugisa okwega",Every person you meet knows something you don't—that's a chance to learn.
"buli mugenzo gubaire gwine ekigurukumanyisa,nobu kiraba tutukugwetegereza","Every ritual has had a meaning, even if we don't always understand it."
"buli mugenzo gubaire gwine ekigurukumanyisa,nobu tutukugwetegereza kiraba","Every ritual has had a meaning, even if we don't always understand it."
Omurwaire nayoleka oburorwaho bwokuba kubi.,The patient is showing signs sepsis.
Omurwaire nayoleka bwokuba oburorwaho kubi.,The patient is showing signs of sepsis.
"nkaba ntakinihira nti kumaraho omwaka gunu, baitu hati ndihanu","I did think I'd it through that year, but here I am."
"nkaba ntakinihira ninyija nti kumaraho omwaka gunu, baitu hati ndihanu","I did not think I'd make it through that year, but here I am."
kaliitango y'okwegesa habyobuhangwo ehikireho abantu abarukuhingura mukyaaro,The environmental awareness campaign has reached over one million people.
kaliitango y'okwegesa habyobuhangwo ehikireho abantu mukyaaro abarukuhingura,The environmental awareness campaign has reached over one million people.
kyatooro mu FORT PORTAL kikasikiriza abagenyi baingi,The Tooro palace in Fort Portal many visitors.
kyatooro ekikali mu FORT PORTAL kikasikiriza abagenyi baingi,The Tooro palace in Fort Portal attracted many visitors.
tukaha amata g'ente ag'okubaza hali ba'isekuru itwe,We gave the first milk from cow to the ancestors.
tukaha amata g'ente ag'okubaza ba'isekuru hali itwe,We gave the first milk from the cow to the ancestors.
Kugarraho buhyaka ebyasisikaire nukugenda omumaiso omubikaro ebyasisikaire.,Reconstruction efforts in affected areas.
Kugarraho buhyaka ebyasisikaire omumaiso nukugenda omubikaro ebyasisikaire.,Reconstruction efforts continue in affected areas.
tuhaireyo okwongezebwa kwa waranti hamasanyarazi,We offered extended warranties on electronics.
tuhaireyo okwongezebwa waranti kwa hamasanyarazi,We offered extended warranties on electronics.
enkuru banka ekeheze amagoba,The central bank has lowered interest rates.
amani g'okwombeka buhyaka omubicweka ebyali,Reconstruction efforts continued in affected areas.
amani g'okwombeka buhyaka geyongire ebyali omubicweka bihikirweho,Reconstruction efforts continued in affected areas.
abaseruruzi nibaja kusomaho engrri y'okuhindukahinduka y'enyikara ekutabaniza ebwokulya obubatandikireho enkora empyaka,The will study the impact climate change on food security when they developed new strategies.
abaseruruzi nibaja kusomaho engrri y'okuhindukahinduka y'enyikara ekutabaniza ebwokulya obubatandikireho empyaka enkora,The researchers will study the impact of climate change on food security when they developed new adaptation strategies.
"kakuba abantu batalisiza muno, itaka nirija kusigara rw'orwezo","If the community does not overgraze the land, the soil would still be fertile."
"kakuba batalisiza abantu muno, itaka nirija kusigara rw'orwezo","If the community does not overgraze the land, the soil would still be fertile."
ninyja ebintu byange nsuwarensi ijo,I will pay my property insurance yesterday.
okusasura ninyja ebintu byange nsuwarensi ijo,I will pay my property insurance yesterday.
"Kakuba nakukozire ekintu ntaine butiine butiini bwokugwa, nakutandikireho entaahya yange.","If l could do without fear of failure , l'd start my own business."
"Kakuba nakukozire ekintu ntaine butiine bwokugwa, butiini nakutandikireho entaahya yange.","If l could do anything without fear of failure , l'd start my own business."
yetaba omubikorwa by'okulinda,UPDF participates in peace keeping missions.
UPDF omubikorwa yetaba by'okulinda obusinge,UPDF participates in peace keeping missions.
Ekaali kya Tooro omu Fort Portal kisikiriza abagenyi baingi.,The Tooro palace in Fort Portal attracts many visitors.
Ekaali kya Tooro omu Fort Portal kisikiriza baingi. abagenyi,The Tooro palace in Fort Portal attracts many visitors.
nuwe ogu eyanyegeseze ngu tikine buzibu bwona okukonyezi,He has been one taught me that it's okay to ask for help.
abaire nuwe ogu eyanyegeseze ngu tikine bwona buzibu okukonyezi,He has been the one who taught me that it's okay to ask for help.
nitwija kuha amata g'ente ag'okubaza hali itwe,will give the first milk from the cow to the ancestors.
nitwija kuha amata g'ente hali ag'okubaza ba'isekuru itwe,We will give the first milk from the cow to the ancestors.
tujagwize amagesa hakumalira kwa sizoni,We celebrated the harvest festival at the end of the season.
amagesa tujagwize hakumalira kwa sizoni,We have celebrated the harvest festival at the end of the season.
ekikali kyatooro mu FORT PORTAL kikasikiriza abagenyi,The Tooro palace in Fort Portal will attract many visitors.
kyatooro ekikali mu FORT PORTAL kikasikiriza abagenyi baingi,The Tooro palace in Fort Portal will attract many visitors.
kadi yabanka okutunga obugoba,I have used a credit card for rewards points.
nkozeseze kadi okutunga yabanka obugoba,I have used a credit card for the rewards points.
Abalimi bakozesa ebijunzire kwongera oburungi omu itaka.,use compost to improve soil structure.
Abalimi bakozesa ebijunzire oburungi kwongera omu itaka.,Farmers use compost to improve soil structure.
orufu rwa isenkuru nyowe kiri kijaguzo ky'obwomezibwe - yatugambiraga enganikyo kandi twsekaga kuraba omumaziga gaitu,My grandfather's funeral is a celebration of his life - e told stories and laughed through
orufu rwa isenkuru nyowe kiri ky'obwomezibwe kijaguzo - yatugambiraga enganikyo kandi twsekaga kuraba omumaziga gaitu,My grandfather's funeral is a celebration of his life - e told stories and laughed through our tears.
rwa isenkuru nyowe rubairekijaguzo ky'obwomezibwe enganikyo kandi twasekaga kuraba omuziga gaitu,My funeral has a celebration of his life - e told stories and laughed through our tears.
orufu isenkuru rwa nyowe rubairekijaguzo ky'obwomezibwe - yatugambiraga enganikyo kandi twasekaga kuraba omuziga gaitu,My grandfather's funeral has been a celebration of his life - e told stories and laughed through our tears.
izaniro ly'emizano elihyaka likakingurwaho hali abantu abaine obulema,The new theater was accessible to people with disabilities.
izaniro ly'emizano likakingurwaho elihyaka hali abantu abaine obulema,The new theater was accessible to people with disabilities.
"kakuba abantu batarukwija kulisiza muno, itaka nirija kusigara ry'orwezo","If the community will not overgraze the land, the soil would still be fertile."
"abantu kakuba batarukwija kulisiza muno, itaka nirija kusigara ry'orwezo","If the community will not overgraze the land, the soil would still be fertile."
omuranga gw'okumanyira eby'obuhangwa nigwija kuhika akakaikuru kamu,The environmental awareness campaign will reach over one people.
omuranga gw'okumanyira nigwija eby'obuhangwa kuhika akakaikuru kamu,The environmental awareness campaign will reach over one million people.
omuranga gw'okumanyira eby'obuhangwa guhikire abantu akakaikuru kamu,The environmental awareness campaign reaches over one million people.
gw'okumanyira omuranga eby'obuhangwa guhikire abantu akakaikuru kamu,The environmental awareness campaign reaches over one million people.
UPDF eketaba omubikorwa by'okulinda obusinge,UPDF participated in peace keeping missions.
UPDF omubikorwa eketaba by'okulinda obusinge,UPDF participated in peace keeping missions.
obujanjabi nibwija kuba bwoburumi nibukoraho,The treatment will be painful but is usually effective.
obujanjabi kuba nibwija bwoburumi baitu nibukoraho,The treatment will be painful but is usually effective.
amani g'okwombeka buhyaka geyongire omubicweka ebyali bihikirweho,Reconstruction efforts have continued in affected areas.
amani g'okwombeka buhyaka omubicweka geyongire ebyali bihikirweho,Reconstruction efforts have continued in affected areas.
obujanjabi bubaire bwoburumi baitu nibukoraho,The treatment been painful but is usually effective.
obujanjabi bubaire baitu bwoburumi nibukoraho,The treatment has been painful but is usually effective.
akatekamu nyingi sente muno,He invested in a hedge fund.
okaire noyetagisibwa okuguru kwawe kwimukize kukehya okuzimba,You have needed to keep your leg elevated to reduce swelling.
okaire noyetagisibwa okuguru okwikaza kwawe kwimukize kukehya okuzimba,You have needed to keep your leg elevated to reduce swelling.
tujaguza amagesa hakumalira sizoni,We celebrate the harvest festival at the end of the season.
tujaguza amagesa hakumalira sizoni kwa,We celebrate the harvest festival at the end of the season.
Hampero ey'ebiro eby'okugesa nitwija kukora obugenyi.,We will celebrate the harvest festival at the end of the season.
Hampero eby'okugesa ey'ebiro nitwija kukora obugenyi.,We will celebrate the harvest festival at the end of the season.
okusasura ebintu byange nsuwarensi ijo,I have paid my property insurance yesterday.
niyinja okusasura ebintu nsuwarensi byange ijo,I have paid my property insurance yesterday.
noija okwetagisibwa okwikaza okuguru kwawe kwimukize kukehya okuzimba,You will need to keep your leg to reduce swelling.
noija okwetagisibwa okwikaza okuguru kwimukize kwawe kukehya okuzimba,You will need to keep your leg elevated to reduce swelling.
abaana baitu nibaija okuhura nkonku twatangatagaine - batuletereza okukibazaho buli hanyuma y'omwaka mubuswere baitu,Our children will hear the story of how we met make us tell it every anniversary.
abaana baitu nibaija okuhura nkonku twatangatagaine - batuletereza buli okukibazaho hanyuma y'omwaka mubuswere baitu,Our children will hear the story of how we met -they make us tell it every anniversary.
ebibo emyaka ebaire nungi hansi eyimukire,The new variety has been suitable for altitudes.
ebibo emyaka ebaire hansi nungi eyimukire,The new variety has been suitable for higher altitudes.
izaniro ly'emizano likigwireho hali abantu abane obulema,The new theater has been accessible people with disabilities.
izaniro ly'emizano likigwireho elihyaka hali abantu abane obulema,The new theater has been accessible to people with disabilities.
"Abarukuseruliriza bakaba hinduka y'obwire haby'okulunda ebyokulya ,obubatandukire emihanda y'okulinda empyaaka.",researchers were studying the impact of climate change on food security they new adaptation strategies.
"Abarukuseruliriza bakaba nibecumuliriza habirukubaho hinduka habwempinda y'obwire haby'okulunda ebyokulya ,obubatandukire emihanda y'okulinda empyaaka.",The researchers were studying the impact of climate change on food security when they developed new adaptation strategies.
"buli mugenzo nigwija kugira ekirukumanyisa, nobu kiraba tutukugwetegereza","Every ritual will have a meaning, even if we don't always understand it."
"buli mugenzo nigwija kugira ekirukumanyisa, kiraba nobu tutukugwetegereza","Every ritual will have a meaning, even if we don't always understand it."
banka ekehya enkuru amagoba,The central bank lowers interest rates.
banka enkuru amagoba ekakehya,The central bank lowered interest rates.
"ntindikwija kunihira nti ninyija kumaraho omwaka gunu, baitu hati ndihanu","I will not think I'd make it through that year, but I am."
"ntindikwija kunihira nti ninyija kumaraho omwaka gunu, hati baitu ndihanu","I will not think I'd make it through that year, but here I am."
nyowe nkozesa kaada -nsimbi habwobusiimo.,I use a credit for the rewards points.
nyowe kaada nkozesa -nsimbi habwobusiimo.,I use a credit card for the rewards points.
omuranga gw'okumanyira eby'obuhangwa gukahika abantu akakaikuru kamu,The environmental awareness campaign reached over one million people.
omuranga eby'obuhangwa gw'okumanyira gukahika abantu akakaikuru kamu,The environmental awareness campaign reached over one million people.
nsasura ebintu byange nsuwarensi ijo,I pay my property insurance yesterday.
nsasura ebintu nsuwarensi byange ijo,I pay my property insurance yesterday.
Ekiro ekyaijo nsaswirege ensuwarensi eya matungo gange,I paid my property insurance yesterday.
Ekiro ekyaijo nsaswirege eya ensuwarensi matungo gange,I paid my property insurance yesterday.
abalimi bakakozesa ebijunzire okuhidura engeri y'itaka,Farmers used compost to improve soil structure.
abalimi bakakozesa ebijunzire engeri okuhidura y'itaka,Farmers used compost to improve soil structure.
ekiikaro kyokukoorramu nikiiji kwanguhira naabalema kukutahamu,The new theater will be accessible to people with disabilities.
ekiikaro kyokukoorramu emizaano nikiiji naabalema kwanguhira kukutahamu,The new theater will be accessible to people with disabilities.
asaswire Omusaija amabanjage goona,He has paid off all his debts.
abaseruruzi basomereho engeri y'okuhindukahindikuka y'enyikara ekutabaniza ebyokulya obubatandikireho enkora empyaka,The researchers have the impact of climate change on food security when they developed new strategies.
abaseruruzi basomereho engeri y'okuhindukahindikuka y'enyikara ekutabaniza obubatandikireho ebyokulya enkora empyaka,The researchers have studied the impact of climate change on food security when they developed new adaptation strategies.
nkozeseze kadi yabanka okutunga obugoba,I used a credit card for the rewards points.
kadi nkozeseze yabanka okutunga obugoba,I used a credit card for the rewards points.
sentu atekamu nyigi muno,He invests in a hedge fund.
"Orufu rwalsenkuru nyowe rukuba rwokujaguza obuwomezibwe -nobukiraba tukaba tuli omumazisa, ,nokuseka twaseka.",My grandfather's funeral was a celebration of his life - e told stories and laughed through our tears.
"Orufu rwalsenkuru nyowe rukuba rwokujaguza obuwomezibwe -nobukiraba tukaba tuli omumazisa, ,nokuseka tukamubazaaho twaseka.",My grandfather's funeral was a celebration of his life - e told stories and laughed through our tears.
nkaba nyine esaara eyinasabaga kakuba mpura oturo nikyo kintu ky'okumalira bwange,I had a I say when I'm falling asleep-it's the last thing on my mind.
nkaba nyine esaara eyinasabaga kakuba oturo mpura - nikyo kintu ky'okumalira omubwongo bwange,I had a prayer I say when I'm falling asleep-it's the last thing on my mind.
abaana baitu bahulire nkonku twatangatagaine - batuletereza okukibazaho buli hanyuma y'omwaka mubuswere baitu,Our children have heard the story of how we met -they make us tell every
abaana baitu bahulire nkonku twatangatagaine - batuletereza okukibazaho buli hanyuma y'omwaka baitu mubuswere,Our children have heard the story of how we met -they make us tell it every anniversary.
"tifwireyo biki obworukwija kabaza, tinkwija kuhindura ebitekerezo byange","No matter what you will say, I won't change my mind."
"tifwireyo biki obworukwija kabaza, kuhindura tinkwija ebitekerezo byange","No matter what you will say, I won't change my mind."
abyaire omu mutemwa kahagura,He has invested in a hedge fund.
omusaija omu abyaire mutemwa kahagura,He has invested in a hedge fund.
noyetagisibwa okuwikaza okuguru kwawe kwimukize kukehya okuzimba,You needed to keep your leg elevated to reduce swelling.
okuwikaza noyetagisibwa okuguru kwawe kwimukize kukehya okuzimba,You needed to keep your leg elevated to reduce swelling.
naija kutekamu sente nyingi muno,He will invest in a hedge fund.
naija kutekamu sente muno nyingi,He will invest in a hedge fund.
banka enkuru niija kukekya amagoba,The central bank will lower interest rates.
enkuru banka niija kukekya amagoba,The central bank will lower interest rates.
ablimi nibaja kuozesa ebijunzire okuhindura engeri y'itaka,Farmers will use compost to soil structure.
ablimi nibaja ebijunzire kuozesa okuhindura engeri y'itaka,Farmers will use compost to improve soil structure.
"Nkaba ntamanyire ndisobora kurabamu ogu omwaka, baitu dora kandi hanu.","I didn't think I'd make it through that year, but here I am."
"Nkaba ntamanyire ndisobora ogu kurabamu omwaka, baitu dora kandi hanu.","I didn't think I'd make it through that year, but here I am."
Nyina esaara eyinsaba obunkwatwa otuuro-nikyo kintu kyokumalirra ha bwongo bwange.,I have a prayer I say when I'm falling asleep-it's the last thing on my mind.
Nyina esaara eyinsaba obunkwatwa kintu otuuro-nikyo kyokumalirra ha bwongo bwange.,I have a prayer I say when I'm falling asleep-it's the last thing on my mind.
kampuni eriyo netaaha omubutale obuhyaka.,The company is entering markets.
eriyo kampuni netaaha omubutale obuhyaka.,The company is entering new markets.
naija okusasura gona amabanjage,He will pay off all his debts.
izaniro ly'emizano elihyaka likingwire hali abantu abaine obulema,The new theater is accessible to people with disabilities.
ly'emizano izaniro elihyaka likingwire hali abantu abaine obulema,The new theater is accessible to people with disabilities.
embibo enu emyaka nija ruba nungi ha bwebicweeka ebyensozi,The new variety will be suitable for higher altitudes.
embibo enu emyaka ruba nija nungi ha bwebicweeka ebyensozi,The new variety will be suitable for higher altitudes.
kugira esaara eyinasabaga kakuba mpura oturo - nikyo kintu ky'okumalira omubwongo bwange,I will have a I say when I'm falling asleep-it's the last thing on my mind.
ninyija kugira eyinasabaga esaara kakuba mpura oturo - nikyo kintu ky'okumalira omubwongo bwange,I will have a prayer I say when I'm falling asleep-it's the last thing on my mind.
ebibo empyaka kurungi hansi,The new variety is suitable for higher altitudes.
ebibo empyaka nekora kurungi eyimukire hansi,The new variety is suitable for higher altitudes.
ninyija kusanga ruhanga ayanguhire omu by'obuhangwa kukira omubyombeko,I will find God more easily in nature than building.
ninyija kusanga ruhanga muno ayanguhire omu by'obuhangwa kukira omubyombeko,I will find God more easily in nature than in any building.
Noyetaagwa kwikaza okuguru kuhanikirwe kukehya okuzimba.,You'll need to keep your leg elevated to reduce swelling.
kwikaza Noyetaagwa okuguru kuhanikirwe kukehya okuzimba.,You'll need to keep your leg elevated to reduce swelling.
"tifwireyo biki bwobailize, tinkwija kuhindura ebitekerezo byange","No matter what you said, I won't change my mind."
"tifwireyo biki bwobailize, tinkwija kuhindura byange ebitekerezo","No matter what you said, I won't change my mind."
UPDF nija okwetaba omubikorwa by'okulinda obusinge,UPDF will in peace keeping missions.
nija UPDF okwetaba omubikorwa by'okulinda obusinge,UPDF will participate in peace keeping missions.
tuhaireyo okwongezebwayo waranti ha masanyarazi,We have offered extended warranties on electronics.
tuhaireyo okwongezebwayo waranti masanyarazi ha,We have offered extended warranties on electronics.
Omubazi nigusobara kusasa baitu nigukora.,The treatment can be painful but is usually effective.
Omubazi nigusobara baitu kusasa nigukora.,The treatment can be painful but is usually effective.
ebintu by'emikono by'enzarwa tutwaraine okukora orubugo,Traditional crafts have included barkcloth making.
ebintu by'emikono by'enzarwa okukora tutwaraine orubugo,Traditional crafts have included barkcloth making.
omrwaire naija kwoleka oburorwaho obwokwekengera,The patient will show signs of sepsis.
naija omrwaire kwoleka oburorwaho obwokwekengera,The patient will show signs of sepsis.
itwe tuha endagaano eraihireho eyokulinda ebyamasanyarazi ebiguzirwe.,We offer extended warranties on electronics.
itwe tuha endagaano eraihireho ebyamasanyarazi eyokulinda ebiguzirwe.,We offer extended warranties on electronics.
hobworambagambaki tinsobora ebitekerezo kuhingisa,"No matter what you say, I won't change my mind."
nsangire ayanguhire muno kukira omubyombeko,I have found God more easily in than in any building.
nsangire ayanguhire ruhanga muno omuby'obuhangwa kukira omubyombeko,I have found God more easily in nature than in any building.
"tifwireyo ogambireki, tikwija kuhindura ebitekerezo byange","No matter what you have said, I won't change my"
"tifwireyo ogambireki, tikwija kuhindura byange ebitekerezo","No matter what you have said, I won't change my mind."
abaana baitu bakahura nkonku twatangatagaine- batuletereza okukibazaho buli hanyuma y'omwaka baitu,Our children heard the story how we met -they make us it every anniversary.
abaana baitu bakahura nkonku twatangatagaine- okukibazaho batuletereza buli hanyuma y'omwaka mubuswere baitu,Our children heard the story of how we met -they make us tell it every anniversary.
naija omukucumba okwenyumirizamu kwe,She will pride herself on her cooking.
"buli mugenzo gwali gwine ekigurukumanyisa, nobu kiraba tutukugwetegereza.","Every had a meaning, even if we don't understand it."
"buli mugenzo gwali gwine ekigurukumanyisa, kiraba nobu tutukugwetegereza.","Every ritual had a meaning, even if we don't always understand it."
tukajaguza amagesa hakumalira kwa sizoni,We celebrated the harvest festival at the end of the season.
tukajaguza amagesa kwa hakumalira sizoni,We celebrated the harvest festival at the end of the season.
"kakuba nakozire ekintu kyona ntaine okutina rundi okulemererwa,ninyija okutandikaho bizinesi yange","If l did anything without fear of failure, l'd start my own business."
"kakuba nakozire ekintu kyona ntaine okutina rundi okulemererwa,ninyija bizinesi okutandikaho yange","If l did anything without fear of failure, l'd start my own business."
"tikatekerezahoga nti ninyija okumaraho omwaka gunu, baitu hati ndihanu","I not thought I'd make it through that year, but here I am."
"tikatekerezahoga nti ninyija okumaraho omwaka baitu gunu, hati ndihanu","I have not thought I'd make it through that year, but here I am."
omrwaire oburorwaho ayolekerege obwokwekengera,The patient showed signs of sepsis.
kampuni nija kutaha mukatale akahyaka,company will enter new markets.
kampuni nija kutaha akahyaka mukatale,The company will enter new markets.
orufu rwa isenkuru nyowe nirwija kijaguzo ky'obwomezibwe - yatugambiraga enganikyo kandi twasekaga kuraba omumaziga gaitu,My grandfather's funeral will be a celebration of his life - e told stories and laughed through our
orufu rwa isenkuru nirwija nyowe kuba kijaguzo ky'obwomezibwe - yatugambiraga enganikyo kandi twasekaga kuraba omumaziga gaitu,My grandfather's funeral will be a celebration of his life - e told stories and laughed through our tears.
ebintu by'emikono by'enzarwa tutwaraine okukora orubugo,Traditional crafts included barkcloth making.
ebintu by'emikono by'enzarwa okukora tutwaraine orubugo,Traditional crafts included barkcloth making.
Omumirimo eyengaro ahakaba n'okuteera embugo.,Traditional included barkcloth making.
Omumirimo eyengaro ahakaba n'okuteera harumu embugo.,Traditional crafts included barkcloth making.
"kakuba mba nkozire ekintu kyona ntaine kutina rundi okulemererwa, ninyija bizinesi yange","l has done anything without fear of failure, l'd start my own business."
"kakuba mba nkozire ekintu ntaine kyona kutina rundi okulemererwa, ninyija kutandikaho bizinesi yange","If l has done anything without fear of failure, l'd start my own business."
ekataha kampini omukatale akahyaka,The company entered new markets.
ayehaisa wenka we habwencumbaye,She prides herself on her cooking.
amani g'okwombeka buhyaka nigaija kweyongera omubicweka ebyalibihikirweho,Reconstruction efforts will continue in affected areas.
amani g'okwombeka buhyaka nigaija omubicweka kweyongera ebyalibihikirweho,Reconstruction efforts will continue in affected areas.
obujanjabi bwali bwoburumi bukakoraho,The treatment was but is usually effective.
obujanjabi bwali bwoburumi bukakoraho baitu,The treatment was painful but is usually effective.
"kakuba abantu batalisize muno, itaka lyandisigaire ry'orwezo","If the community has not overgrazed the land, the soil would still be fertile."
"kakuba abantu batalisize muno, itaka ry'orwezo lyandisigaire","If the community has not overgrazed the land, the soil would still be fertile."
nibija ebicoli kusisibwa kadoima,The maize crop will be damaged by fall armyworm.
UPDF omubitebe kalinda businge.,UPDF has participated in peace keeping missions.
UPDF omubitebe eketaba kalinda businge.,UPDF has participated in peace keeping missions.
tuhaire amata g'ent ag'okubanza ba'isenkuru itwe,We given the first milk the cow to the ancestors.
tuhaire amata g'ent ag'okubanza hali itwe ba'isenkuru,We have given the first milk from the cow to the ancestors.
Abaana baitu benda kuhurra oruganikyo nkoku twatangatangaine.,Our children love hearing oh how we met make us tell it every anniversary.
Abaana baitu benda kuhurra oruganikyo twatangatangaine. nkoku,Our children love hearing the story oh how we met -they make us tell it every anniversary.
"Kakuba abasi bensi batungire itaka likooto eryokulisizamu, itaka lyakubaire likyarumu ekiriisa.","If the community had not overgrazed the land, the soil would still be fertile."
"Kakuba abasi bensi batungire itaka likooto eryokulisizamu, lyakubaire itaka likyarumu ekiriisa.","If the community had not overgrazed the land, the soil would still be fertile."
nkagira esaara eyinasabaga kakuba nahuraga - nikyo kintu ky'okumalira omubwongo bwange,I have had a prayer I say when I'm falling asleep-it's the last thing on my mind.
nkagira esaara eyinasabaga kakuba nahuraga oyuro - nikyo kintu ky'okumalira bwange omubwongo,I have had a prayer I say when I'm falling asleep-it's the last thing on my mind.
abaseruruzi bakasomaho engeri y'okuhinduka hinduka y'enyikara ekutalibaniza ebwokulya obubatandikireho enkora empyaka,The researchers study the impact of climate change on food security when they developed new adaptation strategies.
abaseruruzi bakasomaho engeri y'okuhinduka hinduka y'enyikara ekutalibaniza ebwokulya enkora obubatandikireho empyaka,The researchers study the impact of climate change on food security when they developed new adaptation strategies.
Ndora muno Ruhanga omubimera kukira onubyombeko.,I find God easily in nature than in any building
Ndora muno omubimera Ruhanga kukira onubyombeko.,I find God more easily in nature than in any building .
Buli murwa namakuru noobu kiraaba tutugetegereza.,"Every ritual has a meaning, even if don't always understand it."
Buli guba murwa namakuru noobu kiraaba tutugetegereza.,"Every ritual has a meaning, even if we don't always understand it."
omurwaire ayolere obwokwekengera oburorwaho,The patient has shown signs of sepsis.
ebintu by'emikono by'enzarwa nitwija kutwarana okukora orubugo,Traditional crafts will include barkcloth making.
ebintu by'emikono by'enzarwa kutwarana nitwija okukora orubugo,Traditional crafts will include barkcloth making.
"Tubanza okuha abakuru abaira , amata agatubanza okukama omunte.",We give the first milk from the cow to the ancestors.
"Tubanza okuha abakuru abaira , agatubanza amata okukama omunte.",We give the first milk from the cow to the ancestors.
empyaka ekaba esemerire hansi eyimukire,The new variety suitable for higher altitudes.
ebibo empyaka ekaba hansi esemerire eyimukire,The new variety was suitable for higher altitudes.
okwongezayo nitwija waranti hamasanyarazi,We will offer extended warranties on electronics.
kya tooro mu FORT PORTAL kisikirize abagenyi baingi,The Tooro palace in Fort Portal has attracted visitors.
ekikali kya tooro mu FORT PORTAL kisikirize baingi abagenyi,The Tooro palace in Fort Portal has attracted many visitors.
ninyija okukozesa kadi yabanka okutunga obugoba,I will use a credit card for the rewards points.
ninyija okukozesa kadi yabanka obugoba okutunga,I will use a credit card for the rewards points.
"kakuba ninyija kukora ekintu kyona ntaine okutina rundi okulemererwa, ninyija kutandikaho bizinesi yange","If l will do anything without fear of failure, l'd start my own business."
"kakuba ninyija kukora ekintu ntaine kyona okutina rundi okulemererwa, ninyija kutandikaho bizinesi yange","If l will do anything without fear of failure, l'd start my own business."
abalimi bakozesaze ebijunzire okuhindura engeri y'itaka,Farmers have used compost to improve soil structure.
abalimi bakozesaze okuhindura ebijunzire engeri y'itaka,Farmers have used compost to improve soil structure.
Omusiri gw'ebicooli gulirwe kandi gwasiswa ihe ly'empuhira.,The maize crop has been damaged by fall armyworm.
Omusiri gulirwe gw'ebicooli kandi gwasiswa ihe ly'empuhira.,The maize crop has been damaged by fall armyworm.
kampuni etahire akhyaka omukatale,The company has entered new markets.
nsangire ayanguhire muno omuby'obuhangwa kukira ebyombeko,I found God more easily in nature than in any building.
nsangire ruhanga ayanguhire omuby'obuhangwa muno kukira ebyombeko,I found God more easily in nature than in any building.
