Barakusemizeho?	Have you ever had surgery before?
the clouds have changed colour	eraagi
good bye	orame
Nubuhairajaki.	No matter what.
let,s go out	tubungemu
it is good to greet people	kisemire
it is impossible to travel with you	tikirukusoboka
imagine	teera ekisisani orole
when did it happen	kikabahodi
hello	oloho ota
Please, do not follow me.	Otampondera.
hug him/her	omujumbate
WHAT DID YOU GAIN (FROM IT )?	Ogoberemuki?
I don't know	Timanyire
he/ she is injured	ahutaire
Ruhindurana	Inspect in detail to determine their nature
Ninkusaba ekiganyiro	Apology
Insuwa	Cover for medical costs.
Shiya	The second largest branch of Islam
ebicu	visible mass of water vapor
Omwenagiro	A loose outer garment
omwaana	a young person
kale	informal fare well
Ekisaka	A plant used for medicine
ekigo	A deep ditch around a castle
omuhukirwa	A ruler exercising authority on behalf of a monarch
Enkoko y'ekisaka rwombeka kiju	Coucal
idirisa	Opening in wall
Emihendo-kutembesibwa	Causing inflation
Kugesa	The process of gathering crops
Endagaano	Mutual understanding
Hagati	In the middle of
Orukurato	An assembly of religious leaders
Ekizimba	An abnormal growth
Omuswija	Abnormally high body temperature
Kuzaara	The act of a cow giving birth
kwera	not dirty; to make clean
Bodaboda	Motorcycle taxi used for transport
Kusemererwa	Feeling pleasure
Kulya	Feed on leaves and shoots
amatungo	Farm animals regarded as an asset.
omwaga	unpleasently rough or jarring to the senses
Akabumbirwe	A small statue
enfakati	A man who has lost his spouse by death and has not remarried
akantonyi rwoga musenyi	Sandpiper
Ensorongya.	A strong, regular, repeated pattern
enkede	A primate that may raid crops
okusiisa	An immoral act considered against divine law
Ensoborra	A report or description
Jaini	An ancient Indian religion
Kuserra	Travel through an unfamiliar area to learn about it
Embandwa	A person claiming to communicate with the dead
ekinyakusiisa	A destructive insect or animal
Nkokukirikwo	Art representing things as they are
Kuzaara	The act of a goat giving birth
Ekyolooni	A simple toilet
Biri	Plural of that
Akame	A small mammal raised for meat
Ensoha	A rounded container
Akisiika	A defensive wall or structure
Omuzaano	Playful, sport
esaaha	time-measuring device
Omweru	Period of rapid growth
Ekikoora	Part of a plant
Okubanza	Before all
Kuli	In that place
Kusisikara	Weakening or damage
ekisanduuko	A wooden container for transporting goods
ensenene	A plant-eating insect
Kuteera	Separating grain from stalks
Kwetonda	Express regret for something that one has done wrong
entahya	Money received
kwata	to have a hand
Bwangu	In the near future
Endere	A wind instrument with holes
Enkulingo	A small, rounded stone
Enseruliza	A medical intervention
kuhindurahindura	A character who undergoes significant internal change throughout the story.
Omukatale	Ability to reach markets
kusarura	Words carved on a surface
sumera	An ancient civilization in Mesopotamia
ekitebe	group living in same place
Ekituuti	A raised platform for preaching
Ekirooto	A series of thoughts during sleep, sometimes seen as messages
Obugango	An explosive mixture
barugu	A large tuber, often white-fleshed
Ababwongo	The Ababwongo are of clans in Bunyoro and Tooro
enjara	Need for food
akahuuka	Microorganisms causing plant disease
akalitango	A series of military operations
Vedasi	The most ancient Hindu scriptures
ekinyonyi rucumita	Darter
Ekihonole	An injury with discoloration of the skin
Arorahara	He sees far
kwoomangana	The state of lacking moisture
omunyoro	A leader or ruler of a people or clan
kwerinda	careful to avoid potential problems
Butidda	A machine for hurling stones
Katale-kainuka	Rising market
Ekinyonyi rwehungura	Roller
engango	A tool for gathering leaves or leveling soil
kirahukire	easy to see or understand
ekizibaho	outer wear for cold
Kumalirra	An exam at the end of a term
Singira	An event believed to be a divine message
kuhwihaira	The series of events that build suspense and lead to the climax.
Ekiyudaaya-hati	A liberal branch of Judaism
enganikyo	Relating to history
Ebyokukozesa	Necessary items for activity.
sobora	to be able
kiihe	Extreme scarcity of food
Ruddida	A detailed analysis and assessment
Eseeta	A fragrant resin used in incense
nomanyisaki	Request for clarification
obwire	Atmospheric conditions
Kuruga	Indicating origin
Ekiibo	Traditional millet basket
Abaitira	Abaitira are cattle keepers from the past.
Okubatizibwa	A Christian rite of sprinkling water
Ensahu	container for carrying
wetegeereze	to examine ; resturant bill
okwijuka	The action of remembering
gurukyagunukya	pause in indecision before saying or doing something
kubuumba	Pots, dishes, and other articles made of fired clay
Ayoleka	He guides
Omwemi	An angel who rebelled against God
Hokuraara	A flat, a set of rooms.
Ekiijuju	Tsetse fly
entaahya	money received
Ipapaali	A large tropical fruit
Enganzi	Preferred , most liked.
Owensoni	Reluctant to draw attenntion to oneself; shy
Empaya	A fast-flowing and turbulent part of a river
okufuhya	Not allowed; banned
Kwekebiija	Formal test
ekirisira	The process of obtaining food
ekijukizo	A statue or structure established to remind people of a person or event
kukoma	Separating by quality
Ebitwehinguliriize	The surroundings or conditions in which a person, animal, or plant lives
Amahanga	From another country
Kusuuhuka	The act of leaving one's own country to settle permanently in another
Chapo	A small building for Christian worship
obulemi	governing body
Kuzimba	An enlargement of a body part
Kale	Ok, acceptable
kwokya	high temperature;spicy
Okuhiganizibwa	Hostility based on religion
Omulingo	A category of art
ekyobulyo	Relating to ancient Greek or Latin literature
Kuseruliriza	Carry out a systematic inquiry to discover facts
Ekiteme	A clearing of a bush
Kutaswaaaga.	Using less energy to provide the same service
esapeho	head covering
Ebyaakyo	A flower or a mass of flowers on a tree or bush
Kaitabuhuka	A disinfectant for hands
ziingaha	informal greeting
manyeki?	short for "what's up"
Okuhandika-abakozi	Process of hiring
ekirale	Something handed down by a predecessor
tamu	to contain as part
Ekisusu	Tree covering
Entebe	A separate seat for one person
Enfuka	A tool for weeding and breaking up soil
Omunyabuzaale	Family member
Eby'omwoyo	Relating to the spirit or soul
Ediini	A system of faith and worship
Kuzoora	The action of discovering something
Ninsobora	Expressing possibility
kuhingisaniza	Exchange goods or services for other goods or services without using money
Harukwera	The inner sanctuary of the Temple in Jerusalem
Kabiri	Twice as much
Omuyembe	A sweet tropical fruit
Ekitebe	A group of students who are taught together
Silimu	Acquired Immune Deficiency Syndrome
nsimbi	The remains of a prehistoric organism
nikigambwa	asking for translation
mutandiki	A person who is among the first to do something
embaaho	Timber sawn into rough planks or otherwise prepared
Dalayilama	The spiritual leader of Tibetan Buddhism
oruganika	A spoken or written account
Kweyiita	Intentional self-killing
omuhondezi	A person who supports and admires a particular person or set of ideas
Monasituri	A building where monks live
ekisika	Side of room
ekitabu	Direct descent from an ancestor; ancestry or pedigree
ebeeru	A piece of material extended on a mast
abamatwale	Relating to colonialism
kuguza	The system of moving products
obuhuka	Single-celled microorganisms, some causing disease
Akahuka rujunjuuru	Gnat
Okujumika	A forcible overthrow of a government
okuhanika	Ceasing resistance to an enemy
Kutamba	Relief from disease; a successful medical treatment
Okuduma	A short sermon
oruhumura	day off from work ;vacation
Okusiiba	Abstaining from food for religious reasons
Amahiga	The three stones where a pot sits while cooking
orulengo	size of production
Obwesige	Trust, self-assurance
Obuso	Front of head
Darama	The eternal order of the universe
Encu rulya ziindi	Tigerfish
Omurogo	A person believed to have magical powers
omukura	A channel for bringing water
Nyenkya	The day after today
Kufuruka	Movement of people to a new area or country
omugezi	Wearing away of topsoil
Omukozesa	Person who employs others
Kuhaisaniza	Deep love and respect
Obulema	A disruption of normal physical or mental functions
Kugumirirwa	The state or condition of being difficult
Omunyerre rwamisiri	Ichneumon
kusiima	feeling thankfulness
Akoraheeka	The luggage will carry
hagatinahagati	Beginning a story 'in the middle of things,' rather than at the start.
enkungani	A serious disagreement or argument
Abaigara	The Abaigara people dont disturb others.
Abantu	Plural of person
eumwa	feeling or showing the need for food
mukama	A member of the aristocracy
Ayekamba	He puts effort/ tries
ofiisi	Place of administrative work
Ensubikirro	A citation of a source of information
Obujune	Feeling sorrow
Kimbaara	Unable to see
Ekitungeezi	Land consisting of marshes or swamps
Ababyansi	The Ababyansi are hardworking people
omugambirizi/omuhandiki	The distinctive style or manner of expression of the narrator or author.
Akayamba	A reed percussion instrument with a rattling sound
Ekihandikirwe	A spoken or written account
Enyigamo	A place giving temporary protection from danger or bad weather
Akatale	place to buy food
Ebyomumaiso	Time to come
keeki	sweet baked dessert
Kutangira	The action of stopping something from happening
Akajagaarro	Causing great enthusiasm
Abahakani	The faith of Protestant churches
kukebedo	Testing a urine sample
Kwatana	Communication; to get in touch
orukanga	A preliminary version
etaaba	A cash crop used for smoking
Kusisimura	A reawakening of religious faith
Okukanya	Period of growth
Ekitoogo	Land consisting of marshes or swamps
nyarwewefoora	Person who looks like another actor
Kazini	A priest or priestess acting as a medium
Itaagi	Local office
omuhiigi	A person who hunts wild animals for food or sport
Okufurunguka	Abandonment of one's religion
Ekihulirizo.	An instrument for listening to the heart
ruboijana	A long speech by one actor
kizaani	The main actor
toma	to estimate without
Obutagasi	The degree of heat of the body
ekizibaaho	outerwear for cold
Ekibumba	A carved figure of a religious person
kirikaija	easily persuade to believe something
emizizo	A prohibition based on social or religious custom
ekiti	The hard fibrous material from trees
mwijukuru	Child's child
kujanjaba	A medicine
Omutindo	A mark indicating the quality of a student's work
Amabona	The eyes of the king
Okuramaga	A journey to a sacred place
Haterekeriire	Level, apartment
Abagondi	The Abagondi are happy people.
Endugirro	A place, person, or thing from which something originates
endagaano	A formally concluded and ratified agreement between states
orubuga	large town
Endagiroo	A doctor's instruction for medicine
Ekisuzi	A small wild cat, the ancestor of the domestic cat
okuswekerra	The use of hints or clues to suggest events that will happen later.
omwebembezi	The person who leads a group
Kusemeza	Treatment by operation
Ekitabule	Genre from West Africa
endengesaniza	Figure of speech comparing things
Kucwamu	Conclusion reached
Ehuuma	Utensil with prongs.
Enjwa	The loss of blood
Kulinda	Preventing decay of food
bamuragire	Release from a hospital
Abagere	SUB CLAN
Ebisasiro	Waste material
Kafumura	A weapon used to break fortifications
Hazihire	Extending far down
Habita	The distinctive clothing of a religious order
Omudimo	A large container with a handle
omuhandiiki	adminstrative worker
ekikomera	A traditional African village of huts, typically enclosed by a fence
Embeho	The quality of being cold
Emaliira	The conclusion to a song
engoye	items worn on the body
tunga	to posses
Okwahurwa	The ceremony of making someone a priest
Kulemererwa	Life-threatening organ dysfunction from infection
Ekirengeso	A formal test of a person's knowledge or proficiency
omusubaaho	acylinder or block of wax with a central wick which burns to produce light
oruguudo	A path for vehicles
oobutunzi	A fungal growth with a stem and cap
Abaduuma	The Abaduuma are guards to King and walk so close to him.
Kacwanyigi	A device for breaking down doors
omwebembezi	invited visitor
Kampuni-engazi	Business undertaking
okusemera	The state of being clean, often ritual purity
okwemerrahamu	Unity or agreement of feeling or action, especially among individuals with a common interest
Okubinga abakozi	Dismissing
Katondogorozi	A book listing words of a language with their meanings
Ekiro	Specific day; romantic meeting
akatale	A place where goods are sold
Enjwara	Traditional attire / wear
omunyanzigwa	A person who is actively opposed or hostile to someone or something
mujukuru	A person who is descended from a particular ancestor
ekipumpulira	garment from waist down
Encu kalindirwa mukirahule	Barb
Enjunjuzi	Stingless bee
ekikaali	The official residence of a sovereign
Kifumbira	AS man to whom someone is engaged to be married.
Omunaara	A Buddhist temple tower
Kwehemba	Say something in a boastful manner
by'omuka	Farming to feed oneself and family
Omuguzi	Person who buys goods
Okwibikwa	Dipping in water for baptism
Ryorwezo	A rich soil of sand, silt, and clay
engoye	items on the body
Kujuna	Deliverance from sin
endemu	A tool for chopping wood
Iraka	The quality of sound from frequency
entangauzi	A spicy root
Hambuga-nkuru	Main office
Nukwo	Completely; without question
entahi rwombeka budongo	Martin
ebikwato	The emblems or insignia of royalty; elaborate ceremonial dress
Ningonza	Want to
Kulemeraho.	Special importance given to something
okuseesera	An incursion into another territory
Akahuka rwamubu	Midge
Ekinyonyi	A warm-blooded, egg-laying vertebrate with feathers, wings, and a beak
Kusemeza	Surgical delivery of a baby
endango	musical performance
Agonza	He loves
kwegarukamu	Sincere regret for wrongdoing
Ibura lyebintu liresire buli muntu kuserra esabuni.	Shortage
Kuiba	Acting dishonestly to gain an advantage
omusiwensi	A legally recognized subject or national of a state
Ekyokwesimuza	A piece of thick absorbent cloth or paper used for drying oneself or wiping things dry
obutwa	A substance causing harm
endahi yakasoke rubyama	Francolin
Ekitahinduka	A principle or set of principles laid down by an authority
Kugugumuka	Response to medicine
ekituuro	burial place
emikorre	The usual way of doing something
Embibo	A flowering plant's unit of reproduction
Ebigogo	Banana fibre
kusitaza	Not sacred; secular; showing contempt for God or sacred things
haihina	approximately; in a circle
Zeni	A school of Mahayana Buddhism
Akacumu	An instrument for writing with ink
Karata	An orange root vegetable
lodesi	A French town known for pilgrimages
Ayatola	A high-ranking Shiite religious leader
Rabbai	A Jewish teacher or leader
Ebitungwa	Farm animals regarded as an asset
Timetable	A schedule showing times at which events take place
ebitakuli	A sweet-tasting tuber
Kara	Before expected time
obugabe	The power to act without hindrance
Ensaagi y'ebyokulya hanyuma y'omusano tugiha abakozi.	Surplus
Ebibuga	Urban areas
ekibumbirwe	An object made by a human
iseero	A building with machinery for grinding grain
Embogo	A large Africa ox with dark horns
omugobe	Leaves of cowpea used as vegetable
omusiri	area for growing plants
ekibira	corridor ;large room
Abacwamba	The Abacweezi ruled the Empire of Bunyoro.
okubalirra	cost of advantages from scale
Emamba kaggambisa ibango	Squeaker
omusango	culpable of or resonsible for a specificied wrongdoing
Abagimu	The ABAGIMU are strong and Brave.
Ebigonzi.	A raised mass of water moving along the sea surface
Orubazo	Informal talk
Omuzinga	A large or dense group of flying insects
ekyesomeko	Protective clothing
Ekihongwa	A thing offered to a deity
kwaata	to capture
enkungani	A disagreement or argument
kucikababiri	Conversation between actors
Kulindiirra	A list of people waiting for something
Kunuliirra	Tasting very good
Ekisisi	Calabash / hard shelled gourd
emponderana	The main sequence of events that make up a story.
Rasita	A religion that emerged in Jamaica
obwemi	An act of resistance
Mulingoki	Asking about manner
Esabuni	Cleaning substance
Kabaday.	Flat board for storage
okuhweza	An advanced stage of human society
iba	male spouse
Araali	Araali is a pet name for men
Omuswija	High body temperature.
ebijaga	A bacterial STI
Amapapali	The popal
Boojo	Male youth
Ngarukiramu	When you didn't hear someone
Omuzini	A person who plays music.
Ekijuma	Sweet plant food.
Kwegesa	Relating to teaching
kukwataniza	The process of working together to the same end
Kyakana	Fourth day of week
ebinyansi	green ground cover
obwire	Measurable period
Nsobeze	My mistake
Kuteeraniza	Link or relationship
ekinjonjoro	A structure where bees live
Gezesa	Scientific test , to try
Arukwera	Sacred; worthy of worship
Epampa	Soft fabric from plant
ekibunda	covered with clouds
embarasi	An animal used in warfare
akamanyiso	A heraldic device or symbolic object as a distinctive badge
entajumba	Guinea fowl
haihi kukinga	near
Kasumiki?	Asking about time
Injini	Machine with moving parts.
kufeerwa	Money lost
Bbara	Place for serving drinks
omuruki	A person who weaves fabric
Okugaya	Violation of a sacred thing
omwanya	A gap or omission in the timeline of a story.
muhuruzi	A structure defining an area
Ebisa	The process of childbirth
esapeeho	A protective head covering
hanika	to suspend ;to spend
Kusiiga	The process or product of applying paint
ebiturukire	amount produced
Ibumba	A malleable material for modeling
Itwale	Administrative area
Orubuga	A built-up area larger than a village
Abazani	A group of players forming one side in a game
Engura-yebintu	Using goods and serviices
Abakoyo	The Bakoyo clan love one onother.
Mpakaine	informal no
omuganikya	A West African historian and storyteller
omunyoro	A leader of a people or clan
Ekicumuro	A burnt stick in fire
nka	in the same way
Enkoko y'ekisaka	Cuckoo
kWETEGEREZA	Facts information and skills acquired through experience or education
Byoona	The whole quantity
Enyongezo	A repeated/additional performance
Ekitiniisa	Relative social or professional position
Ise	Male parent
Ekyokubiiha	A lie
Kwemanyiiza	The action of introducing someone to a new post or position
Kulaawa	Removal of testicles
oburugwa	A place from which information comes
Kigumire	Causing difficulty; hard to deal with
kuhwehwetena	Phrases like 'he said' that attribute speech to a character.
motivation	The action of giving someone support confidence, or hope
Owekihika	Eager to know or learn something
Zigisa	Having curls
kuhindurana	Turning over soil before planting
orame	farewell expression
Omusa	The side of a river
Okwikiriza	Complete trust in a religious doctrine
Ebimera	The plants of a particular region or period
Kyenju	Color of sun
Abasekera	Clan in Bunyoro and Tooro
Ekyokwoleka	An item on display
obwikazi	Coming to live in a foreign country
Omusisa	A sudden and violent shaking of the ground
Amaizi	A liquid for drinking and cleaning
omukama	A male ruler
Ngoma	A drum in various African cultures
kukonderza	A series of words said as a magic spell or charm
hakana	to strive against others
omugambirizi	The image or personality a character presents to the world.
Kampuni-kalyemwendi	Company controlled by another
ekisembo	something given freely
Okugumisiriza-ngana	Acceptance of different religious views
Purayori	A small monastery or convent
atalyeba	A traditional story sometimes regarded as historical
Endugirro	A firsthand account
ebiroho	Living or occurring at the same time
omujenjeezi	A person who moves from place to place
abatesobora	A poor smallholder farmer
orirwata	greeting used afternoon
Enkura-kurana	Growth in skills
Ekitundu	The under wear knickers
Omwaanya	The area around or within shapes
Kusuhuuka	The action of coming to live permanently in a foreign country
Kaikarakamau	A spirit that guides a person
orusu	Top covering of building
Ayebembera	He leads
ipeesa	small fastener for clothes
Omukwenda	A messenger or missionary
Ekyanda	The part of the year with little rainfall
obwemi	A rebellion
omwerugwa bakozi	laborforce
omuchezi	A god or goddess
okuramukya	A polite word or sign of welcome or recognition
gura	to purchase
Omukuru	Supervisor at work
Tulumuda	The central text of Rabbinic Judaism
obwomeezi	state of being well
Wenka	Having no one else present.
omwaro	A town with a harbor
Rugaatwa	The principal church of a diocese
kiki?	Asking about a thing
obubiito	People of royal status
Ebinyansi	Vegetation consisting of short plants with long, narrow leaves
Ruteraniza	Join something to something else to increase the size number or amount
enaijoro	A curved blade for cutting crops
Ekihangirwe	A creative product
Ebigambo	The body of words used in a particular language
Kurusifikisi	A cross with a figure of Jesus
Ekidipa	A small body of still water
Omubiri	Physical structure of a person
Obutasemera	Not sacred; secular
Omwaata	A wild plant growing where it is not wanted
Omukozi	Person employed
Kutarubata	Restriction of movement
Kweseemura	A sudden expulsion of air from the nose and mouth
kujanga	A genre about love
irimbo	burial ground
Entahiirro	The place where a river enters the sea or a lake
omusomesa	A person who teaches especially in a school
abalimi	An agricultural laborer bound to the land
Okugwa-kwemihendo	Decrease in prices
akakwataniza	A section connecting two parts
Ebyensi	Not connected with religion
Kucwekaho	A sudden occurrence of something
Omuzini	A singer(using voice to sing or present a song)
hurra	to perceive sound
Omudomadoma	Lacking good sense or judgment, unwise.
kusarara	Blood supply cut to brain
Kurora	Watch carefully especially to learn something
Ekyanyenkya	First meal of the day
Encu rwomubisabu eya Asia	Carp
Endahiro	A solemn promise invoking God
ebitairwemu	resources used
lengesaniza	to examine similarities
Nyakatagara	A person authorized to perform religious rites
Ebyobwomeezi	A biographical film
nkora-byange	supporter of capitalism
Ekyokuhanikaho	A stand for holding an artist's work
irimbo	A large burial ground
Mwoyo	A non-physical being
Egabu	A long story of heroic achievement
Soborra	Report or description
orutambi	A disc for recorded sound
omwegi	A person who is studying at a school or college
Omusega	Wild dog
Kugonyorra	Treatment by physical methods
oburorwaho	The use of symbols
Okusandaara	Overflow of water
Kujwa	Lose blood
Ekibunda	A religion based on the teachings of Buddha
Enkinzo	A sharp point for injections
okugabura	A marriage ceremony
Okwecumitiriza	Deep reflective thought
akabengo	A slab of clay or stone for writing
ebicooli	Corn; a cereal plant with large grains on a cob
okulema	Government or control
Baasi	Public vehicle
Ekyeeya	A large area of flat land with few trees
KUBARA	The ability to understand and work with numbers
ekyeeya	A grassy plain in tropical regions, with few trees
kwaaga	The process of a solid turning into liquid
Bisunsa	Edible leaves of pumpkin plant
Omukazi	An adult female
Abaseegu	section of royal musicians who play rattles
Turipitaka	The Buddhist canon of scriptures
omugendagenzi	Moving livestock between seasonal pastures
Kwecumiitiriza	Careful to inconvenience or hurt others
kuramaga	A journey to a sacred place for religious reasons
okwegomboza	act of choosing
Omusiitale	A long, narrow mark
Omuhendo	Amount to be paid
empuku	A spicy or sweet vegetable
abatakamu	business with partners
Kazooba-mutagwa	Present everywhere
Nitwingana	Classless social system
omuyaga	Moving air
ekitinisa	High respect; great esteem
yekaru	A building for worship
Kwehurra	Psychological well-being
Ihembe	A hard growth on the head of cattle
Omuhendo	Price for transport.
Kusiima	Expression of gratitude, especially to God
omuanguzi	A person who takes part in a revolution
Kusoborra	A statement that makes something clear
Abagonya	The Abagonya are not many in Tooro.
Misonare	A person sent to spread their religion
yeta	to telephone ; to shout
ensuburrana	activity of buying and selling
kubyaara	Plant seed by scattering it on the ground
Kikooto	Large in size
Kwookya	The process of baking clay
Ekyaaro	A group of houses in a rural area
Ego	Acceptabl; yes
Ekizinga	A piece of land surrounded by water
Kuliisa	Feed on grass in a field
Baha’i	A religion founded in the 19th century
Omuruki	A person who makes baskets
Abakondere	Men who use trumpets in the royal dance .
Kirikita?	informal greeting
omwaka	The time taken for the earth to orbit the sun
Ensenge	Giant forest hog
ekyokurwanisa	Instrument for fighting
Kurubata	Ability to move
ninyetaaga	expressing necesity
Ihunga	Disturbed weather
Enkojo	A mark left after healing
Obuzibu	Immune reaction to a substance
okuhingura-hakasumi	work beyond the regular working hours
kwegarurrana	The restoration of friendly relations
obutahurra	The refusal to obey certain laws
Ekirengo	A task or situation that tests someone's abilities
Misani	An organization sending missionaries
Kutagonza	Having an allergy
obukama	A country ruled by a king or queen
Kwimukya	The ability to resist a particular infection
Ebihangwa	A community of living organisms
kuragaana	A solemn promise or pledge
Kwihaho	Not including , but
Okumulikirwa	The state of having spiritual knowledge
Gehana	A place of punishment for the wicked
orugo	A barrier to keep animals out
Zorosituriyani	An ancient Persian religion
inoni	white limestone for writing
Emirimo	Commercial enterprise
Nyinababikira	The head of a convent
Kusomoka	Displacement of a bone from its joint
chai	The seed of the coffee berry
Ihuli	An oval object laid by a female bird
kusa	Grinding grain into flour
Owibaralyange	A person or thing that has the same name as another
Kulikaana	An event in which people compete
Gumya	Not soft , company
omuzaano	A dramatic work for theater
Ekigendererwa	Not influenced by personal feelings or opinions
oruhiira	A fire in scrub or a forest, especially in Australia and Africa
omuswura ibaaga	Hornbill
Omwaanya	The envelope of gases surrounding the earth
enfumo	A short saying
Enkoko	A domestic fowl kept for eggs and meat
omutaahi	A person living next door to or very near to the speaker
omugwetwa	A person entitled to inherit
Okukizibwa	The process of becoming healthy, often spiritual
kisisimadinda	A West African xylophone
omunyamatwale	A person who settles in a colony
Oburangi	A message from a divine being
Ekirukurorwa	Art that is visual in nature
Kuzaara	The act of a sheep giving birth
Ebyokubyamira	Dried stalks of grain used as bedding
Balimi	They grow crops
edwaire	An instance of a disease
ekituuka	The blocking of sunlight
Omwesetiki	A person who practices severe self-discipline
Isenkuru-Itwe	A deceased person who is venerated
oine	go to
hokwahura	A large building for storing goods
Koorra	Expelling air from lungs
obusumi	A sequence of events
kutondoora	Removing shells from nuts
kubunga	to leave home for social activity
engero	A traditional way of behaving
Canta	A repeated rhythmic phrase, sung
Vajarayana	A branch of Buddhism, Tibetan Buddhism
Engezi	A small, narrow river
Kwetegereza	Relating to the intellect
Ndakurora	informal farewell
Obulema	A physical or mental impairment
Capulaini	A member of the clergy attached to a institution
Orubbaaho	A dark-colored board that a teacher writes on with chalk
Ebirugiremu	Information about reactions to a product or performance
Enyamaiswa	Wild animals collectively
Ayera	He is Holy
ekiganyiro	A regretful acknowledgment of an offense or failure
enfabu	A piece of armor carried for protection
Hansi	Toward lower place
RUZOONZOORA	Create or design something that has not existed before
ekirungo	A nutrient essential for plant growth
omusagiki	A person or organization that cooperates with another
omubusinge	A long and distinct period of time
amagoba	non-wage compesantion
Kura	Said after someone sneezes
Cantagirigoli	A type of medieval chant
Ebisoro	The animals of a particular region or period
Kukangarra	A bacterial disease causing muscle stiffness
omurwani	A brave or experienced soldier or fighter
kaho	A small round green seed
Tikulimuno	response to thanks
ekihandiiko	An author's text
Omugonzibwa	Romantic or business associate
kuihuurra/kuihuuruza	Move a plant to another location
ebikozirwe	A synthetic pesticide
embaaho	Wood prepared for use in building and carpentry
Pirigatori	A place of purification before heaven
ningumyakwo	Completely; without question
kulima	Preparation of soil for planting
Nintekwa	Ought to
Baisiki	Female youths
Kukuza	The period of pregnancy in animals
Amahangiro	An African shrine( a place for worship in an African setting)
ekicumbiro	Room for cooking
Orweerre	A grass plain in tropical regions, home to many large mammals
Taata	Informal father
Kampuni	Business organization
kisanyansi	color of grass
Obumanzi	Have the courage to do something
ruteraniza	Integrated Pest Management
kirungi	of high quality ;virtous
Omurasi	A person who shoots with a bow
Obukokoro	A face covering
Mwoyo	Of or like God or a god
Kubumba.	Shaping a soft material
Hambiriza	Strength, to compel
Varanasi	A holy city in Hinduism
kumoma	A fungal disease of plants
Oburwaire	A disorder of structure or function in a human, animal, or plant
Akanyumyo	A performance by a musician
kujojeza	Preserving food by fermentation
Kukuguka	Expert skill or knowledge in a particular field
wakame yekisaka	Hare
Taiga	Occurring often.
Ensaagi-habiguzirwe	Benefit to consumers
Empero	Final point, to finish
okumarra -ngana	Substitute
Eby'obuhangwa	Applying ecology to agriculture
kacweka	A social division
Omutebezi	A person who delivers sermons
okwikaziza	The act of placing someone in office
Kurisima	Consecrated oil used in sacraments
Kukama	The process of extracting milk
Isitwe-arukwera	The Pope
Ebinyumyo	A series of concerts
garuka	to return
Okujunwa	Deliverance from sin and its consequences
Ekibira	A large area covered chiefly with trees and undergrowth.
Butandwa	By chance; inadvertently
akamanyiso	A symbol of something
Omwigo	A support for walking
Kwanguura	The process of converting waste into reusable material
Kiki?	Asking for choice
obugenyi	A day or period of celebration
akizumu	An ancient kingdom in Ethiopia
kuhehemukya	Separating grain from chaff
Kumalirra	A judgment reached by reasoning
Ekimanyirwe	Thing known to be true.
kambatabe	A secondary plot that runs alongside the main story.
Yongera	Another time; once more
ebijegajege	The spore-bearing fruiting body of a fungus, typically in the form of a rounded cap
Erikanjeru	A chief angel
ensoborra	The narrator's expression of opinion or explanation of events.
Obwakaiso	The available body of facts indicating whether a belief is true
Ebyokulya	Things eaten
Asiimwa	He is thanked
Fuleera	A member of a religious order
Acaali	Acaali is a pet name for only men
esweta	knitted upper garment
Omucwezi	A god or goddess
Ekinyakuhikire	Right one
Amandinda	A percussion instrument with wooden bars
Hanyuma	At a future time
ebyenyuma	The time before the present
temba	to go up
Omwohi	The Devil
Ekisigiso	A tool for applying paint
Ekiteteyi	A dress
Ruhanga	The supreme being, creator of the universe
Omusega rulya byefeera	Jackal
ekiramukyo	a polite word or sign of welcome or recognition
kabitebya	A West African historian, storyteller, praise singer, poet, or musician
empeera	payment for labour
Okutebeza	The act of delivering a sermon
Haliyo	Plural existence
orugendo	An act of traveling
Omutiini	Lacking courage
Kugarraho	Restoration of function
tiriti	A piece of paper for entry
igana	A herd or flock being driven
kugumyagumya	Professional guidance
Ekibumba	Before birth
Owaise	Child of an aunt or uncle
Endugiirro	The place where a river or stream begins
Emeeza	Furniture with flat top
kalani	A person who copies documents
Esapuli	A string of beads for counting prayers
enkofira	visored hat
omuhabuzi	A person who provides guidance
Rubalirra	Determine the total number of a collection of items
Ekyoya	Bird covering
Kukebera	Identification of a disease
kwema	An act of armed resistance
Omugisa	God's favor and protection
Amasano	Islamic mysticism
Bwaira	Greeting used in the evening
Abarongo	Two children born at the same birth
Endubate	Material made from animal skin
Ekyaakyo	Blooming plant
Ranganwa	Known by many
Omuraguzi	A person who foretells events spiritually
Encu rukara eyomukirahule	Molly
Amulikira	He illuminates
hairindiro	Place to board bus; to cease
Amakara	A drawing material made from burnt wood
Orukingyo	A layer in the stratosphere containing high concentration of ozone
endagano	Harmony or accordance in opinion or feeling
obwijukuru	One's family or ethnic descent
obubi	Profoundly immoral and malevolent
tindukugurukyagurukya	Without doubt
Kutebereza	A view or judgment formed about something, not necessarily based on fact
Akaako	An elephant's elongated prehensile nose
Kale	informal yes
Ekyanzi	Cultural milk jar
Abahereza	The Abahereza are humble people.
Kusungusura	Isolation to prevent spread
Embate	A waterbird raised for meat and eggs
kaisaali	A title of Roman emperors
Kijukyo	An object of religious veneration
Kwesisaniza	The close external resemblance of an animal to another animal or object
enturukya-bintu	process of making goods
Omwenubo	Mental or emotional strain
Kwonkya	Feeding a baby from the breast
Ekibira	A large area covered with trees and undergrowth
kaawa	hot drink from beans
Sipinaaci	A leafy green vegetable
Ekinyumyo	A musical performance
Omururumi	Will fully causing pain or suffering to others
okutebya	A story
Ekitebe	The Royal seat " throne"
amagezi	quick to understand
Obukugu	The ability to do something well; expertise
Kaseji	An ancient city in North Africa
kusisaniza	Visually descriptive language
Ekigarukwamu	A thing that is said or done as a reaction to a question
ninsaba okuganyiirwa	apology
Encu ruhimba byaana	Haplochromis
kuhwitika	Grasp mentally; understand
Omubazi	A medicine that inhibits bacterial growth
Omuhikiriire	A person acknowledged as holy
obucampali	open shoes
Ebyakyo-byomukisaka	Flowers from the bush
Nkokurukurorwa	A particular attitude toward something
Ekikuniriza	A miraculous event
Akaimukirro	Refusal to work
ekyokwijukiraho	An object surviving from an earlier time
ekondo	A ceremonial headdress
Ekiisurumba	A cascade of water falling from a height
Ekifubiro	The infliction of a penalty as retribution for an offense
ekitebe	room where students are taught
obwenda	The quality of being kind and generous
Abaihangwe	Abaihangwe are a sub clan of Babiito.
omwarangasa	A suspenseful film
Okutendeka	Teaching skills
Empeta	Finger jewelry; to call
Nakubaire	Conditional auxiliary
Okusisikara	The state of being made unclean
ekihongwa	A drink poured out as an offering to a deity
okumuhilikirwa	An intellectual movement in the 18th century
Omwaana	A very young child
Urani	A tall, rounded vase
Kumalirra	A vigorous or determined attempt
Kampuni-ntaito	small company
Peresi	An ancient empire in modern Iran
Omulinzi	An angel assigned to protect a person
Swami	A Hindu holy man
akakooti	short coat
Omwanya	Amount of space between
Orunwa rwetuku	Hornet
Okusemezibwa	The act of making something pure
hakubanza	A particular period of history
Kalipeera	A creamy green fruit
Esaati	garments for upper body
abalimisa	Advisory services for farmers
obwakiso	A formal statement
kutegekerwa	The events that will necessarily happen to a particular person or thing in the future
Ekyabakristo-boona	Representing the whole Christian world
omusana	Direct sunlight unbroken by cloud
omuceeri	A cereal grown in wet conditions
ningenda	Going to
Chasubo	The outermost vestment worn by a priest
Embibo	Plant reproductive unit
etandaruba	top surface of a room
Kwaliirra	The practice of covering soil with a protective layer of material
esineema	movie theater
Abakemba	The Abakemba are wise people .
Omusimao	A stick of wax with a wick, used in worship
Omwegesibwa	A follower of a religious teacher
akatale	Market place(a place where people buy and sell goods)
Sukaali	A disease with high blood sugar
kanya	to become more
Aramire	Good health of the king
kasembangaro	hand covering
Ekikompe	A cup used in religious ceremonies
Okusaba	A request or thanks addressed to God
idipa	A book with a rigid cover
omuswija	high body temperature
omurwani	A brave fighter
Ebihandiiko	Written record
Omusango'gwempero	The final judgment by God
ekirukwetweka	A vehicle for carrying goods
Oburolerezi	A district under the care of a bishop
abazaani	A person, animal, or other entity in a story.
Turuka	Way out , to leave
Nra....	Approximately; concerning
anfisyeta	A round building without a roof
Amakune	Giving help to those in need
Anterire	Speaking on phone
musoromi	A traditional healer, especially among Native American peoples
karakita	A powerful vehicle for pulling farm machinery
Abafunjo	The ABAFUNJO are more in Buyaga and Bufunjo of Tooro.
Ekikongoro	A facility for spraying livestock
Ensobi	Responsibility for an accident or misfortune.
Kwiragura	Darkest color
Orukoba-rwerangi	A long scarf-like vestment
wakame yomumaka	Rabbit
Omubaizi	A person who makes and repairs wooden objects and structures
Ansemu	A short religious choral composition
Kutaisuka	Release from the cycle of rebirth
Obugara-hamirimo	Dismissal due to no work
Amakebbe	East coast fever
hakiri	Attractive; fairly
goozi	Thin fabric for wounds
okuhamba	The subjugation of a country
Eryatuurro	A device for hatching eggs artificially
Byayise	A tropical tuber
Mumaiso	Toward front
engabwa	An official in a government department
Kodiani	A portable instrument with bellows
omugusa	A drought-tolerant cereal
ekisajwa	An energy-storing nutrient
kasumikanu	Relating to the present or recent times
Omurolezi	A senior member of the Christian clergy
Engeso	The practice of training people to obey rules
amaatara	The lights used in theater
Fonisiya	An ancient civilization in the Levant
Enturukya	Money spent
muhogo	A tuberous root used for food
kubwagura	The act of a pig giving birth
cokoleti	sweet food from cacao
obulinzi	The action of keeping someone or something safe from harm
Hoonahoona	In all places.
Ekicweeka	A distinct section of a piece of writing
okunihira	to wish for; desire with expectation
cukamba	A long green vegetable
Obwingira	A natural underground chamber in a hillside or cliff
Ebilaya.	Irish potatoes
empanuura	A conversation between two or more characters.
obukozi	human work
Ensohera rwakijoki	Hoverfly
tiikirukusoboka	not able to happen
Kumyoka	An injury to a muscle
Orulengo	Unit of measurement; academic award
Kuhondereza	Monitoring of disease
eraangi	visual property
Batebe	Head of princesses
kiraliza	A person who receives or entertains other people as guests
Ekisaswirwe	Cost incurred
Limbo	A Muslim educated in Islamic theology
Cwanganiza.	From one side to another
omuhangaizima	An arch of colors formed in the sky, caused by refraction and dispersion of the sun's light by rain
Omupiira	Round object for games
Enkaina	Animal used for transport
Ebyemwechakuro	Popular commercial music
Kwemya	The pairing of animals for reproduction
Obuliisa	A small administrative district of a church
Oruleeba	Basin for water; to go down
kasumi	A length or portion of time
Obwesigwa	Loyal, constant, and steadfast.
endimo	A sour citrus fruit
Omwenubo	Mental strain
Omutumwa	A person who carries a divine message
Tinyina	Expressing lack
Entebe ezirukufaberra	Couch
iguru	place of god;sky
Kalimagezi	A person believed to interact with the spirit world
omukyeno	A cause of harm or misery
Omugaati	Baked food from flour
Pamba	Soft cotton for cleaning
Kuhandika	Mark letters words or symbols on a surface
piramidi	A monumental structure with a square base
ekyombeko	A large fortified building
Vatikani	The headquarters of the Catholic Church
Ekigoma	A large drum producing a low sound
Okugarukaho	Return to growth
kitundu	short pants
Ipeera	A tropical fruit with pink flesh
kujajuka	A plant disease causing withering
Kusumururwa	Being set free from evil spirits
Ebitooke	A starchy banana used for cooking
Akanyonyi rulya njoki	Bee-eater
Kusemba	A covering for a wound
ebinyobwa	Peanut; a legume grown underground
akatale	system of change
Omuyokyo	An injury caused by fire or heat
Akake	Small amount
Rugunjura	Detailed information telling how something should be done
Monka	A man who has taken religious vows
Na	Also, plus
Oruswa	Flying termite
Omwojo	A male child
Faraho	A ruler in ancient Egypt
Kuganirwa-hansi	Lowering in rank
Katungurucumu	A pungent bulb
Ebirika	Atmospheric water vapor frozen into ice crystals
Okudikira	Long severe recession
Entaama	A domesticated ruminant animal with a thick woolly coat
Kubungirwa	A half-conscious state for spiritual communication
Inoni	A soft limestone for drawing
Enteekaniza	Arranged meeting
Ekinaga	Cooking pot made of clay
Kutebereza	The faculty of forming new ideas or images not present to the senses
enyongeza	extra payment
kuhaata	Removing skin from produce
Engege rutukura	Cyprinid
Ekihooya	An injury to living tissue
Embabi	Banana leaves
isabarolezi	A chief bishop
Etukura	Color of blood
ekijukyo	A structure to remind people of a person or event
Ebyokugurwa	Goods for consumers
sereka	put or keep out of sight
ekiro	A particular day, month, or year
kuserra-kwerama	A movement seeking independence
Obunaku	The state of being extremely poor
Enganjani	Romantic male partner
omutaahi	work associate
Ahanga	He creates
kuhehezakwe	The author's attitude toward the subject matter or audience.
Ekihoiholya ky'omukira	Papilio
Ihanga	Nation; rural area
Orufu	A ceremony for a dead person
okuganikya	The transmission of cultural material through speech
Konfusiyani	A system of philosophical and ethical teachings
Konventi	A building where nuns live
akarwaarrro	medical facility
Orujoki rwobwoki	Honeybee
Omukozi	Person who works for someone.
Obumanzi	Not deterred by danger or pain; brave
eka	A family living together
Abakufaho	Group of mutual support
Ekibindi	Round dish for food
akasogi	A projectile shot from a bow
okusubura	The action of buying and selling
ekitebe	A room in which a class of students is taught
owebyafaayi	A person who tells stories
emanzi	A person admired for their courage
abantu	People of Tooro
Ekiirro	The quality of being hot
Bugambirambere	Talk at random
Rwasamabale	A large heavy gun
Obuteesobora	An illness or other medical problem
omunaara	A tall, narrow building
omutima	organ; center of emotion
ebintu	physical products
ebisokooro	Leaves of bean plants used as vegetable
ekyooka	The amount of water vapor in the air
Sutura	A Buddhist or Hindu scripture
irwarro	medical institution
esuuti	matching jacket and pants
Ecupa	Container for liquids
Embabazi	The free and unmerited favor of God
Ebihangwa	The creation
Ekitontozi	A toddler ( young child between 1 and 3 years old)
Encu nyarujoka	Eel
obuceleezi	having a modest or low estimate of one,s importance
kuwatwaaho	worry;to affect
Missa	The Christian service of the Eucharist
kubalizaamu	Reporting what a character said without using their exact words.
Okubanza	Earlier than
omugano	A traditional story sometimes regarded as historical
abakozi	human work
Ekirukumuhambiriza	The reason or reasons one has for acting or behaving in a particular way
Ebyokulya	Food for animals
Entemamuhoro	Praying mantis
Kuhagara	Severe allergic reaction
Akiiki	Pet name
Omuzini	A person who sings.
obujkozi	job or profession
Abafumambogo	Abafumambogo carried Katokimera to Buganda.
obutafaayo	thouthlesssly causing hurt
Obuguda	An abundance of valuable possessions or money
akamanyiso	A person or thing regarded as a representative symbol of something
Amatembero	Steps for going up
Omukatale bwebintu butembeze emihendo.	Scarcity
Ekyokuhayo	A speech or talk in which a new product, idea, or piece of work is shown
omunaiti	A man given a rank by a monarch
Kwinganiza	The act of shaping a material
Ekimera	A living organism used for medicine
Embuzi	A hardy domesticated ruminant animal
omuzoozi	A person who founds or establishes something
Omuhako	The mammary gland of a cow or goat
Kwoleka	The act of dancing for an audience
Haiguru	Higher than
ekigwererezi	A natural event causing great damage or loss of life
Kisoroirwe	Connected with God; deserving veneration
emyekiiko	A level strip of land on a slope, used for cultivation
Engabi rwomumabaale	Klipspringer
kubooha	Wrapping products for sale
ensimbi	A current medium of exchange
Ekihandiikirwe	A short piece of writing on a particular subject
okutagire mulimo	unemployed
nikitundwa	Cost of something
orungonono	Wastewater and excrement conveyed in sewers
engeso	The customary code of polite behavior in society
amaijalero	A round legume
kulundaho	Refraining from sex
omulingo	state of something requirement
emyepanko	having an exaggrated sense of one,s own importance
kuhandikisa	The level of formality in language.
Zabuli	A sacred song or hymn
esapeeho	head covering
Ekigarukwaamu	The part repeated after each verse
omusumikaniza	A sustained narrative thread, often referring to the development of a character or a long-term plot.
Enyamumbubi mooya	Tarantula
orweerre	A large open area of country covered with grass
Kwecwahongana	A split in a religious group
Ekihuka rulya kadoima	Ladybug
Ateenyi	It is a pet name given to all
biringanyi	A purple vegetable
kutebya	A story told in chronological order.
Enaanansi	A tropical fruit with spiky skin
Burru	Color of sky
embarasi	large animal for riding
Tondera	Individual feature
Yekaru	A building for worship of a deity
okwiri	A person who influences the choice of a king
Yekaru	A building for Christian worship
Bwango	Quick, quickly
omugole	A legume grown in warm regions
mukaaka	informal grand mother
Okwereega	High-risk investment
Kusiigwa	Rubbing with oil as a religious rite
Abahinda	The Abahinde are related to the leaders of Ankole.
Ekikazi	Of the sex that can bear young
Amabaibano	Very enthusiastic and eager
Amagoba	Financial gain
Orukaca	An area of red, inflamed skin
Abacaaki	The Abacaaki are decendants of Kyomya.
enguli	A storehouse for grain
empuhira	The larva of a butterfly that eats leaves
Romayanira	A civilization centered on the city of Rome
Mutabani	Male child
Emikoorre	Purpose, activity
mwaleezi	having or showing a mild, kind,or tender temperament
enyikiranganiza	The use of multiple different perspectives or viewpoints in a narrative.
Ekitambi	Wrapping before wearing a dress
Korani	The Quran
Kugwa	Be unsuccessful in an examination
Empunu y'omukisaka	Bushpig
KuGABAMU	Separate into parts or groups
okucungurwa	Deliverance from sin
Nyabiyongo	The underworld in Greek mythology
Ekihanga	A low area between hills or mountains
Omuzaano	Physical activity , to use
Kutemba-kwemihendo	General increase in prices
Omunyanzigwa	Hostile person
Omuhangi	A being who creates the universe
emboga	A leafy green vegetable
Eryogero	Device for bathing; to bathe
Omwaga kalya nkubebe	Aardwolf
ebinyakuzaaza	resources for production
ikuule	main road
omukoro	A formal occasion
omuhesi	A person who makes and repairs things in iron by hand
omulinga	A reddish-brown metal
Orukumo	Digit of hand
teera	to strike; popular sucess
enku	Wood used as fuel
abaguuda	The highest class in society
Bwihule bwaano	Centipede
Ekitebe kyobusubuzi	Business
Kirungi	Just, light in color
Esabuni	A cleaning substance
Medina.	The second holiest city of Islam
Sinto	The traditional religion of Japan
Omuzimu	The spirit of a dead person
omuhendo gwekinyakuzaaza	Factor
Lisolikooto	Knowing everything
Rutendeka	The action of teaching a person a particular skill or type of behavior
Omuzimu-gwekika	The spirit of an ancestor
itendekero	higher education institution
okujaguza	The action of marking one's pleasure at an important event or occasion
ekikoro	Blood relationship; family connection
ekisukizo	An object surviving from an earlier time
omusoroora	An object thought to have magic powers and to bring good luck
Amagoba-mumatungo	Profit from selling asset
Kampuni-yabwangu	New company
Erangi	A colored substance applied to a surface
amarogo	An object, act, or saying believed to have magic power
Ahora	He revanges
Kujuliza	A quotation from a source
imaratwoona	A play with exaggerated emotions
Kora	Agreement; to handle
omuzingo	A roll of parchment or paper
akanyonyi rukira bahiigi	Cormorant
Kumanyiira	A period of introduction to a new school
Omusalaba	A symbol of Christianity
Ebyokutunda	Cash crops
Kujwaha	Needing rest
Ekisanirizo	An artificial body part.
teekana	providing physical ease
Ebyobuhangazi	A collection owned by a museum
Enkerembe	A recently born child
kale	informal farewell
icumbiro	A room where food is prepared and cooked
omurwairwe	A person receiving medical treatment
Omugaju	A substance burned for its fragrant smell
Mutegeki-wemilimo	Person in charge
endya	The process of obtaining food
eby'omubusinge	A factual written account of events
Isemerezo	A room for surgery
Atakubaza.	unable to speak
Baliisa	They keep animals
Ekikalaamu	A pen with a broad tip
ekitiyo	A tool for digging
Kuhumura	A break between school classes
ekyombeko	A flat; a set of rooms
Ekiro	24 hour period
Abboti	The head of a monastery
Omukugu	Person with expertise.
Ayegonza	Joyful or He enjoys
Nyakwekambisa	A person or spirit who inspires an artist
nyine	expressing possesion
okuterakalindi	A series of military operations
Ayeta	He calls
Binkwatireki	Not concerned
Kuhumbuka	Rising from the dead
Hikya	Transport of goods; birth
ebijregejege	Any of a group of spore-producing organisms feeding on organic matter
Omwaaro	A sheltered place where ships may moor
Nosobora?	Past ability; polite request
omutego	A device for catching pests
omwongo	A large orange squash
entebe	A place to sit
jwaara	to put on clothes
Ekisekeseke	Plant fibre
amagezi ageby'obuguuda	Economics
entendigwa	A drought-tolerant legume
Aginosiliki	The view that the existence of God is unknown
gahiraha	Verreaux's eagle-owl
Amahiga	place for domestic fire.
Haitangatanganiro	British bar
kwanfirra	The refusal to accept something
busutama	A weapon with a long blade
Enyegesa	A set of beliefs held by a religious group
Eriso	Organ of sight
Kwehandikisa	The action of enrolling or being enrolled
Owekitinisa	A title for a member of the clergy
Irungu	A rid region
kikuru	of great significance
kinyonyi rwakikaiho	Shoebill
Manyeki?	informal greeting
Ekizina	A melody
okujaguza	The action of marking an important event
okutabaliirra	disadvantages from scale
Ekitongo	Land covered with trees and shrubs
Obusiramu	The religion of the Muslims
Ebijuju	Disease from tsetse fly
Yakobbo	A very large tropical fruit
karata	orange vegetable
Abahangara	The Abahangara is a small clan.
oburogo	The practice of magic, especially for evil purposes
Bakatema	They cleared
Kwetegereza	The ability to understand something; comprehension
Obuiini	Feeling of being afraid
efeeza	A precious grayish-white metal
Amabeere kurwara	`Mastitis
obwooki	A sweet substance produced by bees
Ekibumba	Having lived for a short time
ebirira	frozen water
Hansi	Bottom surface of room
Aigusa	He certisfies
Obukwenda	A talk on a religious subject
eguniya	A large bag for storing crops
Ekipaali	A mat at an entrance for wiping shoes
Okwirr	The Christian service of sharing bread and wine
Okuhinduka	A change from one religion to another
Amadinda	A xylophone from Uganda
Abadwaro	The ABADWARO ARE CLOSE TO BABIITO
Mulla	A Muslim educated in Islamic theology
Habwaki?	Asking for a reason
omwegerwaho	A person looked to by others as an example to be imitated
ekidongo	stringed musical instrument
ninyenda	expressing desire
okuhakana	A statement of disapproval
Obumanyizi	Practical contact, to undergo.
Ebisembo	Money or food given to the poor
obwaho	A small vessel for traveling on water
omusufukuru	female grandchild
Ekitabumbirwe	A feeling of intense spiritual joy
Kiziikwa	Ceremony for dead person.
owembabazi	feeling sympathy and concern for other
kuganyira	The action or process of forgiving or being forgiven
Omuhendo	Cost of something
ekyemikono	An object made by a human
Abahemba	The Abahemba people are wise in doing craft work .
ciizi	dairy product
Kugarraho	Cardiopulmonary resuscitation
Ekibi	Illegal activity
Erukwera	Lightest color
akokurorraho	A thing that represents or stands for something else
katungurucumu	pungent bulb used in cooking
Sabbiti	Seventh day of week
Ekihaso	Inflammation of the lungs
omukunzi	romatic female partner
Ruhumuraho	A pause in work or during an activity
Omulembe	Popular style.
Ciborimu	A container for the Eucharist
Okugota	A military operation surrounding a place
ezaabu	A precious yellow metal
Upanisadi	A collection of Hindu philosophical texts
enkubebe	An insect that damages wood and crops
Ninyija	Future auxiliary
kubaho	to occur
okuganura	A celebration of the successful gathering of crops
Kwehuurra	Mood or feeling of a place
Kutaisana	The state of being strikingly different
Kuzaara	The birth of a child
Kigumire	Hard to do
Omuhendo	Loved; expensive
Akakotaburraho	A board on which an artist mixes colors
enzige	A swarming grasshopper that destroys crops
obusalizi	Physical suffering
kab yaasi	Owl
Encu rukira mpirima	Swordtail
Eryanda	Device storing electrical energy
Ekihinga	Payment to shareholders
amacaqande	A plant with seeds for oil
Ekyonzira	A sacrifice
obufuruki	Movement of people to a new area
ekitabu	A diagram showing family relationships
kisagiki	An actor in a supporting role
ebyahingwire	A scene that interrupts the present to show events from the past.
saba	to request
Ekyarwebagyo	Evening meal
emitukize	output perunit of input
Okwemarra	Self-sufficient economy
emirire	The kinds of food a person eats
Ihangiro	A holy or sacred place dedicated to a specific deity or ancestor
Penteyisimu	Belief that God is in everything
sorooza	to gather
amabaale	A book for storing photographs
kwesisaniriza	Attributing human qualities
Ekyooma ekifukya.	Refrigerator.
ruvumbura	Film with adventurous journeys
amatanduka	The beginning of a period of office
Abatwairwe	subclan of Babiito
Rugaayi	Color of earth
obutagumiisiriiiza	having or showing a tendency tom be quickly irritated
omufuriki	A person who settles in a new place
ekikaali	The household of a sovereign
Ekijwaro	A protective garment
Tabenakulu	A container for the Eucharist
akanyonyi rutajuba	Tern
amalyamabi	Poor nutrition
kwetomboita	express dissatifaction or annoyance about something
Emale	A type of farmed fish
obuzalirwana	The customs and achievements of a people
isenkurunyowe	A person from whom one is descended
Okwehinya	Period of decline
ameani	A unit of energy from food
olohoota	a greeting
Kuhanuura	The action or process of talking about something
Omupakasa	Person who works
Kwehanga-hanga	The use of imagination to create something
Lema	Power to direct; to manage
Ekihoiholya rwansaano	Moth
Enkura	Full name for rhino
eryahansiho	The layer beneath the topsoil
Orutuuti	The raised platform in a theater
Ensisana	The feel or appearance of a surface
kuhikaniza	The arrangement of events in time
Kwiniini	A small green citrus fruit
genda	to move away
Kolera	An infectious disease causing severe diarrhea
hokwegeseza	A plot showing farming techniques
Ebbuluuzi	A brass instrument with a flared bell
Kwonka	Containing nothing , not filled or occupied.
Kwekebiija	Detailed examination of the elements or structure of something
Esanduuko	Container with flat sides
Kuseruliriza	The systematic investigation into materials to establish facts
okusemererwa	feeling pleasure
emeeri	A large boat
Ababworo	The Ababworo are the Ruling clan in Mbooga DR Congo
Obugenyi	Celebration event
Birihaziya	Parasitic disease from water
Obujojo	Lymphatic filariasis
omutungwa	A person under the authority or control of a monarch
obumtu	Moral principles that govern a person's behavior
Ebisunsa	Green leaves of pumpkins
Kifumbirwa	A woman to whom someone is engaged to be married.
kanyera	to assist ;assistance
Kampuni-nseeri	Company operating in many countries
Kutwara	Reaching out to people with religious messages
Engaija	A long drum from Uganda
By'omwiguru	Of or relating to heaven
Enjunjuuzi	Bee fly
ebyokulya	Any nutritious substance
Kusiimwa	The expression of approval or admiration
Kasaka	A long garment worn by clergy
Sisaniza	Duplicate; to make same
Akagera	A small stream
Okujunira	The act of setting someone free
ntambaruki	A person whom one does not know
Omusubuzi	A person who buys and sells goods
obuta	A weapon for shooting arrows
oburangi	A prediction of what will happen in the future
ebikuzire	Having existed for a long time
Nyamusana	Middle of the day
Habwa	Indicating purpose
Omucungwa	A round citrus fruit
Isorolezo	A Jewish place of worship
ebikora	machinery, buildings ,etc
ibaaga	payment based on sales
obutasemera	Ritually impure
Orubaale	Pellets of frozen rain
Honaahonaa	In any place
Kukebeza	Before birth
irwarro	An institution providing medical treatment
entahirizi	A non-native plant that spreads aggressively
Kyakataano	Fifth day of the week
Kugemesa	A preparation providing immunity to a disease
emeeriyomwika	A ship propelled by steam
ekyotooni	A sanitation fixture
ekibumbirwe	A carved or cast figure
oruho	Liquid applied as mist
Basitoroora	A small gun
kwohebwa	The desire to do something wrong
Nyampara	A person in charge of a collection
omukaaga	Money or property paid by a groom to the family of his bride
ebikiikyo	A puzzling question
kamutale	A spicy pepper
nyinyimbwa	dark or pooorly lit, especially so as to appear depressing
omuzaano	leisure activity
bazaa	A market in a Middle Eastern country
Ebaara	Place serving drinks
Okutembwa	An overwhelming feeling of spiritual joy
Omuzaire	Mother or father
Orupimo	The size of a dose
kumamirra	Preserving food with salt
Kumara	Sufficient amount
Taoisma	A Chinese philosophy and religion
Ekihandiika	A written work especially one composed for educational purposes
Ekiyudaaya-dai	A branch of Judaism
Obukuru	How old someone is
enkorro	Expelling air from lungs
ebyafaayo	The study of past events
Amagita	Oil used for anointing
Mahayana	A branch of Buddhism
Esahaani	A flat dish
Empeera	Payment for work
Amooti	Pet name
mirembe	A greeting
Kuhamba	A sudden seizure of power
ekisalizo	A long blade for mowing grass
obuziinge	Freedom from war
Orusenyisenyi.	Fine sand, clay, or other material carried by running water
Sikooko	A large bird raised for meat
omutendeki	A person who teaches something
Kuzoora	Find something unexpectedly or in the course of a search
Kulima	The science or practice of farming
oruguudo	A path for travel
ebimanyirwe	A historical account written from personal knowledge
omutwe	top part of body
Abagahi	The Bagahi are ritualists in Tooro
Muto	A very young child
Basilika	A large important church
Obuyonjo	Conditions relating to public health
GPA	Grade point average
Kusaasa	Physical suffering or discomfort
Kukerererwa	Arriving after the expected time
Binzali	A yellow root used as spice
Omugabo	Unit of ownership
Gorra	Right; to make errors
ebisorozibwe	A group of objects gathered together
ekisaaru	A large natural stream of water
Omwegesa	A person who teaches religious doctrine
Esahani	Flat dish for food
Obuncankuncanku	Small meal between meals
Umura	A pilgrimage to Mecca at any time
Orugendo	A journey or excursion, especially for pleasure
Imamu	The person who leads prayers in a mosque
Binu	Plural of this
ezaabu	gold is precious yellow metal
Serafi	A type of angel with six wings
coroko	A legume high in protein
ikaali	A play using humor to criticize
Kucwamu	An act of assessing something
ogorobe	farewell expression
Omubazi	The science of diagnosing and treating disease
kitunguhya	Pale red
ebyokulya	Fermented grass stored as animal feed
ebyabaireho	Another term for a flashback.
ekisoma bwiire ekitaito	Robin-chat
Kubihirwa	Feeling upset
isenkuru	parent's father
Byona-bikole	Mix of market and state
enkuningu	Ross's turaco
ekituuro	A hole where a dead body is buried
obwooki	sweet substance from bees
Ebikozirwe	A scientific procedure to discover something
emalirra	The final outcome or end of the story.
Oburwaire	A disorder affecting plant health
Syllabus	The subjects in a course of study or teaching
Encu rwazaabu	Goldfish
omutembuzi	A person who is the first to do something
Ekiikopo	A large cup
Ente	Mature female bovine
Omutambi	A person who uses spiritual methods to heal
akokurorwaho	A thing that represents or stands for something else
akaimukirro	A public protest
omunywani	A person with whom one has a bond of mutual affection
Kinu	Referring to something near
okusingurwa	A loss in a contest
Obutungura	A bulb vegetable
obubiito	The class of nobles
Kwekambisa	The process of being mentally stimulated
Kujanga	Afilm about love
Guru	A Hindu spiritual teacher
okuteeegendereza okutataho omulima	adjective
Orusozi	A large natural elevation of the earth's surface
Mukama-wobusubuzi	Person who owns a business
Oburorwaho	An objective evidence of disease
Kutandiika	The process of entering a school or university
obulemi	The period of a ruler's rule
nyetegeriize	i under stand
Ekipiripyo	A glass-like coating on pottery
Ikorro	Place for manufacturing
omuzimu	A non-physical being, such as a ghost or ancestor
Orutaali	A table for religious ceremonies
Ebijwenge	The long hair on the neck of a male lion
Omwoleko	A public display of works of art
Omubikira	A nun
Ebyenyuma	The organ nourishing the fetus
orutimbi	Cloth in front of the stage
kwebeisaaho	A means of securing the necessities of life
muhikirure	Behavior showing high moral standards
Ganjesi	A sacred river in Hinduism
Omuguha gukaba nigunanuka	Stretchy
Encu rwamarangi nyabutonotono	Guppy
ebyabulikiro	Informal words or phrases used in everyday conversation.
Oburofu	Not clean
Oruganda	Group of people related
ABAISIKATWE	The Abaisikatwe are few people scattered near and there in Bunyooro and Tooro
Omusiga-nsimbi	Person who invests
owabumuntu	A place where people establish a community
Kwetegereza	Gain knowledge or skill through study or experience
Oburorwaho	The number of points achieved in a test
Bambi	Polite request word
Aserra	He looks around
Akasiimo	A thing given in recognition of service effort or achievement
Ogoroobe	An act of parting or of marking someone's departure.
Tindukumanya	Statement of not knowing
Hansi-muno	Lowest point
eryahurro	A place where things are stored
Nibingana ereetera omuguzi nomutunzi okusemererwa.	Equilibrium
Oburwaire	The invasion of the body by pathogens
Ekikoba	A strip for binding wounds
ekitebe	group of students; social ran k
enkoolimbo	A lens-shaped legume
kwesereka	A state of dormancy during hot or dry periods
Ebyemizano	Competitive physical activity
Omusigazi	A teenager
kibuubi	between black and white
Amafuta	Material for energy
Sekka.	A leader in a Muslim community
Terevada	A branch of Buddhism
kuhuniriza	unexpected event
ebinagirwe	Waste material; refuse
Masiketi	An early type of gun
semeza	to make better
kusoma	The action of reading
Babiloni	An ancient city in Mesopotamia
obutaikiranganiza	The central struggle or problem that drives the plot.
omunaku	A poor smallholder farmer
ebitakukwatagana	A story that does not follow a straight chronological path.
Orusozi	A large natural elevation of the earth's surface.
Kuzaarwa	The emergence of a baby
tunga	to obtain
omuhugi	A person who lives by hunting and gathering
ekisisi	A gourd whose hard shell is used as a container
Enyarusuzi ruhiiga bikooto	Genet
Kugumibwa	A rite confirming baptismal vows
Anglicani	The faith of the Church of England
ekinyonyi	A feathered animal that may eat crops
okubonabo	Suffering from lack of food
omulingo	Classification of soil by composition
ekyokulimalima	A machine for preparing soil
Omubumbi	A person who makes pottery
Omukuru	An older person
mali	Truly; very
akasozi	rounded elevation of land
kukenga	Perceive the intended meaning of something
Ekitonsa	Large mashroom
Ekisaaru	A large natural stream of water flowing in a channel
kwatura	Acknowledgment of sin
ekitontome	A piece of poetry
Kukenenwa	The removal of excess water from an area
Hokuraara	A large bedroom for a number of people, especially in a boarding school
Arukwehangahanga	A person who creates art
amasisaniza	A comparison using like or as
Ebigonzi.	The regular rise and fall of the sea level
Omusenyi	A loose granular substance formed from eroded rocks
Apuuli	Apuuli is a pet name for men
obwingoniza	Just behavior or treatment; the quality of being fair and reasonable
Okufeerwa	Money lost
oburofu	Waste matter
Mutima	The spiritual part of a human
omwenjezi	A person who moves from place to place
Kubunga	A short journey for pleasure
Ekiraija	That is coming
omufakati	A woman who has lost her spouse by death and has not remarried
Ekizaniro	An outdoor area for children to play
orukaara	A group of lines in a poem
Omufumu	Medical professional
kwolekabebyahinguire	A scene from the past
Ebisaaru	Rivers ( swamps )
ekihemeheme	A figure set up to scare birds
Kantikaali	A hymn or chant
tindukwetegeereza	lack of comprehensions
Omuntu	A human being
Ekihuumo	Folk songs sang by women in praise of themselves
kuziika	The action of placing a dead body in a grave
ekisisani	A structure erected to commemorate a person or event
Omurozi	A person who sees visions
omunyonyi kalya buli kimu	Gull
Rwebagyo	Late part of day
okwereema	The fact of being independent
omulimo	paid position
Ekokoro	Malignant growth
Ebisa	Uterine muscle tightening during labor
ogworwooya	Treating with fumes to kill pests
ekyokuswekeera	A crop grown to protect soil
Ijo	The day before today
Nyineju	Female spouse
Hamiteji	The dwelling of a hermit
Okugarukirra	Decline in activity
Hara	At a great distance.
Orwigi	Entrance to a room
enjara	Lack of food
Okuziika	The act of placing a dead body in a grave
Omukerubi	A type of angel, often depicted as a winged child
Okuzaara	The process of giving birth
omwana	A person's child or children
obwiru	The practice of owning slaves
Hokwogera	Tub for bathing
Bombi	The two; the one and the other
Ekyenju	Long curved yellow fruit
omu	indicating inside
Kukaguliriza	The systematic investigation into materials to establish facts
Ekinyonyi	Feathered animal
Kugomoka	Overweight, animal tissue.
amananu	That which is true or in accordance with fact or reality
orweezo	Animal dung used for fertilizing land.
Ebisorozibwe	A group of works gathered together
Omulimi	Person who farms
okwebuga	A long poem narrating the deeds of a hero
nahabweki	A word or phrase that connects ideas or events.
Bombo	An instrument for injections
Omubikira	A woman who has taken religious vows
semererwa	notice ably happy and optimistic
enju	building for living
encouragement	The reason or reasons one has for acting or bahaving in a particular way
obusubuzi	The activity of buying and selling
ogoobe	said before sleeping
kaaroli	Marabou stork
Omwana	A young human
Orame	Friendly way to say goodbye
emponderana	The way a story is organized, including its plot, chapters, and narrative flow.
Adyeeri	Pet name
Omusaara	Fixed regular payment
Eryahuuro	Sliding storage compartment
orutindo	A structure carrying a road over something
Kizaazi-mirimo	Person starting a business
Kukora	Action or doing
abatema	Abatema is one of the clan in Bunyoro and Tooro
Kyomuhendo	Costing a lot
omuzindaaro	A device for producing sound
Omusiri	Land for growing crops.
Ihangiro	A holy or sacred place
Ebihimba	Edible seeds in pods
enfuka	A tool for weeding and breaking soil
itaka	natural resources
Mecca	The holiest city of Islam
owebyafaayo	An expert in history
Kigumiibwe	Without doubt
kukora	Transforming raw products
Omudikoni	A member of the clergy below a priest
tiimanyire	statement of not knowing
ebikora-ebintu	goods for production
Enkinzo	A shot of medicine
Entandiko	The introduction to a song
Emeeza	A piece of furniture with a flat top
Kutagatanga	A gathering of people who have been apart
Ikoorro	Place where goods are made.
ekigaali	A vehicle pulled by animals
akanyaswiswi	African pied wagtail
Kuguma	Treatment to remove worms
Kwekamba	Having or showing care and conscientiousness in one's work
Ekimulikyo	A battery-powered portable light.
Iriiro	Room for eating meals
Abahamba	The Abahamba are quick to act and they have good families.
emigaru-yomuntu	An account of someone's life
Abasororwa	The body of people ordained for religious duties
empinduka yemihendo	Elasticity
Kwenoba	Long severe recession
omuzigaijo	The first child born to a person or couple
Omuliisa	A person who looks after grazing animals
Ekikaguzo	A sentence worded to elicit information
obugwagwa	Immoral or wicked behavior
Abaisanze	The Abaisanza are guards of the seat of the king of Tooro.
kusaraenseke	Female sterilization
Ekiganyiro	Compassion or forgiveness shown by God
Emibazi	A substance used medicinally
obutagasi	hotness;to make hot
Omuhereza	A member of the clergy
Kuteekaana	Notice taken of someone or something
enkuba	Sound from lightning
Obwegese	The process of receiving or giving systematic instruction
kwatuurra	Emerging from an egg
Omusiri	Area of open land
omugo	The spouse of a monarch
Ruhanga	A supreme being, creator, and ruler of the universe
Ninsobora?	Asking for permission
Ebisuba	Not true
ebikwako	The emblems of royalty
baza	to talk informally; conversation
ekitungeezi	A barrier to hold back water
Ekyamahano	An extraordinary event attributed to divine intervention
Kwanika	Removing moisture to preserve food
Asura	An ancient kingdom in Mesopotamia
Kandombo	An Afro-Brazilian religion
Saduhu	A holy person in Hinduism
Ensese	Inflamation of intestines
Akakonge	Slip for travel or entry
Itaagi	A part of a tree that grows out from the trunk
ekitebe	A ceremonial chair for a sovereign
emigani	A traditional heroic story
Ebyomwoyo	The state of being divine
Omurungi	Attractive in a pretty way
Kucwa	A fracture
Kunihiza	A solemn promise to God
Korani	The Islamic sacred book
obutiti	low temperatures
Amakondere	Traditional music flutes
obuhikirire	The state of being holy
akahuka	coffee leaf rust
karuziika	The official residence of a sovereign
Omwoyo-Mubi	An evil spirit
Manyirwe	Well known
Abacwa	The Abacwa are few in Bunyoro and Tooro
Ekigiko	Utensil for liquids
Abatimbo	Royal musicians whose music insights danger.
Kibwebwebwebwe	The general effect of color
Ebisi	Dry millet
akatogo	mixed food
Etanuuro	A furnace for firing pottery
Ekinabiro	Tub for bathing
kusiima	apolite expression of praise
Alubbu	A white vestment worn by clergy
Okulera	Look after a child or children while the parents are out
kyekintu	A dark area caused by an object blocking light
akatunda	A small purple fruit
omwami	A cash crop from coffee beans
ekyokuseresa	causing laughter and amusement ;funny
onenyonyi kahiiga na	Osprey
Orulera	The cord connecting baby to placenta
Akazigizigi	climax(time for climax of the dance where dancers display all techniques)
Endingidi	A tube fiddle from Uganda
Abacwamba	The Abacwamba their wives delivers after eleven months.
Omwereegi	Person who speculates
okusingura	An act of defeating an opponent
Ekitunguhya	Unripe thing
kulima	The process of growing crops
akahuru	A small insect that sucks plant sap
omubuto	A person of high social rank
omufakati	A widow with a title from her husband
Ekijaguzo	An organized series of performances
icumu	A weapon with a pointed tip
Ekikopo	Small container for drinks
Okwinuka	Leaving work due to age
Enda	A wingless insect parasite
Ebigenge	Bacterial disease affecting nerves
Ebiragiro.	Laws, considered collectively
Kukugiza	Expression of approval and admiration
Akagaali	A chair with wheels
Omufumu	A traditional healer
omwiru	A person owned by another
ekitongo	The remains of a building
qamakune	The act of giving a portion of something to others
omuherre	A metal alloy of copper and tin
kutana	Moving products to market
Kuhika	Succeed in an examination
isoke	strands growing on head
ekanisa	christian place of worship
ekisaka	A shrub or clump of shrubs with stems of moderate length
Ekigere	Part of leg used for standing.
Ekitabu	Furniture for sleeping
kuganyirwa	The action of forgiving sins
oruganikyo	A traditional story concerning the early history of a people
Omuhara	Female child
Ebyokwaliriza	Material spread over soil to retain moisture and suppress weeds
Obukuru tibule ndwaara.	Old
yelweeka	to hold and move
ebisigwa	Something handed down by a predecessor
omuserukale	A person in the army
Abagomere	A group of people who worship together
Kuseruliriiza	A detailed inspection or study
masiini	An apparatus using mechanical power
Ekinazi	Sanitary fixture
Obuceke	A disease or period of sickness
kifaaro	The use of magical power obtained through evil spirits
Kamarabyona	Having unlimited power
Kyakasatu	Third day of week
Ebikwato	Royal Regalia
omwisiki	a female child
rurangarwa	A person, especially a well-known one
Enyinganainganiza.	An even distribution of elements
omukono	end of arm
byaitu	system with collective ownership
akaronkoronko	Customs passed from generation to generation
Okusiga-ensimbi	Putting money for profit
Munyaanya	Male sibling
Ekihuka	Black sigatoka
entekaniza	The arrangement of words and phrases to create well-formed sentences.
ebihoire	goods for cosumption
embi	A burial place
okukwasa	The formal giving of an office
engeso	regular practice
ntebe	furniture for sittting
bwona	At all times
Hambeho	Online networking platforms
Encu rwamarangi yomukirahule	Platy
Okweg'amwoyoyo.	The study of God and religious belief
omuzingiki	A person who keeps bees
Abagesera	Abagesera are small clan compared to other clans.
kakobe	Color of lavender
ekigega	A container for carrying crops
omukamakati	A female ruler
abantu	person; relating to people
obugweterano	Valued objects and qualities passed down
Hakikaro-kyomulimo	Place of work
amaatatunuurra	A focused beam of light
Abakorongi	The Abakorogi who do the ritual of milking .
kugaragara	The expression of deep sorrow for someone who has died
Akasoro rutatiina rulya bwoki	Ratel
maaya	Common ostrich
Emeeza	Table for work
kunoba	to strongly dislike
Ababwiju	The Ababwiju clan comes the Director kings Rituals
Ekizina	A set of words set to music
obugweterano	Valued objects and qualities such as cultural traditions passed down from previous generations
kutontomya	Literary work with rhythm/imagery
Abagorongwa	The Abagorongwa people put effort to look for riches.
Orufu	The state of being ill
amahe	An organized military force
kuhakana	reasoned discussion
engamiya	An animal used for transport
ikuuro	A heated house for young chicks
Kwolekwa	The divine disclosure of knowledge
kikuru	very large ; excellent
obutagira	not having or showing good manners; rude
Yerusalemu	A holy city for Judaism, Christianity, and Islam
enengere	A cart with one wheel for carrying loads
omulinzi	A person ruling in place of a monarch
ekiyaga	With much wind
Kutuliza	The passing of a disease from one person to another
Kwaakya	A flower; to produce flowers
obucagale	A line of descent
ebitwetoroire	The natural world
engano	A cereal used for flour
Engoma	A percussion instrument struck with sticks
habaziika	A place where people are buried
Kucekeca	A series of movements to music
Abakozi	i do have many workers .
Orumaga orukazi	Damselfly
Ruhanga-omu	Belief in one god
oMUKORO	A ceremony at which degrees are conferred
Kyakabi	Likely to cause harm
Nahabweki	For the reason that
Abasodokisi	The Eastern Orthodox faith
kitara	An extensive group of states ruled by one person
Abagumba	The Abagumba people love leardership and love cattle.
Kusemezaamu	The act of making something better
Atwoki	Pet name
Enguha	A parasite that attaches to animals
obusubuzi	commercial enterprise
Enyama	The flesh of an animal used as food
Ekyaaro	The countryside, characterized by low population density
Okwemarra	Devotion to religious duties
Kimu-Kyaikumi	One-tenth of income given to the church
ebihimba	An edible seed growing in pods
Kurugirwamu	Secondary effect of medicine
Kweculeeza	Focusing the mind for spiritual purposes
kutukatuka	The quality of being cool
Kadinali	A senior church official in the Catholic Church
Ayeza	He makes Holy
kusoroora	Classifying by quality
ekirimizo	A tool for digging and moving material
kuzaaza-emirimo	ebterprise and risk taking
kusorongya	The arrangement of events in the order of their occurrence.
omubugufu	A brief restatement of events that covers a longer period in less time.
Bwiino	A colored fluid for writing or drawing
Ibatirizo	A basin for baptism water
Bwakyayo	Greeting used in the morning
ekinyonyi rusumukira hara kalya	Gannet
Aijukya	He reminds
orukonge	Simple, non-flowering aquatic plants including seaweeds
yanguha	move or act with great haste
ekisiisi	A small arthropod that can damage crops
ija	to arrive
okurwana	A fight between armed forces
enkaarra	A line of seats
akahu	A material for writing on
Eyobuhangwa	Farming based on natural ecosystems
Hajji	The pilgrimage to Mecca
omwana	A very young child
Ruhindahindura	A formal assessment of something
dodo	Amaranth leaves
Omurangi	A person regarded as a messenger from God
habugenyi	Social gathering; political group
Enoota	A single musical sound
Kyokuse	Causing laughter
ebyobusubuzi	relating to commerce
Ekidongo	A device for producing music
Engabi Ruziimbanyindo	Dik-dik
Kiro	This day
kamera	device forn taking pictures
Kuhindurana	Examine in detail the elements or structure of something
Sitaani	The Devil
Mukama-wabakozi	Person who employs
rugutiihazabwiire	Sequence showing slow processes quickly
Sinodi	An assembly of clergy
Bulangiti	A large piece of wool or similar material used as a warm covering
Kaguha nyabudidigino	Mite
ekyasa	The hundredth anniversary
Ihali	Feeling or showing envy
naakugondeze	polite request
Omwaka	365 days
Kumulikirwa	A supernatural appearance
Okugwa	Period of economic decline
hanu	in this place
Enda	Having a fetus
Kihyaka	Newly made or obtained
Obutaikiriza.	Disbelief in the existence of God
encwamucwamu	The beginning of a story that introduces the setting, characters, and initial situation.
Ibohero	A restraint for handling livestock
Eby'ediini	Relating to belief in a god or gods
okuzaara	The mating and production of offspring
Bike	Small number
rupiya	A flat piece of metal used as money
okuwahirra	maximizing outputs frominputs
Santeriya	An Afro-Caribbean religion
Ekigambo	A single distinct meaningful element of speech or writing
okutimba	A thing that adorns or decorates; an ornament
Embabazi	Ready and willing to forgive.
Omuswaki	Brush for teeth
Enyuma	At the back of
Ekka	A home
akoozi	A gourd vegetable
Ekyokurorraaho	Instance illustrating a rule.
kulekerwa	Formal release from guilt or punishment
Kurumwarumwa	An irritating sensation in the skin
Bburaza	A monk
Cekeca	Rythmic movement to music
kampuni-nyamukago	associated company
Ekidipa	A pond for raising fish
omukasumi	A particular period of history
omulimi	A farmer demonstrating good practices
Abaswirengana	Husband or wife
arukwegesibwa	A person who is learning a subject or skill
Ekihikire	Precisely correct
Sandy shore	Omusa
piikipiki	A two-wheeled motor vehicle
okubandwa	The practice of honoring and respecting deceased ancestors
thwale	A country under the control of another
Sapulesi	A white vestment worn over a cassock
ekisoma bwiiire ekyobuto rogondo	Thrush
munyamahanga	A person born in or coming from a country other than one's own
Enyonyi.	Flying for planes.
omukumirro	barrier at entrance
Obukristo	The religion based on Jesus Christ
Amaani	Capacity for activity.
Aterekereza	He strightens
Enjubu	Full name for hippo
Ensubiko	An account based on primary sources
Timanyire	Informal "don't know"
nymomukama	The mother of a reigning monarch
tunga	to return
nyetegerize	l understand ;l've got u
Kyamukaga	Sixth day of week
ogwensaano	Powder applied to crops
Bombo	Spraying machine
omubazi	Substance for treatment
Abahati	The Abahati are related to Abazira.
Endakurugamu	Loss of pregnancy before viability
Omurro	Burning substance
Akokurorraho	A mark indicating the quality of a student's work
Naivana	A state of perfect peace
coco	A cash crop used for chocolate
katenkuru	Informal grandfather
Okuferwa-mumatungo	Loss of selling assets
Ekicweeka	A limited period of time during which classes are held.
Izingikito	A place where bees are kept
Omwirima	With little or no light
oloho	a causul greeting
obulemu	A state of armed conflict
Okusembera	Holy Communion
amakorro	A building where goods are made
Itaagi-ryediini	A recognized branch of a church
Ekitabu	Written work for reading
Ekibira	Large wooded area.
kwemara-mara	spend time relaxing or socializing informally
oruhumbo	A fungus growing on plants
okwezibwa	Freedom from sin
Ebyenyegesa	Relating to the provision of education
Erujoki nyamankinda	Bumblebee
turruma	bad- tempered and irritable
Ebyekwaso	False excuses
omuhuma	A person who raises livestock, often moving with them
Orutaali	The holiest part of a religious building
ekihinzi	Common illness
Habura	Straight; to guide
akaasaru	A small, narrow river
Okuharruuka	Journey by air.
Enkwanzi	Beads used in prayer
Embuzi	A goat
Ekihango	Master bedroom for the King
nkaha?	Asking about a place
by'okuguza	Farming to sell products for profit
Okuzonzoora	The action of traveling through an unfamiliar area
okwema	An act of armed resistance
ensimbi	paper money and coins
okwetebya	The story of a person's life
Ekirukwoleka	Distinctive attribute.
Sikisimu	A religion founded in the Punjab
ekyakara	Belonging to the very distant past
Obukoko	A spore-producing organism causing plant disease
nyinenkuru	parent's mother
Obubaani	A type of incense
Katikitiki	60th of minute; after first
enfuzi	A child whose parents are dead
omukura	TV station; water passage
mesopotamiya	An ancient region in the Middle East
akasepeho	visored hat
mucwa	The court of a monarch
kahamika	acurved piece of wood plastic or wire for hanging clothes
Obusinguzi	The accomplishment of an aim or purpose
Obuhabi	Belief contrary to orthodox doctrine
kwalirra	Material spread over soil to retain moisture
Puresa	High blood pressure
karoota	A person with original ideas
Obwomeezi	The state of being free from illness or injury
Obubonero	The number of points achieved in a test
Nangwa	Negative response
Orugo	Barrier around area.
Engaija	A West African drum
Akasembo	A strip for covering cuts
Ebisokoro	Edible bean leaves
Okupangisa abakozi	Employing
kubooga	An overflow of water onto dry land
haruguru	The top layer of soil, which is usually the most fertile.
Ekisisani	A religious painting
noha?	Asking about a person
kaada	piece of stiff paper
kwenyumiza	excessively proud of oneself ;vain
Okubutama	Severe recession
kuganikya	A story or account of events and experiences.
ekirago	floor covering
omuhe	to hand over
Nyamigabo	Owner of shares
kuhendera	Relating to the later Stone Age
kweyemerezaho	The process of becoming independent
Entabuzi	The coloring material in paint
orulengo	A hereditary class
Kutakererwa	The fact of being on time
lyakaaniira	A fine, fertile soil deposited by water
Kugamikya	The action of telling a story
Omuliisa	A minister in charge of a Christian church
engemonungi	Principles concerning the distinction between right and wrong or good and bad behavior
akasumi	length of time seasons
Enyanja	A large body of water surrounded by land
omwombeki	A person who constructs something, especially a house or other building
Omuhama	Part of a plant
Munyanya	Female sibling
Eryato	Small vessel for water
Enkuyanja	A large audience
omwoleko	An object on display
Ahabura	He advises
Byaitwena	Relating to socialism
Kwecumutiriza	The objective analysis and evaluation of an issue to form a judgment
Abaana	children(young people below eighteen years)
mukama	A person who has authority over others
ekisika	Part of a building
Kugumusiriza	The capacity to accept or tolerate delay without getting angry
Ekiyudaya	The religion of the Jewish people
Ekibira	A large area covered chiefly with trees and undergrowth
bamiya	A green pod vegetable
eryatolyebeeru	A boat propelled by sails
enyikiriza	An acceptance that something exists or is true, especially one without proof
Omusale	A wound caused by a sharp object
Kuhandiikwa	The action of registering for a course
Ebyahandikirwe	Sacred writings
webale	informal thanks
Baruhanga-baingi	Belief in many gods
Ekikiriziibwe	A system of religious belief
Obutagasi	The quality of being warm
orugo	A fortified hilltop in ancient Greece
Kwecura	An injury to a ligament
akacweka	A detailed depiction of an event that unfolds in real time.
Kuserra	Food for grazing animals; to search for food
enzuku	A bacterial STI
Maraika	A spiritual being acting as a messenger of God
Kyoona	All of a group
kujanjaba	Medical care
nabyo binyobwa	Groundnut
Kifamatu	Unable to hear
Ebikalaamu	A pen with a thick tip for writing on boards
enimi	A mature male bovine
garukayo	an adhesive substance used for sticking objects together
kwomeera	in good health
Acanga	Pet name in Bunyoro
igana	A group of cattle or other large animals
ARWANA	He fights
Ebitakuli	Sweet potatoes
sorooza	to bring together
Encu ruhiigira mubaigi	Hydrocynus
Oruhazi	Safari ant
Kwikiriza	Acceptance that something exists, especially religious
Omucencuzi	A person who evaluates art
hingisa	money returned
kweeza	Output per unit of input
eribumbirwe nyaisatu	Three-dimensional
hutaaza	cause pain or injury to;injured
ekibi	Profound immorality
omuka	place where one lives
Igura-nsimbi	Debt investment
Abakama/Abaguda	The group of people belonging to the noble class in a country
Kutahirirwa	Invasion of the body by pathogens
Kusisimuka	A realization of spiritual truth
kusemererwa	festive ocassion
Ekikarango	A shallow pan with a long handle ,used for frying food.
omuzaani	The main character
kabitebya	A person who tells stories to an audience
kita	asking about manner
Ebikaiga	Fresh beans
Ekitebe	Large group of people
mutendeki	An experienced and trusted adviser
akagambiso	A device for amplifying sound
Bagavadagita	A Hindu scripture
Ebbakule	A round, deep dish
Nganyira	expression of apology
Ekyonzira	An offering to a deity
Kyakabiri	Second day of week
Izaaniro	A building for dramatic performances
Kagingo	The supreme spirit of evil
Endongo	A bowl lyre from Uganda
ekigadi	A two-wheeled vehicle pulled by horses
kwehutaazaa	Deliberate injury to oneself
imuka	to rise from bed
Obujanjabi	Medical care given to a patient
motoka	motor vehicle
Enkiro	Course or guidance
ebihandikirwe	A handwritten document
Obwecumi	Conditions for maintaining health
oruganikyo	A story originating in popular culture, typically passed on by word of mouth
ekyengaro	An object made by a human
enjangu	domestic feline
Roota	Image during sleep; to imagine
obutate	The period when iron was used
oburungi	That which is morally right; righteousness
Ekisisana	Shape, document ,to create
Encu rugira mitaano	Cichlid
ekirunyo	An organic compound essential for health
Abagaya	The Abagaya are first to act in all what they do .
enyaanya	A red juicy fruit used as vegetable
Emikoorre	A rule made and maintained by an authority
Obuswezi	The religious ceremony of uniting a couple
Kwepiima	A set of criteria for grading
Okire	Said after someone sneezes
obusigiko	An original document
Ekutiya	Half pet
kucamuka	The process of a liquid turning into vapor at its boiling point
Akajuma	A small, solid dose of medicine
Akatuti	A stand for reading scripture
Okubaaga	A surgical procedure
Ensinganto	Person aged 13-19
Obuhuta	Physical harm or damage
Obukatulika	The Roman Catholic faith
Kwehuurra	Emotional state
ninkwetegereza	Affirmative response
ekirungo	A substance for flavoring food
Ekijunju	A burn caused by hot liquid or steam
kulemeera	great weight
Kwetegereza	The ability to understand something
Kiri	Referring to something far
ekiteteyi	one-piece woman's garment
ruhanga	supreme being
Endagaano	Legal agreement
akanyonyi runyunya mankinda	Sunbird
letusi	A leafy salad vegetable
Ekukumbwa	Matter that settles at the bottom of a liquid
iramuno	The ancient past
Sangaha	The Buddhist monastic community
Engege	A common farmed fish
Kusaba	Formal request, computer program
Omuneneserezo	Sweet course
Omuzigiti	A Muslim place of worship
egaali	A two-wheeled vehicle
Vodowu	A religion practiced in Haiti
Kugumya	Evidence establishing a fact
okuhikirra	The quality of being morally right
Kaikara	A female deity
Ayemeriire	He is standing
obubi	The quality of being evil
okwekorra	economic system with private ownership
amakorro	Economic activity concerned with processing raw materials
kiteegasira	awkward in movement or handling things
Iraru	Viral disease from animal bites
oruhu	The skin of an animal
Abasuru	The largest branch of Islam
Kusarwa	Caesarean section
Obuhumurro	Treatment intended to relieve or heal
Hakatwetwe	Highest point
omwihangwe	Middle of day
ebijuza	A material for writing on in ancient times
Ekirukulemesa	A thing that blocks one's way or prevents progress
mususu	A small rodent
Ebyokujwara	Things to wear
Akabira	A small group of trees
Ebiingi	Much; many
Garaha	A casual greeting
ekisoroirwe	A place that is considered holy or of religious importance
Encu masurubu	Barbel
ekinyonyi rwombeka mubisa	Lapwing
Kusoroora	Separation of infected persons.
Akaheta	Intrauterine device
Ekihinzi	A common viral infection of the nose and throat
endobo	curved piece for catching
omugisa	God's favor and protection; a prayer asking for this
Ag`enyabusatu	A ballroom dance in triple time
oburaiha	measurement from base to top
Enkangaasi	The hard foot of an animal
omwifukuru	male grandchild
Enyarusuzi kakora biboya	Civet
obuhereeza	non physical products
Okuleka-omulimo	Voluntary departure
kutukiriirwa	Water or other liquid diffused in a small quantity as vapor or within a solid
omukaiso	A person who dies for their beliefs
Egaali	Two-wheeled vehicle
Okudibya	Speaking sacrilegiously about God
Kwikazaaho.	The ability to maintain ecological balance
Enyombeka	The shape and structure of something
Sabbiti	Seven days
Bbala	Pet given to males only
Ensaano	Ground grain for baking
kusobya	An act that goes against a law or command
Ebintu-ebiroho	Ebintu ebiroho
Ekyokuragiira	A picture illustrating a book or concept
Kwehakana	State that one refuses to admit the truth or existence of
Kwangirirwa	The dismission of a proporsal or application
ekiro-kikuru	A day of celebration
Eryogero	Room with toilet and bath
Ebijundiibwe.	Decayed organic material used as fertilizer
kugema	Immunization of animals
kaleeta baguzi	Broker
Ekitongole	Division of organization
Kikabahokwo	A thing that is known to be true
Ebiraato	Heavy shoes
Omuzini	A person who dances
Ibaale	A piece of rock
nukwokiri	Naturally; definitely
akanyonyi kalya bihuka hamwaro	Plover
rukirikama	A female emperor
Kufungurwa	A substance counteracting poison
ebisunsa	Leaves of pumpkin used as vegetable
ruzingika	The practice of keeping bees
Ekihandiikirwe	An academic article or essay
okufuruka	Leaving one's country to live elsewhere
koloseemu	An ancient amphitheater in Rome
Kugema	The process of making a person immune
kutalika	Preserving food with smoke
Enyehurra	A feature indicating a condition of disease
Embwa	Domestic canine
Kuhwita	Having lived for a long time
kusubuura	buying and selling of good
Ibumba	A stiff, sticky fine-grained earth
ekinyonyi rwenyunyuzi	Starling
ensoro	A place where water comes from
Ekiguude	Cocktail sauce
Ensikuhwaho	The complete final destruction of the world
Abamanzi	The hero
obulimi	The practice of farming
manamu	known for sure
Kwekebiija-enkora	Evaluation of work
Kuhumba	A fungal disease affecting plants
Akatimba	A net
Tikirumukokoro	Not cancerous
Omunywani	Person one likes
Ebyibuhangwa	The phenomena of the physical world collectively, including plants, animals, and landscapes
ekikomera	A military stronghold
gaaya	informal term for man
Okuramuza	Negotiation between workers and employers
okwebazaaho	An account of a person's life written by themselves
ekihandiiko	A piece of written, printed, or electronic matter
akanyonyi rwadibika	Grebe
Kuhendeka	The breaking of a bone
Enju-kahurabintu	Storage facility
Okwehayo	Love, loyalty, or enthusiasm for a religion
Ebahaasa.	A flat paper container with a sealable flap, used to enclose a letter.
ndolerwaamu	transparent drinking container material
Ekirukusomesibwa	A series of lessons or lectures in a particular subject
omusenyu	A loose granular soil that drains quickly
kuhunirra	Unexpected event; to cause wonder
Bali	Those people
Ebyalra	A collection of historical documents or records
okwijuka	The action of remembering a person or event
Kutangira	Treatment with a vaccine
Kalaamu	An instrument for drawing
Okuramya	The feeling or expression of reverence for a deity
ekinyonga	A tropical tuber
oruganikyo	An account of imaginary or real people and events told for entertainment.
aa-	For the not still tense
aba-	Who, that
Abbooki	Pet name given to a person by his/her parents at birth
Abeeka	People of the home, members of the family
aga	to melt, become liquid
aga	Which, that
aheeru	out, outside. Aho, there. Aho aju ra
ahura	Put a side, store, take care of
ahuza	Entrust with
akirirwa	{pf. -akiriirwe)
akuura	Lo take an offered thing in the hand, accept
akya	Blossom, bloom
andamira	Tosit mourning a long time
anga	& r
angaarra	\ i
angana	• ( pf. Angaine)
ata	Lr., {pf. -asire)
atura	& r
start, origin	Endugirro
gall, gallbladder	Endurwa
type of banana	Endyabagole
wars or conflicts	Endwano
weaver bird	Endegeya
to work hard	Kukoranamani
gun cup	Fataati
to snuffle	Feekya
to plait, interlace; tack	Kusiba
to be vacillating, unsteady	Kutatereera
to squash	Footora
dismay, confound	Fubeereza
to punish, frustrate	Fubira
to pump,blow (bellows)	Fuguta
to wrestle	Fukaana
to choke, strangle	Fuliiteza
to prod, thrust	Fuma
to clasp	Fumbasa
to clasp	Fumbatiza
to be pierced through	Fumuka
to pierce, bore	Fumura
to be narrow, confined	Funda
uncover	Fundura/ kuzozora
to fasten (button)	Sumura
to hold up (clothes)	Fungiirra
to be djluted	Funguka
to dilute	Funrungura
to disparage, run down	Furafura
to say God forbid	Nikikacenwe
jack fruit	Fene
completely full	Fiifiifi
school fees	Fiizi
free wheel	Furuweero
brown cow	Gaaju
train	Gaali w'omwika
to flatten dead meat	Gaasa
pith of papyrus	Gaasi
to marry	Gabura
to torment	Gadrsa
crested eagle	Gabiiraba
to become wide, widen	Galiba
wide, thick	Galihire
to open wide	Galika
to speak, say	Gamba
to tell one another	Gambirana
to talk nonsense	Gambisibwa
to sing tales	Gana
(pf. -gangahize)	Gangakya
to have celebro-spinal-meningitis	Gangama
to treat cruelly, torture	Gangisa
to beat, flog	Gangura
tell stories	Ganikya
be in favour	Ganja
to cause grief	Ganyisa
throw the head back	Garaamiirra
to clash together, clatter	Garangatana
to return; as auxiliary	Garuka
answer, reply, do again	Garukamu
to do over again	Garuliza
small tiger-fish	Gasa
tomb of King	Gasani
to despise	Gaya
to dawdle, loiter	Gayaara
to widen	Gazihya
to immunize	Gema
to shave	Gemba
to go,depart, walk	Genda
make to go, drive	Gendesa
to frown, be wrinkled	Genya
ooze, trickle	Gereerra
to reap, harvest	Gesa
to become wise	Gczihara
to do, act etc	Gira
to cause to do	Giza
to defraud, betray	Gobeza
to double one's profit	Goboorra
to act hypocritically	Gobya
to bend curve	Goda
to walk with difficulty	Godya
talk through the nose	Gogoro
to snore, purr	Gona
to make to love	Gondesa
to dance vigorously	Gondora
to strip	Gongoorra
to love, prefer	Gonza
to maim, damage, disparage	Goora
to decline (sun)	Gorooba
to be very grubby	Guba
to gnaw	Guguna
to fetch (fire)	Kusenya
to gobble	Gujura
to be piled up	Gulika
remove a spell	Gulikuurrra
to sell for another	Guliza
barren	Gu mba
tema gunguru, utter,slander about	Gunguru
to be doubtful,waver, hesitate	Gurukyagurukya
to go all together	Gurumbuka
to grow old (people)	Gurusa
old males	Gurusi
to be splintered, chipped	Gusuka
to fall	Gwa
to become immoral	Gwaga
to be filthy immoral	Gwagwahara
to be susceptible	Gwerekererwa
to take on board	Gwereza
to behave fool ishly	Gwija
to sleep	Gwijagira
to take by surprise	Gwisaniza
to go	Genda
spectacles, sun glasses	Gaarubindi
use your knowledge wisley	Gafabusa
all of them	Goona
big, large	Gundu
it, itself, in itself	Gwo
probably, may be, from	Gwomwa
all, all of it	Gwona
to steal, rob	Iba
stone,school slate	Ibaale
their husband	Ibabo
your husband	Ibainywe
our husband	Ibartwe
carpenter's shop	Ibaiziro
my husband	Ibanyowe
name, spot	Ibara
sub county see Egomboorra	Ibohoorra
;potter 's clay	Ibumba
be astonished, great surprise	Ibumbakanwa
, a verse	Ibwa
pain in bones, rheumatism	Iceeoyo
cook house,.lcitcheo	Icumbiro
cape tomato	Idodoima
; hemp seed;something tinny	Iduli
see amadwidwi	Idwidwi
swelling, abscess	Ifumbi
swelling in the groin	Ifunza
froth, foam, lather	Ifuro
make rain	Iga
to press, massage	Igata
; to press hard	Igatira
harvest, reaping-time	Igesa
disobedience, self-will	Igundu
to open, unstop	Igura
sky, heaven	Iguru
to satify (with food)	Igusa
a dance	Rguurya
beat King's big drum	Iguurra
see eduuka, shop	Iguurro
envy, jealousy, enmity, malice	Ibali
nation,distant country	Ihanga
wonder, marvel omen	Ihano
odour of wild animals	Iharaazima
;odour of the body	Ihaya
;greedy longing for food	Iheehe
forge, smithy	Ibeesero
; horn; syphilitic swelling	Ihembe
cooking stone	Ihiga
time for grindjng simsim	Ihonda
place of sacrifice	Ihongero
empty house	Iboojo
a very beautiful thing	Ihunde
storm, tempest, gale	Ihunga
wand,blacksmith's sprinkler (isiza)	Ibungyo
white stripe	Ihuuga
dance of divine	Ijanja
remember, recollect, recall	Ijuka
to remind	Ijukya
to fill	Ijuza
cunning, slyness,irony	Ikaali
to sit down	Ucaarra
toremain, stay, delay	Rkara
live or work together	Ikarana
a slight squint	Ikengi
groaning state	Ikenyera
agree unarumously	Ikilrraaniza
dirt, filth (of body)	Iko
wide iron leg ornament	Ikoita
lick; a thorny creeper	Ikomba
long thorn of omukongora	Ikongoro
a place of conference	Ikuratiro
trampled-down place	Ikurugutiirro
a made road,street	Ikuute
openly, fearlessly (of speaking)	Ikwenu
to respire, breathe	Ikya
look sideways, squinty	Ikyole
prominent voice	Imiro
continue a journey	Imura
to bow down	Inama
to be very poor	Inara
to string	Ioara
to make equal	Inganiza
many, much, abundant	Ingi
white (china) clay, chalk	Inoni
surliness, shunning	Inugangaine
to leave off work	Inuka
lift up your eyes(hearts)	Inunura
young plantain tree sucker	Inuunu
you yourselves	Inywenka
pawpaw fruit	Ipaapaali
keg, barrel, cask	Ipipa
to grow dark	Ira
to be black, dirty	Iragura
clinic, divination center	Iraguurro
to blacken, dirten	Iraguza
level place, plateau	Irambi
place of worship	Iramizo
heat, mating season	Irigi
digging season	Irima
to grow dark	Irima
fish-hook see endobo	Irobo
charm, spell	Irogo
protruding narvel	Iromba
metal dog-bell	Ironde
form of dismissal	Irooko
trampled-down place	Irubatiirro
uninhabited country, wilderness	Irungu
to cause to kill	Isa
father to twins	Isaabarongo
place of prayer	Isabiro
grey eagle; estate	Isamba
football field	Isambiro
to be like, resemble	Isaoa
conjuring trick, magic	Isaoo
withered plantain leaves	Isaosa
lead, bullet,solder	Isasi
county, province	Isaza
his or her father	Ise
their father	Isebo
their paternal aunt	Isenkatibo
your paternal aunt	Isenkatiinywe
our paternal aunt	Isenkatiitwe
my paternal aunt	Isenkadnyowe
his grandfather	Isenkuru
their grandfather	Isenkurubo
my grandfather	Isenkurooyowe
my father	Isenyowe
sowing time	Isiga
your father	Isiinywe
our father	Isiltwe
blacksmith 's sprinkler	Isiza
twin boy and girl	Isobe
jumping rat	Isomba
pelvic bone	Isonge
hip joint	Isongyo
place of assembly	Isoroolezo
knot, elbow (front)	Isumi
long grass, scrub	Iswa
to slaughter, destroy	Ita
branch, bough	Itaagi
earth soil	Itaka
place of sacrifice	Itambiro
cross-roads, junctions	Itangatanganiro
preaching-place, pulpit	Iteberezo
place where things join	Iteeranirizo
step, stair, ladder	Itembero
speak softly drawl	Itesi
flank (of an animal)	Itiiri
red- winged francolin	Itikarya
spite, ill-will, mischief	Itima
to smoke (milk vessels)	Itira
game of guessing	Itomo
piece of charcoal	Itonde
a drop of water	Itondo
deserted place	Itongo
side, flank	Itundu
wealth, possessions, riches	Itungo
heap of soil	Ituuti
small packet, twist	Itwe
we, us	Itwe
all of us	Itwena
we ourselves, by ourselves	Itwenka
you, thee, thou	Iwe
to lower(lamp wick)	Iza
playground, playing-field	Izaaniro
maternity home, obstetric ward	Izaarro
well, King's grave	Iziba
chimpanzee, monster, ogre	Izike
come for, come upon	Izira
ring worm	Izomba
sun, a day	Izooba
pass of	Jaaza
to bubble, seethe	Jabagira
to be excited	Jabiza
to be chipped, broken	Jabuka
to walk stiffly, awkwardly	Jagajaga
to rejoice, celebrate	Jaguza
to snatch from	Jakura
to jabbe r, babble	Jamajama
java plum	Jambura
talk irrelevantly	Janjagurwa
to spoil, treat carelessly	Jarabanga
to be spread about	Jaragatana
to be moist, sodden	Jeba
being left alone	Jeebeeza
to roam, ramble	Jeera
to wander about, roam	Jeerajeer
to be loosely tied	Jega
to rain persistently	Jegeja
to totter	Jegemera
to be talkative, gossip	Jejegurwa
to loosen	Jegya
to tell tales about	Jeija
to be slightly burnt	Jejuka
to spread rumours	Jenja
to wander about (insects)	Jenjeera
to tie loosely	Jenjeka
to chatter	Jogeza
see jol ekana	Jogolikana
to get wet	Juba
to weed	Juba
to soak	Jubika
to make wet, damp	Jubya
; to pay dowry	Juga
to tremble, shiver	Juguma
to moblize, shake	Jugumbya
to throw away	Jugunya
to raise one unexpectedly	Jumbutura
to scold severely	Jumbuutukira
to be responsible	Junaaoizibwa
to smouJder, glow	Jundeera
to rescue	Junira
to gnaw at voraciously	Junjubura
to buzz	Junjumira
to roar, hum	Junjuruma
to buzz	Junjuura
; to decline (sun)	Jura
intensive with lazy	Jurru
to be slovenly, untidy	Jurungutana
plump, chubby (little child)	Juta
to lie prone	Juumara
to grow tired	Jwaha
to be dirty	Jwamba
to be mixed, confused	Jwangana
; to mix togetber	Jwanganiza
to dress (another)	Jwaza
to dress, adorn	Jweka
to be hafry	Jwiga
to grow angry, bristle	Jwigwa
too lazy	Jurujuru
small species of locusts	Kaabagangara
variety of potatoes	Kaabijwenge
old stock of beans	Kaabubuukuume
elephant's trunk	Kaako
to scratch hard	Kaakura
little finger	Kaara
to be strongly flavoured	Kaarraamuka
King's house	Kaaruziika
groin(inner side)	Kaasa
chip, slice	Kaasi
little child	Kaana
but it's me	Kaninyowe
coffee drink	Kaawa
to fry	Kaayaaya
syphilitic rash on nose	Kabaata
leaf of a plant	Kababi
cupboard (eryahuurro)	Kabada
join. word, since	Kabandiize
a little spot,speck	Kabara
bone under the eye	Kabba
to be stiff, hard	Kabbabbara
disease of cattle	Kaboba
dark kind of salt	Kabonde
a round heavy thing	Kabumbulike
early morning about 5am	Kabunduguru
syphilitic eruption	Kaberebenje
hann, danger	Kabi
hot spring,hot bath	Kabiga
small green caterpillar	Kabiibi
to scourge, beat bard	Kabura
small dog, puppy	Kabwa
early morning (=akabunduguru )	Kabwibwi
short space of time	Kacu
small spear, pen	Kacumu
secondary syphilis	Kacuucuuka
bog, marsh	Kadebede
slender person	Kadengede(nge)
pail,can, tinned container	Kadobo
to sniff scent, smell	Kaga
piebald,heifer or she-goat	Kagabu
spokesperson, Master/Mistress of ceremony	Kagambigambi
cynism, scornfulness	Kagayangaine
small basket	Kagega
small valley, dell	Kagera
small colobus monkey	Kageye
threads of screw, etc	Kagigira
important, key	Kagasa
to perceive by smelling	Kagiriza
a white bean	Kagita
calf with white sport	Kagondo
plant with edible berries	Kagujaguja
yellow bead	Kagusuuru
cocoon of silk worm	Kagutaguta
to ask a question	Kaguza
skull;small valley, dell,ravine	Kahanga
gather up one's skirts	Kabeeka
fine impalpable dust	Kahehe
skin rash	Kahere
roho ya kulinda ng'ombe	Kagoro
slight mist	Kaho
green peas	Kaho
a painful remark	Kahondo
urinary rheatus	Kahondoorro
badly grown, stunted child	Kahumbe
little herdsman	Kahuma
tail of a snake	Kahuuho
small sparrow-hawk	Kahuumizi
mottled calf	Kahuura
grudge, grievance	Kahyemi
small knife, lancet, penknife	Kabyo
small dove or pigeon	Kaiba
beat of the body	Kaicuube
inner room	Kaifo
species of inedible termite	Kaigaramatu
to ripen (beans,peas)	Kaigura
favourite wife	Karhabuleju
edible grasshoppers	Kaikarakabiire
end of breastbone,stem cartilage	Kaimeeme
small hole	Kaina
chwezi goddess of harvest	Kaikara
type of edible grasshopper	Kaikarakahire
storeyed house	Kainaabiri
shallow hole in ground	Kainengere
tum a somersault	Kairimira
twilight, dusk gloaming	Kairirizi
asparagus fem	Kaisabaisaba
edible mushroom	Akatuzi
little peasant	Kairu
to strike,heat severely	Kaita
a fluffy grass	Kaitandara
a thorny creeper	Kaitango
sacred spear	Kaitantaahi
giddiness, dizziness	Kaizengeerro
giddiness, dizziness	Kaizigoolezo
excitement, commotion	Kajagaarro
love of visiting, roaming	Kajaiko
small cat, kitten	Kajangu
restlessness, bad behaviour	Kajanja
a small cent	Kajegejege
hut, small house	Kaju
grain,pill, tabloid	Kajuma
to force	Kaka
a million	Kakaikuru
skin disease like scabies	Kakamba
restlessness, sharpness, excitement	Kakangazo
force in	Kakatika
little king/ruler	Kakama
an clement, dissatisfaction	Kakekere
side of a hill	Kakiizi
consumption, tuberculosis, phthisis	Kakonko
small calabash cup	Kakooba
a red bead	Kakuba
ten thousand	Kakumi
to force open	Kakura
prominent cheek bone	Kakurababi
pulsation, throb	Kakurasira
angle, comer	Kakuuma
seed of the plant	Kakuurra
a thorny creeper	Kakwatango
hearty laughter	Kakwazo
pencil, pea	Kajaamu
small bowl for vegetables	Kaleba
colossal, huge	Kaleeba
tiny packet	Kajegete
thin leg	Kalenge
a well-known thief	Kalibusuma
type of onion (garlic)	Kalicumu
little bead	Kakwanzi
lemon grass	Kalifuuha
fierce fight, fierce competition	Kaliitango
little tongue, nib,curse, abuse	Kalimi
eucalyptus tree	Kalituusi
to milk	Kama
sign, notice	Kamanyiso
disturbance, upset, confusion	Kambayaaya
brook, rivulet	Kambu
to cut sharply, rip,slice	Kambura
noise, up-roar, commotion	Kamburumburu
rabbit, hare	Kame
one who is acomplished	Kamara
blemish, spot; vice	Kamogo
Whydah finch (bird species)	Kamutegengere
to squeeze out, wring	Kamuura
stinging nettle	Kamyakengeye
small pot, washing bowl	Kanaabiro
giddleness, fall (from illness)	Kanago
pepper, chillies	Kamurali
Royal drum	Kananura
tongue- tie (infants)	Kanata
dark blue cotton cloth	Kaneke
cheek bone	Kanenero
to prick up ears	Kangaraza
to die very suddenly	Kanguka
difficulty in breathing, choking	Kanigo
a little bull;grudge, grievance	Kanimi
church, chapel	Kanisa
to form, set (plantains)	Kankabura
to compel, force	Kankanika
to scare, frighten	Kankaniza
species of termites	Kankoohoobo
to kill suddenly,kill off	Kanura
Little sister	Kanyaanya
variety of edible mushroom	Kanyaijungiro
heavy weight (slang!)	Kanyama
imaginary bogey	Kanyamanswale
variety of mushroom	Kanyambaara
small swelling, boil	Kanyambwa
plant with orange flowers	Kanyamufundo
tumult, uproar	Kanyamuryaine
whistle through closed hands	Kanyangaro
grass like couch grass	Kanyankokora
small white mushroom	Kanyansoro
side ways	Kanyarubaju
brownish- coloured sail	Kanyenya
crease, fold (in skin)	Kanyigitiro
small chicken	Kanyonge
little bird	Kanyonyi
this one	Kanu
jolly-good fellow	Kapaapa
hurry,flurry, restlessness, curiosity	Kapapiro
dry and harden	Karaakara
curse, misfortune	Karaako
to be thirsty (cattle)	Kwakwakwa
to hustle, flurry, fluster	Karabana
mustard (tree)	Karadaa
to die suddenly	Karaga
crumb, fragment	Karagalika
to kill instantly	Karagya
scarlet cloth	Katarra
chronic illness, etc	Karandabaro
perineum (male)	Karandira
strip ground	Karandirizo
to fry, roast	Karanga/kusika
to move things about	Karangatamza
eat after fasting	Karango
open space	Karanzi
a tiny brown bird	Kararansundr
playing cards	Karata
hereditary trait or weakness	Karonkoronko
symbol, sign	Karorwaho
comer, angle	Karugu
tiny biting fly, midge	Karumanfuzi
hereditary custom, tradition etc	Karuukaruukane
female kid or lamb	Karuusi
king's palace	Karuziika
the man	Kasaija
thrice, three times	Kasatu
insincerity, hypocrisy	Kasekokeera
whydah finch	Kasekya
one hundred thousand	Kasiiriira
respite, truce, peace	Kasinge
complete darkness, pitch darkness	Kasira
slope, declining, descending	Kasirimuko
cross-pole of roof	Kasorya
sharp point, shoot, sprout	Kasonga
small shell	Kasonko
time, season; bud	Kasumi
royal crown	Kasunsunkwanzi
armlet worn by bakonjo	Kataaga
,five times	Kataano
gourd ladle	Katabyo
shelf; lintel	Katara
small cooking pot	Kanaga
net, web, hammock	Kateeko
small calabash cup	Katema
descent slope	Katentebuko
deaf and dumb person	Kateta
a mottled bean	Katiinabaisiki
light brown grasshopper	Katikoomere
breast bone	Katondotondo
small bush	Katongo
reddish- coloured fowl	Katuku
a tall flowering grass	Katumburwa
passion fruit, (grenadilla)	Katunda
to break, snap; devour	Katunura
gland, nodule	Katuragunyu
a packet	Katwaro
odour of civet cat	Kawaisimbi
ground squirrel	Kawamutere
lanky person	Kawaruconco
see buwarutege	Kawarutege
pipe- stem euphorbia	Kayenje
to storm at angrily	Kayukira
lead singer of cmbandwa	Kazini
god(spirit) to protect cattle	Kulisa
to examine,scrutinize, criticize,investigate	Kebera
to cut quickly, snip	Kecura
peace talks	Keefubo
concea lment, hiding	Keehuguro
to diminish, lessen, reduce	Keehya
to sieve, sift, separate	Keekeeya
to cackle	Keekera
to be dissatisfied	Keekerreema
to be too late	Keerererwa
to be belated	Keerererwa
to be late	Keerererwa
to approach timidly	Kekemeerra
church, chapel	Keleziya/kaniisa
to escape, survive	Kutoroka
nine thousand	Kenda
separate liquid	Kenenura
grow very thin; drain	Kenkemuka
to groan	Kenyera
very dry	Kele
she has/brings luck	Kemigisa
biting fly	Kibaara
green colour	Kibabi
merchandise, packets for sale	Kibambo
flat wad of tobacco	Kibanda
plot,site, piece of land	Kibanja
calculation, mathematics	Kibaro
useless person	Mburamukoro
spirit shrine	Kibbaali
spirillum tick	Kibbo
dumb person	Kibbubbu
anything carried, parcel, litter	Kibeede
evil, sin, guilt	Kibi
offence, vexation	Kibihizo
bowl (native)	Kibindi
speckled hen	Kibebe
variety of potato	Kibingo
large reed, elephant grass	Kibingo
matches, sulphur	Kibiriiti
a black goat	Kibogo
white cow	Kibona
shooting star, meteor	Kibonwomu
smell, scent	Kiboya
tum time	Kibu
washing place, latrine	Kibuga
dull rainy day, gloom	Kibunda
hairy stinging caterpillar	Kibunguurra
buttocks, bottom	Kibunu
hairy caterpillar	Kibweguurra
pink balsam (impatiens)	Kibwiga
cow with greyish colour	Kibuubi
maize (Indian corn)	Kicooli
space of time	Kicu
half (liquids)	Kicumbwituka
a plant (leonotis nepetifolia)	Kicumucumu
glowing stick of fire	Kicumuro
an old cow	Kicura
twitching, throbbing	Kicuro
piece, part,portion	Kicweka
disease like plague	Kidanda
see ijugo	Kide
a party (for amusement)	Kididi
workmen's drum at 7:00a.m	Kidilddi
broad- bladed hoe	Kidimu
bed pan, baby cott	Kidoli
good measure, abundance	Kidoomooro
thing with no bottom	Kidubuka
wicker basket with lid	Kiduukuru
salt crust on ground	Kidwodwo
worthless person or thing	Kifamugimba
spirit to protect cattle	Kigare
a deaf person	Kifamatu
a dumb person	Kifamunwa
haze, fog	Kifu
stillborn child or animal	Kifu
large shiny lizard	Kifumbatanjoka
drill (tool)	Kifumuzo
cover, stopper, lid	Kifundikizo
young mushroom	Kifundukwa
colon, large intestines	Kifunjo
deserted spot	Kifuruka
brownish-red colour	Kigaaju
ricksaw, cart, wheel barrow	Kigali
song (relating a story)	Kigano/kiganikyo
the favourite wife	Kiganzi
sit at ease	Kigazrgazi
bateleur's eagle	Kigeera
footprint, foot	Kigere
molar tooth	Kigigo
fort, fenced enclosure	Kigo
see kididi	Kigoma
reed fence (plaited crosswise)	Kigombe
patch (on animal)	Kigondo
lodging place, camp, inn	Kigoonyo
smell of anything burning	Kigugu
very light-coloured millet (oburo)	Kigugu
idiot, stupid person	Kiguliguli
mixed vegetables, pottage	Kiguude
foolish, half-witted person	Kigwagwa
unforeseen events or items	Kigwererezi
fall, hurl down	Kigwo
herd alone	Kihaarra
pot scraper	Kihaarro
bad luck	Kihaata
brave leader	Kihagi
light, shallow thing	Kihahara
cooked food left over	Kihambaata
muzzle for calf	Kihamira
wide road	Kihandagazi
writing, inscription	Kihandiiko
valley, dell, ravine	Kihanga
created thing(by a person)	Kihange
creature (of God)	Kihangwa
uninhabitable place; (see omugwagwa)	Kiharabaga
twin bananas etc	Kihasaua
gift, offering, contribution	Kiheebwayo
basket for winnowing	Kihebemukya
toilet leaf,toilet paper	Kihebyo
inside of eyelid	Kihene
bed-bug, large maggot	Kihengere
uneasiness, unrest	Kihenule
two handfuls (bands open)	Kihi
cold dulI weather	Kihihi
prominent abdomen	Kihiima
a blind person	Kihimbaara
swelling of the thigh	Kihimbo
incomplete portion, half	Kihindi
of India	Kihindi
withered gourd	Kihobo
butterfly, moth	Kihoiborya
thin light gourd; invalid	Kihoihoro
kind of potato	Kihoko
mark, spot, stain	Kihondo
but for calves	Kihongole
deserted house; hollow	Kihongomera
offering to a deity	Kihongwa
secretion of the eyes	Kihoozi
scratch, graze	Kihoole
sore, ulcer	Kihooya
a hollow scooped-out thing	Kihorongole
large swelling	Kihu
deserted anthill	Kihumo
stupid, dull-witted person	Kihunaazi
orifice, aperture, hole, rent	Kihuru
rotten pulp of gourd	Kihurugutu
shaven patch, bald patch	Kihuuguru
purple colour	Kihuukya
place of rest	Kihuumuro
edible tuber	Kihuuna
any tomato	Kihuurru
bird 's nest	Kiju
pan holder	Kijugo
fever with rigours	Kijugumo
fruit, large berry, kernel	Kijuma
bash, shrub	Kijumba
abuse, reproach	Kijumo
bad smell	Kijunde
carpenter bee	Kijunjumiirra
big, strong person	Kikaaka
King's or Chief's enclosure	Kikaali
tendon; anger (slang)	Kikana
deserted plantation	Kikande
black cow, hen, etc	Kidkara
scale, bard skin	Kikarakaata
frog, toad	Kikere
partition, veil	Kikingyo
skin of human body	Kikoba
we've cooked beans,etc	Kikoma
spoon, stirrer	Kikombyo
large brass bracelet; copper	Kikomo
cup, chalice	Kikompe
snake of puff-adder genus	Kikondambogo
fibre of plantain stem	Kikonde
empty maize cob	Kikonko
Large lizard	Kikonko
bundle (of grain, etc.)	Kikoodo
bonfire, burning rubbish heap	Kikoomi
leaf of a plant	Kikoora
cough, sputum	Kikoorro
scratch, wound, bruise	Kikoosole
cup, mug	Kikopo
root of tree, source	Kikoro
act, deed, mystery	Kikorwa
title of honour	Kikugizo
swarm of locusts	Kikukuuru
hunting- hom	Kikule
odour of animals	Kikumbi
one hundred	Kikumi
a bald person	Kikungwire
stump of a limb	Kikunku
stump of a tree	Kikunya
track, trail, rut	Kikurunduzo
tarpaulin, canvas	Kikutiya
bundle, bunch	Kikwato
arrow;(see ekibombo)	Kimara
shivering fit, rigor	Kimazi
bruise; com	Kimbaju
plant, growing thing	Kimera
eat early (cattle)	Kimilko
broken cooking pot	Kimuga
reed, torch	Kimuli
to gambol (calves, kids)	Kina
basin, shower room	Kinaabiro
cooking pot	Kakinaga
liver (obune)	Kine
to close, shut,(door, window)	Kinga
dwarf, deformed person	Kingida
see omutaami	Kingoleka
to be open	Kingu
to open (door, window)	Kingura
eighty	Kinaana num
the disliked wife	Kinobi
empty eye socket	Kinoko
protuberance above navel	Kinosi
queen temite	Kintana
a thing, item	Kintu
this one	Kinu
despicable thing, abomination	Kinugwa
bad smell	Kinunko
cow's mouth	Kinwanwa
very large potatoes, etc	Kinyagukulima
screw-driver (see kinyororo)	Kinyakumyora
Egyptian goose	Kinyamunkaarra
large black stink- ant	Kinyamunkanga
queen termite (= kintana.)	Kinyamuntana
mode of dressing hair	Kinyamuruuta
thin copper-wire bracelet	Kinyeerre
accuser, complainant, plaintiff	Kinyegeerra
tickling sensation in nose	Kinyegezi
large black ant	Kinyomo
larva found in water	Kinyorozi
vein, artery, sinew	Kinywa
drinkable liquid	Kinywibwa
papyrus mat	Kipaali
accuser, complainant	Kinyegerra
careless person	Kipaku
placard, sign post, reading-sheet	Kipande
weighing instrument, measurement	Kipimo
cattle kraal	Kiraaro
shoes, sandles	Kaito
club, drinking-shop, pub	Ebara
flower, blossom	Kiragaano
covenant, agreement	Kirabyo
command, order, commandment	Kiragiro
glass, tumbler	Kirahuli
tuber of orurali	Kirali
stripe, row of hair	Kirambi
make to overlap	Kiraniza
arrow for bleeding cow	Kiraso
wooden spoon	Kirazi
taut string, sinew, etc	Kireego
secret accusation	Kirego
a very large basket	Kireguurro
deformed or lame person	Kirema
head- cloth	Kiremba
lullaby, nursery rhyme	Kirembeerro
patch of cloth, rag	Kiremu
about 5 p.m	Kirengabazaana
measure (of size)	Kirengo
to tickle (throat)	Kirigita
greedy person, glutton	Kiriiranda
very greedy person	Kiriiririzi
what is it	Kiriki
night, day	Kiro
bad witch doctor	Kirogorogo
return a present	Kirongooro
nick name	Kirukiirro
thigh, leg (of meat)	Kirumbu
bug (generic term)	Kirumi
condiment, seasoning	Kirungo
sheath for spear	Kirweyo
road bank	Kisa
labour pain	Kisa
, grey	Kisaakusaaku
herbal purgative	Kisabiko
pillow, cushion	Kisago
thicket, bush,jungle	Kisaka
spur of cock	Kisambizo
thing with no flavour	Kisanku
an old potato, stale	Kisarale
numbness, cramp	Kisarazi
cells of honeycomb, wax	Kisasara
poor soil	Kisazi
beetle larva, grub	Kisebe
skin causing itch	Kisegwe
comb and arrange hair	Kisekura
present, gift	Kisembo
filter, strainer	Kisengiijo
path of papyrus	Kisensa
ragged edge, rag	Kisense
opaque white bead	Kisenyi
plant like stone-crop	Kisezere
wall, room, partition	Kisuka
log of wood, block	Kisiki
holes left by jiggers	Kisikirr
a turf, sod	Kisindikwa
, black	Kisirikuuku
pith of papyrus	Kisisa
likeness, picture, statue, idol	Kisisani
gourd, calabash	Kisisi
watch of the niglll	Kisisiimuka
prow of a canoe	Kiso
young custard tree	Kisoga
fish net	Kisoha
young bean leaf	Kisokooro
young dog, puppy	Kisole
night-jar (bird)	Kisomabwire
see ekihungu	Kisomamabuli
very large basket	Kisombera
black, dirty person/thing	Kisirukuuku
a yellow bean	Kisombwa
canine tooth	Kisongezo
fowl dropping	Kisoodo
thorn of palm tree	Kisooba
cleared land	Kisoorre
tall gourd	Kisorongo
round native hut	Kiso
birds nest	Kisuli
bud of flower	Kisumika
key, opener	Kisumuruzo
pumpkin, gourd vine	Kisunsa
wildcat; bed bug	Kisuzi
unripe fruit esp. maize	Kitaigi
wicker fish-trap	Kitamba
handkerchief, duster, tow	Kitambaara
strong drink, intoxicant	Kitamiiza
large bundle	Kitanda
telescope, microscope	Kitangaaza
large double edged sword,bayonet	Kitara
Kingdom of Bunyoro	Kitara
taunt, reproach, sarcasm	Kiteburo
thought, idea, fancy, opinion	Kiteekerezo
Large ape, gorilla	Kiteera
little toddler	Kiteeranjogera
see eteete	Kiteete
bat, racquet, etc	Kiteezo
shallow hole; arm bracelet	Kitega
large field rat	Kitemamusanje
a speckled hen	Kitembe
wild plantain tree	Kitembe
clearing, open space	Kiteme
rough piece of barkcloth	Kitentegcre
a bird	Kinyonyi
long curly hair	Kitereza
soft and curled hair	Kiterezi
dumb person	Kiteta
dress, frock	Kiteteei
small piece of meat	Kitiime
hair comb	Kitikiisoke
snail, slug (= kitamulinda)	Kitindinda
patched garment	Kitinti
half (of liquids)	Kititi
young, cockerel	Kitobera
piece/ball of native soap	Kitole
recitation, poem	Kitoogeerro
deserted,overgrown place, ruin	Kitoogo
large mushroom	Kitonsa
mark, spot, stain	Kitoonyezi
premature birth (animals)	Kitoroogo
shivering, trembling	Kitukumo
a red hen	Kitukura
leaven, baking powder	Kitumbisa
sluggish person or creature	Kitundubazi
shallow pool, puddle	Kitunga
an unripe thing	Kitunguhya
heat, perspiration	Kitunguutano
property (cattle)	Kitungwa
hillock, high ground	Kituntu
blind eye	Kituru/kihimbara
anything carried, large bundle	Kitwaro
carrying litter	Kitwarre
harmless water snake	Kityeraju
abundance, superfluity	Kityokoro
aperture, bole (= ekinyadeere)	Kiwadeeri
pond, pool	Kiyanja
abundance, superfluity, excess	Kiyooro
playground, playing field, stadium	Kizaaniro
tuming- sickness (of cattle)	Kizengeerra
areola, scar	Kizigira
darkness (indoors)	Kizima
swelling, tumour, boil	Kizimba
placenta (of animal)	Kizimu
destructive thing	Kizinda
cripple, stunted person	Kizingo
to become bard, emaciated	Kobbabbara
to chip, break off	Kobora
to trap	Kodogadoga
to cough	Kobora/kukora
blink, wink	Kobya
get thin, emaciated	Koiga
to be greedy, gluttonous	Koija
to peel badly	Koijogora
to wink at	Koimiza
to wink, twinkle	Koimya
hoop, limp	Kokoizira
to remove a scab	Kokoora
to cluck	Kokoroma
to pick up, find	Koma
to lick up	Komba
, chosen	Kome
to charge, enjoin	Komeetereza
to bite	Kuruma
to curse	Kondereza/kucyena
to become emaciated	Kondoma
to squat	Kondoma
to become dirty	Konga
to shrug (the shoulders)	Kooga
to hobble along	Kongoizira
peel badly	Konjogora
to descend a hill	Konkomoka
to take downhill	Konkomora
to rap, knock, prod	Konkona
bullock, ox;(see also konwa)	Kono
to beat barkcloth	Konyoga
peer influence	Koohyangaine
to crow	Kukura
contract ekookoro	Kookora
syphilitic septicaemia with abscesses	Kookoro
sign, copy, pattern, example	Kookuroorraaho
fire for cattle	Koome
to cough	Koorra
to curse, utter curses	Koorrooma
to pinch hard	Koosora
to stoop from infinnity	Kootakoota
coat; Court oflaw	Kooti
all of it	Koona
int., welcome!	Koowe
feather (small)	Kooya
to make, do, work	Kora
to touch	Koraho
to tickle (throat)	Korokoota
to make to cough	Koroza
to use, employ	Kozesa
Christmas, or Noel (Noweli)	Krisimaasi
to fold up,wrap,bind	Kuba
examine, cross-examine	Kubira
to fold together (clothes)	Kubirana
to drink a draught	Kubisa
be with/possess	Kugira
to burn	Kubaba
to crucify	Kubamba
to worship spirits	Kubandwa
to begin	Kubanza
to estimate	Kubalirra
agree on a share	Kubarraana
to baptize	Kubatiza
to talk	Kubaza
to multiply see	Kubazaamu
to sew	Kubaziira
to spread materials carefully	Kubemba
to expel, send away	Kubinga
to tie or bind	Kuboha
to see/look at	Kubona
to be seen	Kubonwa
soothe someone to sleep	Kubyamisiriza
to dance	Kucekeca
pay a visit, travel	Kubunga
get visitors	Kubungisa
unfold, unroll	Kubuurra
Jock padlock	Kufuro
to grow stout	Kujajara
to pile up, hoard	Kuka
conceal, bide	Kukumika
to destabilize/confuse see	Kuburanganiza
to stir	Kuburuga
to confuse	Kubuzabaza
to sleep on	Kubyamira
to plant	Kubyara
boiling (especially of liquids)	Kucamuka
prolonged suffering	Kucanda
have diarrhoea	Kucugura
to cook	Kucumba
to limp	Kucumbagira
make fire	Kucumikira
block water (dam)	Kucungira
to be narrow, small	Kufunda
to lock or screw	Kufunga
become cool or dilute	Kufunguka
to drive animals	Kufunya
fold (sleeves, trousers)	Kufunza
to have excessive pride	Kufura
to be diluted	Kufurunguka
cold food going bad	Kugaga
to become very rich	Kugaigahara
to be stiff	Kugangama
to forgive/pardon	Kuganyira
to reply or answer	Kugarukamu
to reconcile	Kugarukanganamu
to repeat an action	Kugarukira
to be useful	Kugasa
to be useful to	Kugasira
to immunise	Kuhambiriza
to intend, do purposely	Kugenderra
to flow	Kugera
to harvest	Kugesa
to back bite	Kugeya
to get profit	Kugoba
to betray, deceive	Kugobeza
to snore	Kugona
mating of birds	Kugosa
to surround, besiege	Kugota
to continue	Kugumizaamu
to open wide	Kugunura
to doubt	Kugurukyagurukya
have stunted growth	Kugururuma
to sell	Kuguza
to be foolish	Kugwagwahara
to be settled	Kugwagwana
to be asleep	Kugwijagira
to give out	Kuhanika
to quench one's thirst	Kuhaaguka
to call	Kweeta
to peel	Kuhaata
to lose one's way	Kuhaba
to keep under fear	Kuhaihalikya
to write	Kuhandiika
to live long	Kuhangaara
to hang up	Kuhanika
discuss, agree, decide	Kuhanuura
to scratch	Kuhara
to scrape off	Kuharagata
to be worried	Kuharara
to stammer	Kuhebebera
to play about	Kuheenengwa
to winnow	Kuhehemukya
cause to break	Kuhenda
to be the last	Kuhereeruka
to search into	Kuhiga
to support	Kuhigika
make room for	Kuhigiza
to hunt	Kuhiiga
to persecute	Kuhiiganiza
make ready	Kuhiikisa
to fulfil	Kuhikiiriza
to lift up/to carry	Kuhimba
to be blind	Kuhimbaaara
to keep changing	Kuhindukahinduka
to change, to turn	Kuhinduka
to exchange	Kuhinga
to pile up	Kuhingika
to wither/fade	Kuhoha
to smear, to plaster	Kuhoma
to sacrifice/to beign withering	Kuhonga
drop off	Kuhongaka
wear off, peel off	Kuhonoka
to wither/fade	Kuhotoka
twist, stir	Kuhotora
not hearing properly(misquote)	Kuhulirikana
to listen to	Kuhuliriza
to resurrect, regain life	Kuhumbuuka
be surprised, dumb- founded	Kuhuna
collect from the air	Kuhunga
be drowsy, dose	Kuhungira
to swing	Kuhuuba
to knock down	Kuhuumira
to thresh beans	Kuhuura
to whisper	Kuhwehweterra
that which is visible	Kuhwezuka
to become very aged/senile	Kuhwita
to tell lies	Kuhyanja
to spread	Kujaakaara
be torn to shreds	Kujenjegura
say everything about someone	Kucencebuka
to tease	Kujerega
to hold responsible, blame	Kujunaana
to rot	Kujunda
to run mad	Kujuuka
to lie up-side down	Kujuumara
to mix	Kujwangana
to dress up	Kujwara
to be persistently stubborn	Kujwigwa
to smell	Kukaga
to become very dry	Kukakaara
to squeeze out	Kukamuura
to tie very tightly	Kukana
to knead	Kukanda
to startle, frighten	Kukanga
to repair	Kukanika
to die suddenly	Kukanuka
to increase	Kukanya
to roast	Kukaranga
to examine, to stud	Kukebera
to be late	Kukeerererwa
to drain	Kukenenura
to understand	Kukenga
to talk sarcastically	Kukiina
to lick	Kukomba
to testify strongly	Kukomeetereza
to gather	Kukomerra
to be under cooked/under-done	Kukona
take without permission	Kukookooba
to get cancer	Kukookora
to copy out	Kukoporra
to work	Kukora
to cough (ii) work	Kukorra
to entertain a visitor	Kukuna
to howl, to scream	Kukunga
to quarrel	Kukungana
to bring bad luck	Kukungura
to pull, to drag	Kukurra
to be deceitful	Kukurungutana
to crawl	Kukuta
to rub, massage	Kukuuba
to scrub	Kukuuta
to pinch by twisting	Kukyotora
to castrate	Kuraawa
to become a prostitute	Kuraaya
to be loose	Kulebaleba
report, acuse	Kulega/kunyegera
stop, leave alone, abandon	Kuleka
to try	Kulengaho
to compare	Kulengesaniza
there, over there	Kuli
Jag behind	Kuliltira
to dig	Kulima
to peep	Kulinguza
one after another	Kumukumu
to spread powdery substances	Kumama
unsettled/without shame/behaving indecently	Kumangalikwa
to know, to realize	Kumanya
to recognize	Kumanyirra
to press, to squeeze	Kumiga
to sprinkle	Kumiisa
to swallow	Kumira
to rust	Kurnorna
shine, glitter, sparkle	Kumuliikana
to shave	Kumwa
to smile	Kumwegerrakumwa
to deputize	Kumyokera
to wash	Kunaaba
to be careless with	Kunagaija
to quarrel	Kungana
to howl	Kunguza
to absolutely refuse	Kunkuniza
to dress very elegantly	Kuneka
dancing joyfully	Kuneguka
to choke, strangle	Kuniga
to hope for	Kunihira
to hate, dislike	Kunoba
to suckle (for puppies)	Kunuguna
to smell badly	Kununka
to be nice, tasty	Kunura
to urinate	Kunyaara
to fart	Kunyampa
to grow fat/big	Kunyeeta
to drink	Kunywa
to kiss	Kunywegera
to pack, to load	Kupakira
to defecate	Kupama
hire, pay a fare	Kupangisa
to pump	Kupika
to measure, weigh	Kupima
to be elastic	Kuraanyuuka
to give out gifts	Kurabuka
drop down	Kuragara
to consult a witch-doctor	Kuraguza
promise, swear	Kurahira
to be tall, long	Kuraiha
to inspect	Kurambura
to worship, adore	Kuramya
to creep, smoothen timber	Kuranda
to announce	Kuranga
to spread	Kurangaana
to proclaim, declare	Kurangirra
to get some cracks	Kurara
to scatter, get scattered	Kuraranga
to bewitch	Kuroga
to keep quarrelling, grumbling	Kuronda
to taste	Kuroza
to cry	Kurra
old, important, adult	Kuru
to hurry, hasten	Kurubiriza
to drag a Jong	Kurubura
to intrude	Kurugusa
to trample down	Kurugutiirra
to grow tired	Kugwaha
to bite	Kururma
welll, fine	Kurungi
to deceive, worry	Kurungutaniza
to hurry, hasten	Kuruubiriza
to fight, struggle	Kurwana
to grind	Kusa
to thatch, roof	Kusakaara
bleeding an animal	Kusama
sisal sack	Kutiya
to commit sodomy	Kuubya
to climb(hill)	Kutemba
to drag oneself along	Kuurruuka
climb (tree) hugging trunk	Kuusa
to cut off	Kusaraho
to become poor	Kuseega
to use vulgar language	Kuseegura
to collect firewood	Kuseenya
to overcharge	Kuseera
to float	Kuseereera
to irrigate, to wet	Kuseesirra
to get Holy communion	Kusembera
to banish from family/clan	Kusenda
accompany, escort	Kusendekereza
a dog being pregnant	Kusengya
to serve, to harvest	Kusenya
act of night dancing	Kusera
to hide	Kusereka
to feel nausea	Kusesemwa
to tie, lock up	Kusiba
to fry	Kusiika
to resist work	Kusiikooma
to appreciate, to thank	Kusiima
to pull	Kusika
groan in pain	Kusinda
to be uprooted	Kusinduka
to uproot	Kusindura
to conquer	Kusingura
to resemble	Kusisana
to wake someone up	Kusisiimura
to squat	Kusitama
to be wrong	Kusoba
to be baffled, confused	Kusoberwa
develop, redevelop	Kusoga
to fish	Kusoha
to read,attend church/school	Kusoma
to extract/harvest	Kusongora
to collect, gather together	Kusorooza
to whistle	Kusuliza
to compensate	Kusumbuusa
to trade	Kusuubura
to bring shame	Kuswaza
to tear	Kutaagura
go into (a hole)	Kutaahira
going to war	Kutabaara
to stumble, to stagger	Kutabaijuka
to release	Kutaisura
to vomit	Kutanaka
to meet	Kutangaana
score, aim well, guess	Kuteeba
to settle	Kuteekaana
to discuss	Kuteesa
to be beaten	Kuteerwa
to set a trap	Kutega
unite, reconcile, add up(math)	Kuteraniza
to climb	Kutemba
initiate, train	Kutendeka
to shake, to wobble	Kutengeeta
to tickle	Kutigita
to fear, to respect	Kutiina
to decorate	Kutimba
to guess	Kutorna
to send	Kutuma
to swell	Kutumba
to become unthreaded	Kutunguruka
to sweat	Kutunguutana
to be worried	Kutuntura
to protrude	Kutunuka
to go out	Kuturka
to be greedy	Kutuuba
perspire, sweat	Kutuutuka
take, carry, rule, administer	Kutwara
to drive, steer	Kuvuga
to confuse, to disorganize	Kuvuruga
stir up, muddle	Kuvuyanga
to scoop	Kuyoora
to join	Kuyunga
to swing	Kuyuuya
to play, to joke	Kuzaana
to polish with	Kuziguza
to swim	Kuziha
to exhume	Kuziikura
to be dirty	Kuzika
to swell	Kuzimba
to sing, to dance	Kuzina
to roll up	Kuzinga
to wind round, entangle	Kuzingiza
forbid, be forbidden	Kuziza
to discover, to invent	Kuseruruliza
invent, find, discover	Kuzoora
be cracked	Kwaba
to clasp, to support	Kwatilrra
to laugh heartily	Kwekwenuka
to run uphill	Kwenyuka
to melt	Kwaga
to lay eggs	Kwalika
to shout, yell	Kwamuza
bear fruit/yield crops	Kwana
to leave a husband	Kwangana
to groan	Kwanirra
to spread out, unfold	Kwanjurra
accept, receive, answer	Kwanunkura
remove from	Kwanura
to mulch banana plantation	Kwarra
to confess, pronounce	Kwatura
to hatch	Kwaturra
to be forgotten	Kweba
to thank	Kusima
to belch	Kwebiijagura
to forget	Kwebwa
to be steep	Kweculika
have a nap	Kweculikaho
to be clean	Kwecuma
to smoke	Kwecumiikirra
to think deeply, analyze	Kwecumiitiriza
to escape, separate oneself	Kwecwaho
to change one's mind	Kwegarukamu
to take care	Kwegendereza
to teach	Kwegesa
to wash down food	Kwegonoza
to have good time	Kwegonza
to take courage	Kwegumya
to deny knowledge	Kwehakana
consult, inquire	Kwehanuuza
to enlist, dedicate oneself	Kwehonga
to save oneself	Kwejuna
to be taken unawarenes	Kwekanga
shake itself	Kwekunkumura
to crawl along	Kwekurra
to make petty excuses	Kwekwasa
to be selfish	Kwekwata
to rebel	Kwema
to stand surety	Kwemera
to be proud, conceited	Kwemanyaho
to stand	Kwemerra
to squeeze oneself in	Kwemigiza
to shed light	Kwemulika
to be slrewn about	Kwenaganaga
to bully	Kwendereza
drift along, loiter	Kwenjeera
being hesitant or selective	Kwenyanyaiha
squeeze oneself through	Kwenyigiriza
to be white	Kwera
showing off	Kwerabyamu
balance on one's head	Kwerengekerra
to open one's mouth	Kwesama
to sneeze	Kweseemura
to be selfish	Kwesemeza
to trust	Kwesiga
to be proud of	Kwesiimisa
to fart	Kwesohoka
to assemble	Kwesorooza
to call	Kweta
to have self control	Kwetanga
stand offish, avoid	Kwetantara
change behaviour, repent	Kweteera
to balance oneself	Kwetengeneka
to understand	Kwetegereza
to wriggle	Kwetiriginya
to complain angrily	Kwetomboita
to work hard	Kwetulega
moon, a month	Kwezi
to yawn	Kweyamura
to swing	Kweyuuya
to wriggle	Kweziringura
to steal	Kwiba
to block	Kwigara
to press, massage	Kwigata
to serve food	Kwihura
to recall, remember	Kwijuka
to incite	Kwimukiriza
to bend, bow down	Kwimama
to become destitute	Kwinara
to pull down	Kwinika
to come near	Kwirra
it, itself, in itself	Kwo
truly, really	Kwokwo
to commit	Kweyiita
to be hot	Kwokya
to show, demonstrate	Kwoleka
to get dry	Kwoma
to build	Kwombeka
to make dry	Kwomya
to sackle, feed	Kwonka
only, merely	Kwonka
see kwomoka	Kwotoka
cart, rickshow	Kyaburamuti
placenta, afterbirth	Kyadaadi
pouch, crop (birds)	Kyadundu
placenta, afterbirth	Kyabanyuma
to be very soft	Kworoberra
to bring up	Kworoora
thirst, craving for drink	Kyaka
prolapse of rectum	Kyakoohaa
flower, blossom	Kyakyo
wonder, marvel, miracle	Kyamahaoo
dog's collar	Kyambara
dry season, drought, summer	Kyanda
cleft wood, board; cartridge	Kyasi
a broken thing	Kyatika
after a long time	Kyaira
small make shift hut	Kyamutwaranindora
a kind of potato	Kyanika
sign post/ type	Kyapa
a finger, toe	Kyara
village, estate, the country	Kyaro
grass spread for cattle	Kyarre
of a porter	Kyarubumbi
south west wind	Kyaruhembo
a bald person	Kyegemba
a white hen	Kyeru
bandage for covering anklets	Kyesembyo
watering place (for cattle)	Kyesero
cause of stumbling, offence	Kyesiitazo
self-confidence, self-assurance	Kyesindiko
loofah, sponge	Kyesingiso
self -will	Kyesingo
made-up garment for wearing	Kyesomeko
covering, blanket, sheet	Kyesweko
answer, echo	Kyetebuko
daring, ventu.resome person	Kyetunda
independent person	Kyetwara
level plain	Kyeya
comer, tum, bend, curve	Kyezigooro
thing of unusual shape	Kyeginga
very heavy rain	Kyehuuro
creeping thing	Kyekuurra
to laugh heartily	Kyekyemuka
sign, symbol	Kyemanyiikirizo
selfsown plant, etc	Kyemeza
to curse, abuse	Kyeoa
sweet banana; yellow colour	Kyenju
a bird	Kyenserikora
to withdraw a curse	Kyenuurra
Albino	Kyera/ enyamagoya
thorn of omweramai	Kyeramaino
to break	Kucwa
clearness,brightness, a clear space	Kyererezi
an intruder	Kyetaahya
prostitute	Kyetunda/ malaya
independent person, carefree	Kyetwara
it, itself, in itself	Kyo
cultural, customary thing, natural	Kyobuhangwa
spear head	Kyogi
disobedient, insolent person;bully	Kyokoora
an example	Kyokuroorraabo
covering, blanket,sheet, beddings	Kyokwesweka
building material	Kyokwombekesa
Iron,anything made of iron	Kyoma
building, structure	Kyombeko
sailing ship, dhow	Kyakyombosa
forbidden thing, taboo, totem	Kyomuziro
all of it	Kyona
but, and yet, although	Kyonka
hair bracelet	Kyose
missing a day	Kyosi
to pinch hard	Kyotora
black cow	Kyozi
today, this time	Leero
chwezi god of healing	Rubanga
it, itself, in itself	Kyoka
to get moulted	Maanyuka
see ekisisani kye 'ensi	Maapu
maternal uncle, mother's brother	Maarumi
kind of inedible grass-hopper	Maasa
my mother;see nyinanyowe	Maau
my mother; see foreg	Maawe
my mother-in-law	Maazaara
for stones	Mabaale
corrugated iron sheets	Mabbaate
bowed head and shoulders	Mabbango
; breast,tits	Mabeere
shoulders, back	Mabega
fresh air	Mabeho
reeds, elephant grass	Mabingo
like a dog	Mabwa
savouries, delicacies	Macarya
asthma; bronchitis	Macu
churned milk, butter milk	Macunda
wisdom, cunning, craft	Macwacwa
saliva, spittle	Macwanta
stairs, ladder, steps	Madaara
kind of potato (red)	Maduguru
see amadudu foreg	Madwidwi
dung, feaces, stools, excrement	Mafakubi
kind of potato	Magabali
ete z'am., yolked oxen	Magadi
trouble,tonnent, grief	Magado
urine of cattle	Maganga
grief, sadness, sorrow, remorse	Mnganyi
over fiowings (of grain)	Magaro
pincers, pliers	Magaro
return journey	Magaruka
a lot	Magana
see enyawaawa	Mageege
going, out ward journey	Magenda
reaping, harvest	Magesa
; oil, butter,grease	Magita
profits, usury	Magoba
large granaries	Maguli
digging (of potatoes)	Mabaiga
wonders, marvels	Mahano
syphilitic bone pains	Mahenange
ripening (of beans etc.)	Mahiiso
name given to hyena	Mahinda
whiz, purr	Mabiriita
north-west wind	Mahunge
small royal drums	Mahuurru
;excitement, agitation, admiration, etc	Maibaibani
coming back, returning	Maija
joke with elder relations	Maijukuru
mile, estate, allotment	Mairo
eyes, face	Maiso
,speak unkindly of	Maitakisimba
frayed, jagged edges	Majabali
hair (of lions, etc.)	Majagaate
adomrnent, fancy looking	Majahiisirizo
decoration, adornment, exaggeration	Majabya
beetle with scarlet stripes	Majaliga
tie loosely	Majanjeka
red stitching, embroidery	Majooba
weep without shedding tears	Makale
curdled milk, junket	Makamo
behave like a woman	Makazi
a temporary thing	Makilsankya
syphilitic bone pains	Makonezi
kind of thom bush	Makongoora
round shoulders	Makooti
; round shoulders	Makuuma
rudeness; untruthfulness	Makuumuule
mechanic (Eng)	Makanika
twenty	Makumi abiri
thirty	Makumi asatu
fifty	Makumi ataano
fourty	Makumi ana
rain drops off thatch	Malegyo
calico, heavy cotton cloth	Malekaane
over doing, exaggeration	Maligisa
harlot, prostitutes	Maliioi
very, a lot	Maili
cunning, craft, skillfulness	Maryo
to sprinkle	Mama
dawn, dayspring	Mamba
mud fish	Mamba
;cross (see kambumeeri.)	Mambu
to sprinkle on	Mamiirra
thank you	Webale
truly, in reality	Mananukwo
bot charcoal, coals	Manda
mud guard	Mandigaadi
whine, moan, be discontented	Mangengere
see nkwahwa	Mankwahwa
tunnels made by termites	Manogo
; damp cold	Manyazi
to recognize, to notice	Manyiirra
brave person, hero	Manzi
guava tree	Mapeera
barrels, casks	Mapipa
why!	Mara ki
;to finish, end	Mara
cross - eyes, squint	Marale
foot of bed	Marambi
chann, spells	Marogo
battle field	Marwaniro
cow dung	Busa
emptiness, nothing	Masa
Mahommedan rosary	Masabbaaho
to shine, glitter	Masamasa
see; mpinga	Masamba
latex of rubber tree	Masaoda
; ivory, tusk	Masanga
leafy twigs, foliage	Masanju
magic, conjuring tricks	Masano
; sparks	Masasaazi
; poverty, destitution	Maseege
garden prepared for planting	Masinde
descent, slope, descend	Masirimuko
; pelvic bones	Masonge
hip joint	Masongyo
; loneliness, solitude	Masu
maternal uncle, mother's brother	Marumi
fresh milk	Masununu
east coast fever (=amakebe)	Masuya
birds of prey	Maswale
branches of a tree	Mataagi
palm Sunday	Mataagi
cow's vagina, Vulva	Matako
runner, postman	Matatisi
to be restless, fidgety	Matamatuka
harness, saddle	Matandiiko
; patches (on cattle)	Matanga
on all fours	Mate
wild cardamom	Matehe
inbreeding or self pollination	Matembane
a fish like engege	Matole
medlar/Vangueria infausta fruits	Matugunda
to scold, forcibly, abuse	Maturadra
mohammedan rosary	Masabaho
runner, postman, office messenger	Matalisi
she has big cheeks	Matama
a dotted cow	Mayenje
winding road	Mayugi
it is true	Mazima
truly, certainly, just so	Mazimakwo
game played with engusuuru	Mbaale
a red cow	Mbaale
duck, goose	Mbaate
difference, change	Mbaganiza
axe, adze	Ndemu
miser, stingy person	Mbalilri
; smart, clever person	Mbambagya
chest (of animal)	Mbanda
; small sloth	Mbarangi
secondary syphilis	Mbaruka
spring of trap	Mbasuko
dry papyrus stalks	Mbaya
speech, talking, pronunciation	Mbaza
sewing,method of sewing	Mbaziira
half, piece	Mbege
; fish with snout	Mbegede
dned head of maize	Mberenge
seeds for planting	Mbibo
hidden anger	Mbilbi
chief of herd	Mbilkire
bananas for making beer	Mbilra
herb like omubwiga; vegetables	Mboga
small packet, (of salt)	Mbobera
friendless, lonely person	Mboijana
; lonely person, vagrant	Mbomboza
new moon	Mboneko
pupil of the eye	Mbooi
; dust rubbish; =runyota	Mboota
; bully, tyrant	Mboyi
; shapeless, plump thing	Mbumbuli
a dull day	Mbunda
slow, inactive person	Mbundira
gun = emundu	Mbundu
dark-grey cow	Mbuubi
; poor, homeless person	Mburabugyo
see =mburabule	Mburabura
she goat =mbude	Mburabuzi
variety of plantain	Mbwairuma
a bitch	Mbwakati
reclining chair	Mbyamwamu
mode of planting	Mbyara
newly dug grave	Ekituro
to run, discharge (eyes)	Meda
steamer or ship	Meeri
to burn brightly, blaze	Mekuka
delicately =megemege	Memememe
shape, appearance	Mera
to live long	Mercera
half raw potatoes, etc	Mibwebwe
dirt in the nails	Micungiro
judgements way of spitting	Micwere
leisure, idleness	Migaramo
style of walking	Migendere
; iron sheet rib	Migongo
breathing, respiration	Miikize
lips, unmashed cooked plantains	Minwa
prey, plunder, booty	Minyago
; foot of bed	Mirambi
moustache;bleeding from the nose	Mireju
cheer, applaud	Mirera
lips (used by peasants)	Mirere
trampling of many feet	Mirindi
to bolt down, gulp	Miringisa
calf muscle	Mirundi
business, worries	Mitalibaioe
see foreg	Mitalibano
pair of woodell clogs	Mitarabanda
between the shoulder-blades	Mitumaanyuma
to spin a top	Moga
to be chipped	Mogoka
to chip	Mogora
; to bark,growl	Moka
feathers,hair, fur	Mooya
poor soil, hard'earth	Mpaama
reciprocal gift	Mpaano
Uganda kob = mpara	Mpaaraki
at least	Mpaho
male dog	Mpairimi
argument, strife, dispute	Mpaka
knickers, trousers, shorts, drawers	Mpale
one who uses force	Mpambiri
seeds of gourds	Mpambo
mourn, lament	Mpamo
mud, dirt, darkness, blackness	Miyonga
writing, script	Mpandiika
letter, missive, inscription	Mpandiiko
King's large drum	Mpango
Uganda Kob	Egabi
quarrelsome person	Mparangani
enmity, jealousy competition, rivalry	Mparano
fork (of tree)	Mpatanizo
wage, pay, reward	Mpeera
firm breasts (not pendant)	Mpenabere
bed-bug; see also ebisud	Mpere
maids (in marriage)	Mperekezi
end, limit, boundary	Mpero
enemity, persecution	Mpiigani
lucky person	Mpiirwa
a blind cow,etc	Mpimbaale
change, alteration	Mpindura
absence of prepuce	Mpooli
see ilroo	Mpoorro
tax levied, dues, customs	Mpooza
dagger, dirk	Mpirima
see enkuratane	Mponderane
variety of plantain (embiira)	Mporoma
absent minded, forgetful person	Mpuge
see foreg	Mpugi
forgetful, scatter- brained person	Mpugutani
ear passage	Mpuliirro
haff, stubble,(see musunga,)	Mpunda
silent or dull person	Kifwamunwa
north wind	Mpungi
sleeping sickness	Mpungira
pig, wild boar	Mpuno
see mpuruutuuff	Mpuruuturuzo
sliding loop, noose, bow	Mpuroutuorro
a wounded person	Mputa
; resting place	Mpuumuro
dense, slow, or deliberate.person	Mpuunahuni
; insolent, quarrel-some person	Mpwabwoba
peace lover	Mpwabwogo
courageous, clever person (=oulabukya)	Mpwaogule
the Coast(Mombasa)	Mpwaoyi
utterly destitute person	Mpwerwa
scandalmonger, busybody	Mpyangya
butcher, flayer	Mubaagi
groove round milk-pot	Mubabo
fill to the brim	Mubambago
helper, supporter	Mubangizi
disease of cattle; nettlerash	Mubembo
dissembler, cheat	Mubiihibiihi
loin cloth	Mubindo
one who chases, driver	Mubingi
outcast = mucwibwa	Mubingwa
disease of cattle,mange	Mubombo
gentle, quiet, polite person	Mubongoya
mosquito, gnat	Mubu
deceased person,the late	Omufu
sting (of bees)	Mubuli
caller, visitor, guest	Mubungi
; bone setter nurse	Mubuyi
;a thorny, busby tree	Mubwera
potatoes not fully cooked	Mubwibwibwi
a herb like spinach	Mubwiga
;sower, planter	Mubyazi
fastidious, lazy person, dandy	Mucaca
loafer, idler	Mucacazi
patchwork gannent,kilt	Mucence
stick-insect; tall, slender person	Muconco
a clumsy person	Mucoomi
long hair (generally curled)	Mucucu
cook, baker, chef	Mucumbi
prisoner, jailed or captive	Mubohwa
the king's council house	Mucwa
cute, cunning person	Mucwacwa
cunning, crafty person	Mucwangya
legendary hero, god deity	Mucwezi
outcast, disowned person	Mucwibwa
German, Dutchman	Mudaaki
embroiderer of edali!	Mudalizi
something in plenty	Mudidi
; foolish person	Mudomadoma
jug, gun-barrel	Mudumu
herald, interpreter	Muduumi
traitor, liar	Muduupi
mocker,jeerer, scoffer	Muduuzi
expert workman, artisan, mechanic	Mufundi
milk diluted with water	Mufuoguro
woollen garment = efaraano	Mufuranyi
;jealous husband or wife	Mufuohi
mocker, jeerer	Mugaaniizi
bread, loaf	Mugaate
generous, bountiful person	Mugabi
share, part	Mugabo
discussant, speaker, spokesperson	Mugambi
gossip, chatterbox	Mugambisibwa
speaker, preacher; evangelist	Mugambizi
native of Buganda	Mugaoda
cerebral spinal meningitis	Mugaogama
friendship, intimacy	Muganjano
pitiful, merciful person	Muganyizi
feeble,weak, lazy person	Mugara
dawdler, laggard	Mugaraasi
a large thorny tree	Mugarama
worth, use, profit, advantage	Mugaso
scorn, contempt, cynicism	Mugayangano
; scorn, contempt	Mugayo
docile,obedient person	Mugayuki
;visitor,guest, stranger	Mugeoyi
brother; walker, traveler, pilgrimer	Mugeozi
custom, way	Mugeozo
small valley	Mugera
wise, clever, gifted person	Mugezi
stoon water, flood, torrent	Mugezi
sharp, clever, crafty person	Mugezigezi
rest house, inn	Mugiini
bunch of plantains	Mugimba
blessing, good luck	Mugisa
visitor, stranger	Mugenyi
; Queen, consort	Mugo
see -omugobaiswa	Mugobabazimu
sub-county chief =oweegomboorra	Mugomborozi
mid-rib of plantain leaf	Mugongoonyi
traveller, sojourner, lodger	Mugoonyi
first leaf of plantains,etc	Mugoorra
rower, paddler, boatman; stirre	Mugoyi
patient person	Mugumiisiriza
moving crowd	Mugurumbuko
;old man	Mugurusi
slave, bond servant	Mugurwa
rich person	Muguuda
seller, trader, merchant	Muguza
stupid, half-witted person	Mugwagwa
see omutatembwa	Mugwamabeere
illness of dogs; mange	Mugwenyu
testator, executor	Mugwesi
heir, legatee	Mugwetwa
see iguta	Muhaagi
foolish, half-witted person	Muhaba
small back entrance	Muhabo
contendant, disputant, competitor	Mubakani
root,depth; veneral disease	Muhama
abductor, seducer	Mubambuzi
captive, prisoner of war	Mubambwa
large ditch	Muhana
path, road, way	Muhanda
writer, clerk, scribe,secretary	Muhandiiki
; false accuser	Muhangirizi
sudden, unexpected occurrence	Muhanguuko
counsellor, adviser	Muhanuuzi
daughter, usually umarried,virgin	Muhara
rival, competitor	Muharani
bully, oppressor, spiteful person	Muhate
tanner,dresser of hides	Muhazi
stammerer, stutterer	Muhebebezi
carrier (on the back)	Muheeki
servant, waiter, attendant, minister	Muheereza
copper, iron, bracelet	Muheerre
smith, blacksmith	Muheesi
unfair judge, slanderer	Muheoderezi
bottom rim of basket	Muhendero
number, price, value, amount	Mubendo
Milicia excelsa	Mubende
first ripe millet (oburo)	Muberya
sluggard, one who oversleeps	Muhetezi
deceased person, the late	Mubezi
giver, donor	Muhi
fortunate person	Muhiirwa
prime minister	Muhikirwa
great joy, gladness, pleasure	Muhimbo
kind of red cassava	Mubindi
convert, proselyte	Muhinduki
interpreter, translator	Muhinduzi
passer-by, wayfarer	Muhinguzi
tribulation, weariness, plague	Muhito
god of war	Muhingo
one who offers sacrifices	Mubongi
cheat, extortioner, daylight thief	Muhoogozi
a forest tree	Muboorro
tree resembling wild fig	Muhora
lady at leisure	Muhubya
absent-minded, inattentive person	Muhugutani
unhealthy fatness	Muhuburu
listener, bearer, obedient person	Mubulizi
iron spike, ferrule	Muhunda
honoured visitor	Muhunguki
distaste,disgust, abhorrence	Muhuro
wounded person	Mubuta
wanderer, vagrant,unwelcome visitor	Muhuumizi
bachelor,spinster, deserted husband	Muhuuru
invalid, stengthless person	Muhwi
traitor, misch ief maker	Muhyangya
grumbler, murmurer	Muhyemi
babbler, chatter-box, silly person	Mujamijami
wanderer, loafer	Mujanjaazi
; hungry person	Mujara
wanderer, vagabond	Mujeezi
awkward, clumsy person	Mujega
gossip, talebearer	Mujonjoozi
witness, martyr	Mujulizi
wet morning	Mujumbi
abuser, railer, blasphemer	Mujumi
white person, European	Mujungu
flower of maize	Mujuuli
; tired person	Mujwahi
apparel, clothing	Mujwaro
very hairy	Mujwigo
; at home	Muka
heathen, pagan	Mukaaftiri
; six;dowry,bride price	Mukaaga
my grandmother	Mukaaka
intelligent person	Mukaali
bloodbrother hood	Mukago
questioner, examiner	Mukaguza
old woman	Mukaikuru
water scorpion	Mukama
scratch (on the body)	Mukandu
; dried meat, biltong	Mukaro
;woman, wife	Mukazi
tin,container, can	Mukebe
examiner, critic	Mukebezi
steward, agent, treasurer	Mukeeto
selfish, disagreeable, unkind person	Mukiiouuki
leering person	Mukimbi
wild date palm	Mukindo
substance, thickness	Mukoba
a tall timber tree	Mukogoto
young plantain trees	Mukokoro
beater (in hunting)	Mukokozr
foundation stick of fence	Mukoryo
chosen one	Mukome
one who chooses, voter	Mukomi
stem of plaintain	Mukonde
one who plays	Mukondere
; a prickly shrub	Mukongoora
; giant senecio	Mukooi
native of Bukonjo	Mukoojo
arm; handwriting	Mukono
; helper, supporter, benefactor	Mukoonyezi
blue plantain eater	Mukoranga
ceremony, function	Mukoro
King's milkman	Mukoroogi
overseer, headman	Mukoza
maker, workman, labourer	Mukozi
one who examines witnesses	Mukubizi
border, edge	Mukugiro
King 's door keeper	Mukumirizi
navel; boss of shield	Mukundi
a loud cry	Mukungo
shore, coast	Mukungu
wild figtree	Mukunyu
; lover, paramour	Mukunzi
trench, channel	Mukura
elder, superior, great one	Mukuru
track, rut	Mukurunduzo
mahogany tree	Mukusu
;long knife	Mukuutu
gallant, brave,heroic	Mukwatangabu
helper, an assistant	Mukwatizi
captive, prisoner	Mukwatwa
rat track	Mukwebebe
see foreg	Mukwebeya
orphan protector	Mukuzanfuuzi
underneath, below the ground	Mukuzimu
;joyful person	Mukyanganuki
a lazy person	Mulebezi
bringer, proposer	Muleesi
cow bell	Mulege
accuser, talebearer	Mulegi
greedy person	Mulehe
freed man	Mulekerwa
lame person, cripple	Mulema
unripe plan tains	Mulera
tree fem	Mulere
nurse (of child)	Mulezi
cannibal, eater, devourer	Muli
pleasant person, attractive	Muligirwa
greedy, selfish person	Muliiririzi
digger, cultivator	Mulimi
foot stamp	Mulindi
grave, serious, unsociable person	Mulingiri
; kind, sort, species	Mulingo
keeper, preserver, guardian	Mulinzi
right hand	Muryo
; an acquaintance	Mumanyi
teacher, exponent	Mumanyisa
foot of bed	Mumirambi
windpipe, gullet trachea	Mumrro
; gobbler, fast eater	Mumizi
net for catching fish	Mumogo
King's executioner	Mumogora
torch bearer	Mumuliki
; barber	Mumwi
survey beacon, tower, flagstaff	Munaara
water pot	Munaga
prodigal person, reckless, squanderer	Munaginagi
guider of the blind	Munanasi
trustworthy, faithful person	Munanu
date palm	Munazi
eater, biter;extravagant person, spendthrift	Muneni
very cold	Muneno
boring beetle (=embungu)	Mungu
immature bunch of plantains	Muniara
act of strangling	Munigo
self-sown plant or tree	Muniibwanyonyi
; pleasure, gladness, rejoicing	Muniiniiro
very much	Muno
picker, gatherer	Muoogi
in this country	Munuka
plantain sucker, shoot	Muouuou
lip, beak	Munwa
sycophant, mean flatterer,par.isite	Munwekanweki
spoil, plunder, booty	Munyago
; an envious person	Munyaihali
one of another nation,stranger	Munyaihanga
spiteful person, mischief-maker	Munyaitima
hot tempered, quarrelsome person	Munyakantu
;countryman, rustic, villager	Munyakyaro
pricking, tingling sensation	Munyalizi
; proud person	Munyamyekuniko
hungry person	Munyanjara
; enemy, adversary	Muoyanzigwa
; lastivious person	Munyarwanju
stout person,adolescent	Munyeete
accuser, complainant, prosecutor	Munyegezi
disagreeable, morose, gloomy person	Munyigi
handsome man	Munyiginya
very bearuiful woman	Muoyiginyakati
small potato	Muoyoga
, tiny water-worm	Munyole
to rinse	Munyuoguza
;cured hide, leather	Munyuuke
, papaw tree	Mupaapaali
hired workman, porter;also mupakasa	Mupagasa
; guava tree	Mupecra
rubber, ball, mackintosh, etc	Mupiira
rice = muceeri	Mupunnga
; lodger, visitor	Muraazi
instructor, commander, demonstrator	Muragirizi
promise, convenant	Murago
one who consults oracles	Muragurwa
seer,diviner, soothsayer, divining doctor	Muraguzi
deposed King	Muragwangoma
judge, arbitrator	Muramuzi
illness like sleeping sickness	Murandabaro
well known person, famous	Murangwa
spendthrift, prodigal	Murarangi
archer, rifleman, enemy	Murasi
hunt without killing	Muraza
slovenly, dirty person	Murofu
; wizard, witch, magician	Murogo
cold, damp	Murombe
mast, flagstaff	Murongooti
loin cloth	Muroobe
a large tree	Murozi
a shrub	Murubata
;man who beats iron	Murubiki
stone hammer	Murubiko
good, beautiful person	Murungi
pilot, streesman	Murungiki
species of winged termite	Mururuma
in here	Munu
chwezi god of weather	Munume
enemy, foe	Munyanzigwa
fierce person	Mururumi
soldier of Kabalega	Murusuura
copper sulphate, bluestone	Muruuturuutu
a sick person	Murwaire
fighter, warrior	Murwani
wage, pay, salary	Musaara
beater (in hunting)= omukokot)	Musagasi
supporter, witness	Musagiki
;a restless person	Musagizi
; man, husband	Musaija
; crack, cut	Mosaic
kicker, football player	Musambi
daylight, sunlight	Musana
wild rubber tree	Musanda
jester, joker, tease	Musandaazi
hollow stemmed grass	Musanja
the cross	Musaraba
one who cuts	Musazi
poor person, beggar	Museege
player of ekiseega	Museegu
shameless, indecent, impudent person	Museeguzi
one who fetches firewood	Museenyi
swindler, exorbitant salesman	Museezi
native midwife	Musehenyi
mocker, scorner, scoffer	Musekerezi
entertaining, amusing person	Musekesa
penis (cattle, goats, etc.)	Musembe
cleaner, refiner	Musemeza
outcast, exile	Musendwa
strainer, filter	Musengiijo
soldier, policeman	Muserikale
young man, youth	Musigazi
caretaker, steward, deputy, agent	Musigwa
sinner, transgressor	Musiisi
ruled line	Musiitale
brace (tool)	Musikano
earthquake, = musisa	Musrki
silent and stupid person	Mosimangi
stamp the foot	Musindo
unbaked pot;pig-iron	Musinga
, conquered one, captive	Musingurwa
Mohammedan, Moslem	Musiraamu
earthquake; = musiki	Musisa
very large calabash	Musisi
; citizen, indigenous	Musiweosi
incense tree	Musizi
castor oil plant	Musoga
liar, mischief-maker	Musokerezi
thief, plunderer	Musomboozi
reader, scholar, pupil, studen	Musomi
;study, leaming,course of reading	Musomo
sub clan of Bakunmgu	Musonde
a syphilitic	Musonde
King's gateway	Mosongoorro
design, style or fashion	Musono
coly bird	Musoonono
tax, tribute	Musoro
edible rat, cane-rat	Musu
, wax candle	Musubbaho
milk of second milking	Musubyo
thief,greedy person	Musuma
herdsman. hired shepherd	Musumba
leader of singing soloist	Musumiikirizi
onlooker, spectator, bystander	Musungi
=omusunga foreg	Musunsi
common hombill	Musuraibaaga
tail of a bird	Musuti
trader, merchant	Musuubuzi
; exile, emigrant	Musuuhuuki
pile, heap	Muswa
; raffia palm	Muswale
neighbour, fellow, companion	Mutaabi
bungler, clumsy person	Mutaami
boundary, border	Mutaano
see omutabi	Mutabuzi
drawer of water	Mutahi
; strip of cloth	Mutanda
one who welcomes guests	Mutangirizi
fine, propitiatory gift	Mutango
wooden clog	Mutarabanda
preacher, speaker	Mutebezi
beguiler, one who persuades	Mutebitebi
planner, organiser	Muteekaniza
mottled pink bean	Muteesweka
iron bar, crow-bar	Mutehimbwa
, pedlar, merchant, hawker	Mutembeya
climber, rider	Mutembi
planter (of maize, etc.)	Mutemezi
; feller of trees	Mutemi
instructor, lecturer, teacher	Mutendeki
; pupil, student	Mutendekwa
stubborn, obstinate, forward person	Mutigi
coward,one easily frightened	Mutiini
a tiny brown bird	Mutiiri
see mutuma	Mutima
Royal drums (entimbo)	Mutimbo
; fig tree	Mutini
child, young person	Muto
barkcloth tree	Mutoma
advocate, intercessor, pleader	Mutonganirizi
grandeur, fine clothes	Mutooro
native of Tooro (woman)	Mutoorokati
one who persuades cow	Mutoozi
heavy load	Mutumba
corpse, carcass	Mutumbi
messenger, apostle	Mutumwa
heap, pile	Mutuumo
carrier, driver	Mutwazi
head, chapter, topic	Mutwe
favouritism, partiality	Mutyagiro
thank you	Mutyo
to mumble	Muumuuta
to munch slowly (child)	Muunya
to trample down	Muunyiirra
seven	Musanju num
a rectangular house	Mwamba
nine	Mwenda num
clans mate	Mwene
mohammedan, Moslem	Mwisiramu
Lake Albert	Mwitanzige
there, inside there	Mwo
boy, son	Mwojo
good white salt	Muunyu
a partly dried thing	Muyaajwa
wind, stonn	Muyaga
pleuro-pneumonia (of cattle)	Muyebe
mango tree	Muyembe
grape vine	Muzaabbibbu
female slave, servan1 maid	Muzaana
player, competitor (in sports)	Muzaani
game, amusement, sport	Muzaano
olive tree	Muzeituuni
small root	Muzi
wisdom tooth	Muziiki
back tendon	Muziisa
cannon, large gun	Muzinga
swarm, flock; cylindrical hive	Muzioga
roll (of paper),scroll	Muziogo
dancer, singer	Muzini
choir master	Munmsa
raider, murderer	Muzinzi
fragile thing	Muzirakugwa
to shave	Mwa
to overflow (solids)	Mwagara
fill to overflowing	Mwagaza
beater (in hunting)	Mwahi
tiny bunch of plantains	Mwahuko
steward, one who stores	Mwahuzi
; unbaked cooking-pot	Mwali
native of Bwamba	Mwamba
arrow; cartridge	Mwambi
King's laundry-man	Mwambura
Kings laundry man	Mwamura
child, young	Mwana
idler, loiterer	Mwandaazi
flat stone, rock	Mwandara
ravine, deep valley	Mwaoga
quick, rash person	Mwanguhi
lascivious person	Mwanjuki
flesh of thigh	Mwara
piece of level ground	Mwaransi
, marauder, raider	Mwayi
; leader, guide	Mwebembezi
learner beginner	Mwega
smile faintly, smile shyly	Mwegeerra
careful person	Mwegeerra
cloak, cape	Mwegcreko
teacher,catechist. tutor, master	Mwegesa
mistress,a female teacher	Mwegcsakati
pupil, disciple	Mwegesibwa
lascivious person	Mwegombo
boaster, braggart	Mwehaahizi
proud person. conceited person	Mwebulizi
deligent person	Mwekambi
girdle, belt	Mweko
proud, scornful person	Mwekuniki
; rebel, traitor	Mwemi
bountiful, generous person	Mwenda
native lovers	Mwenda
oppressor, bully	Mwendcrezi
; boaster, braggart	Mwenyumirizi
shave round (spot, wound)	Mwereerra
rebel, independent person, renegade	Mweremi
bullying, illtreatment	Mwerengeerro
bully, scornful person	Mwerengcrezi
modest, careful, sober-minded person	Mwerinzi
plenty, abundance, cheap	Mweru
one who waters cattle	Mwesezi
faithful, trustworthy person	Mwesigwa
intruder, interloper	Mwetaahirizi
busybody, i nterfering person	Mwetabi
good-natured, easy-going person	Mwetebeekezi
sensible person	Mwetcgereza
a handy person	Mwetoozitoozi
; anxiety,worry	Mwetunturo
carrier, porter	Mwetweki
one who shows off	Mweyoleki
;thief, robber	Mwibi
rain maker	Mwigi
stick, rod, walking-stick	Mwigo
; first born	Mwiguranda
satisfaction(of food), repletion	Mwiguto
toothless person	Mwihuki
salt water	Mwijooro
one who reminds	Mwijukya
deluge, flood	Mwijuzo
one who outstays welcome	MwikaJirizi
believer, follower	Mwikiriza
miserly, selfish, grudging person	Mwimi
unlucky person	Mwinazi
entertainer, host	Mwinuzi
runner, fugitive	Mwiruki
fordable river, landing-place, harbour	Mwogo
one who roasts; incendinary	Mwoki
King's head cook	Mwokya
show, exhibition	Mwoleko
disobliging, disagreeable person	Mwomi
guardian, nurse	Mworoozi
loot, plunder (esp. food)	Myayo
bad behaviour	Myeduudo
conceit, pride	Mycbuurro
pride, arrogance	Myekuniko
pride, self exaltation, boasting	Myenyumizo
to fasten; gamboling	Myeteegere
to wash partially	Nnaba
to wash partially with	Naabisa
prophet, messenger of God	Nabbi
small sickle = noijoro	Naijora
species of edible termites	Naka
need, trouble, grief, sorrow	Naku
and they, and them	Nabo
but also	Nabwo
and they, and them	Nabyo
and they, and it	Nago
and it	Nagwo
and so, therefore	Nahabweki
and you	Nainywe
and us	Naitwe
and you	Naiwe
and it	Nako
and it	Nakwo
and it	Nakyo
and it	Naryo
and it	Narwo
and it	Natwo
and him/he	Nawe
and they, and them	Nazo
to make red	Nanasa
to refuse, no	Nangwa
untrustworthy, mischief maker	Ncompya
; slender beautiful woman	Ncooyooyo
loose faeces, dung	Ncurrura
large, long legged cock	Ndaade
habitation,dwelling place	Ndaaro
castrated bull	Ndaawa
sharp, clever person	Ndabukya
bargain, coaveaant, agreement	Ndagaano
oath, vow, protestation	Ndabiro
edible tubers	Ndaji
worship, ritual	Ndamya
talk without stopping	Ndanda
hartebeest; also enyemera	Ndaogaazi
heat haze	Ndawe
will i hear again	Ndahura
god of small-pox	Ndaura
royal quiver (Pal)	Ndayampunu
; border, edge	Ndebolebo
looking glass, mirror	Ndeeberwamu
forked stick	Ndeeso
small bell-like ornament	Ndege
weaver, finch, chatterbox	Ndegeya
; large basket	Ndegu
axe. see ndyamiti	Ndemu
measure (of capacity)	Ndeogo
lower part of abdomen	Nderajera
pipe, flute	Ndere
early crop	Ndere
flowers of omuko	Ndibaliba
sound of running footsteps	Ndigito
languages; tongues	Ndimi
cultivated plot,field	Ndimiro
see ekirindiro	Ndindiro
fish -hook	Ndobo
tackle; free	Ndobo
church dues	Ndobonva
variety of barkcloth	Ndogo
one who watches expectantly	Ndolerezi
looking-glass, mirror	Ndolerwamu
see omudomadoma	Ndoma
guitar, musical instrument	Ndongo
snare for catching birds	Ndubatira
first-hand information, true report	Ndugaho
start, origin	Ndugiirro
green pigeon	Nduuka
sickness,disease, illness, ailment	Ndwara
strong stick, club	Ndwidwi
manner of eatting	Ndya
plenty of food	Ndyaga
to shake about	Negena
to be thoroughly cooked	Negiijuka
to cook thoroughly	Negiiijura
to nod (head)	Negura
inedible bitter gourd juice	Nerobe
to bite, chew	Nena
to be gloomy, morose	Nencza
species of cow parsley	Nengaoenge
slop, descent	Nengo
absence of prepuce	Nfuli
swollen glands, lymph node	Nfumbi
; calf (of leg)	Nfundo
general, commander, ambassador,representative	Ngabwa
oar, racket	Ngahi
see engarabi	Ngaija
;shell spoon	Ngamba
dialect, speech, utterance	Ngambo
class, tribes, clans	Nganda
handful (of grass. etc.)	Nganda
lean meat	Nganga
fables, stories	Nganikyo
white geranium	Ngaoja
favourite, beloved one	Nganzi
skin mat	Ngaraate
hand; palm;fingers	Ngaro
answer, reply	Ngarukamu
my, mine	Nge
clay bottle	Ngemeko
gait, pace, walk	Ngenda
traveler; friend, brother	Ngenzi
species of beetle	Ngenzigenzi
running water, stream current	Ngezi
open wound	Ngoga
see igotero	Ngombe
cow with white spots	Ngondo
why dab finch	Ngongababara
nape of neck	Ngoto
tick, mite	Nguha
grainery, barn, store	Nguli
barren woman or animal	Ngumba
weakling,long-lived person	Ngundiizi
gum, resin	Ngunu
high road,street	Nguudo
horn, trumpet	Ngwara
will testament	Ngweta
property left, legacy	Ngwetano
;to strangle, choke	Niga
;to hope,expect, think	Nibiraku
to over satisfy, surfeit	Nibisa
to promise	Nihiza
be over satisfied	Nihya
to be finely ground	Niinuuka
; to grind finely	Niinuura
, God forbid	Nikikafuuhe
that is why	Nikyo
anus, buttocks, bottom	Nio
insult, abuse bitterly	Niobora
to bully excessively	Nionioza
Indian hemp, opium	Njaahi
cropped ears	Njabule
hunger, famine	Njara
reed buck	Njaza
slender,delicate person	Njeode
many plantain gardens together	Njenga
white sheep	Njeru
gospel (=evanjin')	Njiri
marsh antelope	Njobe
snake, worm	Njoka
bad temper	Njokambi
small earthenware bottle	Njooje
screw thread	Njora
; house; grey hair	Nju
; blood pudding	Njuba
baked plantain	Njugute
way of clothing, attire	Njwara
like, as	Nka
flower sheath of plantain	Nkaanaana
lines, rows, queues	Nkaarra
; donkey, ass	Nkaina
sandal, shoe	Nkaito
biliousness, jundice, bile, anthrax	Nkaka
rest camp	Nkambi
stockings, punees	Nkampa
rake, puller(comb), for hair	Nkandttro
end. goal, stopping-place	Nkango
grey cow	Nkanja
black cow or ewe	Nkara
dark-grey cow	Nkarabo
; a huge elephant	Nkaranga
grey monkey, brown verlvet	Nkende
groaning,discontent, dissatisfaction; pain, ache	Nkeoyera
a tall flowering grass	Nkenzi
dog faced ape, baboon	Nkerebe
flower-sheath of plantain	Nkerekere
infant, baby	Nkerembe
black and red cow	Nkerenge
nozzle of bellows	Nkero
yoke of oxen	Nkiirri
small grey monkey	Nkima
; septum (of nose)	Nkinga
grudging spirit, vexation, annoy	Nkini
rude, unsociable, unkind person	Nkinuuki
pulse, heart beat	Nkiratima
;spinal cord, fright,terror panic	Nkizi
north-east wind	Nkobe
fowl, hen	Nkoko
pigeon pea, = entendiigwa	Nkolimbo
; feeble, worthless person	Nkoryo
black Colobus monkey	Nkoma
swarm of bees	Nkombabwaliko
ram; solid millet porridge	Nkombe
stem of mushroom	Nkooda
expression of pity	Nkone
half-cooked food	Nkone
variety of plantain	Nkonera
stamp of tree	Nkonge
small wooden milk pot	Nkongooro
back of bead, occupant	Nkongootera
false or delayed pregnancy	Nkongoro
pipe-stem euphorbia	Nkoni
descent, slope	Nkonkomoko
see nkonkomerezi	Nkonkonamuti
retained membranes of placenta	Nkono
castrated bull, ram, etc	Nkonwa
good relation, working together	Nkoorraana
; cane for plaiting	Nkorakole
King's milking cows	Nkoroogi
worker termites	Nkubebe
strength, vigour	Nkubiti
candelabra euphorbia	Nkukuuru
; horn trumpet	Nkule
white millet	Nkumba
crowd, abundance of people	Nkumbititi
entertaining, hospitality	Nkuna
; red-tailed cercopitheque (monkey)	Nkunda
red-tailed colobus monkey	Nkunga
strife. quarrel	Nkungani
hang nail	Nkunuukizi
; glands behind ear	Nkurakutu
stunted person or thing	Nkurambi
blue bird plantain-eater	Nkurungo
cheat, swindler, crafty person	Nkurungu
stupid person	Nkusi
, pigeon peas	Nkuuku
rude,unsociable, unkind person	Nkaunuoki
a large ape	Nkuya
shoulder blade	Nkwa
smart, sharp person	Nkwaoguza
gum, glue	Nkwasi
,sticks for firewood	Nkwikwi
species of biting ant	Nkwinva
to hate	Noba
dislike, enemity, hatred	Nobi
to pick, pluck	Noga
a soft red clay	Nombe
tree with edible fruits	Nondwa
nail, claw	Nono
although, despite the fact	Noobwakubaire
who is it?	Nooha
surplus,profits, abundance; unit	Nsaagi
flour, powder	Nsaano
bag, pocket, sack	Nsahu
food money	Nsakwa
grey cow	Nsama
field after harvest, stubble	Nsambu
border of mat	Nsandaigo
cow with loose horns	Nsara
brand made of grass	Nsaso
three of them	Nsatu
exhaustion, extreme thirst	Nsazi
poor person	Nseege
edible grasshoppers	Nsecnene
yonder, across the valley	Nseeri
way of laughing	Nseka
outer sty (on eye)	Nsekera
laughter, fun	Nseko
short bladed spear	Nsembukya
see ekisomerano	Nsemcrano
dear one, beloved	Nsemere
giant hog	Nsenge
nausea; vomit	Ntanaki
miserable person	Nsezi
cane for bow-string	Nsibago
trip in wrestling	Nsibiko
kidney; seeds	Nsigo
; booths, camp, hut	Nsiisira
upper grindstone	Nsiiso
cowry shell, money	Nsimbi
variety of potato	Nsimbyemu
muzzle loader	Nsindirirwa
full moon when rising	Nsinduro
youth, young generation	Nsinganto
cold chisel	Nsiojo
; wanned-up food	Nsirali
shape, appearance	Nsisana
; knee-cup,patella	Nso
; mistake, error	Nsobi
castor-oil berry	Nsoga
house fly	Nsohera
young dog, puppy	Nsole
insect that eats plantains	Nsonambere
cape (of land)	Nsondo
biting ant (causes swelling)	Nsondokozi
prominent forehead	Nsoogo
young homed animal	Nsongora
shame, modesty. shyness	Nsoni
; tertiary syphilis	Nsonjogo
insolent person	Nsooki
small venomouse ant	Nsorosozi
imitator, imitation	Nsubiirizi
; red duiker	Nsuku
pimple, wart	Nsundu
hanger-on, parasite	Nsungamirizi
extreme edge, unsafe place	Nsunsunikizo
flakes of skin	Nsusu
refugee,fugitive, exile, foreigner, emigrant	Nsuubuuki
termites(a favorite delicacy)	Nswa
well bom, nice-looking person	Ntaabusule
see entabusule	Ntaamusule
; mean,stingy person	Ntabuguguna
muddle, confusion, commotion	Ntabukatabuka
light wire bracelet	Ntagabwa
guinea fowl	Ntajumba
; clod, sod	Ntaka
mouth full of water	Ntama
oh, I see!	Ntamanya
pace, short distance	Ntambu
Thomas Kob,island	Ntamu
civet cat = kitabujuguta	Ntamujuguta
umbrella (archaic)	Ntamusiya
beginning, start, origin	Ntandiko
cross roads,junction	Ntaogatangano
time after sunrise	Ntangize
wanderer, roamer	Ntaratazi
spy, scout	Ntasi
way of preaching	Ntebeza
conjecture forecast,, weather forecast	Nteebereza
preparation, arrangement	Nteekaniza
settle, proper place, socket	Nteeko
; trial by ordeal	Nteenyi
joint, junction	Nteeraniro
; addition, joining	Nteeraniza
; preparation, plan, arrangement	Ntegeka
small calabash cup	Ntema
very large bundle	Ntende
red winged fraocolin	Ntiikarya
malachite kingfisher	Ntimagizi
small species of grasshopper	Ntondo
defence, apology, plea	Ntongana
evidence, complaint	Ntongani
;kind of harp	Ntongoole
water frog; stupid person	Ntoole
chronic ache or pain	Ntoto
; self-sown potatoes	Ntuliirra
swollen gland	Nturabusa
see oruturatule	Nturatule
bubble, slobber	Nturuba
; languid, slothful person	Nturumu
see ekiisamiitwatu	Ntutumi
; crested crane	Ntuuhu
metaphoric name of dogs	Ntuuke
heaviness, weight	Ntuuro
cape gooseberries	Ntuutu
perspiration, sweat	Ntuuyo
walk/move fast	Ntyagi
to treat with contempt	Nuga
that is where;thisis where	Nuho
to be itched, irritated	Nuliirirwa
to smell upleasant, stink	Nunka
to sniff, smell	Nunkiriza
plant with edible tubers	Nura
=zigisa (hair)	Nuuma
, it is he/she	Nuwe
sweeten, flavour	Nuza
undiluted bananas juice (ensande)	Nvunya
to flatter, fawn on	Nwekanweka
and so	Nukwonu
chritmas day	Nweri
wise man	Nya
to grab	Nyaakura
coffee berry, = omwani	Nyaani
eat without relish	Nyaata
variety of plantains (nyamuunyu)	Nyabakazi
; twin bananas	Nyabansasana
evening star	Nyabisaaniko
hopeless me	Nyaburanyowe
smell of the fingers	Nyabwara
insect like cricket	Nyabwigutaine
bleeding from the gum	Nyabwino
afternoon about 4 p.m	Nyaigoro
sister of a female	Nyakaabu
your sister	Nyakaanyu
variety of potato	Nyakabanda
native born, aborigine	Nyakabara
type of edible banana	Nyakairagura
stiffness of tbe limb	Nyakanyama
edible leaves of eteke	Nyakarabyo
variety of plantain	Nyakeeragu
a large cow	Nyakryonga
meat, Aesb,muscle	Nyama
Species of edible mushroom	Nyamahamba
wild beast, animal	Nyamaiswa
; civet cat	Nyamakeka
mason wasp	Nyamambubira
turtle, tortoise	Nyamankogoto
variety of convolvulus	Nyamantoogaoira
back ribs (of animal)	Nyambu
during the day	Nyamisana
to pass wind	Nyampa
ant bear	Nyamulimi
ant; type of bird	Nyamunkanga
species of edible termite	Nyamunkoya
, civet cat	Nyamunsimbi
stiffness of the limbs	Nyamwenga
Royal stool	Nyamyarro
calf, heifer	Nyaoa
very light skinned	Nyamutukura
royal stool	Nyamyaro
south-east wind	Nyangoromora
royal bow	Nyapogo
variety of plantain	Nyarutere
shell spoon	Nyaso
; green ibis	Nyawaawa
spirit to protect cattle	Nyarwa
all of me	Nyeena
to hypnotize, bewitch	Nyeenya
fatten, bring up	Nyeesa
, fat, stout,plump	Nyeete
to spin a top	Nyega
to climb	Nyegera
court fee	Nyegezo
; boaster, braggart	Nyehaahizi
dross, slag	Nyenga
moon in last quarter	Nyereero
see mwetoozitoozi	Nyetooratoozi
bandy man, craftsman	Nyetwezi
your maternal uncle	Nyinaarumiinywe
his or her mother	Nyina
their mother	Nyinabo
mistress of the house	Nyinabwenge
our mother	Nyinainywe
my mother	Nyinanyowe
our mother	Nyinaitwe
their maternal uncle	Nyinarumibo
; our maternal uncle	Nyinarumiitwe
my maternal uncle	Nyinaruminyowe
his/her mother-in-law	Nyinazaara
nose; loop	Nyindo
womb, uterus	Nyinenda
mistress of the house	Nyinenju
family head	Nyinenka
his/her paternal/maternal grandmother	Nyinenkuru
my grandmother	Nyinenkurunyowe
your grandmother	Nyinenkurwinywe
our maternal aunt	Nyinentoitwe
, my maternal aunt	Nyinentonyowe
to become morose, scowl	Nyinyimbwa
your mother	Nyoko
your meternal uncle	Nyokoromi
your mother-in-law	Nyokozaara
your grandmother	Nyokwenkuru
your maternal aunt	Nyokwento
; tiny water frog	Nyorya
style of building, architecture	Nyombeka
post, pole, pillar	Nyomyo
young hen, pullet	Nyonge
to be stunted, undersized	Nyoonya
strangle, twist	Nyoora
to choke growth	Nyoroza
son of a chief	Nyoro
I, me	Nyowe
your, yours	Nyu
to peel off (skin)	Nyubura
letter of the alphabet	Nyuguta
to pull up forcibly	Nyukura
to be pleased with	Nyumirwa
to commend	Nyumisiza
to praise, exalt	Nyumiza
to converse	Nyumya
pipe; earthenware cookingpot	Nyungu
to suck dry	Nyunkura
to suck	Nyuunya
to suck juicy things	Nyuunyuguza
to pull tightly, stretch	Nyuunyuura
to make blood-brother-hood	Nywana
; teat, nipple	Nywanta
to kiss	Nywegera
to be sweet	Nywenyweogera
be drinkable	Nywibwa
; pubic bair	Nza
see nziramira	Nzigamira
deep water	Nziha
burial fee	Nziiki
singer, dancer	Nzini
variety of plantain	Nzirabahuma
see enyitano	Nzirago
speed, swift.ness	Nziriga
soot, black pots	Nziro
appearance, view	Nzooka
full moon	Nzooro
being extravagant	Obubaagi
small pieces	Obucwekacweka
a cow dung	Obufu
lacking affection or enthusiasm	Obufuki
breach delivery	Obufute
freedom or liberty	Obugabe
freedom of speech	Obugambiro
gun powder	Obuganga
bitter/mock tomatoes	Obugoora
being mean; not generous	Obugumi
feeling tickled	Obugwizi
a sensitive plant	Obugeya
black tree ants	Obuhambwe
secretarial work	Obuhandiiki
sorghum husks	Obuheehe
a place for resting	Obuhuumuriro
being cunning and tricky	Obujagujagu
bitter berries	Obujabara
laces, tussels	Obujunja
punctuation marks	Obujurizo
black jack seeds	Obukurura
being extremely dry	Obukuumeeme
specified time	Obunaku1a
next time	Obundi
roasted or fried legumes	Obunena
roof top	Obunono
pleasant taste	Obunuzi
scarcity of sauce	Obunyaata
long ago	Obunyakare
athletes foot	Obunyarume
sensations associated with orgasm	Obunyugwita
police profession	Obuporiisi/obusiirukale
judicial profession	Oburamuzi
home desertion	Oburare
vintage point	Obureebero
in breech birth	Oburenge
baby sitting	Oburezi
available space	Oburibatiro
dried starch food	Oburiga
a parish	Oburiisa
grazing land	Oburiisizo
almost impossible	Oburiite
fire-making sticks	Oburindi
finger millet	Oburo
millet bread	Oburo
millet garden	Oburo
type of mushrooms	Oburondo
moral decay	Oburondogozi
chicken fleas	Oburooro
source or origin	Oburugo
a resting place	Oburuhuukiro
water falls	Obururuma
tendency of fighting	Oburwani
dullness of mind	Obusenzi
manhood, penis, male genital	Obusaija
curdled milk	Obusakuruke
high cheek bornes	Obusenda-bagenyi
authority or power	Obusoboorozi
the teaching profession	Obusomesa
religious leadership	Obusomesa
enlightened though tutelage	Obusongoke
being mean	Obusuma
tribute, ground rent	Obusuuru
small tills	Obusinde
success or victory	Obusinguzi
habitual intoxication	Obusinzi
hook worms	Obusiri
inability to understand	Obusiru
bed bugs	Obusuzi
shelter or dwelling place	Obutaaho
being obstinate and stubborn	Obutahurira
failure to remeber	Obutaijuka
hard working	Obutaikya
retarded growth	Obutakura
iron ore	Obutare
failure to respect	Obutatiina
a grass specie	Obuteerante
fear or cowardice	Obutiini
being promiscuous	Obutingwa
feeling coldness	Obutitizi
doing something officially	Obutongore
period of germination	Obutooka
usual way of life	Obutuura
often times	Obutwire
small groups	Obuyoobe
acting as a rogoue	Obuzahambuki
being swollen	Obuzimba
eclipse of the moon	Obuzimya-kwezi
bones showing below hips	Obuzinio
a place of refuge	Obuzo
desparate need	Obwagi
sorghum covers	Obwagimba
long ago	Obwambere
a feeling of emptiness	Obwambure
evidence for prosecution	Obwamusinja
small oblong shaped beads	Obwangacuucu
mutual hatred	Obwangane
household refuse	Obwasingo
firstborn child	Obwatamatako
something very huge	Obwatumba
resting place	Obwecuriko
security or defence	Obwerinzi
not a big herd	Obweteeka
small scattered homesteads	Obweteeka
round about	Obwezigooro
the firstborn child	Obwigura-nda
in full	Obwijwire
in detail	Obwijwire
supericial relationship	Obwimba
small openings	Obwina
eclipse of the sun	Obwira-kabiri
time, period of time	Obwire
cloud overcast	Obwiririmba
intense mutual hatred	Obwitane
the building profession	Obwombeki
utter dryness or thirst	Obwomooma
mental ability	Obwongo
an ornament or bracelet	Obwose
to take bath	Oga
wash someone or something	Ogeza
this one	Ogu
to excite, urge on	Okuhakana
to be upset	Ohoka
to lend, advance money	Ohora
to tempt	Oheze
to lend, advance money	Oiriirwota
kind of potatoes	Okaamanyota
to set light	Okerezi
to be able	Okusobora
I be able	Nisobora
he/she be ables	Nasobora
be able!	Sobora
I don't be able	Tinkusobora
to be possible	Okusobora
I be possible	Nsobora
he/she be possibles	Nasobora
I have be possibled	Nsoborokirwe
be possible!	Soboka
I don't be possible	Tinkusoborokerwa
to sting	Okubaba
I sting	Mbaba
he/she stings	Ababa
I have stinged	Mbabire
I don't sting	Timbaba
to singe	Okubabura
I singe	Mbabura
he/she singes	Ababura
I have singed	Mbabuzire
I don't singe	Timbabura
to construct a framework	Okubaga
I construct a framework	Mbaga
he/she construct a frameworks	Abaga
I have construct a frameworked	Mbagire
construct a framework!	Baga
I don't construct a framework	Timbaga
to separate	Okubaganisa
I separate	Mbaganisa
he/she separates	Abaganisa
I have separated	Mbaganisire
I don't separate	Timbaganisa
to split	Okubaganuka
I split	Mbaganuka
he/she splits	Abaganuka
I have splited	Mbaganukire
I don't split	Timbaganuka
to weed	Okubagara
I weed	Mbagara
he/she weeds	Abagara
I have weeded	Mbagazire
I don't weed	Timbagara
to do carpentry	Okubaija
I do carpentry	Mbaija
he/she do carpentries	Abaija
I have do carpentried	Mbaizire
do carpentry!	Baija
I don't do carpentry	Timbaija
to catch something mid-air	Okubaka
I catch something mid-air	Mbaka
he/she catch something mid-airs	Abaka
I have catch something mid-aired	Mbakire
catch something mid-air!	Baka
I don't catch something mid-air	Timbaka
to conceive	Okubaka
I conceive	Mbaka
he/she conceives	Abaka
I have conceived	Mbakire
I don't conceive	Timbaka
to hasten	Okubakuka
I hasten	Mbakuka
he/she hastens	Abakuka
I have hastened	Mbakukire
I don't hasten	Timbakuka
to snatch	Okubakura
I snatch	Mbakura
he/she snatches	Abakura
I have snatched	Mbakuzire
I don't snatch	Timbakura
to crucify	Okubamba
I crucify	Mbamba
he/she crucifies	Abamba
I have crucified	Mbambire
I don't crucify	Timbamba
to peg out	Okubamba
I peg out	Mbamba
he/she peg outs	Abamba
I have peg outed	Mbambire
peg out!	Bamba
I don't peg out	Timbamba
to be mad	Okubambaara
I be mad	Mbambaara
he/she be mads	Abambaara
I have be maded	Mbambaazire
be mad!	Bambaara
I don't be mad	Timbambaara
to stiffen	Okubambaaza
I stiffen	Mbambaaza
he/she stiffens	Abambaaza
I have stiffened	Mbambaazire
I don't stiffen	Timbambaaza
to lift with haste	Okubambaitura
I lift with haste	Mbambaitura
he/she lift with hastes	Abambaitura
I have lift with hasted	Mbambaituzire
lift with haste!	Bambaitura
I don't lift with haste	Timbambaitura
to flatter	Okubambarika
I flatter	Mbambarika
he/she flatters	Abambarika
I have flattered	Mbambarikire
I don't flatter	Timbambarika
to stand still	Okubambira
I stand still	Mbambira
he/she stand stills	Abambira
I have stand stilled	Mbambizire
stand still!	Bambira
I don't stand still	Timbambira
to unpeg	Okubambuura
I unpeg	Mbambuura
he/she unpegs	Abambuura
I have unpeged	Mbambuuzire
I don't unpeg	Timbambuura
to come unexpectedly	Okubanda
I come unexpectedly	Mbanda
he/she come unexpectedlies	Abanda
I have come unexpectedlied	Mbandire
come unexpectedly!	Banda
I don't come unexpectedly	Timbanda
to calm down	Okubandaara
I calm down	Mbandaara
he/she calm downs	Abandaara
I have calm downed	Mbandaazire
calm down!	Bandaara
I don't calm down	Timbandaara
to lose one's way	Okubandagira
I lose one's way	Mbandagira
he/she lose one's ways	Abandagira
I have lose one's wayed	Mbandagizire
lose one's way!	Bandagira
I don't lose one's way	Timbandagira
to collapse	Okubandama
I collapse	Mbandama
he/she collapses	Abandama
I have collapsed	Mbandamire
I don't collapse	Timbandama
to collapse against	Okubandamira
I collapse against	Mbandamira
he/she collapse againsts	Abandamira
I have collapse againsted	Mbandamizire
collapse against!	Bandamira
I don't collapse against	Timbandamira
to come first	Okubandiza
I come first	Mbandiza
he/she come firsts	Abandiza
I have come firsted	Mbandizire
come first!	Bandiza
I don't come first	Timbandiza
to strike hard	Okubandura
I strike hard	Mbandura
he/she strike hards	Abandura
I have strike harded	Mbanduzire
strike hard!	Bandura
I don't strike hard	Timbandura
to salvage	Okubanduura
I salvage	Mbanduura
he/she salvages	Abanduura
I have salvaged	Mbanduuzire
I don't salvage	Timbanduura
to brandish	Okubanga
I brandish	Mbanga
he/she brandishes	Abanga
I have brandished	Mbangire
I don't brandish	Timbanga
to doubt	Okubanganisa
I doubt	Mbanganisa
he/she doubts	Abanganisa
I have doubted	Mbanganisire
I don't doubt	Timbanganisa
to help or support	Okubangira
I help or support	Mbangira
he/she help or supports	Abangira
I have help or supported	Mbangizire
help or support!	Bangira
I don't help or support	Timbangira
to successfully train someone	Okubangura
I successfully train someone	Mbangura
he/she successfully train someones	Abangura
I have successfully train someoned	Mbanguzire
successfully train someone!	Bangura
I don't successfully train someone	Timbangura
to abort a blow	Okubanguuza
I abort a blow	Mbanguuza
he/she abort a blows	Abanguuza
I have abort a blowed	Mbanguuzire
abort a blow!	Banguuza
I don't abort a blow	Timbanguuza
to begin	Okubanza
I begin	Mbanza
he/she begins	Abanza
I have begined	Mbanzire
I don't begin	Timbanza
to count	Okubara
I count	Mbara
he/she counts	Abara
I have counted	Mbazire
I don't count	Timbara
to crack with intent	Okubaragura
I crack with intent	Mbaragura
he/she crack with intents	Abaragura
I have crack with intented	Mbaraguzire
crack with intent!	Baragura
I don't crack with intent	Timbaragura
to estimate	Okubariirira
I estimate	Mbariirira
he/she estimates	Abariirira
I have estimated	Mbariirizire
I don't estimate	Timbariirira
to burst	Okubaruka
I burst	Mbaruka
he/she bursts	Abaruka
I have bursted	Mbarukire
I don't burst	Timbaruka
to catch	Okukwata
I catch	Nkwata
he/she catches	Akwata
I have catched	Nkwasire
I don't catch	Tinkwata
to slap	Okukaita
I slap	Nkaita
he/she slaps	Akaita
I have slaped	Nkaisire
I don't slap	Tikaita
to slump any how	Okubatama
I slump any how	Mbatama
he/she slump any hows	Abatama
I have slump any howed	Mbatamire
slump any how!	Batama
I don't slump any how	Timbatama
to baptise	Okubatiza
I baptise	Mbatiza
he/she baptises	Abatiza
I have baptised	Mbatizire
I don't baptise	Timbatiza
to stand up quickly	Okubatuka
I stand up quickly	Mbatuka
he/she stand up quicklies	Abatuka
I have stand up quicklied	Mbatukire
stand up quickly!	Batuka
I don't stand up quickly	Timbatuka
to be very hot	Okubatura
I be very hot	Mbatura
he/she be very hots	Abatura
I have be very hoted	Mbatuzire
be very hot!	Batura
I don't be very hot	Timbatura
to remove fat	Okubayuura
I remove fat	Mbayuura
he/she remove fats	Abayuura
I have remove fated	Mbayuuzire
remove fat!	Bayuura
I don't remove fat	Timbayuura
to do multiplication	Okubaza
I do multiplication	Mbaza
he/she do multiplications	Abaza
I have do multiplicationed	Mbazire
do multiplication!	Baza
I don't do multiplication	Timbaza
to talk	Okubaza
I talk	Mbaza
he/she talks	Abaza
I have talked	Mbazire
I don't talk	Timbaza
to sew	Okubaziira
I sew	Mbaziira
he/she sews	Abaziira
I have sewed	Mbaziizire
I don't sew	Timbaziira
to soothe	Okubeebeesa
I soothe	Mbeebeesa
he/she soothes	Abeebeesa
I have soothed	Mbeebeesire
I don't soothe	Timbeebeesa
to deliberately accuse falsely	Okubeeherera
I deliberately accuse falsely	Mbeeherera
he/she deliberately accuse falselies	Abeeherera
I have deliberately accuse falselied	Mbeeherezire
deliberately accuse falsely!	Beeherera
I don't deliberately accuse falsely	Timbeeherera
to assume someone's responsibility	Okubeera
I assume someone's responsibility	Mbeera
he/she assume someone's responsibilities	Abeera
I have assume someone's responsibilitied	Mbeezire
assume someone's responsibility!	Beera
I don't assume someone's responsibility	Timbeera
to break apart	Okubeguka
I break apart	Mbeguka
he/she break aparts	Abeguka
I have break aparted	Mbegukire
break apart!	Beguka
I don't break apart	Timbeguka
to lie	Okubeiha
I lie	Mbeiha
he/she lies	Abeiha
I have lied	Mbeihire
I don't lie	Timbeiha
to grow very old	Okubendegera
I grow very old	Mbendegera
he/she grow very olds	Abendegera
I have grow very olded	Mbendegezire
grow very old!	Bendegera
I don't grow very old	Timbendegera
to break up	Okuberenga
I break up	Mberenga
he/she break ups	Aberenga
I have break uped	Mberengire
break up!	Berenga
I don't break up	Timberenga
to eat slowly	Okubereza
I eat slowly	Mbereza
he/she eat slowlies	Abereza
I have eat slowlied	Mberezire
eat slowly!	Bereza
I don't eat slowly	Timbereza
to break suddenly	Okubesuka
I break suddenly	Mbesuka
he/she break suddenlies	Abesuka
I have break suddenlied	Mbesukire
break suddenly!	Besuka
I don't break suddenly	Timbesuka
to resow	Okubibuura
I resow	Mbibuura
he/she resows	Abibuura
I have resowed	Mbibuuzire
I don't resow	Timbibuura
to look sickly	Okubiiha
I look sickly	Mbiiha
he/she look sicklies	Abiiha
I have look sicklied	Mbiihire
look sickly!	Biiha
I don't look sickly	Timbiiha
to get annoyed	Okubiihirwa
I get annoyed	Mbiihirwa
he/she get annoyeds	Abiihirwa
I have get annoyeded	Mbiihirwire
get annoyed!	Biihirwa
I don't get annoyed	Timbiihirwa
to make someone annoyed	Okubiihiza
I make someone annoyed	Mbiihiza
he/she make someone annoyeds	Abiihiza
I have make someone annoyeded	Mbiihizire
make someone annoyed!	Biihiza
I don't make someone annoyed	Timbiihiza
to keep	Okwahura
I keep	Nyahura
he/she keeps	Ayahura
I have keeped	Nyahwire
I don't keep	Tinyahura
a cock to crawl	Okubika
to be disabled	Okubimba
I be disabled	Mbimba
he/she be disableds	Abimba
I have be disableded	Mbimbire
be disabled!	Bimba
I don't be disabled	Timbimba
to produce froth	Okubimba
I produce froth	Mbimba
he/she produce froths	Abimba
I have produce frothed	Mbimbire
produce froth!	Bimba
I don't produce froth	Timbimba
to hide	Okusereka
I hide	Nsereka
he/she hides	Asereka
I have hided	Nserekere
I don't hide	Tnsereka
to expell	Okubinga
I expell	Mbinga
he/she expells	Abinga
I have expelled	Mbingire
I don't expell	Timbinga
to froth	Okubira
I froth	Mbira
he/she froths	Abira
I have frothed	Mbizire
I don't froth	Timbira
to boil	Okututogosa
I boil	Ntogogosa
he/she boils	Atogosa
I have boiled	Ntogoseze
I don't boil	Tintogosa
to be shiny	Okubiraguza
I be shiny	Mbiraguza
he/she be shinies	Abiraguza
I have be shinied	Mbiraguzire
be shiny!	Biraguza
I don't be shiny	Timbiraguza
to be sodden	Okubirika
I be sodden	Mbirika
he/she be soddens	Abirika
I have be soddened	Mbirikire
be sodden!	Birika
I don't be sodden	Timbirika
saturate with water	Okubiririra
to be undercooked	Okubisikara
I be undercooked	Mbisikara
he/she be undercookeds	Abisikara
I have be undercookeded	Mbisikazire
be undercooked!	Bisikara
I don't be undercooked	Timbisikara
to sharpen the horns	Okubituura
I sharpen the horns	Mbituura
he/she sharpen the hornses	Abituura
I have sharpen the hornsed	Mbituuzire
sharpen the horns!	Bituura
I don't sharpen the horns	Timbituura
to steam food	Okubobeeza
I steam food	Mbobeeza
he/she steam foods	Abobeeza
I have steam fooded	Mbobeezire
steam food!	Bobeeza
I don't steam food	Timbobeeza
to untie	Okubohoorora
I untie	Mbohoorora
he/she unties	Abohoorora
I have untied	Mbohoorozire
I don't untie	Timbohoorora
to bark	Okuboigora
I bark	Mboigora
he/she barks	Aboigora
I have barked	Mboigozire
I don't bark	Timboigora
to get unstuck	Okubombooka
I get unstuck	Mbombooka
he/she get unstucks	Abombooka
I have get unstucked	Mbombookire
get unstuck!	Bombooka
I don't get unstuck	Timbombooka
to peel off	Okubombooka
I peel off	Mbombooka
he/she peel offs	Abombooka
I have peel offed	Mbombookire
peel off!	Bombooka
I don't peel off	Timbombooka
to clatter	Okubomborekana
I clatter	Mbomborekana
he/she clatters	Abomborekana
I have clattered	Mbomborekanire
I don't clatter	Timbomborekana
to suffer	Okubonabona
I suffer	Mbonabona
he/she suffers	Abonabona
I have suffered	Mbonabonire
I don't suffer	Timbonabona
to be soft	Okubonda
I be soft	Mbonda
he/she be softs	Abonda
I have be softed	Mbondire
be soft!	Bonda
I don't be soft	Timbonda
to punish	Okubonereza
I punish	Mbonereza
he/she punishes	Abonereza
I have punished	Mbonerezire
I don't punish	Timbonereza
to despise	Okuboora
I despise	Mboora
he/she despises	Aboora
I have despised	Mboozire
I don't despise	Timboora
to yell	Okuborooga
I yell	Mborooga
he/she yells	Aborooga
I have yelled	Mboroogire
I don't yell	Timborooga
to be soft	Okubota
I be soft	Mbota
he/she be softs	Abota
I have be softed	Mbosire
be soft!	Bota
I don't be soft	Timbota
to speak openly	Okubotora
I speak openly	Mbotora
he/she speak openlies	Abotora
I have speak openlied	Mbotozire
speak openly!	Botora
I don't speak openly	Timbotora
to be disorganised	Okubugutana
I be disorganised	Mbugutana
he/she be disorganiseds	Abugutana
I have be disorganiseded	Mbugutanire
be disorganised!	Bugutana
I don't be disorganised	Timbugutana
to become narrower	Okubumbama
I become narrower	Mbumbama
he/she become narrowers	Abumbama
I have become narrowered	Mbumbamire
become narrower!	Bumbama
I don't become narrower	Timbumbama
to move while bending	Okubundabunda
I move while bending	Mbundabunda
he/she move while bendings	Abundabunda
I have move while bendinged	Mbundabundire
move while bending!	Bundabunda
I don't move while bending	Timbundabunda
to bend low	Okubundama
I bend low	Mbundama
he/she bend lows	Abundama
I have bend lowed	Mbundamire
bend low!	Bundama
I don't bend low	Timbundama
to defecate	Okubungurura
I defecate	Mbungurura
he/she defecates	Abungurura
I have defecated	Mbunguruzire
I don't defecate	Timbungurura
to hawk	Okubungeza
I hawk	Mbungeza
he/she hawks	Abungeza
I have hawked	Mbungezire
I don't hawk	Timbungeza
to be naked	Okubunuza
I be naked	Mbunuza
he/she be nakeds	Abunuza
I have be nakeded	Mbunuzire
be naked!	Bunuza
I don't be naked	Timbunuza
to hawk or peddle	Okubunza
I hawk or peddle	Mbunza
he/she hawk or peddles	Abunza
I have hawk or peddled	Mbunzire
hawk or peddle!	Bunza
I don't hawk or peddle	Timbunza
to disappear	Okuburabura
I disappear	Mburabura
he/she disappears	Aburabura
I have disappeared	Mburabuzire
I don't disappear	Timburabura
to confuse	Okuburabuza
I confuse	Mburabuza
he/she confuses	Aburabuza
I have confused	Mburabuzire
I don't confuse	Timburabuza
to be uncoordinated	Okubusukana
I be uncoordinated	Mbusukana
he/she be uncoordinateds	Abusukana
I have be uncoordinateded	Mbusukanire
be uncoordinated!	Busukana
I don't be uncoordinated	Timbusukana
to report	Okubuura
I report	Mbuura
he/she reports	Abuura
I have reported	Mbuuzire
I don't report	Timbuura
to investigate or examine	Okubuuririza
I investigate or examine	Mbuuririza
he/she investigate or examines	Abuuririza
I have investigate or examined	Mbuuririzire
investigate or examine!	Buuririza
I don't investigate or examine	Timbuuririza
to ask a question	Okubuuza.
I ask a question	Mbuuza.
he/she ask a questions	Abuuza.
I have ask a questioned	Mbuuza.ire
ask a question!	Buuza.
I don't ask a question	Timbuuza.
to be asked	Okubuuzibwa
I be asked	Mbuuzibwa
he/she be askeds	Abuuzibwa
I have be askeded	Mbuuzibwire
be asked!	Buuzibwa
I don't be asked	Timbuuzibwa
to sit an examination	Okubuuzibwa
I sit an examination	Mbuuzibwa
he/she sit an examinations	Abuuzibwa
I have sit an examinationed	Mbuuzibwire
sit an examination!	Buuzibwa
I don't sit an examination	Timbuuzibwa
to loiter	Okubuyabuya
I loiter	Mbuyabuya
he/she loiters	Abuyabuya
I have loitered	Mbuyabuyire
I don't loiter	Timbuyabuya
to leave in suspense	Okubuyanga
I leave in suspense	Mbuyanga
he/she leave in suspenses	Abuyanga
I have leave in suspensed	Mbuyangire
leave in suspense!	Buyanga
I don't leave in suspense	Timbuyanga
to disappear without trace	Okubuza-amaiso
I disappear without trace	Mbuza-amaiso
he/she disappear without traces	Abuza-amaiso
I have disappear without traced	Mbuza-amaisoire
disappear without trace!	Buza-amaiso
I don't disappear without trace	Timbuza-amaiso
to spread a message	Okubuzya
I spread a message	Mbuzya
he/she spread a messages	Abuzya
I have spread a messaged	Mbuzyire
spread a message!	Buzya
I don't spread a message	Timbuzya
to suck	Okubwaguza
I suck	Mbwaguza
he/she sucks	Abwaguza
I have sucked	Mbwaguzire
I don't suck	Timbwaguza
to be disorganised	Okubwanabwana
I be disorganised	Mbwanabwana
he/she be disorganiseds	Abwanabwana
I have be disorganiseded	Mbwanabwanire
be disorganised!	Bwanabwana
I don't be disorganised	Timbwanabwana
to work alone	Okubweijana
I work alone	Mbweijana
he/she work alones	Abweijana
I have work aloned	Mbweijanire
work alone!	Bweijana
I don't work alone	Timbweijana
to be shy	Okubwerabwera
I be shy	Mbwerabwera
he/she be shies	Abwerabwera
I have be shied	Mbwerabwezire
be shy!	Bwerabwera
I don't be shy	Timbwerabwera
to expose someone's lies	Okubweza
I expose someone's lies	Mbweza
he/she expose someone's lieses	Abweza
I have expose someone's liesed	Mbwezire
expose someone's lies!	Bweza
I don't expose someone's lies	Timbweza
to sleep	Okubyama
I sleep	Mbyama
he/she sleeps	Abyama
I have sleeped	Mbyamire
I don't sleep	Timbyama
to delay in bed	Okubyamirira
I delay in bed	Mbyamirira
he/she delay in beds	Abyamirira
I have delay in beded	Mbyamirizire
delay in bed!	Byamirira
I don't delay in bed	Timbyamirira
to persist	Okubyamirira
I persist	Mbyamirira
he/she persists	Abyamirira
I have persisted	Mbyamirizire
I don't persist	Timbyamirira
to plant	Okubyara
I plant	Mbyara
he/she plants	Abyara
I have planted	Mbyazire
I don't plant	Timbyara
to gulp	Okucaabiika
I gulp	Ncaabiika
he/she gulps	Acaabiika
I have gulped	Ncaabiikire
I don't gulp	Tincaabiika
to slice	Okucaca
I slice	Ncaca
he/she slices	Acaca
I have sliced	Ncacire
I don't slice	Tincaca
to overheat	Okucamuka
I overheat	Ncamuka
he/she overheats	Acamuka
I have overheated	Ncamukire
I don't overheat	Tincamuka
to shuffle	Okucanga
I shuffle	Ncanga
he/she shuffles	Acanga
I have shuffled	Ncangire
I don't shuffle	Tincanga
to mash	Okuceba
I mash	Nceba
he/she mashes	Aceba
I have mashed	Ncebire
I don't mash	Tinceba
to become humble	Okucebeeka
I become humble	Ncebeeka
he/she become humbles	Acebeeka
I have become humbled	Ncebeekire
become humble!	Cebeeka
I don't become humble	Tincebeeka
to be silent	Okuceceka
I be silent	Nceceka
he/she be silents	Aceceka
I have be silented	Ncecekire
be silent!	Ceceka
I don't be silent	Tinceceka
to slice	Okucecemba
I slice	Ncecemba
he/she slices	Acecemba
I have sliced	Ncecembire
I don't slice	Tincecemba
to night dance	Okucecera
I night dance	Ncecera
he/she night dances	Acecera
I have night danced	Ncecezire
night dance!	Cecera
I don't night dance	Tincecera
to sieve	Okucencura
I sieve	Ncencura
he/she sieves	Acencura
I have sieved	Ncencuzire
I don't sieve	Tincencura
to burn	Okucenya
I burn	Ncenya
he/she burns	Acenya
I have burned	Ncenyire
I don't burn	Tincenya
to be red hot	Okucenyuka
I be red hot	Ncenyuka
he/she be red hots	Acenyuka
I have be red hoted	Ncenyukire
be red hot!	Cenyuka
I don't be red hot	Tincenyuka
to rust	Okucereba
I rust	Ncereba
he/she rusts	Acereba
I have rusted	Ncerebire
I don't rust	Tincereba
to sever	Okucerembura
I sever	Ncerembura
he/she severs	Acerembura
I have severed	Ncerembuzire
I don't sever	Tincerembura
to mince	Okucerembura
I mince	Ncerembura
he/she minces	Acerembura
I have minced	Ncerembuzire
I don't mince	Tincerembura
to peck	Okucokora
I peck	Ncokora
he/she pecks	Acokora
I have pecked	Ncokozire
I don't peck	Tincokora
ticking of a clock	Okuconcana
to become a destitute	Okuconcoboza
I become a destitute	Nconcoboza
he/she become a destitutes	Aconcoboza
I have become a destituted	Nconcobozire
become a destitute!	Concoboza
I don't become a destitute	Tinconcoboza
to confer with secretly	Okuconya
I confer with secretly	Nconya
he/she confer with secretlies	Aconya
I have confer with secretlied	Nconyire
confer with secretly!	Conya
I don't confer with secretly	Tinconya
to hatch a plot	Okuconya
I hatch a plot	Nconya
he/she hatch a plots	Aconya
I have hatch a ploted	Nconyire
hatch a plot!	Conya
I don't hatch a plot	Tinconya
to express oneself idiomatically	Okucooboora
I express oneself idiomatically	Ncooboora
he/she express oneself idiomaticallies	Acooboora
I have express oneself idiomaticallied	Ncooboozire
express oneself idiomatically!	Cooboora
I don't express oneself idiomatically	Tincooboora
to slice something	Okucoocoora
I slice something	Ncoocoora
he/she slice somethings	Acoocoora
I have slice somethinged	Ncoocoozire
slice something!	Coocoora
I don't slice something	Tincoocoora
to decorate	Okucooka
I decorate	Ncooka
he/she decorates	Acooka
I have decorated	Ncookire
I don't decorate	Tincooka
to select	Okucooka
I select	Ncooka
he/she selects	Acooka
I have selected	Ncookire
I don't select	Tincooka
to repent	Okucucuka
I repent	Ncucuka
he/she repents	Acucuka
I have repented	Ncucukire
I don't repent	Tincucuka
to feel feverish	Okucucumwa
I feel feverish	Ncucumwa
he/she feel feverishes	Acucumwa
I have feel feverished	Ncucumwire
feel feverish!	Cucumwa
I don't feel feverish	Tincucumwa
to have diarrhoea	Okucugura
I have diarrhoea	Ncugura
he/she have diarrhoeas	Acugura
I have have diarrhoeaed	Ncuguzire
have diarrhoea!	Cugura
I don't have diarrhoea	Tincugura
to scrach or burrow	Okucukura
I scrach or burrow	Ncukura
he/she scrach or burrows	Acukura
I have scrach or burrowed	Ncukuzire
scrach or burrow!	Cukura
I don't scrach or burrow	Tincukura
to clean	Okucuma
I clean	Ncuma
he/she cleans	Acuma
I have cleaned	Ncumire
I don't clean	Tincuma
to beat intensely	Okucumanga
I beat intensely	Ncumanga
he/she beat intenselies	Acumanga
I have beat intenselied	Ncumangire
beat intensely!	Cumanga
I don't beat intensely	Tincumanga
to gather before rain	Okucumbacumba
I gather before rain	Ncumbacumba
he/she gather before rains	Acumbacumba
I have gather before rained	Ncumbacumbire
gather before rain!	Cumbacumba
I don't gather before rain	Tincumbacumba
to limp	Okucumbagira
I limp	Ncumbagira
he/she limps	Acumbagira
I have limped	Ncumbagizire
I don't limp	Tincumbagira
to go up	Okucumbuuka
I go up	Ncumbuuka
he/she go ups	Acumbuuka
I have go uped	Ncumbuukire
go up!	Cumbuuka
I don't go up	Tincumbuuka
to set ablaze	Okucumika
I set ablaze	Ncumika
he/she set ablazes	Acumika
I have set ablazed	Ncumikire
set ablaze!	Cumika
I don't set ablaze	Tincumika
to cogitate	Okucumitiriza
I cogitate	Ncumitiriza
he/she cogitates	Acumitiriza
I have cogitated	Ncumitirizire
I don't cogitate	Tincumitiriza
to unblock	Okucumunkuza
I unblock	Ncumunkuza
he/she unblocks	Acumunkuza
I have unblocked	Ncumunkuzire
I don't unblock	Tincumunkuza
to lean side ways	Okucuncurama
I lean side ways	Ncuncurama
he/she lean side wayses	Acuncurama
I have lean side waysed	Ncuncuramire
lean side ways!	Cuncurama
I don't lean side ways	Tincuncurama
to redeem	Okucungura
I redeem	Ncungura
he/she redeems	Acungura
I have redeemed	Ncunguzire
I don't redeem	Tincungura
to recover	Okucungura
I recover	Ncungura
he/she recovers	Acungura
I have recovered	Ncunguzire
I don't recover	Tincungura
to rescue	Okucungura
I rescue	Ncungura
he/she rescues	Acungura
I have rescued	Ncunguzire
I don't rescue	Tincungura
to glitter	Okucunyiirira
I glitter	Ncunyiirira
he/she glitters	Acunyiirira
I have glittered	Ncunyiirizire
I don't glitter	Tincunyiirira
to make a reed-wall	Okucuraanira
I make a reed-wall	Ncuraanira
he/she make a reed-walls	Acuraanira
I have make a reed-walled	Ncuraanizire
make a reed-wall!	Curaanira
I don't make a reed-wall	Tincuraanira
to be calm	Okucureera
I be calm	Ncureera
he/she be calms	Acureera
I have be calmed	Ncureezire
be calm!	Cureera
I don't be calm	Tincureera
to mourn for	Okucurira
I mourn for	Ncurira
he/she mourn fors	Acurira
I have mourn fored	Ncurizire
mourn for!	Curira
I don't mourn for	Tincurira
to whistle	Okucuriza
I whistle	Ncuriza
he/she whistles	Acuriza
I have whistled	Ncurizire
I don't whistle	Tincuriza
to wean	Okucuusya
I wean	Ncuusya
he/she weans	Acuusya
I have weaned	Ncuusyire
I don't wean	Tincuusya
to divide into pieces	Okucwa
I divide into pieces	Ncwa
he/she divide into pieceses	Acwa
I have divide into piecesed	Ncwire
divide into pieces!	Cwa
I don't divide into pieces	Tincwa
to dilute	Okucwa-amaizi
I dilute	Ncwa-amaizi
he/she dilutes	Acwa-amaizi
I have diluted	Ncwa-amaiziire
I don't dilute	Tincwa-amaizi
to shorten	Okucwa-bugufu
I shorten	Ncwa-bugufu
he/she shortens	Acwa-bugufu
I have shortened	Ncwa-bugufuire
I don't shorten	Tincwa-bugufu
to undermine	Okucwa-busa
I undermine	Ncwa-busa
he/she undermines	Acwa-busa
I have undermined	Ncwa-busire
I don't undermine	Tincwa-busa
to chop	Okucwacwagura
I chop	Ncwacwagura
he/she chops	Acwacwagura
I have choped	Ncwacwaguzire
I don't chop	Tincwacwagura
to tatoo	Okucwa-engondo
I tatoo	Ncwa-engondo
he/she tatoos	Acwa-engondo
I have tatooed	Ncwa-engondoire
I don't tatoo	Tincwa-engondo
to glance	Okucwa-eryera
I glance	Ncwa-eryera
he/she glances	Acwa-eryera
I have glanced	Ncwa-eryezire
I don't glance	Tincwa-eryera
to mutually terminate friendship	Okucwana
I mutually terminate friendship	Ncwana
he/she mutually terminate friendships	Acwana
I have mutually terminate friendshiped	Ncwanire
mutually terminate friendship!	Cwana
I don't mutually terminate friendship	Tincwana
to destroy	Okucwekereza
I destroy	Ncwekereza
he/she destroys	Acwekereza
I have destroyed	Ncwekerezire
I don't destroy	Tincwekereza
to spit	Okucwera
I spit	Ncwera
he/she spits	Acwera
I have spited	Ncwezire
I don't spit	Tincwera
to strip bare	Okucwijura
I strip bare	Ncwijura
he/she strip bares	Acwijura
I have strip bared	Ncwijuzire
strip bare!	Cwijura
I don't strip bare	Tincwijura
to double	Okudabura
I double	Ndabura
he/she doubles	Adabura
I have doubled	Ndabuzire
I don't double	Tindabura
to repeat	Okudabura
I repeat	Ndabura
he/she repeats	Adabura
I have repeated	Ndabuzire
I don't repeat	Tindabura
failure to get market	Okudiba
to command	Okuduumira
I command	Nduumira
he/she commands	Aduumira
I have commanded	Nduumizire
I don't command	Tinduumira
to boast	Okuduura
I boast	Nduura
he/she boasts	Aduura
I have boasted	Nduuzire
I don't boast	Tinduura
to cease to exist	Okufa
I cease to exist	Nfa
he/she cease to exists	Afa
I have cease to existed	Nfire
cease to exist!	Fa
I don't cease to exist	Tinfa
to care	Okufaho
I care	Nfaho
he/she cares	Afaho
I have cared	Nfahoire
I don't care	Tinfaho
to be concerned	Okufayo
I be concerned	Nfayo
he/she be concerneds	Afayo
I have be concerneded	Nfayoire
be concerned!	Fayo
I don't be concerned	Tinfayo
to die for	Okufeera
I die for	Nfeera
he/she die fors	Afeera
I have die fored	Nfeezire
die for!	Feera
I don't die for	Tinfeera
to miss	Okufeerwa
I miss	Nfeerwa
he/she misses	Afeerwa
I have missed	Nfeerwire
I don't miss	Tinfeerwa
to be bereaved	Okufiisa
I be bereaved	Nfiisa
he/she be bereaveds	Afiisa
I have be bereaveded	Nfiisire
be bereaved!	Fiisa
I don't be bereaved	Tinfiisa
to waste or squander	Okufiisa
I waste or squander	Nfiisa
he/she waste or squanders	Afiisa
I have waste or squandered	Nfiisire
waste or squander!	Fiisa
I don't waste or squander	Tinfiisa
to dye	Okufooka
I dye	Nfooka
he/she dyes	Afooka
I have dyed	Nfookire
I don't dye	Tinfooka
to be soft	Okufootooka
I be soft	Nfootooka
he/she be softs	Afootooka
I have be softed	Nfootookire
be soft!	Footooka
I don't be soft	Tinfootooka
to search	Okufooza
I search	Nfooza
he/she searches	Afooza
I have searched	Nfoozire
I don't search	Tinfooza
to strive for something	Okufuba
I strive for something	Nfuba
he/she strive for somethings	Afuba
I have strive for somethinged	Nfubire
strive for something!	Fuba
I don't strive for something	Tinfuba
to punish	Okufubira
I punish	Nfubira
he/she punishes	Afubira
I have punished	Nfubizire
I don't punish	Tinfubira
to get cold	Okufuka
I get cold	Nfuka
he/she get colds	Afuka
I have get colded	Nfukire
get cold!	Fuka
I don't get cold	Tinfuka
to wrestle	Okufukaana
I wrestle	Nfukaana
he/she wrestles	Afukaana
I have wrestled	Nfukaanire
I don't wrestle	Tinfukaana
to kneel	Okufukama
I kneel	Nfukama
he/she kneels	Afukama
I have kneeled	Nfukamire
I don't kneel	Tinfukama
to fade	Okufukunkuka
I fade	Nfukunkuka
he/she fades	Afukunkuka
I have faded	Nfukunkukire
I don't fade	Tinfukunkuka
to embrace or cuddle	Okufumbata
I embrace or cuddle	Nfumbata
he/she embrace or cuddles	Afumbata
I have embrace or cuddled	Nfumbasire
embrace or cuddle!	Fumbata
I don't embrace or cuddle	Tinfumbata
to piece through something	Okufumura
I piece through something	Nfumura
he/she piece through somethings	Afumura
I have piece through somethinged	Nfumuzire
piece through something!	Fumura
I don't piece through something	Tinfumura
to break out	Okufumura
I break out	Nfumura
he/she break outs	Afumura
I have break outed	Nfumuzire
break out!	Fumura
I don't break out	Tinfumura
to be restricted	Okufundamira
I be restricted	Nfundamira
he/she be restricteds	Afundamira
I have be restricteded	Nfundamizire
be restricted!	Fundamira
I don't be restricted	Tinfundamira
to dilute a liquid	Okufungura
I dilute a liquid	Nfungura
he/she dilute a liquids	Afungura
I have dilute a liquided	Nfunguzire
dilute a liquid!	Fungura
I don't dilute a liquid	Tinfungura
to water down	Okufungura
I water down	Nfungura
he/she water downs	Afungura
I have water downed	Nfunguzire
water down!	Fungura
I don't water down	Tinfungura
to snort	Okufuniza
I snort	Nfuniza
he/she snorts	Afuniza
I have snorted	Nfunizire
I don't snort	Tinfuniza
to fold paper, cloth	Okufunya
I fold paper, cloth	Nfunya
he/she fold paper, cloths	Afunya
I have fold paper, clothed	Nfunyire
fold paper, cloth!	Funya
I don't fold paper, cloth	Tinfunya
to become creased	Okufunyara
I become creased	Nfunyara
he/she become creaseds	Afunyara
I have become creaseded	Nfunyazire
become creased!	Funyara
I don't become creased	Tinfunyara
to fold something	Okufunyika
I fold something	Nfunyika
he/she fold somethings	Afunyika
I have fold somethinged	Nfunyikire
fold something!	Funyika
I don't fold something	Tinfunyika
to abbreviate	Okufunza
I abbreviate	Nfunza
he/she abbreviates	Afunza
I have abbreviated	Nfunzire
I don't abbreviate	Tinfunza
to migrate	Okufuruka
I migrate	Nfuruka
he/she migrates	Afuruka
I have migrated	Nfurukire
I don't migrate	Tinfuruka
to chew	Okufutana
I chew	Nfutana
he/she chews	Afutana
I have chewed	Nfutanire
I don't chew	Tinfutana
to spray	Okufuuhirira
I spray	Nfuuhirira
he/she sprays	Afuuhirira
I have sprayed	Nfuuhirizire
I don't spray	Tinfuuhirira
to pluck off	Okufuura
I pluck off	Nfuura
he/she pluck offs	Afuura
I have pluck offed	Nfuuzire
pluck off!	Fuura
I don't pluck off	Tinfuura
to be calmed down	Okufuzibwa
I be calmed down	Nfuzibwa
he/she be calmed downs	Afuzibwa
I have be calmed downed	Nfuzibwire
be calmed down!	Fuzibwa
I don't be calmed down	Tinfuzibwa
be stiff	Okugaara
I be stiff	Ngaara
he/she be stiffs	Agaara
I have be stiffed	Ngaazire
be stiff!	Gaara
I don't be stiff	Tingaara
to seperate things forcefully	Okugaasanura
I seperate things forcefully	Ngaasanura
he/she seperate things forcefullies	Agaasanura
I have seperate things forcefullied	Ngaasanuzire
seperate things forcefully!	Gaasanura
I don't seperate things forcefully	Tingaasanura
to give	Okugaba
I give	Ngaba
he/she gives	Agaba
I have gived	Ngabire
I don't give	Tingaba
to grow fat	Okugaija
I grow fat	Ngaija
he/she grow fats	Agaija
I have grow fated	Ngaizire
grow fat!	Gaija
I don't grow fat	Tingaija
to talk too much	Okugambuka
I talk too much	Ngambuka
he/she talk too muches	Agambuka
I have talk too muched	Ngambukire
talk too much!	Gambuka
I don't talk too much	Tingambuka
to gossip	Okugambuka
I gossip	Ngambuka
he/she gossips	Agambuka
I have gossiped	Ngambukire
I don't gossip	Tingambuka
to tell a foktale	Okugana
I tell a foktale	Ngana
he/she tell a foktales	Agana
I have tell a foktaled	Nganire
tell a foktale!	Gana
I don't tell a foktale	Tingana
to ward tobacco	Okuganda
I ward tobacco	Nganda
he/she ward tobaccos	Aganda
I have ward tobaccoed	Ngandire
ward tobacco!	Ganda
I don't ward tobacco	Tinganda
to weather	Okuganda
I weather	Nganda
he/she weathers	Aganda
I have weathered	Ngandire
I don't weather	Tinganda
to feel hungry	Okuganda
I feel hungry	Nganda
he/she feel hungries	Aganda
I have feel hungried	Ngandire
feel hungry!	Ganda
I don't feel hungry	Tinganda
to become hard hearted	Okugangaara
I become hard hearted	Ngangaara
he/she become hard hearteds	Agangaara
I have become hard hearteded	Ngangaazire
become hard hearted!	Gangaara
I don't become hard hearted	Tingangaara
to be unmoving	Okugangaara
I be unmoving	Ngangaara
he/she be unmovings	Agangaara
I have be unmovinged	Ngangaazire
be unmoving!	Gangaara
I don't be unmoving	Tingangaara
to frighten someone	Okugangaijura
I frighten someone	Ngangaijura
he/she frighten someones	Agangaijura
I have frighten someoned	Ngangaijuzire
frighten someone!	Gangaijura
I don't frighten someone	Tingangaijura
to open something wide	Okugaruura
I open something wide	Ngaruura
he/she open something wides	Agaruura
I have open something wided	Ngaruuzire
open something wide!	Garuura
I don't open something wide	Tingaruura
to despise	Okugaya
I despise	Ngaya
he/she despises	Agaya
I have despised	Ngayire
I don't despise	Tingaya
to communicate	Okugaya
I communicate	Ngaya
he/she communicates	Agaya
I have communicated	Ngayire
I don't communicate	Tingaya
to forge documents, money	Okugingirira
I forge documents, money	Ngingirira
he/she forge documents, moneys	Agingirira
I have forge documents, moneyed	Ngingirizire
forge documents, money!	Gingirira
I don't forge documents, money	Tingingirira
to say	Okugira
I say	Ngira
he/she says	Agira
I have sayed	Ngizire
I don't say	Tingira
to win a game	Okugoba
I win a game	Ngoba
he/she win a games	Agoba
I have win a gamed	Ngobire
win a game!	Goba
I don't win a game	Tingoba
to suckle	Okugoboza
I suckle	Ngoboza
he/she suckles	Agoboza
I have suckled	Ngobozire
I don't suckle	Tingoboza
to walk majestically	Okugoga
I walk majestically	Ngoga
he/she walk majesticallies	Agoga
I have walk majesticallied	Ngogire
walk majestically!	Goga
I don't walk majestically	Tingoga
to have constipation	Okugomeererwa
I have constipation	Ngomeererwa
he/she have constipations	Agomeererwa
I have have constipationed	Ngomeererwire
have constipation!	Gomeererwa
I don't have constipation	Tingomeererwa
to transform	Okugomoora
I transform	Ngomoora
he/she transforms	Agomoora
I have transformed	Ngomoozire
I don't transform	Tingomoora
to snore	Okugona
I snore	Ngona
he/she snores	Agona
I have snored	Ngonire
I don't snore	Tingona
to yell or moan	Okugongera
I yell or moan	Ngongera
he/she yell or moans	Agongera
I have yell or moaned	Ngongezire
yell or moan!	Gongera
I don't yell or moan	Tingongera
to correct a mistake	Okugonjoora
I correct a mistake	Ngonjoora
he/she correct a mistakes	Agonjoora
I have correct a mistaked	Ngonjoozire
correct a mistake!	Gonjoora
I don't correct a mistake	Tingonjoora
to be malleable	Okugonya
I be malleable	Ngonya
he/she be malleables	Agonya
I have be malleabled	Ngonyire
be malleable!	Gonya
I don't be malleable	Tingonya
to work for nothing	Okugooka
I work for nothing	Ngooka
he/she work for nothings	Agooka
I have work for nothinged	Ngookire
work for nothing!	Gooka
I don't work for nothing	Tingooka
to work very hard	Okugootooka
I work very hard	Ngootooka
he/she work very hards	Agootooka
I have work very harded	Ngootookire
work very hard!	Gootooka
I don't work very hard	Tingootooka
to drink fast	Okugotomera
I drink fast	Ngotomera
he/she drink fasts	Agotomera
I have drink fasted	Ngotomezire
drink fast!	Gotomera
I don't drink fast	Tingotomera
to mingle	Okugoya
I mingle	Ngoya
he/she mingles	Agoya
I have mingled	Ngoyire
I don't mingle	Tingoya
to become short	Okugufuhara
I become short	Ngufuhara
he/she become shorts	Agufuhara
I have become shorted	Ngufuhazire
become short!	Gufuhara
I don't become short	Tingufuhara
to endure	Okugumaanya
I endure	Ngumaanya
he/she endures	Agumaanya
I have endured	Ngumaanyire
I don't endure	Tingumaanya
to keep quiet	Okugumba
I keep quiet	Ngumba
he/she keep quiets	Agumba
I have keep quieted	Ngumbire
keep quiet!	Gumba
I don't keep quiet	Tingumba
to be patient	Okugumisiriza
I be patient	Ngumisiriza
he/she be patients	Agumisiriza
I have be patiented	Ngumisirizire
be patient!	Gumisiriza
I don't be patient	Tingumisiriza
to move on	Okugumizamu
I move on	Ngumizamu
he/she move ons	Agumizamu
I have move oned	Ngumizamuire
move on!	Gumizamu
I don't move on	Tingumizamu
to be stunted	Okuguna
I be stunted	Nguna
he/she be stunteds	Aguna
I have be stunteded	Ngunire
be stunted!	Guna
I don't be stunted	Tinguna
to block the way	Okugungira
I block the way	Ngungira
he/she block the ways	Agungira
I have block the wayed	Ngungizire
block the way!	Gungira
I don't block the way	Tingungira
to compose songs	Okugunja
I compose songs	Ngunja
he/she compose songses	Agunja
I have compose songsed	Ngunzire
compose songs!	Gunja
I don't compose songs	Tingunja
to be civilised	Okugunjuka
I be civilised	Ngunjuka
he/she be civiliseds	Agunjuka
I have be civiliseded	Ngunjukire
be civilised!	Gunjuka
I don't be civilised	Tingunjuka
to open eyes widely	Okugunura
I open eyes widely	Ngunura
he/she open eyes widelies	Agunura
I have open eyes widelied	Ngunuzire
open eyes widely!	Gunura
I don't open eyes widely	Tingunura
to buy	Okugura
I buy	Ngura
he/she buys	Agura
I have buyed	Nguzire
I don't buy	Tingura
to doubt	Okuguraagurusa
I doubt	Nguraagurusa
he/she doubts	Aguraagurusa
I have doubted	Nguraagurusire
I don't doubt	Tinguraagurusa
to jump	Okuguruka
I jump	Nguruka
he/she jumps	Aguruka
I have jumped	Ngurukire
I don't jump	Tinguruka
to jump at something	Okugurukira
I jump at something	Ngurukira
he/she jump at somethings	Agurukira
I have jump at somethinged	Ngurukizire
jump at something!	Gurukira
I don't jump at something	Tingurukira
to be rebelious	Okuguuriima
I be rebelious	Nguuriima
he/she be rebeliouses	Aguuriima
I have be rebelioused	Nguuriimire
be rebelious!	Guuriima
I don't be rebelious	Tinguuriima
to sell	Okuguza
I sell	Nguza
he/she sells	Aguza
I have selled	Nguzire
I don't sell	Tinguza
to borrow	Okuguza
I borrow	Nguza
he/she borrows	Aguza
I have borrowed	Nguzire
I don't borrow	Tinguza
to experience indigestion	Okugwa-empihi
I experience indigestion	Ngwa-empihi
he/she experience indigestions	Agwa-empihi
I have experience indigestioned	Ngwa-empihiire
experience indigestion!	Gwa-empihi
I don't experience indigestion	Tingwa-empihi
to feel good	Okugwage
I feel good	Ngwage
he/she feel goods	Agwage
I have feel gooded	Ngwageire
feel good!	Gwage
I don't feel good	Tingwage
the act of embracing	Okugwa-omunda
to fall asleep	Okugwejegera
I fall asleep	Ngwejegera
he/she fall asleeps	Agwejegera
I have fall asleeped	Ngwejegezire
fall asleep!	Gwejegera
I don't fall asleep	Tingwejegera
to flatter someone	Okugwengagwenga
I flatter someone	Ngwengagwenga
he/she flatter someones	Agwengagwenga
I have flatter someoned	Ngwengagwengire
flatter someone!	Gwengagwenga
I don't flatter someone	Tingwengagwenga
to waylay someone	Okugwera
I waylay someone	Ngwera
he/she waylay someones	Agwera
I have waylay someoned	Ngwezire
waylay someone!	Gwera
I don't waylay someone	Tingwera
to side with someone	Okugwera-orubaju
I side with someone	Ngwera-orubaju
he/she side with someones	Agwera-orubaju
I have side with someoned	Ngwera-orubajuire
side with someone!	Gwera-orubaju
I don't side with someone	Tingwera-orubaju
to be partial	Okugwera-orubaju
I be partial	Ngwera-orubaju
he/she be partials	Agwera-orubaju
I have be partialed	Ngwera-orubajuire
be partial!	Gwera-orubaju
I don't be partial	Tingwera-orubaju
to fool someone	Okugega
I fool someone	Ngega
he/she fool someones	Agega
I have fool someoned	Ngegire
fool someone!	Gega
I don't fool someone	Tingega
to creak	Okugegema
I creak	Ngegema
he/she creaks	Agegema
I have creaked	Ngegemire
I don't creak	Tingegema
to filter	Okugegena
I filter	Ngegena
he/she filters	Agegena
I have filtered	Ngegenire
I don't filter	Tingegena
to compel	Okugema
I compel	Ngema
he/she compels	Agema
I have compeled	Ngemire
I don't compel	Tingema
to immunise	Okugema
I immunise	Ngema
he/she immunises	Agema
I have immunised	Ngemire
I don't immunise	Tingema
to grow	Okugemeka
I grow	Ngemeka
he/she grows	Agemeka
I have growed	Ngemekire
I don't grow	Tingemeka
to leave	Okugenda
I leave	Ngenda
he/she leaves	Agenda
I have leaved	Ngendire
I don't leave	Tingenda
to do something intentionally	Okugenderera
I do something intentionally	Ngenderera
he/she do something intentionallies	Agenderera
I have do something intentionallied	Ngenderezire
do something intentionally!	Genderera
I don't do something intentionally	Tingenderera
to advise, or counsel	Okugengera
I advise, or counsel	Ngengera
he/she advise, or counsels	Agengera
I have advise, or counseled	Ngengezire
advise, or counsel!	Gengera
I don't advise, or counsel	Tingengera
to redicule someone	Okugerega
I redicule someone	Ngerega
he/she redicule someones	Agerega
I have redicule someoned	Ngeregire
redicule someone!	Gerega
I don't redicule someone	Tingerega
to levy tax	Okugereka
I levy tax	Ngereka
he/she levy taxs	Agereka
I have levy taxed	Ngerekire
levy tax!	Gereka
I don't levy tax	Tingereka
to try	Okugezaho
I try	Ngezaho
he/she tries	Agezaho
I have tried	Ngezahoire
I don't try	Tingezaho
to give	Okuha
I give	Nha
he/she gives	Aha
I have gived	Nhire
I don't give	Tinha
to be satisfied	Okuhaaga
I be satisfied	Nhaaga
he/she be satisfieds	Ahaaga
I have be satisfieded	Nhaagire
be satisfied!	Haaga
I don't be satisfied	Tinhaaga
to disparage	Okuhaaha
I disparage	Nhaaha
he/she disparages	Ahaaha
I have disparaged	Nhaahire
I don't disparage	Tinhaaha
to harass	Okuhaahaana.
I harass	Nhaahaana.
he/she harasses	Ahaahaana.
I have harassed	Nhaahaana.ire
I don't harass	Tinhaahaana.
to breathe very fast	Okuhaahagira
I breathe very fast	Nhaahagira
he/she breathe very fasts	Ahaahagira
I have breathe very fasted	Nhaahagizire
breathe very fast!	Haahagira
I don't breathe very fast	Tinhaahagira
to sway while walking	Okuhaahuuza
I sway while walking	Nhaahuuza
he/she sway while walkings	Ahaahuuza
I have sway while walkinged	Nhaahuuzire
sway while walking!	Haahuuza
I don't sway while walking	Tinhaahuuza
to barter	Okuhaanisa
I barter	Nhaanisa
he/she barters	Ahaanisa
I have bartered	Nhaanisire
I don't barter	Tinhaanisa
to be adamant	Okuhaasa
I be adamant	Nhaasa
he/she be adamants	Ahaasa
I have be adamanted	Nhaasire
be adamant!	Haasa
I don't be adamant	Tinhaasa
to purify or cleanse	Okuhaasirira
I purify or cleanse	Nhaasirira
he/she purify or cleanses	Ahaasirira
I have purify or cleansed	Nhaasirizire
purify or cleanse!	Haasirira
I don't purify or cleanse	Tinhaasirira
to peel	Okuhaata
I peel	Nhaata
he/she peels	Ahaata
I have peeled	Nhaasire
I don't peel	Tinhaata
to finish milking	Okuhaaza
I finish milking	Nhaaza
he/she finish milkings	Ahaaza
I have finish milkinged	Nhaazire
finish milking!	Haaza
I don't finish milking	Tinhaaza
to advise	Okuhabura
I advise	Nhabura
he/she advises	Ahabura
I have advised	Nhabuzire
I don't advise	Tinhabura
to guide or direct	Okuhabura
I guide or direct	Nhabura
he/she guide or directs	Ahabura
I have guide or directed	Nhabuzire
guide or direct!	Habura
I don't guide or direct	Tinhabura
to prune	Okuhaburira
I prune	Nhaburira
he/she prunes	Ahaburira
I have pruned	Nhaburizire
I don't prune	Tinhaburira
to find the way	Okuhabuuka
I find the way	Nhabuuka
he/she find the ways	Ahabuuka
I have find the wayed	Nhabuukire
find the way!	Habuuka
I don't find the way	Tinhabuuka
to ask for direction	Okuhabuza
I ask for direction	Nhabuza
he/she ask for directions	Ahabuza
I have ask for directioned	Nhabuzire
ask for direction!	Habuza
I don't ask for direction	Tinhabuza
to support	Kuha-emikono
to inflate or swell	Okuhaga
I inflate or swell	Nhaga
he/she inflate or swells	Ahaga
I have inflate or swelled	Nhagire
inflate or swell!	Haga
I don't inflate or swell	Tinhaga
to sharpen	Okuhagara
I sharpen	Nhagara
he/she sharpens	Ahagara
I have sharpened	Nhagazire
I don't sharpen	Tinhagara
to become detached	Okuhaguka
I become detached	Nhaguka
he/she become detacheds	Ahaguka
I have become detacheded	Nhagukire
become detached!	Haguka
I don't become detached	Tinhaguka
to panic	Okuhaha
I panic	Nhaha
he/she panics	Ahaha
I have paniced	Nhahire
I don't panic	Tinhaha
to praise	Okuhaisa
I praise	Nhaisa
he/she praises	Ahaisa
I have praised	Nhaisire
I don't praise	Tinhaisa
to contradict	Okuhakanisa
I contradict	Nhakanisa
he/she contradicts	Ahakanisa
I have contradicted	Nhakanisire
I don't contradict	Tinhakanisa
to rape	Okuhamba
I rape	Nhamba
he/she rapes	Ahamba
I have raped	Nhambire
I don't rape	Tinhamba
to stick on something	Okuhamira
I stick on something	Nhamira
he/she stick on somethings	Ahamira
I have stick on somethinged	Nhamizire
stick on something!	Hamira
I don't stick on something	Tinhamira
to stress a point	Okuhamisiriza
I stress a point	Nhamisiriza
he/she stress a points	Ahamisiriza
I have stress a pointed	Nhamisirizire
stress a point!	Hamisiriza
I don't stress a point	Tinhamisiriza
to be indecent	Okuhampuza
I be indecent	Nhampuza
he/she be indecents	Ahampuza
I have be indecented	Nhampuzire
be indecent!	Hampuza
I don't be indecent	Tinhampuza
to become rough	Okuhanda
I become rough	Nhanda
he/she become roughs	Ahanda
I have become roughed	Nhandire
become rough!	Handa
I don't become rough	Tinhanda
to work hard	Okuhanda-bunaku
I work hard	Nhanda-bunaku
he/she work hards	Ahanda-bunaku
I have work harded	Nhanda-bunakuire
work hard!	Handa-bunaku
I don't work hard	Tinhanda-bunaku
to write	Okuhandiika
I write	Nhandiika
he/she writes	Ahandiika
I have writed	Nhandiikire
I don't write	Tinhandiika
to create	Okuhanga
I create	Nhanga
he/she creates	Ahanga
I have created	Nhangire
I don't create	Tinhanga
to stare	Okuhanga-amaiso
I stare	Nhanga-amaiso
he/she stares	Ahanga-amaiso
I have stared	Nhanga-amaisoire
I don't stare	Tinhanga-amaiso
to live long	Okuhangaara
I live long	Nhangaara
he/she live longs	Ahangaara
I have live longed	Nhangaazire
live long!	Hangaara
I don't live long	Tinhangaara
to be creative	Okuhangahanga
I be creative	Nhangahanga
he/she be creatives	Ahangahanga
I have be creatived	Nhangahangire
be creative!	Hangahanga
I don't be creative	Tinhangahanga
to repair	Okuhangirira
I repair	Nhangirira
he/she repairs	Ahangirira
I have repaired	Nhangirizire
I don't repair	Tinhangirira
to come unexpectedly	Okuhanguka
I come unexpectedly	Nhanguka
he/she come unexpectedlies	Ahanguka
I have come unexpectedlied	Nhangukire
come unexpectedly!	Hanguka
I don't come unexpectedly	Tinhanguka
widen or to enlarge	Okuhangusa
to become archaic	Okuhanguuka
I become archaic	Nhanguuka
he/she become archaics	Ahanguuka
I have become archaiced	Nhanguukire
become archaic!	Hanguuka
I don't become archaic	Tinhanguuka
to become unfashionable	Okuhanguuka
I become unfashionable	Nhanguuka
he/she become unfashionables	Ahanguuka
I have become unfashionabled	Nhanguukire
become unfashionable!	Hanguuka
I don't become unfashionable	Tinhanguuka
to raise something	Okuhanika
I raise something	Nhanika
he/she raise somethings	Ahanika
I have raise somethinged	Nhanikire
raise something!	Hanika
I don't raise something	Tinhanika
to discuss something	Okuhanuura
I discuss something	Nhanuura
he/she discuss somethings	Ahanuura
I have discuss somethinged	Nhanuuzire
discuss something!	Hanuura
I don't discuss something	Tinhanuura
to defaecate	Okuhanvuura
I defaecate	Nhanvuura
he/she defaecates	Ahanvuura
I have defaecated	Nhanvuuzire
I don't defaecate	Tinhanvuura
(of animals) to feed	Okuhanza
I (of animals) to feed	Nhanza
he/she (of animals) to feeds	Ahanza
I have (of animals) to feeded	Nhanzire
(of animals) to feed!	Hanza
I don't (of animals) to feed	Tinhanza
to scratch	Okuhara
I scratch	Nhara
he/she scratches	Ahara
I have scratched	Nhazire
I don't scratch	Tinhara
to play about	Okuharaatwa
I play about	Nharaatwa
he/she play abouts	Aharaatwa
I have play abouted	Nharaatwire
play about!	Haraatwa
I don't play about	Tinharaatwa
to make someone restless	Okuharahaaza
I make someone restless	Nharahaaza
he/she make someone restlesses	Aharahaaza
I have make someone restlessed	Nharahaazire
make someone restless!	Harahaaza
I don't make someone restless	Tinharahaaza
to make an attempt	Okuharahara
I make an attempt	Nharahara
he/she make an attempts	Aharahara
I have make an attempted	Nharahazire
make an attempt!	Harahara
I don't make an attempt	Tinharahara
to do shoddy work	Okuharambura
I do shoddy work	Nharambura
he/she do shoddy works	Aharambura
I have do shoddy worked	Nharambuzire
do shoddy work!	Harambura
I don't do shoddy work	Tinharambura
to crave for something	Okuharira
I crave for something	Nharira
he/she crave for somethings	Aharira
I have crave for somethinged	Nharizire
crave for something!	Harira
I don't crave for something	Tinharira
to compete	Okuhayana
I compete	Nhayana
he/she competes	Ahayana
I have competed	Nhayanire
I don't compete	Tinhayana
to be disobedient	Okuhaza
I be disobedient	Nhaza
he/she be disobedients	Ahaza
I have be disobediented	Nhazire
be disobedient!	Haza
I don't be disobedient	Tinhaza
to stammer	Okuhebeba
I stammer	Nhebeba
he/she stammers	Ahebeba
I have stammered	Nhebebire
I don't stammer	Tinhebeba
to woo a woman	Okuheeheeta
I woo a woman	Nheeheeta
he/she woo a womans	Aheeheeta
I have woo a womaned	Nheeheesire
woo a woman!	Heeheeta
I don't woo a woman	Tinheeheeta
to kill a person	Okuheekuura
I kill a person	Nheekuura
he/she kill a persons	Aheekuura
I have kill a personed	Nheekuuzire
kill a person!	Heekuura
I don't kill a person	Tinheekuura
to give	Okuheereza
I give	Nheereza
he/she gives	Aheereza
I have gived	Nheerezire
I don't give	Tinheereza
to serve	Okuheereza
I serve	Nheereza
he/she serves	Aheereza
I have served	Nheerezire
I don't serve	Tinheereza
to become stunted	Okuhempura
I become stunted	Nhempura
he/she become stunteds	Ahempura
I have become stunteded	Nhempuzire
become stunted!	Hempura
I don't become stunted	Tinhempura
to be embarassed	Okuhemuka
I be embarassed	Nhemuka
he/she be embarasseds	Ahemuka
I have be embarasseded	Nhemukire
be embarassed!	Hemuka
I don't be embarassed	Tinhemuka
to embarrass someone	Okuhemura
I embarrass someone	Nhemura
he/she embarrass someones	Ahemura
I have embarrass someoned	Nhemuzire
embarrass someone!	Hemura
I don't embarrass someone	Tinhemura
to be a disgrace	Okuhemurana
I be a disgrace	Nhemurana
he/she be a disgraces	Ahemurana
I have be a disgraced	Nhemuranire
be a disgrace!	Hemurana
I don't be a disgrace	Tinhemurana
to break something	Okuhenda
I break something	Nhenda
he/she break somethings	Ahenda
I have break somethinged	Nhendire
break something!	Henda
I don't break something	Tinhenda
to get broken	Okuhendeka
I get broken	Nhendeka
he/she get brokens	Ahendeka
I have get brokened	Nhendekire
get broken!	Hendeka
I don't get broken	Tinhendeka
to insult someone	Okuhenduura
I insult someone	Nhenduura
he/she insult someones	Ahenduura
I have insult someoned	Nhenduuzire
insult someone!	Henduura
I don't insult someone	Tinhenduura
to fall over something	Okuhenengera
I fall over something	Nhenengera
he/she fall over somethings	Ahenengera
I have fall over somethinged	Nhenengezire
fall over something!	Henengera
I don't fall over something	Tinhenengera
to laugh excessively	Okuhenuza
I laugh excessively	Nhenuza
he/she laugh excessivelies	Ahenuza
I have laugh excessivelied	Nhenuzire
laugh excessively!	Henuza
I don't laugh excessively	Tinhenuza
to scold someone	Okuhera
I scold someone	Nhera
he/she scold someones	Ahera
I have scold someoned	Nhezire
scold someone!	Hera
I don't scold someone	Tinhera
to insult one another	Okuhesurana
I insult one another	Nhesurana
he/she insult one anothers	Ahesurana
I have insult one anothered	Nhesuranire
insult one another!	Hesurana
I don't insult one another	Tinhesurana
to support	Okuhigika
I support	Nhigika
he/she supports	Ahigika
I have supported	Nhigikire
I don't support	Tinhigika
to grunt	Okuhigima
I grunt	Nhigima
he/she grunts	Ahigima
I have grunted	Nhigimire
I don't grunt	Tinhigima
to hunt	Okuhiiga
I hunt	Nhiiga
he/she hunts	Ahiiga
I have hunted	Nhiigire
I don't hunt	Tinhiiga
to persecute	Okuhiiganisa
I persecute	Nhiiganisa
he/she persecutes	Ahiiganisa
I have persecuted	Nhiiganisire
I don't persecute	Tinhiiganisa
to be lucky	Okuhiirwa
I be lucky	Nhiirwa
he/she be luckies	Ahiirwa
I have be luckied	Nhiirwire
be lucky!	Hiirwa
I don't be lucky	Tinhiirwa
to get something right	Okuhika
I get something right	Nhika
he/she get something rights	Ahika
I have get something righted	Nhikire
get something right!	Hika
I don't get something right	Tinhika
to be righteous	Okuhikiirira
I be righteous	Nhikiirira
he/she be righteouses	Ahikiirira
I have be righteoused	Nhikiirizire
be righteous!	Hikiirira
I don't be righteous	Tinhikiirira
to fulfil	Okuhikiiriza
I fulfil	Nhikiiriza
he/she fulfils	Ahikiiriza
I have fulfiled	Nhikiirizire
I don't fulfil	Tinhikiiriza
to be a victim	Okuhikirwa
I be a victim	Nhikirwa
he/she be a victims	Ahikirwa
I have be a victimed	Nhikirwire
be a victim!	Hikirwa
I don't be a victim	Tinhikirwa
to praise	Okuhimbisa
I praise	Nhimbisa
he/she praises	Ahimbisa
I have praised	Nhimbisire
I don't praise	Tinhimbisa
to change	Okuhinduka
I change	Nhinduka
he/she changes	Ahinduka
I have changed	Nhindukire
I don't change	Tinhinduka
to convert	Okuhinduka
I convert	Nhinduka
he/she converts	Ahinduka
I have converted	Nhindukire
I don't convert	Tinhinduka
to dig or cultivate	Okuhinga
I dig or cultivate	Nhinga
he/she dig or cultivates	Ahinga
I have dig or cultivated	Nhingire
dig or cultivate!	Hinga
I don't dig or cultivate	Tinhinga
to exchange	Okuhingaana
I exchange	Nhingaana
he/she exchanges	Ahingaana
I have exchanged	Nhingaanire
I don't exchange	Tinhingaana
to over-lap	Okuhingikana
I over-lap	Nhingikana
he/she over-laps	Ahingikana
I have over-laped	Nhingikanire
I don't over-lap	Tinhingikana
to register	Okuhingiza
I register	Nhingiza
he/she registers	Ahingiza
I have registered	Nhingizire
I don't register	Tinhingiza
make someone pass something	Okuhinguza
I make someone pass something	Nhinguza
he/she make someone pass somethings	Ahinguza
I have make someone pass somethinged	Nhinguzire
make someone pass something!	Hinguza
I don't make someone pass something	Tinhinguza
to gush out	Okuhinintuka
I gush out	Nhinintuka
he/she gush outs	Ahinintuka
I have gush outed	Nhinintukire
gush out!	Hinintuka
I don't gush out	Tinhinintuka
to fall down	Okuhirima
I fall down	Nhirima
he/she fall downs	Ahirima
I have fall downed	Nhirimire
fall down!	Hirima
I don't fall down	Tinhirima
to make something roll	Okuhiringisa
I make something roll	Nhiringisa
he/she make something rolls	Ahiringisa
I have make something rolled	Nhiringisire
make something roll!	Hiringisa
I don't make something roll	Tinhiringisa
to roll	Okuhiringita
I roll	Nhiringita
he/she rolls	Ahiringita
I have rolled	Nhiringisire
I don't roll	Tinhiringita
to make something roll	Okuhiringuza
I make something roll	Nhiringuza
he/she make something rolls	Ahiringuza
I have make something rolled	Nhiringuzire
make something roll!	Hiringuza
I don't make something roll	Tinhiringuza
to invoke evil spirits	Okuhiriza
I invoke evil spirits	Nhiriza
he/she invoke evil spiritses	Ahiriza
I have invoke evil spiritsed	Nhirizire
invoke evil spirits!	Hiriza
I don't invoke evil spirits	Tinhiriza
to become very soft	Okuhoha
I become very soft	Nhoha
he/she become very softs	Ahoha
I have become very softed	Nhohire
become very soft!	Hoha
I don't become very soft	Tinhoha
to plaster	Okuhoma
I plaster	Nhoma
he/she plasters	Ahoma
I have plastered	Nhomire
I don't plaster	Tinhoma
to shrivel up	Okuhombanya
I shrivel up	Nhombanya
he/she shrivel ups	Ahombanya
I have shrivel uped	Nhombanyire
shrivel up!	Hombanya
I don't shrivel up	Tinhombanya
to undress in public	Okuhompoora
I undress in public	Nhompoora
he/she undress in publics	Ahompoora
I have undress in publiced	Nhompoozire
undress in public!	Hompoora
I don't undress in public	Tinhompoora
(of cereals) to overgrow	Okuhona
I (of cereals) to overgrow	Nhona
he/she (of cereals) to overgrows	Ahona
I have (of cereals) to overgrowed	Nhonire
(of cereals) to overgrow!	Hona
I don't (of cereals) to overgrow	Tinhona
to hit or knock	Okuhonda
I hit or knock	Nhonda
he/she hit or knocks	Ahonda
I have hit or knocked	Nhondire
hit or knock!	Honda
I don't hit or knock	Tinhonda
to pound	Okuhonda
I pound	Nhonda
he/she pounds	Ahonda
I have pounded	Nhondire
I don't pound	Tinhonda
to oversleep	Okuhondeeza
I oversleep	Nhondeeza
he/she oversleeps	Ahondeeza
I have oversleeped	Nhondeezire
I don't oversleep	Tinhondeeza
to hug, to embrace	Okuhoobeera
I hug, to embrace	Nhoobeera
he/she hug, to embraces	Ahoobeera
I have hug, to embraced	Nhoobeezire
hug, to embrace!	Hoobeera
I don't hug, to embrace	Tinhoobeera
to pay tax	Okuhoora
I pay tax	Nhoora
he/she pay taxs	Ahoora
I have pay taxed	Nhoozire
pay tax!	Hoora
I don't pay tax	Tinhoora
to revenge	Okuhoora-enzigu
I revenge	Nhoora-enzigu
he/she revenges	Ahoora-enzigu
I have revenged	Nhoora-enziguire
I don't revenge	Tinhoora-enzigu
to cool	Okuhora
I cool	Nhora
he/she cools	Ahora
I have cooled	Nhozire
I don't cool	Tinhora
to lose weight	Okuhoroota
I lose weight	Nhoroota
he/she lose weights	Ahoroota
I have lose weighted	Nhoroosire
lose weight!	Horoota
I don't lose weight	Tinhoroota
moral decay	Okuhota
to twist	Okuhotora
I twist	Nhotora
he/she twists	Ahotora
I have twisted	Nhotozire
I don't twist	Tinhotora
to return something	Okuhotora
I return something	Nhotora
he/she return somethings	Ahotora
I have return somethinged	Nhotozire
return something!	Hotora
I don't return something	Tinhotora
to be greedy	Okuhuba
I be greedy	Nhuba
he/she be greedies	Ahuba
I have be greedied	Nhubire
be greedy!	Huba
I don't be greedy	Tinhuba
to be greedy	Okuhugusa
I be greedy	Nhugusa
he/she be greedies	Ahugusa
I have be greedied	Nhugusire
be greedy!	Hugusa
I don't be greedy	Tinhugusa
to clarify something	Okuhuguura
I clarify something	Nhuguura
he/she clarify somethings	Ahuguura
I have clarify somethinged	Nhuguuzire
clarify something!	Huguura
I don't clarify something	Tinhuguura
to wheeze restlessly	Okuhujeera
I wheeze restlessly	Nhujeera
he/she wheeze restlesslies	Ahujeera
I have wheeze restlesslied	Nhujeezire
wheeze restlessly!	Hujeera
I don't wheeze restlessly	Tinhujeera
to become blind	Okuhuma
I become blind	Nhuma
he/she become blinds	Ahuma
I have become blinded	Nhumire
become blind!	Huma
I don't become blind	Tinhuma
to become a leper	Okuhumaana
I become a leper	Nhumaana
he/she become a lepers	Ahumaana
I have become a lepered	Nhumaanire
become a leper!	Humaana
I don't become a leper	Tinhumaana
to close one's eyes	Okuhumagiza
I close one's eyes	Nhumagiza
he/she close one's eyeses	Ahumagiza
I have close one's eyesed	Nhumagizire
close one's eyes!	Humagiza
I don't close one's eyes	Tinhumagiza
to gather wild berries	Okuhumba
I gather wild berries	Nhumba
he/she gather wild berrieses	Ahumba
I have gather wild berriesed	Nhumbire
gather wild berries!	Humba
I don't gather wild berries	Tinhumba
to swarm around	Okuhumbata
I swarm around	Nhumbata
he/she swarm arounds	Ahumbata
I have swarm arounded	Nhumbasire
swarm around!	Humbata
I don't swarm around	Tinhumbata
to resurrect	Okuhumbuuka
I resurrect	Nhumbuuka
he/she resurrects	Ahumbuuka
I have resurrected	Nhumbuukire
I don't resurrect	Tinhumbuuka
to pray for someone	Okuhumbya
I pray for someone	Nhumbya
he/she pray for someones	Ahumbya
I have pray for someoned	Nhumbyire
pray for someone!	Humbya
I don't pray for someone	Tinhumbya
to wink eyes	Okuhumbya
I wink eyes	Nhumbya
he/she wink eyeses	Ahumbya
I have wink eyesed	Nhumbyire
wink eyes!	Humbya
I don't wink eyes	Tinhumbya
to close on's eyes	Okuhumiriza
I close on's eyes	Nhumiriza
he/she close on's eyeses	Ahumiriza
I have close on's eyesed	Nhumirizire
close on's eyes!	Humiriza
I don't close on's eyes	Tinhumiriza
to close the eyes	Okuhumiza
I close the eyes	Nhumiza
he/she close the eyeses	Ahumiza
I have close the eyesed	Nhumizire
close the eyes!	Humiza
I don't close the eyes	Tinhumiza
to open eyes	Okuhumuura
I open eyes	Nhumuura
he/she open eyeses	Ahumuura
I have open eyesed	Nhumuuzire
open eyes!	Humuura
I don't open eyes	Tinhumuura
to decorate	Okuhunama
I decorate	Nhunama
he/she decorates	Ahunama
I have decorated	Nhunamire
I don't decorate	Tinhunama
to grow thin	Okuhundama
I grow thin	Nhundama
he/she grow thins	Ahundama
I have grow thined	Nhundamire
grow thin!	Hundama
I don't grow thin	Tinhundama
to cause starvation	Okuhundika
I cause starvation	Nhundika
he/she cause starvations	Ahundika
I have cause starvationed	Nhundikire
cause starvation!	Hundika
I don't cause starvation	Tinhundika
to lose lusture	Okuhunduuka
I lose lusture	Nhunduuka
he/she lose lustures	Ahunduuka
I have lose lustured	Nhunduukire
lose lusture!	Hunduuka
I don't lose lusture	Tinhunduuka
to make something fade	Okuhunduura
I make something fade	Nhunduura
he/she make something fades	Ahunduura
I have make something faded	Nhunduuzire
make something fade!	Hunduura
I don't make something fade	Tinhunduura
to renovate	Okuhunduuza
I renovate	Nhunduuza
he/she renovates	Ahunduuza
I have renovated	Nhunduuzire
I don't renovate	Tinhunduuza
to wander	Okuhungungwa
I wander	Nhungungwa
he/she wanders	Ahungungwa
I have wandered	Nhungungwire
I don't wander	Tinhungungwa
to shake the buttocks	Okuhungura
I shake the buttocks	Nhungura
he/she shake the buttockses	Ahungura
I have shake the buttocksed	Nhunguzire
shake the buttocks!	Hungura
I don't shake the buttocks	Tinhungura
to lose some senses	Okuhungutuka
I lose some senses	Nhungutuka
he/she lose some senseses	Ahungutuka
I have lose some sensesed	Nhungutukire
lose some senses!	Hungutuka
I don't lose some senses	Tinhungutuka
to have a nap	Okuhunjagara
I have a nap	Nhunjagara
he/she have a naps	Ahunjagara
I have have a naped	Nhunjagazire
have a nap!	Hunjagara
I don't have a nap	Tinhunjagara
to flee from danger	Okuhunyahunya
I flee from danger	Nhunyahunya
he/she flee from dangers	Ahunyahunya
I have flee from dangered	Nhunyahunyire
flee from danger!	Hunyahunya
I don't flee from danger	Tinhunyahunya
to listen	Okuhurikiza
I listen	Nhurikiza
he/she listens	Ahurikiza
I have listened	Nhurikizire
I don't listen	Tinhurikiza
to hear	Okuhurira
I hear	Nhurira
he/she hears	Ahurira
I have heared	Nhurizire
I don't hear	Tinhurira
to keep in touch	Okuhurizana
I keep in touch	Nhurizana
he/she keep in touches	Ahurizana
I have keep in touched	Nhurizanire
keep in touch!	Hurizana
I don't keep in touch	Tinhurizana
to move secretly	Okuhurubuka
I move secretly	Nhurubuka
he/she move secretlies	Ahurubuka
I have move secretlied	Nhurubukire
move secretly!	Hurubuka
I don't move secretly	Tinhurubuka
to grow thin	Okuhururuka
I grow thin	Nhururuka
he/she grow thins	Ahururuka
I have grow thined	Nhururukire
grow thin!	Hururuka
I don't grow thin	Tinhururuka
to starve	Okuhururura
I starve	Nhururura
he/she starves	Ahururura
I have starved	Nhururuzire
I don't starve	Tinhururura
to be in pain	Okuhururwa
I be in pain	Nhururwa
he/she be in pains	Ahururwa
I have be in pained	Nhururwire
be in pain!	Hururwa
I don't be in pain	Tinhururwa
to happen very fast	Okuhuruutuka
I happen very fast	Nhuruutuka
he/she happen very fasts	Ahuruutuka
I have happen very fasted	Nhuruutukire
happen very fast!	Huruutuka
I don't happen very fast	Tinhuruutuka
to rush	Okuhuruutuka
I rush	Nhuruutuka
he/she rushes	Ahuruutuka
I have rushed	Nhuruutukire
I don't rush	Tinhuruutuka
to scare someone	Okuhuruutura
I scare someone	Nhuruutura
he/she scare someones	Ahuruutura
I have scare someoned	Nhuruutuzire
scare someone!	Huruutura
I don't scare someone	Tinhuruutura
to be injured	Okuhutaara
I be injured	Nhutaara
he/she be injureds	Ahutaara
I have be injureded	Nhutaazire
be injured!	Hutaara
I don't be injured	Tinhutaara
to swing	Okuhuuba
I swing	Nhuuba
he/she swings	Ahuuba
I have swinged	Nhuubire
I don't swing	Tinhuuba
to feel dizzy	Okuhuugiza
I feel dizzy	Nhuugiza
he/she feel dizzies	Ahuugiza
I have feel dizzied	Nhuugizire
feel dizzy!	Huugiza
I don't feel dizzy	Tinhuugiza
to hide	Okuhuugiza
I hide	Nhuugiza
he/she hides	Ahuugiza
I have hided	Nhuugizire
I don't hide	Tinhuugiza
to blow	Okuhuuha
I blow	Nhuuha
he/she blows	Ahuuha
I have blowed	Nhuuhire
I don't blow	Tinhuuha
to chase something away	Okuhuuha
I chase something away	Nhuuha
he/she chase something aways	Ahuuha
I have chase something awayed	Nhuuhire
chase something away!	Huuha
I don't chase something away	Tinhuuha
to gulp	Okuhuukura
I gulp	Nhuukura
he/she gulps	Ahuukura
I have gulped	Nhuukuzire
I don't gulp	Tinhuukura
to eat food greedily	Okuhuukura
I eat food greedily	Nhuukura
he/she eat food greedilies	Ahuukura
I have eat food greedilied	Nhuukuzire
eat food greedily!	Huukura
I don't eat food greedily	Tinhuukura
to hoot	Okuhuuma
I hoot	Nhuuma
he/she hoots	Ahuuma
I have hooted	Nhuumire
I don't hoot	Tinhuuma
to retire someone	Okuhuumuza
I retire someone	Nhuumuza
he/she retire someones	Ahuumuza
I have retire someoned	Nhuumuzire
retire someone!	Huumuza
I don't retire someone	Tinhuumuza
to grunt	Okuhuuna
I grunt	Nhuuna
he/she grunts	Ahuuna
I have grunted	Nhuunire
I don't grunt	Tinhuuna
to grunt in bewilderment	Okuhuunagira
I grunt in bewilderment	Nhuunagira
he/she grunt in bewilderments	Ahuunagira
I have grunt in bewildermented	Nhuunagizire
grunt in bewilderment!	Huunagira
I don't grunt in bewilderment	Tinhuunagira
to thresh	Okuhuura
I thresh	Nhuura
he/she threshes	Ahuura
I have threshed	Nhuuzire
I don't thresh	Tinhuura
to confuse two things	Okuhuurikana
I confuse two things	Nhuurikana
he/she confuse two thingses	Ahuurikana
I have confuse two thingsed	Nhuurikanire
confuse two things!	Huurikana
I don't confuse two things	Tinhuurikana
to get finished	Okuhwa
I get finished	Nhwa
he/she get finisheds	Ahwa
I have get finisheded	Nhwire
get finished!	Hwa
I don't get finished	Tinhwa
to be completely finished	Okuhwaho
I be completely finished	Nhwaho
he/she be completely finisheds	Ahwaho
I have be completely finisheded	Nhwahoire
be completely finished!	Hwaho
I don't be completely finished	Tinhwaho
to be amnihilated	Okuhwaho
I be amnihilated	Nhwaho
he/she be amnihilateds	Ahwaho
I have be amnihilateded	Nhwahoire
be amnihilated!	Hwaho
I don't be amnihilated	Tinhwaho
to hesitate	Okuhwama
I hesitate	Nhwama
he/she hesitates	Ahwama
I have hesitated	Nhwamire
I don't hesitate	Tinhwama
to get finished	Okuhwamu
I get finished	Nhwamu
he/she get finisheds	Ahwamu
I have get finisheded	Nhwamuire
get finished!	Hwamu
I don't get finished	Tinhwamu
to be separated	Okuhwanaho
I be separated	Nhwanaho
he/she be separateds	Ahwanaho
I have be separateded	Nhwanahoire
be separated!	Hwanaho
I don't be separated	Tinhwanaho
to lose concentration	Okuhwaziira
I lose concentration	Nhwaziira
he/she lose concentrations	Ahwaziira
I have lose concentrationed	Nhwaziizire
lose concentration!	Hwaziira
I don't lose concentration	Tinhwaziira
to whisper to somebody	Okuhwehura
I whisper to somebody	Nhwehura
he/she whisper to somebodies	Ahwehura
I have whisper to somebodied	Nhwehuzire
whisper to somebody!	Hwehura
I don't whisper to somebody	Tinhwehura
to dose	Okuhwekera
I dose	Nhwekera
he/she doses	Ahwekera
I have dosed	Nhwekezire
I don't dose	Tinhwekera
to help or assist	Okuhwera
I help or assist	Nhwera
he/she help or assists	Ahwera
I have help or assisted	Nhwezire
help or assist!	Hwera
I don't help or assist	Tinhwera
to be destroyed completely	Okuhwerekerera
I be destroyed completely	Nhwerekerera
he/she be destroyed completelies	Ahwerekerera
I have be destroyed completelied	Nhwerekerezire
be destroyed completely!	Hwerekerera
I don't be destroyed completely	Tinhwerekerera
to dissolve	Okuhwerera
I dissolve	Nhwerera
he/she dissolves	Ahwerera
I have dissolved	Nhwerezire
I don't dissolve	Tinhwerera
to die down	Okuhwerera
I die down	Nhwerera
he/she die downs	Ahwerera
I have die downed	Nhwerezire
die down!	Hwerera
I don't die down	Tinhwerera
to wear out	Okuhwerera
I wear out	Nhwerera
he/she wear outs	Ahwerera
I have wear outed	Nhwerezire
wear out!	Hwerera
I don't wear out	Tinhwerera
to be dispersed	Okuhwerera
I be dispersed	Nhwerera
he/she be disperseds	Ahwerera
I have be disperseded	Nhwerezire
be dispersed!	Hwerera
I don't be dispersed	Tinhwerera
to grow very old	Okuhwita
I grow very old	Nhwita
he/she grow very olds	Ahwita
I have grow very olded	Nhwisire
grow very old!	Hwita
I don't grow very old	Tinhwita
to spread about	Okujaakara
I spread about	Njaakara
he/she spread abouts	Ajaakara
I have spread abouted	Njaakazire
spread about!	Jaakara
I don't spread about	Tinjaakara
to wander	Okujaayana
I wander	Njaayana
he/she wanders	Ajaayana
I have wandered	Njaayanire
I don't wander	Tinjaayana
to do something haphazzardly	Okujabajaba
I do something haphazzardly	Njabajaba
he/she do something haphazzardlies	Ajabajaba
I have do something haphazzardlied	Njabajabire
do something haphazzardly!	Jabajaba
I don't do something haphazzardly	Tinjabajaba
to make untidy	Okujabanga
I make untidy	Njabanga
he/she make untidies	Ajabanga
I have make untidied	Njabangire
make untidy!	Jabanga
I don't make untidy	Tinjabanga
to be shabby	Okujabiirira
I be shabby	Njabiirira
he/she be shabbies	Ajabiirira
I have be shabbied	Njabiirizire
be shabby!	Jabiirira
I don't be shabby	Tinjabiirira
to walk in water	Okujabuza
I walk in water	Njabuza
he/she walk in waters	Ajabuza
I have walk in watered	Njabuzire
walk in water!	Jabuza
I don't walk in water	Tinjabuza
to be hairly	Okujagaata
I be hairly	Njagaata
he/she be hairlies	Ajagaata
I have be hairlied	Njagaasire
be hairly!	Jagaata
I don't be hairly	Tinjagaata
to have many leaves	Okujagaata
I have many leaves	Njagaata
he/she have many leaveses	Ajagaata
I have have many leavesed	Njagaasire
have many leaves!	Jagaata
I don't have many leaves	Tinjagaata
to be restless	Okujagajaga
I be restless	Njagajaga
he/she be restlesses	Ajagajaga
I have be restlessed	Njagajagire
be restless!	Jagajaga
I don't be restless	Tinjagajaga
to be excited	Okujagarara
I be excited	Njagarara
he/she be exciteds	Ajagarara
I have be exciteded	Njagarazire
be excited!	Jagarara
I don't be excited	Tinjagarara
to notch the ear	Okujagura
I notch the ear	Njagura
he/she notch the ears	Ajagura
I have notch the eared	Njaguzire
notch the ear!	Jagura
I don't notch the ear	Tinjagura
to celebrate	Okujaguza
I celebrate	Njaguza
he/she celebrates	Ajaguza
I have celebrated	Njaguzire
I don't celebrate	Tinjaguza
to feel comfortable	Okujajama
I feel comfortable	Njajama
he/she feel comfortables	Ajajama
I have feel comfortabled	Njajamire
feel comfortable!	Jajama
I don't feel comfortable	Tinjajama
to do things haphazardly	Okujajura
I do things haphazardly	Njajura
he/she do things haphazardlies	Ajajura
I have do things haphazardlied	Njajuzire
do things haphazardly!	Jajura
I don't do things haphazardly	Tinjajura
to snatch	Okujandura
I snatch	Njandura
he/she snatches	Ajandura
I have snatched	Njanduzire
I don't snatch	Tinjandura
take something by surprise	Okujanduura
I take something by surprise	Njanduura
he/she take something by surprises	Ajanduura
I have take something by surprised	Njanduuzire
take something by surprise!	Janduura
I don't take something by surprise	Tinjanduura
to spread	Okujanjaara
I spread	Njanjaara
he/she spreads	Ajanjaara
I have spreaded	Njanjaazire
I don't spread	Tinjanjaara
(of flowers) to unfold	Okujanjamura
I (of flowers) to unfold	Njanjamura
he/she (of flowers) to unfolds	Ajanjamura
I have (of flowers) to unfolded	Njanjamuzire
(of flowers) to unfold!	Janjamura
I don't (of flowers) to unfold	Tinjanjamura
to loiter	Okujarajara
I loiter	Njarajara
he/she loiters	Ajarajara
I have loitered	Njarajazire
I don't loiter	Tinjarajara
to disobey	Okujeema
I disobey	Njeema
he/she disobeys	Ajeema
I have disobeyed	Njeemire
I don't disobey	Tinjeema
to be loose	Okujega
I be loose	Njega
he/she be looses	Ajega
I have be loosed	Njegire
be loose!	Jega
I don't be loose	Tinjega
to become sodden	Okujenga
I become sodden	Njenga
he/she become soddens	Ajenga
I have become soddened	Njengire
become sodden!	Jenga
I don't become sodden	Tinjenga
to tie something loosely	Okujenjereka
I tie something loosely	Njenjereka
he/she tie something looselies	Ajenjereka
I have tie something looselied	Njenjerekire
tie something loosely!	Jenjereka
I don't tie something loosely	Tinjenjereka
to weave neatly	Okujerenga
I weave neatly	Njerenga
he/she weave neatlies	Ajerenga
I have weave neatlied	Njerengire
weave neatly!	Jerenga
I don't weave neatly	Tinjerenga
to be very angry	Okujiriiza
I be very angry	Njiriiza
he/she be very angries	Ajiriiza
I have be very angried	Njiriizire
be very angry!	Jiriiza
I don't be very angry	Tinjiriiza
to dilute a drink	Okujojora
I dilute a drink	Njojora
he/she dilute a drinks	Ajojora
I have dilute a drinked	Njojozire
dilute a drink!	Jojora
I don't dilute a drink	Tinjojora
to become very soft	Okujongoma
I become very soft	Njongoma
he/she become very softs	Ajongoma
I have become very softed	Njongomire
become very soft!	Jongoma
I don't become very soft	Tinjongoma
to piss	Okujoroga
I piss	Njoroga
he/she pisses	Ajoroga
I have pissed	Njorogire
I don't piss	Tinjoroga
to fish	Okujuba
I fish	Njuba
he/she fishes	Ajuba
I have fished	Njubire
I don't fish	Tinjuba
to pay bride price	Okujuga
I pay bride price	Njuga
he/she pay bride prices	Ajuga
I have pay bride priced	Njugire
pay bride price!	Juga
I don't pay bride price	Tinjuga
to charge something dearly	Okujugisa
I charge something dearly	Njugisa
he/she charge something dearlies	Ajugisa
I have charge something dearlied	Njugisire
charge something dearly!	Jugisa
I don't charge something dearly	Tinjugisa
to make fire	Okujugutirira
I make fire	Njugutirira
he/she make fires	Ajugutirira
I have make fired	Njugutirizire
make fire!	Jugutirira
I don't make fire	Tinjugutirira
to grow very fat	Okujujuuka
I grow very fat	Njujuuka
he/she grow very fats	Ajujuuka
I have grow very fated	Njujuukire
grow very fat!	Jujuuka
I don't grow very fat	Tinjujuuka
to compete	Okujukaana
I compete	Njukaana
he/she competes	Ajukaana
I have competed	Njukaanire
I don't compete	Tinjukaana
to insult	Okujuma
I insult	Njuma
he/she insults	Ajuma
I have insulted	Njumire
I don't insult	Tinjuma
to discover	Okujumbura
I discover	Njumbura
he/she discovers	Ajumbura
I have discovered	Njumbuzire
I don't discover	Tinjumbura
to testify	Okujurira
I testify	Njurira
he/she testifies	Ajurira
I have testified	Njurizire
I don't testify	Tinjurira
to appeal	Okujurira
I appeal	Njurira
he/she appeals	Ajurira
I have appealed	Njurizire
I don't appeal	Tinjurira
to be naive	Okujuumagira
I be naive	Njuumagira
he/she be naives	Ajuumagira
I have be naived	Njuumagizire
be naive!	Juumagira
I don't be naive	Tinjuumagira
to be overturned	Okujuumara
I be overturned	Njuumara
he/she be overturneds	Ajuumara
I have be overturneded	Njuumazire
be overturned!	Juumara
I don't be overturned	Tinjuumara
to do something haphazardly	Okujuyajuya
I do something haphazardly	Njuyajuya
he/she do something haphazardlies	Ajuyajuya
I have do something haphazardlied	Njuyajuyire
do something haphazardly!	Juyajuya
I don't do something haphazardly	Tinjuyajuya
to disorganise	Okujuyanga
I disorganise	Njuyanga
he/she disorganises	Ajuyanga
I have disorganised	Njuyangire
I don't disorganise	Tinjuyanga
to bleed	Okujwa
I bleed	Njwa
he/she bleeds	Ajwa
I have bleeded	Njwire
I don't bleed	Tinjwa
to shine	Okujwa
I shine	Njwa
he/she shines	Ajwa
I have shined	Njwire
I don't shine	Tinjwa
to separate	Okujwagura
I separate	Njwagura
he/she separates	Ajwagura
I have separated	Njwaguzire
I don't separate	Tinjwagura
to mix	Okujwanga
I mix	Njwanga
he/she mixs	Ajwanga
I have mixed	Njwangire
I don't mix	Tinjwanga
to represent	Okujwekera
I represent	Njwekera
he/she represents	Ajwekera
I have represented	Njwekezire
I don't represent	Tinjwekera
to rustle	Okukaabuuza
I rustle	Nkaabuuza
he/she rustles	Akaabuuza
I have rustled	Nkaabuuzire
I don't rustle	Tinkaabuuza
to be strong	Okukaakaara
I be strong	Nkaakaara
he/she be strongs	Akaakaara
I have be stronged	Nkaakaazire
be strong!	Kaakaara
I don't be strong	Tinkaakaara
to move slowly	Okukaanyuka
I move slowly	Nkaanyuka
he/she move slowlies	Akaanyuka
I have move slowlied	Nkaanyukire
move slowly!	Kaanyuka
I don't move slowly	Tinkaanyuka
to compel	Okukaka
I compel	Nkaka
he/she compels	Akaka
I have compeled	Nkakire
I don't compel	Tinkaka
to become rough	Okukamba
I become rough	Nkamba
he/she become roughs	Akamba
I have become roughed	Nkambire
become rough!	Kamba
I don't become rough	Tinkamba
to camp	Okukambiika
I camp	Nkambiika
he/she camps	Akambiika
I have camped	Nkambiikire
I don't camp	Tinkambiika
to lose roof	Okukambuka
I lose roof	Nkambuka
he/she lose roofs	Akambuka
I have lose roofed	Nkambukire
lose roof!	Kambuka
I don't lose roof	Tinkambuka
to become emanciated	Okukambuka
I become emanciated	Nkambuka
he/she become emanciateds	Akambuka
I have become emanciateded	Nkambukire
become emanciated!	Kambuka
I don't become emanciated	Tinkambuka
to demolish a structure	Okukambuura
I demolish a structure	Nkambuura
he/she demolish a structures	Akambuura
I have demolish a structured	Nkambuuzire
demolish a structure!	Kambuura
I don't demolish a structure	Tinkambuura
to be partially dry	Okukamuuka
I be partially dry	Nkamuuka
he/she be partially dries	Akamuuka
I have be partially dried	Nkamuukire
be partially dry!	Kamuuka
I don't be partially dry	Tinkamuuka
to breath with difficulties	Okukanagira
I breath with difficulties	Nkanagira
he/she breath with difficultieses	Akanagira
I have breath with difficultiesed	Nkanagizire
breath with difficulties!	Kanagira
I don't breath with difficulties	Tinkanagira
to hit repeatedly	Okukananga
I hit repeatedly	Nkananga
he/she hit repeatedlies	Akananga
I have hit repeatedlied	Nkanangire
hit repeatedly!	Kananga
I don't hit repeatedly	Tinkananga
to knead with hands	Okukanda
I knead with hands	Nkanda
he/she knead with handses	Akanda
I have knead with handsed	Nkandire
knead with hands!	Kanda
I don't knead with hands	Tinkanda
to be startled	Okukangarana
I be startled	Nkangarana
he/she be startleds	Akangarana
I have be startleded	Nkangaranire
be startled!	Kangarana
I don't be startled	Tinkangarana
to chew something	Okukanjakanja
I chew something	Nkanjakanja
he/she chew somethings	Akanjakanja
I have chew somethinged	Nkanjakanzire
chew something!	Kanjakanja
I don't chew something	Tinkanjakanja
to dismember	Okukankabura
I dismember	Nkankabura
he/she dismembers	Akankabura
I have dismembered	Nkankabuzire
I don't dismember	Tinkankabura
to shout	Okukankama
I shout	Nkankama
he/she shouts	Akankama
I have shouted	Nkankamire
I don't shout	Tinkankama
to sign one's name	Okukaraga
I sign one's name	Nkaraga
he/she sign one's names	Akaraga
I have sign one's named	Nkaragire
sign one's name!	Karaga
I don't sign one's name	Tinkaraga
to tickle	Okukaragata
I tickle	Nkaragata
he/she tickles	Akaragata
I have tickled	Nkaragasire
I don't tickle	Tinkaragata
to repeat a performance	Okukarangura
I repeat a performance	Nkarangura
he/she repeat a performances	Akarangura
I have repeat a performanced	Nkaranguzire
repeat a performance!	Karangura
I don't repeat a performance	Tinkarangura
to snap	Okukatuka
I snap	Nkatuka
he/she snaps	Akatuka
I have snaped	Nkatukire
I don't snap	Tinkatuka
to take a detour	Okukiikama
I take a detour	Nkiikama
he/she take a detours	Akiikama
I have take a detoured	Nkiikamire
take a detour!	Kiikama
I don't take a detour	Tinkiikama
to mock	Okukimba
I mock	Nkimba
he/she mocks	Akimba
I have mocked	Nkimbire
I don't mock	Tinkimba
to be sarcastic	Okukiniika
I be sarcastic	Nkiniika
he/she be sarcastics	Akiniika
I have be sarcasticed	Nkiniikire
be sarcastic!	Kiniika
I don't be sarcastic	Tinkiniika
to consume everything	Okukinura
I consume everything	Nkinura
he/she consume everythings	Akinura
I have consume everythinged	Nkinuzire
consume everything!	Kinura
I don't consume everything	Tinkinura
to kill suddenly	Okukinura
I kill suddenly	Nkinura
he/she kill suddenlies	Akinura
I have kill suddenlied	Nkinuzire
kill suddenly!	Kinura
I don't kill suddenly	Tinkinura
to give birth	Okukira
I give birth	Nkira
he/she give births	Akira
I have give birthed	Nkizire
give birth!	Kira
I don't give birth	Tinkira
to survive narrowly	Okukiriirira
I survive narrowly	Nkiriirira
he/she survive narrowlies	Akiriirira
I have survive narrowlied	Nkiriirizire
survive narrowly!	Kiriirira
I don't survive narrowly	Tinkiriirira
to recover from sickness	Okukiruuka
I recover from sickness	Nkiruuka
he/she recover from sicknesses	Akiruuka
I have recover from sicknessed	Nkiruukire
recover from sickness!	Kiruuka
I don't recover from sickness	Tinkiruuka
to break into pieces	Okukocakocora
I break into pieces	Nkocakocora
he/she break into pieceses	Akocakocora
I have break into piecesed	Nkocakocozire
break into pieces!	Kocakocora
I don't break into pieces	Tinkocakocora
to snatch	Okukohekana
I snatch	Nkohekana
he/she snatches	Akohekana
I have snatched	Nkohekanire
I don't snatch	Tinkohekana
to cause shriveling	Okukokoosa
I cause shriveling	Nkokoosa
he/she cause shrivelings	Akokoosa
I have cause shrivelinged	Nkokoosire
cause shriveling!	Kokoosa
I don't cause shriveling	Tinkokoosa
to make backcloth	Okukomaga
I make backcloth	Nkomaga
he/she make backcloths	Akomaga
I have make backclothed	Nkomagire
make backcloth!	Komaga
I don't make backcloth	Tinkomaga
to shrivel	Okukombatana
I shrivel	Nkombatana
he/she shrivels	Akombatana
I have shriveled	Nkombatanire
I don't shrivel	Tinkombatana
to originate from somewherey	Okukomooka
I originate from somewherey	Nkomooka
he/she originate from somewhereys	Akomooka
I have originate from somewhereyed	Nkomookire
originate from somewherey!	Komooka
I don't originate from somewherey	Tinkomooka
to blink	Okukomya
I blink	Nkomya
he/she blinks	Akomya
I have blinked	Nkomyire
I don't blink	Tinkomya
to weaken	Okukondaharira
I weaken	Nkondaharira
he/she weakens	Akondaharira
I have weakened	Nkondaharizire
I don't weaken	Tinkondaharira
to swing or dangle	Okukondakonda
I swing or dangle	Nkondakonda
he/she swing or dangles	Akondakonda
I have swing or dangled	Nkondakondire
swing or dangle!	Kondakonda
I don't swing or dangle	Tinkondakonda
to move very slowly	Okukootooka
I move very slowly	Nkootooka
he/she move very slowlies	Akootooka
I have move very slowlied	Nkootookire
move very slowly!	Kootooka
I don't move very slowly	Tinkootooka
to imitate or copy	Okukopa
I imitate or copy	Nkopa
he/she imitate or copies	Akopa
I have imitate or copied	Nkopire
imitate or copy!	Kopa
I don't imitate or copy	Tinkopa
to be employed	Okukora
I be employed	Nkora
he/she be employeds	Akora
I have be employeded	Nkozire
be employed!	Kora
I don't be employed	Tinkora
to disapoint someone	Okukoraho
I disapoint someone	Nkoraho
he/she disapoint someones	Akoraho
I have disapoint someoned	Nkorahoire
disapoint someone!	Koraho
I don't disapoint someone	Tinkoraho
to touch on there	Okukoraho
I touch on there	Nkoraho
he/she touch on theres	Akoraho
I have touch on thered	Nkorahoire
touch on there!	Koraho
I don't touch on there	Tinkoraho
to chip in	Okukorobora
I chip in	Nkorobora
he/she chip ins	Akorobora
I have chip ined	Nkorobozire
chip in!	Korobora
I don't chip in	Tinkorobora
to cause to cough	Okukoroza
I cause to cough	Nkoroza
he/she cause to coughs	Akoroza
I have cause to coughed	Nkorozire
cause to cough!	Koroza
I don't cause to cough	Tinkoroza
to make someone cough	Okukoroza
I make someone cough	Nkoroza
he/she make someone coughs	Akoroza
I have make someone coughed	Nkorozire
make someone cough!	Koroza
I don't make someone cough	Tinkoroza
to unfold something	Okukubuura
I unfold something	Nkubuura
he/she unfold somethings	Akubuura
I have unfold somethinged	Nkubuuzire
unfold something!	Kubuura
I don't unfold something	Tinkubuura
to cause to return	Okukubuura
I cause to return	Nkubuura
he/she cause to returns	Akubuura
I have cause to returned	Nkubuuzire
cause to return!	Kubuura
I don't cause to return	Tinkubuura
to win territory miltary	Okukubuura
I win territory miltary	Nkubuura
he/she win territory miltaries	Akubuura
I have win territory miltaried	Nkubuuzire
win territory miltary!	Kubuura
I don't win territory miltary	Tinkubuura
to walk majestically	Okukumba
I walk majestically	Nkumba
he/she walk majesticallies	Akumba
I have walk majesticallied	Nkumbire
walk majestically!	Kumba
I don't walk majestically	Tinkumba
to protect	Okukumira
I protect	Nkumira
he/she protects	Akumira
I have protected	Nkumizire
I don't protect	Tinkumira
to defraud	Okukumpanya
I defraud	Nkumpanya
he/she defrauds	Akumpanya
I have defrauded	Nkumpanyire
I don't defraud	Tinkumpanya
to team up	Okukungika
I team up	Nkungika
he/she team ups	Akungika
I have team uped	Nkungikire
team up!	Kungika
I don't team up	Tinkungika
to exaggulate	Okukuriiriza
I exaggulate	Nkuriiriza
he/she exaggulates	Akuriiriza
I have exaggulated	Nkuriirizire
I don't exaggulate	Tinkuriiriza
to bring together	Okukwatanisa
I bring together	Nkwatanisa
he/she bring togethers	Akwatanisa
I have bring togethered	Nkwatanisire
bring together!	Kwatanisa
I don't bring together	Tinkwatanisa
to wean a baby	Okumogora
I wean a baby	Nmogora
he/she wean a babies	Amogora
I have wean a babied	Nmogozire
wean a baby!	Mogora
I don't wean a baby	Tinmogora
to lose something	Okunaga
I lose something	Nnaga
he/she lose somethings	Anaga
I have lose somethinged	Nnagire
lose something!	Naga
I don't lose something	Tinnaga
to throw arms about	Okunaga-omukono
I throw arms about	Nnaga-omukono
he/she throw arms abouts	Anaga-omukono
I have throw arms abouted	Nnaga-omukonoire
throw arms about!	Naga-omukono
I don't throw arms about	Tinnaga-omukono
to run so fast	Okunanuura
I run so fast	Nnanuura
he/she run so fasts	Ananuura
I have run so fasted	Nnanuuzire
run so fast!	Nanuura
I don't run so fast	Tinnanuura
to feel zealous	Okunihiira
I feel zealous	Nnihiira
he/she feel zealouses	Anihiira
I have feel zealoused	Nnihiizire
feel zealous!	Nihiira
I don't feel zealous	Tinnihiira
to pluk tea leaves	Okunoga
I pluk tea leaves	Nnoga
he/she pluk tea leaveses	Anoga
I have pluk tea leavesed	Nnogire
pluk tea leaves!	Noga
I don't pluk tea leaves	Tinnoga
to make clay pots	Okunogoora
I make clay pots	Nnogoora
he/she make clay potses	Anogoora
I have make clay potsed	Nnogoozire
make clay pots!	Nogoora
I don't make clay pots	Tinnogoora
to beat	Okunona
I beat	Nnona
he/she beats	Anona
I have beated	Nnonire
I don't beat	Tinnona
to hit something sharply	Okunona
I hit something sharply	Nnona
he/she hit something sharplies	Anona
I have hit something sharplied	Nnonire
hit something sharply!	Nona
I don't hit something sharply	Tinnona
to taste awful	Okunungurirwa
I taste awful	Nnungurirwa
he/she taste awfuls	Anungurirwa
I have taste awfuled	Nnungurirwire
taste awful!	Nungurirwa
I don't taste awful	Tinnungurirwa
to sustain an abrasion	Okunuubuka
I sustain an abrasion	Nnuubuka
he/she sustain an abrasions	Anuubuka
I have sustain an abrasioned	Nnuubukire
sustain an abrasion!	Nuubuka
I don't sustain an abrasion	Tinnuubuka
to smell badly	Okunuuka
I smell badly	Nnuuka
he/she smell badlies	Anuuka
I have smell badlied	Nnuukire
smell badly!	Nuuka
I don't smell badly	Tinnuuka
to walk away shamelessly	Okunyaanyuka
I walk away shamelessly	Nnyaanyuka
he/she walk away shamelesslies	Anyaanyuka
I have walk away shamelesslied	Nnyaanyukire
walk away shamelessly!	Nyaanyuka
I don't walk away shamelessly	Tinnyaanyuka
to cane repeatedly	Okunyabangura
I cane repeatedly	Nnyabangura
he/she cane repeatedlies	Anyabangura
I have cane repeatedlied	Nnyabanguzire
cane repeatedly!	Nyabangura
I don't cane repeatedly	Tinnyabangura
to whip or lash	Okunyabura
I whip or lash	Nnyabura
he/she whip or lashes	Anyabura
I have whip or lashed	Nnyabuzire
whip or lash!	Nyabura
I don't whip or lash	Tinnyabura
to improve a little	Okunyangara
I improve a little	Nnyangara
he/she improve a littles	Anyangara
I have improve a littled	Nnyangazire
improve a little!	Nyangara
I don't improve a little	Tinnyangara
to snatch	Okunyankura
I snatch	Nnyankura
he/she snatches	Anyankura
I have snatched	Nnyankuzire
I don't snatch	Tinnyankura
to be deliberately unaudible	Okunyanyaata
I be deliberately unaudible	Nnyanyaata
he/she be deliberately unaudibles	Anyanyaata
I have be deliberately unaudibled	Nnyanyaasire
be deliberately unaudible!	Nyanyaata
I don't be deliberately unaudible	Tinnyanyaata
to shake something lightly	Okunyeenya
I shake something lightly	Nnyeenya
he/she shake something lightlies	Anyeenya
I have shake something lightlied	Nnyeenyire
shake something lightly!	Nyeenya
I don't shake something lightly	Tinnyeenya
to go a slope	Okunyegera
I go a slope	Nnyegera
he/she go a slopes	Anyegera
I have go a sloped	Nnyegezire
go a slope!	Nyegera
I don't go a slope	Tinnyegera
to move slowly	Okunyimbuka
I move slowly	Nnyimbuka
he/she move slowlies	Anyimbuka
I have move slowlied	Nnyimbukire
move slowly!	Nyimbuka
I don't move slowly	Tinnyimbuka
to pay attention	Okunyohoka
I pay attention	Nnyohoka
he/she pay attentions	Anyohoka
I have pay attentioned	Nnyohokire
pay attention!	Nyohoka
I don't pay attention	Tinnyohoka
to have goose-flesh	Okunyohwa
I have goose-flesh	Nnyohwa
he/she have goose-fleshes	Anyohwa
I have have goose-fleshed	Nnyohwire
have goose-flesh!	Nyohwa
I don't have goose-flesh	Tinnyohwa
to crawl	Okunyongota
I crawl	Nnyongota
he/she crawls	Anyongota
I have crawled	Nnyongosire
I don't crawl	Tinnyongota
to pull	Okunyurura
I pull	Nnyurura
he/she pulls	Anyurura
I have pulled	Nnyuruzire
I don't pull	Tinnyurura
to make friends	Okunywana
I make friends	Nnywana
he/she make friendses	Anywana
I have make friendsed	Nnywanire
make friends!	Nywana
I don't make friends	Tinnywana
to score a goal	Okunyweisa
I score a goal	Nnyweisa
he/she score a goals	Anyweisa
I have score a goaled	Nnyweisire
score a goal!	Nyweisa
I don't score a goal	Tinnyweisa
to guess	Okupaaza
I guess	Mpaaza
he/she guesses	Apaaza
I have guessed	Mpaazire
I don't guess	Timpaaza
to pile	Okupanga
I pile	Mpanga
he/she piles	Apanga
I have piled	Mpangire
I don't pile	Timpanga
to investigate	Okupeerereza
I investigate	Mpeerereza
he/she investigates	Apeerereza
I have investigated	Mpeererezire
I don't investigate	Timpeerereza
to shiver	Okupiipa
I shiver	Mpiipa
he/she shivers	Apiipa
I have shivered	Mpiipire
I don't shiver	Timpiipa
to refuse	Okupinga
I refuse	Mpinga
he/she refuses	Apinga
I have refused	Mpingire
I don't refuse	Timpinga
to be proud	Okuponga
I be proud	Mponga
he/she be prouds	Aponga
I have be prouded	Mpongire
be proud!	Ponga
I don't be proud	Timponga
to stab	Okupukura
I stab	Mpukura
he/she stabs	Apukura
I have stabed	Mpukuzire
I don't stab	Timpukura
to make a will	Okuraama
I make a will	Ndaama
he/she make a wills	Araama
I have make a willed	Ndaamire
make a will!	Raama
I don't make a will	Tindaama
to brag	Okuraata
I brag	Ndaata
he/she brags	Araata
I have braged	Ndaasire
I don't brag	Tindaata
(slang for) to beat	Okuraatuura
to indulge in prostitution	Okuraaya
I indulge in prostitution	Ndaaya
he/she indulge in prostitutions	Araaya
I have indulge in prostitutioned	Ndaayire
indulge in prostitution!	Raaya
I don't indulge in prostitution	Tindaaya
fallow!	Raaza entabire
to put off fire	Okuraaza
I put off fire	Ndaaza
he/she put off fires	Araaza
I have put off fired	Ndaazire
put off fire!	Raaza
I don't put off fire	Tindaaza
to host a visitor	Okuraaza
I host a visitor	Ndaaza
he/she host a visitors	Araaza
I have host a visitored	Ndaazire
host a visitor!	Raaza
I don't host a visitor	Tindaaza
to postpone an action	Okuraaza
I postpone an action	Ndaaza
he/she postpone an actions	Araaza
I have postpone an actioned	Ndaazire
postpone an action!	Raaza
I don't postpone an action	Tindaaza
to go via	Okuraba
I go via	Ndaba
he/she go vias	Araba
I have go viaed	Ndabire
go via!	Raba
I don't go via	Tindaba
to faint	Okuraba
I faint	Ndaba
he/she faints	Araba
I have fainted	Ndabire
I don't faint	Tindaba
to pass through	Okurabamu
I pass through	Ndabamu
he/she pass throughs	Arabamu
I have pass throughed	Ndabamuire
pass through!	Rabamu
I don't pass through	Tindabamu
passing each other inadvertently	Okurabanaho-empyor
to bid farewel	Okuraga
I bid farewel	Ndaga
he/she bid farewels	Araga
I have bid fareweled	Ndagire
bid farewel!	Raga
I don't bid farewel	Tindaga
Usage: Ankole. See:okWEZIRIKURURA	Okwezirikura
I usage: ankole. see:okwezirikurura	Nezirikura
he/she usage: ankole. see:okwezirikururas	Aezirikura
I have usage: ankole. see:okwezirikururaed	Nezirikuzire
usage: ankole. see:okwezirikurura!	Ezirikura
I don't usage: ankole. see:okwezirikurura	Tinezirikura
to walk around. Var:okwezigurusa	Okwezigurusa
I walk around. var:okwezigurusa	Nezigurusa
he/she walk around. var:okwezigurusas	Aezigurusa
I have walk around. var:okwezigurusaed	Nezigurusire
walk around. var:okwezigurusa!	Ezigurusa
I don't walk around. var:okwezigurusa	Tinezigurusa
to turn around. See:okUZEngeRERA	Okwezengereza
I turn around. see:okuzengerera	Nezengereza
he/she turn around. see:okuzengereras	Aezengereza
I have turn around. see:okuzengereraed	Nezengerezire
turn around. see:okuzengerera!	Ezengereza
I don't turn around. see:okuzengerera	Tinezengereza
to yawn	Okweyayamura
I yawn	Neyayamura
he/she yawns	Aeyayamura
I have yawned	Neyayamuzire
I don't yawn	Tineyayamura
to introduce oneself. See:okWANJURA	Okweyanjura
I introduce oneself. see:okwanjura	Neyanjura
he/she introduce oneself. see:okwanjuras	Aeyanjura
I have introduce oneself. see:okwanjuraed	Neyanjuzire
introduce oneself. see:okwanjura!	Eyanjura
I don't introduce oneself. see:okwanjura	Tineyanjura
See: okWETUMIRIZA	Okwetumisiriza
I see: okwetumiriza	Netumisiriza
he/she see: okwetumirizas	Aetumisiriza
I have see: okwetumirizaed	Netumisirizire
see: okwetumiriza!	Etumisiriza
I don't see: okwetumiriza	Tinetumisiriza
to shake oneself	Okwetigita
I shake oneself	Netigita
he/she shake oneselfs	Aetigita
I have shake oneselfed	Netigisire
shake oneself!	Etigita
I don't shake oneself	Tinetigita
to understand each other	Okwetegerezana
I understand each other	Netegerezana
he/she understand each others	Aetegerezana
I have understand each othered	Netegerezanire
understand each other!	Etegerezana
I don't understand each other	Tinetegerezana
See: okWETEGUURA	Okwetebeekanisa
I see: okweteguura	Netebeekanisa
he/she see: okweteguuras	Aetebeekanisa
I have see: okweteguuraed	Netebeekanisire
see: okweteguura!	Etebeekanisa
I don't see: okweteguura	Tinetebeekanisa
to mix	Okwetabura
I mix	Netabura
he/she mixs	Aetabura
I have mixed	Netabuzire
I don't mix	Tinetabura
praising oneself. See:okUSINGIZA	Okwesingiza
I praising oneself. see:okusingiza	Nesingiza
he/she praising oneself. see:okusingizas	Aesingiza
I have praising oneself. see:okusingizaed	Nesingizire
praising oneself. see:okusingiza!	Esingiza
I don't praising oneself. see:okusingiza	Tinesingiza
to pull oneself	Okwesika
I pull oneself	Nesika
he/she pull oneselfs	Aesika
I have pull oneselfed	Nesikire
pull oneself!	Esika
I don't pull oneself	Tinesika
[okwesisibaniza] v. See:okWESISIBANISA	Okwesiisibiriza
to boast of something	Okwesiimirana
I boast of something	Nesiimirana
he/she boast of somethings	Aesiimirana
I have boast of somethinged	Nesiimiranire
boast of something!	Esiimirana
I don't boast of something	Tinesiimirana
See: okusweKA	Okweshweka
I see: okusweka	Neshweka
he/she see: okuswekas	Aeshweka
I have see: okuswekaed	Neshwekire
see: okusweka!	Eshweka
I don't see: okusweka	Tineshweka
to enjoy oneself	Okwesemeza
I enjoy oneself	Nesemeza
he/she enjoy oneselfs	Aesemeza
I have enjoy oneselfed	Nesemezire
enjoy oneself!	Esemeza
I don't enjoy oneself	Tinesemeza
to bandage oneself. See:okuseMBA	Okwesemba
I bandage oneself. see:okusemba	Nesemba
he/she bandage oneself. see:okusembas	Aesemba
I have bandage oneself. see:okusembaed	Nesembire
bandage oneself. see:okusemba!	Esemba
I don't bandage oneself. see:okusemba	Tinesemba
to pay oneself. See:okusasura	Okwesasura
I pay oneself. see:okusasura	Nesasura
he/she pay oneself. see:okusasuras	Aesasura
I have pay oneself. see:okusasuraed	Nesasuzire
pay oneself. see:okusasura!	Esasura
I don't pay oneself. see:okusasura	Tinesasura
to find room	Okwesanja
I find room	Nesanja
he/she find rooms	Aesanja
I have find roomed	Nesanzire
find room!	Esanja
I don't find room	Tinesanja
to be disgusted	Okwesaanya
I be disgusted	Nesaanya
he/she be disgusteds	Aesaanya
I have be disgusteded	Nesaanyire
be disgusted!	Esaanya
I don't be disgusted	Tinesaanya
to make yourself clean	Okweringirika
I make yourself clean	Neringirika
he/she make yourself cleans	Aeringirika
I have make yourself cleaned	Neringirikire
make yourself clean!	Eringirika
I don't make yourself clean	Tineringirika
to come voluntarily	Okwereeta
I come voluntarily	Nereeta
he/she come voluntarilies	Aereeta
I have come voluntarilied	Nereesire
come voluntarily!	Ereeta
I don't come voluntarily	Tinereeta
to water	Okwereera
I water	Nereera
he/she waters	Aereera
I have watered	Nereezire
I don't water	Tinereera
to catch a glance	Okwerabwa
I catch a glance	Nerabwa
he/she catch a glances	Aerabwa
I have catch a glanced	Nerabwire
catch a glance!	Erabwa
I don't catch a glance	Tinerabwa
to be ripe	Okwera
I be ripe	Nera
he/she be ripes	Aera
I have be riped	Nezire
be ripe!	Era
I don't be ripe	Tinera
to pour half way	Okwenyungutuka
I pour half way	Nenyungutuka
he/she pour half ways	Aenyungutuka
I have pour half wayed	Nenyungutukire
pour half way!	Enyungutuka
I don't pour half way	Tinenyungutuka
To squeeze oneself through	Okwenyigiriza
I squeeze oneself through	Nenyigiriza
he/she squeeze oneself throughs	Aenyigiriza
I have squeeze oneself throughed	Nenyigirizire
squeeze oneself through!	Enyigiriza
I don't squeeze oneself through	Tinenyigiriza
See: okWENAAMUURA	Okwenootoora
I see: okwenaamuura	Nenootoora
he/she see: okwenaamuuras	Aenootoora
I have see: okwenaamuuraed	Nenootoozire
see: okwenaamuura!	Enootoora
I don't see: okwenaamuura	Tinenootoora
to escape	Okweniaguriza
I escape	Neniaguriza
he/she escapes	Aeniaguriza
I have escaped	Neniagurizire
I don't escape	Tineniaguriza
to over rippen	Okwengerera
I over rippen	Nengerera
he/she over rippens	Aengerera
I have over rippened	Nengerezire
over rippen!	Engerera
I don't over rippen	Tinengerera
to spread	Okwemereza
I spread	Nemereza
he/she spreads	Aemereza
I have spreaded	Nemerezire
I don't spread	Tinemereza
to have pheumonia	Okwemererwa
I have pheumonia	Nemererwa
he/she have pheumonias	Aemererwa
I have have pheumoniaed	Nemererwire
have pheumonia!	Emererwa
I don't have pheumonia	Tinemererwa
to sweet talk someone	Okwekuringirira
I sweet talk someone	Nekuringirira
he/she sweet talk someones	Aekuringirira
I have sweet talk someoned	Nekuringirizire
sweet talk someone!	Ekuringirira
I don't sweet talk someone	Tinekuringirira
to be selfish	Okwekunda
I be selfish	Nekunda
he/she be selfishes	Aekunda
I have be selfished	Nekundire
be selfish!	Ekunda
I don't be selfish	Tinekunda
rolling one self	Okwekunangura
I rolling one self	Nekunangura
he/she rolling one selfs	Aekunangura
I have rolling one selfed	Nekunanguzire
rolling one self!	Ekunangura
I don't rolling one self	Tinekunangura
See: okWEKUBA	Okwekubirana
I see: okwekuba	Nekubirana
he/she see: okwekubas	Aekubirana
I have see: okwekubaed	Nekubiranire
see: okwekuba!	Ekubirana
I don't see: okwekuba	Tinekubirana
to fold oneself	Okwekuba
I fold oneself	Nekuba
he/she fold oneselfs	Aekuba
I have fold oneselfed	Nekubire
fold oneself!	Ekuba
I don't fold oneself	Tinekuba
to dress smartly	Okwekoma
I dress smartly	Nekoma
he/she dress smartlies	Aekoma
I have dress smartlied	Nekomire
dress smartly!	Ekoma
I don't dress smartly	Tinekoma
to compesate oneself. See:okUKEITA	Okwekeita
I compesate oneself. see:okukeita	Nekeita
he/she compesate oneself. see:okukeitas	Aekeita
I have compesate oneself. see:okukeitaed	Nekeisire
compesate oneself. see:okukeita!	Ekeita
I don't compesate oneself. see:okukeita	Tinekeita
to emphasise	Okwekambiika
I emphasise	Nekambiika
he/she emphasises	Aekambiika
I have emphasised	Nekambiikire
I don't emphasise	Tinekambiika
to use something	Okwejunisa
I use something	Nejunisa
he/she use somethings	Aejunisa
I have use somethinged	Nejunisire
use something!	Ejunisa
I don't use something	Tinejunisa
to get annoyed quickly	Okwejugumbura
I get annoyed quickly	Nejugumbura
he/she get annoyed quicklies	Aejugumbura
I have get annoyed quicklied	Nejugumbuzire
get annoyed quickly!	Ejugumbura
I don't get annoyed quickly	Tinejugumbura
to remind oneself. See:okWIJUKA	Okweijusa
I remind oneself. see:okwijuka	Neijusa
he/she remind oneself. see:okwijukas	Aeijusa
I have remind oneself. see:okwijukaed	Neijusire
remind oneself. see:okwijuka!	Eijusa
I don't remind oneself. see:okwijuka	Tineijusa
to roll oneself. See:okUHIRINGISA	Okwehiringisa
I roll oneself. see:okuhiringisa	Nehiringisa
he/she roll oneself. see:okuhiringisas	Aehiringisa
I have roll oneself. see:okuhiringisaed	Nehiringisire
roll oneself. see:okuhiringisa!	Ehiringisa
I don't roll oneself. see:okuhiringisa	Tinehiringisa
to praise oneself. See:okUHIMBISA	Okwehimbisa
I praise oneself. see:okuhimbisa	Nehimbisa
he/she praise oneself. see:okuhimbisas	Aehimbisa
I have praise oneself. see:okuhimbisaed	Nehimbisire
praise oneself. see:okuhimbisa!	Ehimbisa
I don't praise oneself. see:okuhimbisa	Tinehimbisa
to squeeze oneself	Okwehigika
I squeeze oneself	Nehigika
he/she squeeze oneselfs	Aehigika
I have squeeze oneselfed	Nehigikire
squeeze oneself!	Ehigika
I don't squeeze oneself	Tinehigika
to punish oneself	Okwehena
I punish oneself	Nehena
he/she punish oneselfs	Aehena
I have punish oneselfed	Nehenire
punish oneself!	Ehena
I don't punish oneself	Tinehena
See: okWEHAGANYURA	Okwehanduura
I see: okwehaganyura	Nehanduura
he/she see: okwehaganyuras	Aehanduura
I have see: okwehaganyuraed	Nehanduuzire
see: okwehaganyura!	Ehanduura
I don't see: okwehaganyura	Tinehanduura
to have oneself registered	Okwehandiikisa
I have oneself registered	Nehandiikisa
he/she have oneself registereds	Aehandiikisa
I have have oneself registereded	Nehandiikisire
have oneself registered!	Ehandiikisa
I don't have oneself registered	Tinehandiikisa
to register oneself	Okwehandiika
I register oneself	Nehandiika
he/she register oneselfs	Aehandiika
I have register oneselfed	Nehandiikire
register oneself!	Ehandiika
I don't register oneself	Tinehandiika
See: okWEHAGANYURA	Okwehakuura
I see: okwehaganyura	Nehakuura
he/she see: okwehaganyuras	Aehakuura
I have see: okwehaganyuraed	Nehakuuzire
see: okwehaganyura!	Ehakuura
I don't see: okwehaganyura	Tinehakuura
to endure a condition	Okwegumya
I endure a condition	Negumya
he/she endure a conditions	Aegumya
I have endure a conditioned	Negumyire
endure a condition!	Egumya
I don't endure a condition	Tinegumya
I see:okugonooza	Negonooza
he/she see:okugonoozas	Aegonooza
I have see:okugonoozaed	Negonoozire
I don't see:okugonooza	Tinegonooza
to favour oneself	Okwegombeza
I favour oneself	Negombeza
he/she favour oneselfs	Aegombeza
I have favour oneselfed	Negombezire
favour oneself!	Egombeza
I don't favour oneself	Tinegombeza
See: okWEGANDA	Okweganya
I see: okweganda	Neganya
he/she see: okwegandas	Aeganya
I have see: okwegandaed	Neganyire
see: okweganda!	Eganya
I don't see: okweganda	Tineganya
to report oneself	Okwegamba
I report oneself	Negamba
he/she report oneselfs	Aegamba
I have report oneselfed	Negambire
report oneself!	Egamba
I don't report oneself	Tinegamba
to humble oneself	Okwecwendeeka
I humble oneself	Necwendeeka
he/she humble oneselfs	Aecwendeeka
I have humble oneselfed	Necwendeekire
humble oneself!	Ecwendeeka
I don't humble oneself	Tinecwendeeka
to divide into groups	Okwecwamu
I divide into groups	Necwamu
he/she divide into groupses	Aecwamu
I have divide into groupsed	Necwamuire
divide into groups!	Ecwamu
I don't divide into groups	Tinecwamu
to abuse your body	Okwecuukuura
I abuse your body	Necuukuura
he/she abuse your bodies	Aecuukuura
I have abuse your bodied	Necuukuuzire
abuse your body!	Ecuukuura
I don't abuse your body	Tinecuukuura
to be work hard	Okwecurenga
I be work hard	Necurenga
he/she be work hards	Aecurenga
I have be work harded	Necurengire
be work hard!	Ecurenga
I don't be work hard	Tinecurenga
behave childly	Okwecamura
I behave childly	Necamura
he/she behave childlies	Aecamura
I have behave childlied	Necamuzire
behave childly!	Ecamura
I don't behave childly	Tinecamura
to forget	Okwebwa
I forget	Nebwa
he/she forgets	Aebwa
I have forgeted	Nebwire
I don't forget	Tinebwa
to hide yourself	Okwebisa
I hide yourself	Nebisa
he/she hide yourselfs	Aebisa
I have hide yourselfed	Nebisire
hide yourself!	Ebisa
I don't hide yourself	Tinebisa
See: okWEBIRIKA	Okwebiringita
I see: okwebirika	Nebiringita
he/she see: okwebirikas	Aebiringita
I have see: okwebirikaed	Nebiringisire
see: okwebirika!	Ebiringita
I don't see: okwebirika	Tinebiringita
to be helpless	Okwayaya
I be helpless	Nayaya
he/she be helplesses	Aayaya
I have be helplessed	Nayayire
be helpless!	Ayaya
I don't be helpless	Tinayaya
to loot or plunder	Okwaya
I loot or plunder	Naya
he/she loot or plunders	Aaya
I have loot or plundered	Nayire
loot or plunder!	Aya
I don't loot or plunder	Tinaya
to hatch the chicks	Okwatura
I hatch the chicks	Natura
he/she hatch the chickses	Aatura
I have hatch the chicksed	Natuzire
hatch the chicks!	Atura
I don't hatch the chicks	Tinatura
to be audible	Okwatuka
I be audible	Natuka
he/she be audibles	Aatuka
I have be audibled	Natukire
be audible!	Atuka
I don't be audible	Tinatuka
to cut open	Okwatirira
I cut open	Natirira
he/she cut opens	Aatirira
I have cut opened	Natirizire
cut open!	Atirira
I don't cut open	Tinatirira
See: okWAKA	Okwatayata
I see: okwaka	Natayata
he/she see: okwakas	Aatayata
I have see: okwakaed	Natayasire
see: okwaka!	Atayata
I don't see: okwaka	Tinatayata
to be divided	Okwatana
I be divided	Natana
he/she be divideds	Aatana
I have be divideded	Natanire
be divided!	Atana
I don't be divided	Tinatana
to disclose secrets	Okwata-amabanga
I disclose secrets	Nata-amabanga
he/she disclose secretses	Aata-amabanga
I have disclose secretsed	Nata-amabangire
disclose secrets!	Ata-amabanga
I don't disclose secrets	Tinata-amabanga
to hatch out	Okwaruka
I hatch out	Naruka
he/she hatch outs	Aaruka
I have hatch outed	Narukire
hatch out!	Aruka
I don't hatch out	Tinaruka
to slap someone heavilly	Okwanura
I slap someone heavilly	Nanura
he/she slap someone heavillies	Aanura
I have slap someone heavillied	Nanuzire
slap someone heavilly!	Anura
I don't slap someone heavilly	Tinanura
to open something widely	Okwanjuruza
I open something widely	Nanjuruza
he/she open something widelies	Aanjuruza
I have open something widelied	Nanjuruzire
open something widely!	Anjuruza
I don't open something widely	Tinanjuruza
to finish grinding	Okwanjura
I finish grinding	Nanjura
he/she finish grindings	Aanjura
I have finish grindinged	Nanjuzire
finish grinding!	Anjura
I don't finish grinding	Tinanjura
to spread something	Okwanja
I spread something	Nanja
he/she spread somethings	Aanja
I have spread somethinged	Nanzire
spread something!	Anja
I don't spread something	Tinanja
to declare publically	Okwanika
I declare publically	Nanika
he/she declare publicallies	Aanika
I have declare publicallied	Nanikire
declare publically!	Anika
I don't declare publically	Tinanika
to do something hurriedly	Okwangusa
I do something hurriedly	Nangusa
he/she do something hurriedlies	Aangusa
I have do something hurriedlied	Nangusire
do something hurriedly!	Angusa
I don't do something hurriedly	Tinangusa
to gilter	Okwangaasana
I gilter	Nangaasana
he/she gilters	Aangaasana
I have giltered	Nangaasanire
I don't gilter	Tinangaasana
to dry up	Okwanduuka
I dry up	Nanduuka
he/she dry ups	Aanduuka
I have dry uped	Nanduukire
dry up!	Anduuka
I don't dry up	Tinanduuka
to walk hurriedly	Okwandaguza
I walk hurriedly	Nandaguza
he/she walk hurriedlies	Aandaguza
I have walk hurriedlied	Nandaguzire
walk hurriedly!	Andaguza
I don't walk hurriedly	Tinandaguza
to start flowering	Okwana
I start flowering	Nana
he/she start flowerings	Aana
I have start floweringed	Nanire
start flowering!	Ana
I don't start flowering	Tinana
to shout loudly	Okwamuza
I shout loudly	Namuza
he/she shout loudlies	Aamuza
I have shout loudlied	Namuzire
shout loudly!	Amuza
I don't shout loudly	Tinamuza
to stop raining	Okwamuuka
I stop raining	Namuuka
he/she stop rainings	Aamuuka
I have stop raininged	Namuukire
stop raining!	Amuuka
I don't stop raining	Tinamuuka
See: okUTAKIIRIRWA	Okwakiirirwa
I see: okutakiirirwa	Nakiirirwa
he/she see: okutakiirirwas	Aakiirirwa
I have see: okutakiirirwaed	Nakiirirwire
see: okutakiirirwa!	Akiirirwa
I don't see: okutakiirirwa	Tinakiirirwa
to begin to graze	Okwahukira
I begin to graze	Nahukira
he/she begin to grazes	Aahukira
I have begin to grazed	Nahukizire
begin to graze!	Ahukira
I don't begin to graze	Tinahukira
to sit at ease	Okwagagara
I sit at ease	Nagagara
he/she sit at eases	Aagagara
I have sit at eased	Nagagazire
sit at ease!	Agagara
I don't sit at ease	Tinagagara
to complain	Okwabaaba
I complain	Nabaaba
he/she complains	Aabaaba
I have complained	Nabaabire
I don't complain	Tinabaaba
to burst	Okwaba
I burst	Naba
he/she bursts	Aaba
I have bursted	Nabire
I don't burst	Tinaba
to shake something. Var:okujunguza	Okuzunguza
I shake something. var:okujunguza	Nzunguza
he/she shake something. var:okujunguzas	Azunguza
I have shake something. var:okujunguzaed	Nzunguzire
shake something. var:okujunguza!	Zunguza
I don't shake something. var:okujunguza	Tinzunguza
the act of reconciling	Okuziruura
I the act of reconciling	Nziruura
he/she the act of reconcilings	Aziruura
I have the act of reconcilinged	Nziruuzire
the act of reconciling!	Ziruura
I don't the act of reconciling	Tinziruura
to deter a taboo	Okuzirura
I deter a taboo	Nzirura
he/she deter a taboos	Azirura
I have deter a tabooed	Nziruzire
deter a taboo!	Zirura
I don't deter a taboo	Tinzirura
to be undecided	Okuzirazira
I be undecided	Nzirazira
he/she be undecideds	Azirazira
I have be undecideded	Nzirazizire
be undecided!	Zirazira
I don't be undecided	Tinzirazira
to become paralyzed	Okuzingama
I become paralyzed	Nzingama
he/she become paralyzeds	Azingama
I have become paralyzeded	Nzingamire
become paralyzed!	Zingama
I don't become paralyzed	Tinzingama
to attack. See: okUTAAHIRIRA	Okuzinda
I attack. see: okutaahirira	Nzinda
he/she attack. see: okutaahiriras	Azinda
I have attack. see: okutaahiriraed	Nzindire
attack. see: okutaahirira!	Zinda
I don't attack. see: okutaahirira	Tinzinda
deep underground	Okuzimu
to become problematic	Okuzimbagarira
I become problematic	Nzimbagarira
he/she become problematics	Azimbagarira
I have become problematiced	Nzimbagarizire
become problematic!	Zimbagarira
I don't become problematic	Tinzimbagarira
to overcharge	Okuzimba
I overcharge	Nzimba
he/she overcharges	Azimba
I have overcharged	Nzimbire
I don't overcharge	Tinzimba
to become very dirty	Okuzika
I become very dirty	Nzika
he/she become very dirties	Azika
I have become very dirtied	Nzikire
become very dirty!	Zika
I don't become very dirty	Tinzika
to overgrow	Okuzika
I overgrow	Nzika
he/she overgrows	Azika
I have overgrowed	Nzikire
I don't overgrow	Tinzika
to strangle something	Okuzigirira
I strangle something	Nzigirira
he/she strangle somethings	Azigirira
I have strangle somethinged	Nzigirizire
strangle something!	Zigirira
I don't strangle something	Tinzigirira
to paint something black	Okuziga
I paint something black	Nziga
he/she paint something blacks	Aziga
I have paint something blacked	Nzigire
paint something black!	Ziga
I don't paint something black	Tinziga
to sit vagarantly	Okuzeetama
I sit vagarantly	Nzeetama
he/she sit vagarantlies	Azeetama
I have sit vagarantlied	Nzeetamire
sit vagarantly!	Zeetama
I don't sit vagarantly	Tinzeetama
phr. to cause trouble	Okuzaara-akantu
to return from exile	Okuzaahuuka
I return from exile	Nzaahuuka
he/she return from exiles	Azaahuuka
I have return from exiled	Nzaahuukire
return from exile!	Zaahuuka
I don't return from exile	Tinzaahuuka
to get disorganised	Okuzaagarara
I get disorganised	Nzaagarara
he/she get disorganiseds	Azaagarara
I have get disorganiseded	Nzaagarazire
get disorganised!	Zaagarara
I don't get disorganised	Tinzaagarara
to become morning	Okuyangayanga
I become morning	Nyangayanga
he/she become mornings	Ayangayanga
I have become morninged	Nyangayangire
become morning!	Yangayanga
I don't become morning	Tinyangayanga
to be a hooligan	Okuyaayuuka
I be a hooligan	Nyaayuuka
he/she be a hooligans	Ayaayuuka
I have be a hooliganed	Nyaayuukire
be a hooligan!	Yaayuuka
I don't be a hooligan	Tinyaayuuka
to disorganise things. See:okUVURUGA2	Okuvuyanga
I disorganise things. see:okuvuruga2	Nvuyanga
he/she disorganise things. see:okuvuruga2s	Avuyanga
I have disorganise things. see:okuvuruga2ed	Nvuyangire
disorganise things. see:okuvuruga2!	Vuyanga
I don't disorganise things. see:okuvuruga2	Tinvuyanga
to dilute something concentrated	Okuvunuura
I dilute something concentrated	Nvunuura
he/she dilute something concentrateds	Avunuura
I have dilute something concentrateded	Nvunuuzire
dilute something concentrated!	Vunuura
I don't dilute something concentrated	Tinvunuura
to beg for alcohol	Okuvumba
I beg for alcohol	Nvumba
he/she beg for alcohols	Avumba
I have beg for alcoholed	Nvumbire
beg for alcohol!	Vumba
I don't beg for alcohol	Tinvumba
to fill to capacity	Okuviigiiza
I fill to capacity	Nviigiiza
he/she fill to capacities	Aviigiiza
I have fill to capacitied	Nviigiizire
fill to capacity!	Viigiiza
I don't fill to capacity	Tinviigiiza
See: okUTWARIRANA	Okutwaririra
I see: okutwarirana	Ntwaririra
he/she see: okutwariranas	Atwaririra
I have see: okutwariranaed	Ntwaririzire
see: okutwarirana!	Twaririra
I don't see: okutwarirana	Tintwaririra
to become pregnant	Okutwara
I become pregnant	Ntwara
he/she become pregnants	Atwara
I have become pregnanted	Ntwazire
become pregnant!	Twara
I don't become pregnant	Tintwara
to move while bending	Okutuutuuba
I move while bending	Ntuutuuba
he/she move while bendings	Atuutuuba
I have move while bendinged	Ntuutuubire
move while bending!	Tuutuuba
I don't move while bending	Tintuutuuba
See: okUTUUNAGIRA	Okutuunagurikwa
I see: okutuunagira	Ntuunagurikwa
he/she see: okutuunagiras	Atuunagurikwa
I have see: okutuunagiraed	Ntuunagurikwire
see: okutuunagira!	Tuunagurikwa
I don't see: okutuunagira	Tintuunagurikwa
See: okUTURIZA. Var:okuturiza	Okuturubiza
I see: okuturiza. var:okuturiza	Nturubiza
he/she see: okuturiza. var:okuturizas	Aturubiza
I have see: okuturiza. var:okuturizaed	Nturubizire
see: okuturiza. var:okuturiza!	Turubiza
I don't see: okuturiza. var:okuturiza	Tinturubiza
to mixSee: KUJWAnza, KUCANGANYA	Okuturaniza
I mixsee: kujwanza, kucanganya	Nturaniza
he/she mixsee: kujwanza, kucanganyas	Aturaniza
I have mixsee: kujwanza, kucanganyaed	Nturanizire
mixsee: kujwanza, kucanganya!	Turaniza
I don't mixsee: kujwanza, kucanganya	Tinturaniza
to accuse	Okutura
I accuse	Ntura
he/she accuses	Atura
I have accused	Ntuzire
I don't accuse	Tintura
See: okUTUBURA	Okutunuura
I see: okutubura	Ntunuura
he/she see: okutuburas	Atunuura
I have see: okutuburaed	Ntunuuzire
see: okutubura!	Tunuura
I don't see: okutubura	Tintunuura
to have fever	Okutungura
I have fever	Ntungura
he/she have fevers	Atungura
I have have fevered	Ntunguzire
have fever!	Tungura
I don't have fever	Tintungura
to be steep	Okutungama
I be steep	Ntungama
he/she be steeps	Atungama
I have be steeped	Ntungamire
be steep!	Tungama
I don't be steep	Tintungama
to tie tightly	Okutunenga
I tie tightly	Ntunenga
he/she tie tightlies	Atunenga
I have tie tightlied	Ntunengire
tie tightly!	Tunenga
I don't tie tightly	Tintunenga
to sell. Etym: [<Luganda.okutunda>]	Okutunda
I sell. etym: [<luganda.okutunda>]	Ntunda
he/she sell. etym: [<luganda.okutunda>]s	Atunda
I have sell. etym: [<luganda.okutunda>]ed	Ntundire
sell. etym: [<luganda.okutunda>]!	Tunda
I don't sell. etym: [<luganda.okutunda>]	Tintunda
to become fat	Okutunatuna
I become fat	Ntunatuna
he/she become fats	Atunatuna
I have become fated	Ntunatunire
become fat!	Tunatuna
I don't become fat	Tintunatuna
to move while naked	Okutumbuza
I move while naked	Ntumbuza
he/she move while nakeds	Atumbuza
I have move while nakeded	Ntumbuzire
move while naked!	Tumbuza
I don't move while naked	Tintumbuza
to swell	Okutumba
I swell	Ntumba
he/she swells	Atumba
I have swelled	Ntumbire
I don't swell	Tintumba
See: okUTUKURA	Okutukurinkana
I see: okutukura	Ntukurinkana
he/she see: okutukuras	Atukurinkana
I have see: okutukuraed	Ntukurinkanire
see: okutukura!	Tukurinkana
I don't see: okutukura	Tintukurinkana
to be sharp	Okutugunjuka
I be sharp	Ntugunjuka
he/she be sharps	Atugunjuka
I have be sharped	Ntugunjukire
be sharp!	Tugunjuka
I don't be sharp	Tintugunjuka
to stagger	Okusibaaza
I stagger	Nsibaaza
he/she staggers	Asibaaza
I have staggered	Nsibaazire
I don't stagger	Tinsibaaza
to undertake birth control	Okusiba
I undertake birth control	Nsiba
he/she undertake birth controls	Asiba
I have undertake birth controled	Nsibire
undertake birth control!	Siba
I don't undertake birth control	Tinsiba
to plait hair	Okusiba
I plait hair	Nsiba
he/she plait hairs	Asiba
I have plait haired	Nsibire
plait hair!	Siba
I don't plait hair	Tinsiba
See: okWENIAGURIZA	Okutoroka
I see: okweniaguriza	Ntoroka
he/she see: okweniagurizas	Atoroka
I have see: okweniagurizaed	Ntorokire
see: okweniaguriza!	Toroka
I don't see: okweniaguriza	Tintoroka
to subtract from	Okutoora
I subtract from	Ntoora
he/she subtract froms	Atoora
I have subtract fromed	Ntoozire
subtract from!	Toora
I don't subtract from	Tintoora
to trap an animal	Okutoora
I trap an animal	Ntoora
he/she trap an animals	Atoora
I have trap an animaled	Ntoozire
trap an animal!	Toora
I don't trap an animal	Tintoora
to dress finely	Okutoora
I dress finely	Ntoora
he/she dress finelies	Atoora
I have dress finelied	Ntoozire
dress finely!	Toora
I don't dress finely	Tintoora
to make dry	Okutoonyoka
I make dry	Ntoonyoka
he/she make dries	Atoonyoka
I have make dried	Ntoonyokire
make dry!	Toonyoka
I don't make dry	Tintoonyoka
to drizzle: rain lightly	Okutoonyerera
I drizzle: rain lightly	Ntoonyerera
he/she drizzle: rain lightlies	Atoonyerera
I have drizzle: rain lightlied	Ntoonyerezire
drizzle: rain lightly!	Toonyerera
I don't drizzle: rain lightly	Tintoonyerera
to feel sorrow	Okutonza
I feel sorrow	Ntonza
he/she feel sorrows	Atonza
I have feel sorrowed	Ntonzire
feel sorrow!	Tonza
I don't feel sorrow	Tintonza
to ooze, usually blood	Okutonyogoka
I ooze, usually blood	Ntonyogoka
he/she ooze, usually bloods	Atonyogoka
I have ooze, usually blooded	Ntonyogokire
ooze, usually blood!	Tonyogoka
I don't ooze, usually blood	Tintonyogoka
See: okUTONTOMA	Okutontomera
I see: okutontoma	Ntontomera
he/she see: okutontomas	Atontomera
I have see: okutontomaed	Ntontomezire
see: okutontoma!	Tontomera
I don't see: okutontoma	Tintontomera
failure to hatch	Okutontoheza
I failure to hatch	Ntontoheza
he/she failure to hatches	Atontoheza
I have failure to hatched	Ntontohezire
failure to hatch!	Tontoheza
I don't failure to hatch	Tintontoheza
to form a foetus	Okutonda
I form a foetus	Ntonda
he/she form a foetuses	Atonda
I have form a foetused	Ntondire
form a foetus!	Tonda
I don't form a foetus	Tintonda
to dirten something	Okutokooza
I dirten something	Ntokooza
he/she dirten somethings	Atokooza
I have dirten somethinged	Ntokoozire
dirten something!	Tokooza
I don't dirten something	Tintokooza
to be understanding	Okutojoka
I be understanding	Ntojoka
he/she be understandings	Atojoka
I have be understandinged	Ntojokire
be understanding!	Tojoka
I don't be understanding	Tintojoka
to make something wet	Okutobya
I make something wet	Ntobya
he/she make something wets	Atobya
I have make something weted	Ntobyire
make something wet!	Tobya
I don't make something wet	Tintobya
See: okUTOBERA	Okutobeka
I see: okutobera	Ntobeka
he/she see: okutoberas	Atobeka
I have see: okutoberaed	Ntobekire
see: okutobera!	Tobeka
I don't see: okutobera	Tintobeka
to make a bridge	Okutinda
See: okUTIMBUURA	Okutimbuuka
I see: okutimbuura	Ntimbuuka
he/she see: okutimbuuras	Atimbuuka
I have see: okutimbuuraed	Ntimbuukire
see: okutimbuura!	Timbuuka
I don't see: okutimbuura	Tintimbuuka
to dig up holes	Okutimba
I dig up holes	Ntimba
he/she dig up holeses	Atimba
I have dig up holesed	Ntimbire
dig up holes!	Timba
I don't dig up holes	Tintimba
to shake	Okutibita
I shake	Ntibita
he/she shakes	Atibita
I have shaked	Ntibisire
I don't shake	Tintibita
to be very soft	Okutibagana
I be very soft	Ntibagana
he/she be very softs	Atibagana
I have be very softed	Ntibaganire
be very soft!	Tibagana
I don't be very soft	Tintibagana
to fall	Okutereburuka
I fall	Ntereburuka
he/she falls	Atereburuka
I have falled	Ntereburukire
I don't fall	Tintereburuka
to loose hope	Okuterebuka
I loose hope	Nterebuka
he/she loose hopes	Aterebuka
I have loose hoped	Nterebukire
loose hope!	Terebuka
I don't loose hope	Tinterebuka
to grind millet badly	Okutera-embari
I grind millet badly	Ntera-embari
he/she grind millet badlies	Atera-embari
I have grind millet badlied	Ntera-embariire
grind millet badly!	Tera-embari
I don't grind millet badly	Tintera-embari
to shake something repeatedly	Okutenzatenza
I shake something repeatedly	Ntenzatenza
he/she shake something repeatedlies	Atenzatenza
I have shake something repeatedlied	Ntenzatenzire
shake something repeatedly!	Tenzatenza
I don't shake something repeatedly	Tintenzatenza
to shake	Okutenganya
I shake	Ntenganya
he/she shakes	Atenganya
I have shaked	Ntenganyire
I don't shake	Tintenganya
(for kings) to sleep	Okutemba
I (for kings) to sleep	Ntemba
he/she (for kings) to sleeps	Atemba
I have (for kings) to sleeped	Ntembire
(for kings) to sleep!	Temba
I don't (for kings) to sleep	Tintemba
See: okWANZIRIRA	Okuteganguza
I see: okwanzirira	Nteganguza
he/she see: okwanziriras	Ateganguza
I have see: okwanziriraed	Nteganguzire
see: okwanzirira!	Teganguza
I don't see: okwanzirira	Tinteganguza
listen!	Tega okutu
to be joined together	Okuteeranizibwa
I be joined together	Nteeranizibwa
he/she be joined togethers	Ateeranizibwa
I have be joined togethered	Nteeranizibwire
be joined together!	Teeranizibwa
I don't be joined together	Tinteeranizibwa
to guess. See: okUTEEBEREZA	Okuteeba
I guess. see: okuteebereza	Nteeba
he/she guess. see: okuteeberezas	Ateeba
I have guess. see: okuteeberezaed	Nteebire
guess. see: okuteebereza!	Teeba
I don't guess. see: okuteebereza	Tinteeba
to refuse something completely	Okutaraiga
I refuse something completely	Ntaraiga
he/she refuse something completelies	Ataraiga
I have refuse something completelied	Ntaraigire
refuse something completely!	Taraiga
I don't refuse something completely	Tintaraiga
to pay a fine	Okutanga
I pay a fine	Ntanga
he/she pay a fines	Atanga
I have pay a fined	Ntangire
pay a fine!	Tanga
I don't pay a fine	Tintanga
to make something horizontal	Okutandaara
I make something horizontal	Ntandaara
he/she make something horizontals	Atandaara
I have make something horizontaled	Ntandaazire
make something horizontal!	Tandaara
I don't make something horizontal	Tintandaara
See: okURYA	Okutamira
I see: okurya	Ntamira
he/she see: okuryas	Atamira
I have see: okuryaed	Ntamizire
see: okurya!	Tamira
I don't see: okurya	Tintamira
to start grinding millet	Okutamika
I start grinding millet	Ntamika
he/she start grinding millets	Atamika
I have start grinding milleted	Ntamikire
start grinding millet!	Tamika
I don't start grinding millet	Tintamika
to abuse without cause	Okutambara
I abuse without cause	Ntambara
he/she abuse without causes	Atambara
I have abuse without caused	Ntambazire
abuse without cause!	Tambara
I don't abuse without cause	Tintambara
to interfere. See:okUTAMBAARIRA	Okutamba-ikono
I interfere. see:okutambaarira	Ntamba-ikono
he/she interfere. see:okutambaariras	Atamba-ikono
I have interfere. see:okutambaariraed	Ntamba-ikonoire
interfere. see:okutambaarira!	Tamba-ikono
I don't interfere. see:okutambaarira	Tintamba-ikono
to offer sacrifice	Okutamba
I offer sacrifice	Ntamba
he/she offer sacrifices	Atamba
I have offer sacrificed	Ntambire
offer sacrifice!	Tamba
I don't offer sacrifice	Tintamba
to write without aim	Okutamaga
I write without aim	Ntamaga
he/she write without aims	Atamaga
I have write without aimed	Ntamagire
write without aim!	Tamaga
I don't write without aim	Tintamaga
to be mad temporarily	Okutabuka
I be mad temporarily	Ntabuka
he/she be mad temporarilies	Atabuka
I have be mad temporarilied	Ntabukire
be mad temporarily!	Tabuka
I don't be mad temporarily	Tintabuka
to make water dirty	Okutabangura
I make water dirty	Ntabangura
he/she make water dirties	Atabangura
I have make water dirtied	Ntabanguzire
make water dirty!	Tabangura
I don't make water dirty	Tintabangura
to scramble for something	Okutabana
I scramble for something	Ntabana
he/she scramble for somethings	Atabana
I have scramble for somethinged	Ntabanire
scramble for something!	Tabana
I don't scramble for something	Tintabana
to get spoilt	Okutabakara
I get spoilt	Ntabakara
he/she get spoilts	Atabakara
I have get spoilted	Ntabakazire
get spoilt!	Tabakara
I don't get spoilt	Tintabakara
to hurry	Okutabaguza
I hurry	Ntabaguza
he/she hurries	Atabaguza
I have hurried	Ntabaguzire
I don't hurry	Tintabaguza
to disorganise	Okutabagura
I disorganise	Ntabagura
he/she disorganises	Atabagura
I have disorganised	Ntabaguzire
I don't disorganise	Tintabagura
to go to war	Okutabaara
I go to war	Ntabaara
he/she go to wars	Atabaara
I have go to wared	Ntabaazire
go to war!	Tabaara
I don't go to war	Tintabaara
to visit	Okutaayaaya
I visit	Ntaayaaya
he/she visits	Ataayaaya
I have visited	Ntaayaayire
I don't visit	Tintaayaaya
to scatter	Okutaataana
I scatter	Ntaataana
he/she scatters	Ataataana
I have scattered	Ntaataanire
I don't scatter	Tintaataana
See: BUTANDU	Okutaara
I see: butandu	Ntaara
he/she see: butandus	Ataara
I have see: butandued	Ntaazire
see: butandu!	Taara
I don't see: butandu	Tintaara
See: okUTAANA	Okutaanuuka
I see: okutaana	Ntaanuuka
he/she see: okutaanas	Ataanuuka
I have see: okutaanaed	Ntaanuukire
see: okutaana!	Taanuuka
I don't see: okutaana	Tintaanuuka
to enter into something	Okutaahira
I enter into something	Ntaahira
he/she enter into somethings	Ataahira
I have enter into somethinged	Ntaahizire
enter into something!	Taahira
I don't enter into something	Tintaahira
to go deep	Okutaaha
I go deep	Ntaaha
he/she go deeps	Ataaha
I have go deeped	Ntaahire
go deep!	Taaha
I don't go deep	Tintaaha
to go home	Okutaaha
I go home	Ntaaha
he/she go homes	Ataaha
I have go homed	Ntaahire
go home!	Taaha
I don't go home	Tintaaha
to tear	Okutaagura
I tear	Ntaagura
he/she tears	Ataagura
I have teared	Ntaaguzire
I don't tear	Tintaagura
to get torn	Okutaaguka
I get torn	Ntaaguka
he/she get torns	Ataaguka
I have get torned	Ntaagukire
get torn!	Taaguka
I don't get torn	Tintaaguka
See: okUTAAGATAAGA	Okutaagiira
I see: okutaagataaga	Ntaagiira
he/she see: okutaagataagas	Ataagiira
I have see: okutaagataagaed	Ntaagiizire
see: okutaagataaga!	Taagiira
I don't see: okutaagataaga	Tintaagiira
to cry for help	Okutaaga
I cry for help	Ntaaga
he/she cry for helps	Ataaga
I have cry for helped	Ntaagire
cry for help!	Taaga
I don't cry for help	Tintaaga
to run very fast	Okusora
I run very fast	Nsora
he/she run very fasts	Asora
I have run very fasted	Nsozire
run very fast!	Sora
I don't run very fast	Tinsora
to underlook someone	Okusomooza
I underlook someone	Nsomooza
he/she underlook someones	Asomooza
I have underlook someoned	Nsomoozire
underlook someone!	Somooza
I don't underlook someone	Tinsomooza
to advise someone	Okusaha
I advise someone	Nsaha
he/she advise someones	Asaha
I have advise someoned	Nsahire
advise someone!	Saha
I don't advise someone	Tinsaha
(of rain) to stop	Okusa
I (of rain) to stop	Nsa
I have (of rain) to stoped	Nsire
I don't (of rain) to stop	Tinsa
to favour someone	Okusosora
I favour someone	Nsosora
he/she favour someones	Asosora
I have favour someoned	Nsosozire
favour someone!	Sosora
I don't favour someone	Tinsosora
to weed	Okusoorera
I weed	Nsoorera
he/she weeds	Asoorera
I have weeded	Nsoorezire
I don't weed	Tinsoorera
See: okusoRA	Okusoora
I see: okusora	Nsoora
he/she see: okusoras	Asoora
I have see: okusoraed	Nsoozire
see: okusora!	Soora
I don't see: okusora	Tinsoora
See: okusokA	Okusooka
I see: okusoka	Nsooka
he/she see: okusokas	Asooka
I have see: okusokaed	Nsookire
see: okusoka!	Sooka
I don't see: okusoka	Tinsooka
to cool temperature	Okusiza
I cool temperature	Nsiza
he/she cool temperatures	Asiza
I have cool temperatured	Nsizire
cool temperature!	Siza
I don't cool temperature	Tinsiza
to pin something	Okusita
I pin something	Nsita
he/she pin somethings	Asita
I have pin somethinged	Nsisire
pin something!	Sita
I don't pin something	Tinsita
to move downwards	Okusirimuka
I move downwards	Nsirimuka
he/she move downwardses	Asirimuka
I have move downwardsed	Nsirimukire
move downwards!	Sirimuka
I don't move downwards	Tinsirimuka
to keep quiet	Okusirika
I keep quiet	Nsirika
he/she keep quiets	Asirika
I have keep quieted	Nsirikire
keep quiet!	Sirika
I don't keep quiet	Tinsirika
to wrestle	Okusiriitana
I wrestle	Nsiriitana
he/she wrestles	Asiriitana
I have wrestled	Nsiriitanire
I don't wrestle	Tinsiriitana
to run very quickly	Okusiributuka
I run very quickly	Nsiributuka
he/she run very quicklies	Asiributuka
I have run very quicklied	Nsiributukire
run very quickly!	Siributuka
I don't run very quickly	Tinsiributuka
to feel hungry	Okusiraara
I feel hungry	Nsiraara
he/she feel hungries	Asiraara
I have feel hungried	Nsiraazire
feel hungry!	Siraara
I don't feel hungry	Tinsiraara
to sit indecently	Okusinura
I sit indecently	Nsinura
he/she sit indecentlies	Asinura
I have sit indecentlied	Nsinuzire
sit indecently!	Sinura
I don't sit indecently	Tinsinura
to wake up	Okusinsimuka
I wake up	Nsinsimuka
he/she wake ups	Asinsimuka
I have wake uped	Nsinsimukire
wake up!	Sinsimuka
I don't wake up	Tinsinsimuka
See: okUSIITIRIRA	Okusingirira
I see: okusiitirira	Nsingirira
he/she see: okusiitiriras	Asingirira
I have see: okusiitiriraed	Nsingirizire
see: okusiitirira!	Singirira
I don't see: okusiitirira	Tinsingirira
to stand on toes	Okusingiisira
I stand on toes	Nsingiisira
he/she stand on toeses	Asingiisira
I have stand on toesed	Nsingiisizire
stand on toes!	Singiisira
I don't stand on toes	Tinsingiisira
to bring ill luck	Okusindirira
I bring ill luck	Nsindirira
he/she bring ill lucks	Asindirira
I have bring ill lucked	Nsindirizire
bring ill luck!	Sindirira
I don't bring ill luck	Tinsindirira
to push forward	Okusindikiriza
I push forward	Nsindikiriza
he/she push forwards	Asindikiriza
I have push forwarded	Nsindikirizire
push forward!	Sindikiriza
I don't push forward	Tinsindikiriza
to fall on something	Okusindama
I fall on something	Nsindama
he/she fall on somethings	Asindama
I have fall on somethinged	Nsindamire
fall on something!	Sindama
I don't fall on something	Tinsindama
to control running stool	Okusina
I control running stool	Nsina
he/she control running stools	Asina
I have control running stooled	Nsinire
control running stool!	Sina
I don't control running stool	Tinsina
to lift the foot	Okusimbuza
I lift the foot	Nsimbuza
he/she lift the foots	Asimbuza
I have lift the footed	Nsimbuzire
lift the foot!	Simbuza
I don't lift the foot	Tinsimbuza
to stand stiff	Okusimbarara
I stand stiff	Nsimbarara
he/she stand stiffs	Asimbarara
I have stand stiffed	Nsimbarazire
stand stiff!	Simbarara
I don't stand stiff	Tinsimbarara
to be smart	Okusimantura
I be smart	Nsimantura
he/she be smarts	Asimantura
I have be smarted	Nsimantuzire
be smart!	Simantura
I don't be smart	Tinsimantura
to slide off	Okusimaatuka
I slide off	Nsimaatuka
he/she slide offs	Asimaatuka
I have slide offed	Nsimaatukire
slide off!	Simaatuka
I don't slide off	Tinsimaatuka
to be abusive	Okusikora
I be abusive	Nsikora
he/she be abusives	Asikora
I have be abusived	Nsikozire
be abusive!	Sikora
I don't be abusive	Tinsikora
to beg persistently	Okusikora
I beg persistently	Nsikora
he/she beg persistentlies	Asikora
I have beg persistentlied	Nsikozire
beg persistently!	Sikora
I don't beg persistently	Tinsikora
to bring ill luck	Okusikirira
I bring ill luck	Nsikirira
he/she bring ill lucks	Asikirira
I have bring ill lucked	Nsikirizire
bring ill luck!	Sikirira
I don't bring ill luck	Tinsikirira
to inherit	Okusikira
I inherit	Nsikira
he/she inherits	Asikira
I have inherited	Nsikizire
I don't inherit	Tinsikira
to fight for something	Okusikasikana
I fight for something	Nsikasikana
he/she fight for somethings	Asikasikana
I have fight for somethinged	Nsikasikanire
fight for something!	Sikasikana
I don't fight for something	Tinsikasikana
to pull something violently	Okusikankura
I pull something violently	Nsikankura
he/she pull something violentlies	Asikankura
I have pull something violentlied	Nsikankuzire
pull something violently!	Sikankura
I don't pull something violently	Tinsikankura
to kneel	Okusikamiriza
I kneel	Nsikamiriza
he/she kneels	Asikamiriza
I have kneeled	Nsikamirizire
I don't kneel	Tinsikamiriza
to take forcefully	Okusikambura
I take forcefully	Nsikambura
he/she take forcefullies	Asikambura
I have take forcefullied	Nsikambuzire
take forcefully!	Sikambura
I don't take forcefully	Tinsikambura
to get spoilt	Okusiisikara
I get spoilt	Nsiisikara
he/she get spoilts	Asiisikara
I have get spoilted	Nsiisikazire
get spoilt!	Siisikara
I don't get spoilt	Tinsiisikara
to rub off something	Okusiimuura
I rub off something	Nsiimuura
he/she rub off somethings	Asiimuura
I have rub off somethinged	Nsiimuuzire
rub off something!	Siimuura
I don't rub off something	Tinsiimuura
to delay somewhere	Okusiibayo
I delay somewhere	Nsiibayo
he/she delay somewheres	Asiibayo
I have delay somewhered	Nsiibayoire
delay somewhere!	Siibayo
I don't delay somewhere	Tinsiibayo
to spend a day	Okusiiba
I spend a day	Nsiiba
he/she spend a days	Asiiba
I have spend a dayed	Nsiibire
spend a day!	Siiba
I don't spend a day	Tinsiiba
to say good bye	Okusibuura
I say good bye	Nsibuura
he/she say good byes	Asibuura
I have say good byed	Nsibuuzire
say good bye!	Sibuura
I don't say good bye	Tinsibuura
to walk while staggering	Okusibukana
I walk while staggering	Nsibukana
he/she walk while staggerings	Asibukana
I have walk while staggeringed	Nsibukanire
walk while staggering!	Sibukana
I don't walk while staggering	Tinsibukana
to be married	Okuswerwa
I be married	Nswerwa
he/she be marrieds	Aswerwa
I have be marrieded	Nswerwire
be married!	Swerwa
I don't be married	Tinswerwa
See: okusuUKURA	Okuswekura
I see: okusuukura	Nswekura
he/she see: okusuukuras	Aswekura
I have see: okusuukuraed	Nswekuzire
see: okusuukura!	Swekura
I don't see: okusuukura	Tinswekura
to be a shamed	Okuswara
I be a shamed	Nswara
he/she be a shameds	Aswara
I have be a shameded	Nswazire
be a shamed!	Swara
I don't be a shamed	Tinswara
SW. treating the mumps	Okusuyuura
SW. See:okusuURUURA	Okusuukuura
SW. to wrap	Okusubika
I sw. to wrap	Nsubika
he/she sw. to wraps	Asubika
I have sw. to wraped	Nsubikire
sw. to wrap!	Subika
I don't sw. to wrap	Tinsubika
SW. to tell lies	Okusubagura
I sw. to tell lies	Nsubagura
he/she sw. to tell lieses	Asubagura
I have sw. to tell liesed	Nsubaguzire
sw. to tell lies!	Subagura
I don't sw. to tell lies	Tinsubagura
to be straight	Okusororoka
I be straight	Nsororoka
he/she be straights	Asororoka
I have be straighted	Nsororokire
be straight!	Sororoka
I don't be straight	Tinsororoka
to pay tax	Okusora
I pay tax	Nsora
he/she pay taxs	Asora
I have pay taxed	Nsozire
pay tax!	Sora
I don't pay tax	Tinsora
to contribute, to solicit	Okusonda
I contribute, to solicit	Nsonda
he/she contribute, to solicits	Asonda
I have contribute, to solicited	Nsondire
contribute, to solicit!	Sonda
I don't contribute, to solicit	Tinsonda
to abuse someone	Okusomera
I abuse someone	Nsomera
he/she abuse someones	Asomera
I have abuse someoned	Nsomezire
abuse someone!	Somera
I don't abuse someone	Tinsomera
to move slowly	Okusombooka
I move slowly	Nsombooka
he/she move slowlies	Asombooka
I have move slowlied	Nsombookire
move slowly!	Sombooka
I don't move slowly	Tinsombooka
to be well educated	Okusoma
I be well educated	Nsoma
he/she be well educateds	Asoma
I have be well educateded	Nsomire
be well educated!	Soma
I don't be well educated	Tinsoma
to pull out threds	Okusohoorora
I pull out threds	Nsohoorora
he/she pull out thredses	Asohoorora
I have pull out thredsed	Nsohoorozire
pull out threds!	Sohoorora
I don't pull out threds	Tinsohoorora
to sneak out	Okusohooroka
I sneak out	Nsohooroka
he/she sneak outs	Asohooroka
I have sneak outed	Nsohoorokire
sneak out!	Sohooroka
I don't sneak out	Tinsohooroka
to catch fish	Okusoha
I catch fish	Nsoha
he/she catch fishes	Asoha
I have catch fished	Nsohire
catch fish!	Soha
I don't catch fish	Tinsoha
to make a mistake	Okusobya
I make a mistake	Nsobya
he/she make a mistakes	Asobya
I have make a mistaked	Nsobyire
make a mistake!	Sobya
I don't make a mistake	Tinsobya
to be sarcastic	Okusinyooka
I be sarcastic	Nsinyooka
he/she be sarcastics	Asinyooka
I have be sarcasticed	Nsinyookire
be sarcastic!	Sinyooka
I don't be sarcastic	Tinsinyooka
to commit a sin	Okusiisa
I commit a sin	Nsiisa
he/she commit a sins	Asiisa
I have commit a sined	Nsiisire
commit a sin!	Siisa
I don't commit a sin	Tinsiisa
to waste	Okusiisa
I waste	Nsiisa
he/she wastes	Asiisa
I have wasted	Nsiisire
I don't waste	Tinsiisa
to make porridge	Okusigisa
I make porridge	Nsigisa
he/she make porridges	Asigisa
I have make porridged	Nsigisire
make porridge!	Sigisa
I don't make porridge	Tinsigisa
SW. to collect firewood	Okusenya
I sw. to collect firewood	Nsenya
he/she sw. to collect firewoods	Asenya
I have sw. to collect firewooded	Nsenyire
sw. to collect firewood!	Senya
I don't sw. to collect firewood	Tinsenya
SW. to flow gently	Okuseneneka
I sw. to flow gently	Nseneneka
he/she sw. to flow gentlies	Aseneneka
I have sw. to flow gentlied	Nsenenekire
sw. to flow gently!	Seneneka
I don't sw. to flow gently	Tinseneneka
SW. See: okuseNDekeREZA	Okusendekeza
SW. to attract	Okusendasenda
I sw. to attract	Nsendasenda
he/she sw. to attracts	Asendasenda
I have sw. to attracted	Nsendasendire
sw. to attract!	Sendasenda
I don't sw. to attract	Tinsendasenda
to operate on someone	Okusemeza
I operate on someone	Nsemeza
he/she operate on someones	Asemeza
I have operate on someoned	Nsemezire
operate on someone!	Semeza
I don't operate on someone	Tinsemeza
SW. to be pleasant	Okusemera
I sw. to be pleasant	Nsemera
he/she sw. to be pleasants	Asemera
I have sw. to be pleasanted	Nsemezire
sw. to be pleasant!	Semera
I don't sw. to be pleasant	Tinsemera
to dress a wound	Okusemba
I dress a wound	Nsemba
he/she dress a wounds	Asemba
I have dress a wounded	Nsembire
dress a wound!	Semba
I don't dress a wound	Tinsemba
SW. to be open	Okuseesura
I sw. to be open	Nseesura
he/she sw. to be opens	Aseesura
I have sw. to be opened	Nseesuzire
sw. to be open!	Seesura
I don't sw. to be open	Tinseesura
SW. to collect firewood	Okuseenya
I sw. to collect firewood	Nseenya
he/she sw. to collect firewoods	Aseenya
I have sw. to collect firewooded	Nseenyire
sw. to collect firewood!	Seenya
I don't sw. to collect firewood	Tinseenya
SW. to sprout again	Okusebuka
I sw. to sprout again	Nsebuka
he/she sw. to sprout agains	Asebuka
I have sw. to sprout agained	Nsebukire
sw. to sprout again!	Sebuka
I don't sw. to sprout again	Tinsebuka
SW. to split	Okusatura
I sw. to split	Nsatura
he/she sw. to splits	Asatura
I have sw. to splited	Nsatuzire
sw. to split!	Satura
I don't sw. to split	Tinsatura
SW. to be numb	Okusarara
I sw. to be numb	Nsarara
he/she sw. to be numbs	Asarara
I have sw. to be numbed	Nsarazire
sw. to be numb!	Sarara
I don't sw. to be numb	Tinsarara
SW. to enlarge	Okusanjuura
I sw. to enlarge	Nsanjuura
he/she sw. to enlarges	Asanjuura
I have sw. to enlarged	Nsanjuuzire
sw. to enlarge!	Sanjuura
I don't sw. to enlarge	Tinsanjuura
SW. to be found	Okusangwa
I sw. to be found	Nsangwa
he/she sw. to be founds	Asangwa
I have sw. to be founded	Nsangwire
sw. to be found!	Sangwa
I don't sw. to be found	Tinsangwa
SW. to commit adultery	Okusambana
I sw. to commit adultery	Nsambana
he/she sw. to commit adulteries	Asambana
I have sw. to commit adulteried	Nsambanire
sw. to commit adultery!	Sambana
I don't sw. to commit adultery	Tinsambana
SW. to catch something	Okusamata
I sw. to catch something	Nsamata
he/she sw. to catch somethings	Asamata
I have sw. to catch somethinged	Nsamasire
sw. to catch something!	Samata
I don't sw. to catch something	Tinsamata
SW. to starve	Okusamaara
I sw. to starve	Nsamaara
he/she sw. to starves	Asamaara
I have sw. to starved	Nsamaazire
sw. to starve!	Samaara
I don't sw. to starve	Tinsamaara
SW. to make noise	Okusabagiza
I sw. to make noise	Nsabagiza
he/she sw. to make noises	Asabagiza
I have sw. to make noised	Nsabagizire
sw. to make noise!	Sabagiza
I don't sw. to make noise	Tinsabagiza
to labour for nothing	Okuseera-aha-muyaga
I labour for nothing	Nseera-aha-muyaga
he/she labour for nothings	Aseera-aha-muyaga
I have labour for nothinged	Nseera-aha-muyagire
labour for nothing!	Seera-aha-muyaga
I don't labour for nothing	Tinseera-aha-muyaga
to walk slowly	Okusaarumba
I walk slowly	Nsaarumba
he/she walk slowlies	Asaarumba
I have walk slowlied	Nsaarumbire
walk slowly!	Saarumba
I don't walk slowly	Tinsaarumba
to cut off something	Okuryebura
I cut off something	Ndyebura
he/she cut off somethings	Aryebura
I have cut off somethinged	Ndyebuzire
cut off something!	Ryebura
I don't cut off something	Tindyebura
to be lustful	Okuruuza
I be lustful	Nduuza
he/she be lustfuls	Aruuza
I have be lustfuled	Nduuzire
be lustful!	Ruuza
I don't be lustful	Tinduuza
to gather things together	Okurundaana
I gather things together	Ndundaana
he/she gather things togethers	Arundaana
I have gather things togethered	Ndundaanire
gather things together!	Rundaana
I don't gather things together	Tindundaana
to block view	Okurumbaara
I block view	Ndumbaara
he/she block views	Arumbaara
I have block viewed	Ndumbaazire
block view!	Rumbaara
I don't block view	Tindumbaara
to stand out	Okurumbaara
I stand out	Ndumbaara
he/she stand outs	Arumbaara
I have stand outed	Ndumbaazire
stand out!	Rumbaara
I don't stand out	Tindumbaara
to bulge	Okurumbaara
I bulge	Ndumbaara
he/she bulges	Arumbaara
I have bulged	Ndumbaazire
I don't bulge	Tindumbaara
See: okURosoORA	Okurosora
I see: okurosoora	Ndosora
he/she see: okurosooras	Arosora
I have see: okurosooraed	Ndosozire
see: okurosoora!	Rosora
I don't see: okurosoora	Tindosora
to suck dry	Okurongooza.
I suck dry	Ndongooza.
he/she suck dries	Arongooza.
I have suck dried	Ndongooza.ire
suck dry!	Rongooza.
I don't suck dry	Tindongooza.
to feel nausea	Okurokombwa
I feel nausea	Ndokombwa
he/she feel nauseas	Arokombwa
I have feel nauseaed	Ndokombwire
feel nausea!	Rokombwa
I don't feel nausea	Tindokombwa
See: okUROFAHARA	Okurofakara
I see: okurofahara	Ndofakara
he/she see: okurofaharas	Arofakara
I have see: okurofaharaed	Ndofakazire
see: okurofahara!	Rofakara
I don't see: okurofahara	Tindofakara
to neighbour with someone	Okuriraana
I neighbour with someone	Ndiraana
he/she neighbour with someones	Ariraana
I have neighbour with someoned	Ndiraanire
neighbour with someone!	Riraana
I don't neighbour with someone	Tindiraana
to make things equal	Okuringaaniza
I make things equal	Ndingaaniza
he/she make things equals	Aringaaniza
I have make things equaled	Ndingaanizire
make things equal!	Ringaaniza
I don't make things equal	Tindingaaniza
to stop guarding something	Okurindura
I stop guarding something	Ndindura
he/she stop guarding somethings	Arindura
I have stop guarding somethinged	Ndinduzire
stop guarding something!	Rindura
I don't stop guarding something	Tindindura
to be totally blind	Okurindagira
I be totally blind	Ndindagira
he/she be totally blinds	Arindagira
I have be totally blinded	Ndindagizire
be totally blind!	Rindagira
I don't be totally blind	Tindindagira
to wait for something	Okurinda
I wait for something	Ndinda
he/she wait for somethings	Arinda
I have wait for somethinged	Ndindire
wait for something!	Rinda
I don't wait for something	Tindinda
to be handled together	Okurimbiika
I be handled together	Ndimbiika
he/she be handled togethers	Arimbiika
I have be handled togethered	Ndimbiikire
be handled together!	Rimbiika
I don't be handled together	Tindimbiika
to trick: being cunning	Okurimanganya
I trick: being cunning	Ndimanganya
he/she trick: being cunnings	Arimanganya
I have trick: being cunninged	Ndimanganyire
trick: being cunning!	Rimanganya
I don't trick: being cunning	Tindimanganya
to hack thoroughly	Okuriituura
I hack thoroughly	Ndiituura
he/she hack thoroughlies	Ariituura
I have hack thoroughlied	Ndiituuzire
hack thoroughly!	Riituura
I don't hack thoroughly	Tindiituura
to court (a girl)	Okuriima
I court (a girl)	Ndiima
he/she court (a girl)s	Ariima
I have court (a girl)ed	Ndiimire
court (a girl)!	Riima
I don't court (a girl)	Tindiima
to be edible	Okuriika
I be edible	Ndiika
he/she be edibles	Ariika
I have be edibled	Ndiikire
be edible!	Riika
I don't be edible	Tindiika
to fbe edible	Okuriija
I fbe edible	Ndiija
he/she fbe edibles	Ariija
I have fbe edibled	Ndiizire
fbe edible!	Riija
I don't fbe edible	Tindiija
to feel abdominal pain	Okuriibwa
I feel abdominal pain	Ndiibwa
he/she feel abdominal pains	Ariibwa
I have feel abdominal pained	Ndiibwire
feel abdominal pain!	Riibwa
I don't feel abdominal pain	Tindiibwa
to be tired, exhauseted	Okuriha
I be tired, exhauseted	Ndiha
he/she be tired, exhauseteds	Ariha
I have be tired, exhauseteded	Ndihire
be tired, exhauseted!	Riha
I don't be tired, exhauseted	Tindiha
See: okUDIBA. Var: okudiba	Okuriba
I see: okudiba. var: okudiba	Ndiba
he/she see: okudiba. var: okudibas	Ariba
I have see: okudiba. var: okudibaed	Ndibire
see: okudiba. var: okudiba!	Riba
I don't see: okudiba. var: okudiba	Tindiba
to float	Okurerema
I float	Nderema
he/she floats	Arerema
I have floated	Nderemire
I don't float	Tinderema
to pass on something	Okurenza
I pass on something	Ndenza
he/she pass on somethings	Arenza
I have pass on somethinged	Ndenzire
pass on something!	Renza
I don't pass on something	Tindenza
to exaggerate	Okurenza
I exaggerate	Ndenza
he/she exaggerates	Arenza
I have exaggerated	Ndenzire
I don't exaggerate	Tindenza
to dangle something	Okurengeta.
I dangle something	Ndengeta.
he/she dangle somethings	Arengeta.
I have dangle somethinged	Ndengeta.ire
dangle something!	Rengeta.
I don't dangle something	Tindengeta.
to lose hope	Okurengerana
I lose hope	Ndengerana
he/she lose hopes	Arengerana
I have lose hoped	Ndengeranire
lose hope!	Rengerana
I don't lose hope	Tindengerana
to weigh out capacity	Okurenga
I weigh out capacity	Ndenga
he/she weigh out capacities	Arenga
I have weigh out capacitied	Ndengire
weigh out capacity!	Renga
I don't weigh out capacity	Tindenga
See: okUHEMBEKA	Okurembeka
I see: okuhembeka	Ndembeka
he/she see: okuhembekas	Arembeka
I have see: okuhembekaed	Ndembekire
see: okuhembeka!	Rembeka
I don't see: okuhembeka	Tindembeka
SW.Usage: Nkole. See: okUREGEZA	Okuregeza
SW. See: okUREEKA	Okuregeka
to smoke	Okureetsa
I smoke	Ndeetsa
he/she smokes	Areetsa
I have smoked	Ndeetsire
I don't smoke	Tindeetsa
to dangle	Okureereeta
I dangle	Ndeereeta
he/she dangles	Areereeta
I have dangled	Ndeereesire
I don't dangle	Tindeereeta
to harvest rain water	Okureeka
I harvest rain water	Ndeeka
he/she harvest rain waters	Areeka
I have harvest rain watered	Ndeekire
harvest rain water!	Reeka
I don't harvest rain water	Tindeeka
to be transparent	Okureeberwamu
to fallow	Okuraza
I fallow	Ndaza
he/she fallows	Araza
I have fallowed	Ndazire
I don't fallow	Tindaza
to echo	Okurangaara
I echo	Ndangaara
he/she echos	Arangaara
I have echoed	Ndangaazire
I don't echo	Tindangaara
to be famous	Okurangaanwa
I be famous	Ndangaanwa
he/she be famouses	Arangaanwa
I have be famoused	Ndangaanwire
be famous!	Rangaanwa
I don't be famous	Tindangaanwa
to bargain or huggle	Okuramuza
I bargain or huggle	Ndamuza
he/she bargain or huggles	Aramuza
I have bargain or huggled	Ndamuzire
bargain or huggle!	Ramuza
I don't bargain or huggle	Tindamuza
See: okURAMUKANISA	Okuramukanya
I see: okuramukanisa	Ndamukanya
he/she see: okuramukanisas	Aramukanya
I have see: okuramukanisaed	Ndamukanyire
see: okuramukanisa!	Ramukanya
I don't see: okuramukanisa	Tindamukanya
See: okURAMATIKA	Okuramatikana
I see: okuramatika	Ndamatikana
he/she see: okuramatikas	Aramatikana
I have see: okuramatikaed	Ndamatikanire
see: okuramatika!	Ramatikana
I don't see: okuramatika	Tindamatikana
to become taller	Okuraiha
I become taller	Ndaiha
he/she become tallers	Araiha
I have become tallered	Ndaihire
become taller!	Raiha
I don't become taller	Tindaiha
to do things quickly	Okurahusa
I do things quickly	Ndahusa
he/she do things quicklies	Arahusa
I have do things quicklied	Ndahusire
do things quickly!	Rahusa
I don't do things quickly	Tindahusa
to move quickly	Okurahuka
I move quickly	Ndahuka
he/she move quicklies	Arahuka
I have move quicklied	Ndahukire
move quickly!	Rahuka
I don't move quickly	Tindahuka
to make incessant demands	Okuragiiza
I make incessant demands	Ndagiiza
he/she make incessant demandses	Aragiiza
I have make incessant demandsed	Ndagiizire
make incessant demands!	Ragiiza
I don't make incessant demands	Tindagiiza
to drop and scatter	Okuragarika
I drop and scatter	Ndagarika
he/she drop and scatters	Aragarika
I have drop and scattered	Ndagarikire
drop and scatter!	Ragarika
I don't drop and scatter	Tindagarika
to bid farewel	Okuraga2.
I bid farewel	Ndaga2.
he/she bid farewels	Araga2.
I have bid fareweled	Ndaga2.ire
bid farewel!	Raga2.
I don't bid farewel	Tindaga2.
to give a present	Okurabira
I give a present	Ndabira
he/she give a presents	Arabira
I have give a presented	Ndabizire
give a present!	Rabira
I don't give a present	Tindabira
See: OBUTURUTURU	Oruturuturu
See: OBUTURUTURUs	Enturuturu
skin rash	Orukuuruuru
skin rashes	Enkuuruuru
illuminations: things that glitter	Omwenge
illuminations: things that glitters	Abenge
See: ABAMBARI	Omwambari
See: ABAMBARIs	Abambari
See: AMAZIGA	Omuziga
See: AMAZIGAs	Abaziga
See: OMUTONEZI	Omutonezi
See: OMUTONEZIs	Abatonezi
See: EKISEREBEGANYI	Omuserebenganyi
See: EKISEREBEGANYIs	Abaserebenganyi
See: KATARA	Omuceeri
See: KATARAs	Abaceeri
silence: being very quite	Omuceceko
silence: being very quites	Abaceceko
See: KABOHE 2	Omubyamo
See: KABOHE 2s	Ababyamo
in, inside	Omunda
in, insides	Abanda
to dry	Omya
the whole of something	Ona
to increase, add, continue	Oogera
to spin, twist thread	Ongosa
only, self, selves	Onka
to suckle	Onkya
vry self, selves	Onyini
See: okWEKUZA	Okwekuriiriza
I see: okwekuza	Nekuriiriza
he/she see: okwekuzas	Aekuriiriza
I have see: okwekuzaed	Nekuriirizire
see: okwekuza!	Ekuriiriza
I don't see: okwekuza	Tinekuriiriza
See: okUROOBA	Okwecenenkuriza
I see: okurooba	Necenenkuriza
he/she see: okuroobas	Aecenenkuriza
I have see: okuroobaed	Necenenkurizire
see: okurooba!	Ecenenkuriza
I don't see: okurooba	Tinecenenkuriza
to suffer from ringworms	Okuzomba
I suffer from ringworms	Nzomba
he/she suffer from ringwormses	Azomba
I have suffer from ringwormsed	Nzombire
suffer from ringworms!	Zomba
I don't suffer from ringworms	Tinzomba
See: okUNYUNGURURA	Okuyungurura
I see: okunyungurura	Nyungurura
he/she see: okunyungururas	Ayungurura
I have see: okunyungururaed	Nyunguruzire
see: okunyungurura!	Yungurura
I don't see: okunyungurura	Tinyungurura
See: okUJENGA2	Okuyenga
I see: okujenga2	Nyenga
he/she see: okujenga2s	Ayenga
I have see: okujenga2ed	Nyengire
see: okujenga2!	Yenga
I don't see: okujenga2	Tinyenga
See: okUTUMBIIKA	Okutungeza
I see: okutumbiika	Ntungeza
he/she see: okutumbiikas	Atungeza
I have see: okutumbiikaed	Ntungezire
see: okutumbiika!	Tungeza
I don't see: okutumbiika	Tintungeza
See: okURAARIRIZA	Okutooza
I see: okuraaririza	Ntooza
he/she see: okuraaririzas	Atooza
I have see: okuraaririzaed	Ntoozire
see: okuraaririza!	Tooza
I don't see: okuraaririza	Tintooza
burning heavily	Okutootera
I burning heavily	Ntootera
he/she burning heavilies	Atootera
I have burning heavilied	Ntootezire
burning heavily!	Tootera
I don't burning heavily	Tintootera
See: okURAARIRIZA	Okutoorereza
I see: okuraaririza	Ntoorereza
he/she see: okuraaririzas	Atoorereza
I have see: okuraaririzaed	Ntoorerezire
see: okuraaririza!	Toorereza
I don't see: okuraaririza	Tintoorereza
See: okUHEMBEKA	Okutangiriza
I see: okuhembeka	Ntangiriza
he/she see: okuhembekas	Atangiriza
I have see: okuhembekaed	Ntangirizire
see: okuhembeka!	Tangiriza
I don't see: okuhembeka	Tintangiriza
to be in search	Okutaara
I be in search	Ntaara
he/she be in searches	Ataara
I have be in searched	Ntaazire
be in search!	Taara
I don't be in search	Tintaara
See: okURAAKAARA	Okusaakaara
I see: okuraakaara	Nsaakaara
he/she see: okuraakaaras	Asaakaara
I have see: okuraakaaraed	Nsaakaazire
see: okuraakaara!	Saakaara
I don't see: okuraakaara	Tinsaakaara
a person with authority	Ow'obusoboorozi
on the ground	Owaishe-butaka
to be obedient	Orobera
to soften	Orobya
muddy water	Orwondo
muddy waters	Enondo
a bad scaring eye	Orwiso
bad scaring eyes	Eniso
a long necked gourd	Orutuuha
long necked gourds	Entuuha
a wooden dish	Orutabago
wooden dishes	Entabago
half boiled milk	Orusongosongo
half boiled milks	Ensongosongo
a striped rat	Orurenga-myambi
striped rats	Endenga-myambi
See: EKIBUGA	Orurembo
a fertilised stigma	Orunyoga
fertilised stigmas	Ennyoga
conjuring stick	Orumanyo
conjuring sticks	Enmanyo
See: ORUGUUTO	Orukuuto
drizzle. See: ORUHUUNYIRIRA	Orujurajura
drizzle. See: ORUHUUNYIRIRAs	Enjurajura
a bad smell	Oruhurahure
bad smells	Enhurahure
certain swamp grass	Oruhunda.
certain swamp grasses	Enhunda.
food mould. See: ORUHUMBU	Oruhumbwe
food mould. See: ORUHUMBUs	Enhumbwe
pointed iron digging tool	Oruhoso
pointed iron digging tools	Enhoso
a plant species	Oruherere
plant specieses	Enherere
a bushy forest	Oruhenda
bushy forests	Enhenda
area around a homestead	Oruhembo
area around a homesteads	Enhembo
new moon	Oruhembe
new moons	Enhembe
[oruhaburizo]See: ORUHABYO	Oruhaburizo
[oruhaburizo]See: ORUHABYOs	Enhaburizo
See: ORUGEZI	Orugezigezi
See: ORUGOYE	Orugoyi
spiral wire bracelet	Orugaga.
spiral wire bracelets	Engaga.
high jumb	Orucurabembe
high jumbs	Encurabembe
mist. See: ORUHO	Orucu
mist. See: ORUHOs	Encu
a large milk pot	Orubindi
large milk pots	Embindi
timber used for roofing	Orubazi
timber used for roofings	Embazi
an ancient hero	Orubanda
ancient heros	Embanda
Fire flames	Orubabo
Fire flameses	Embabo
a bundle of firewood	Oruba
bundle of firewoods	Emba
the holy one	Orikwera
holly spirit	Omwoyo-orikwera
holly spirits	Aboyo-orikwera
a poor person	Omworo
poor persons	Aboro
a medicinal tree species	Omwonyo-gwa-muha
medicinal tree specieses	Abonyo-gwa-muha
being naked	Omwonore
being nakeds	Abonore
a mwiru female person	Omwirukazi
mwiru female persons	Abirukazi
elephant task	Omwino
elephant tasks	Abino
See: okWINARA	Omwinaro
niece. See: OMWIHWA	Omwihwakati
niece. See: OMWIHWAs	Abihwakati
a rat's track	Omweyera
rat's tracks	Abeyera
See: OMWEMAMURO	Omweyayamuro
See: OMWESYAMURO	Omwesamuro
vocation. See: ORWETO	Omweto
vocation. See: ORWETOs	Abeto
an indepent minded person	Omweteyeki
indepent minded persons	Abeteyeki
See: OMWESHUNGI	Omwesungo
See: OMWEHURIRO	Omweryo
See: OMWEGANDE	Omweremwa
a medicinal plant	Omwenyi-musaija
medicinal plants	Abenyi-musaija
See: OMWEHURIRO	Omwemanyo
God parent. See: OMUZAIRE	Omwema
God parent. See: OMUZAIREs	Abema
unnecessary noise	Omweharanganyo
unnecessary noises	Abeharanganyo
See: OMWegeMURE	Omweyenge
a careful person	Omweyenderezi
careful persons	Abeyenderezi
a conceited person	Omwegirage
conceited persons	Abegirage
a lazy person	Omwegande
lazy persons	Abegande
millet or sorghum cake	Omwate
millet or sorghum cakes	Abate
end of an arrow	Omwatangabo
end of an arrows	Abatangabo
instead of	Omwanya
instead ofs	Abanya
period of time	Omwanya
period of times	Abanya
absent minded person	Omwanjuki
absent minded persons	Abanjuki
See: OMWANGANZIMA	Omwangaazimu
Mr, master, husband chief	Omwami
Mr, master, husband chiefs	Abami
new harvest	Omwaka
new harvests	Abaka
a short visit paid	Omuzirimuko
short visit paids	Abazirimuko
banana leaves'	Omuzingoonya
banana leaves's	Abazingoonya
king: a traditional ruler	Omuzingangoma
king: a traditional rulers	Abazingangoma
a heap of dung	Omuzindi
heap of dungs	Abazindi
room:one roomed house	Omuzigo
room:one roomed houses	Abazigo
astate of confusion	Omuzambaaro
astate of confusions	Abazambaaro
a tree species	Omuyovu
tree specieses	Abayovu
saliva of the cow	Omuvumba
saliva of the cows	Abavumba
avery tall person	Omutyobero
avery tall persons	Abatyobero
a tree species	Omuturika
tree specieses	Abaturika
plant of passion fruits	Omutunda
plant of passion fruitses	Abatunda
a heap of millet	Omutunda
heap of millets	Abatunda
bean's soup. See: OMUNIINO	Omutoha
bean's soup. See: OMUNIINOs	Abatoha
a brick making tray	Omutiba
brick making trays	Abatiba
cattle disease	Omutara
cattle diseases	Abatara
The usefulness of something	Omutambo
usefulness of somethings	Abatambo
a coffee plant	Omutabungwa
coffee plants	Abatabungwa
spear: a long spear	Omutaari
spear: a long spears	Abataari
tall thorn-tree	Omusaza
tall thorn-trees	Abasaza
dancer: one who dances	Omusoomi
dancer: one who danceses	Abasoomi
a bunch of bananas	Omusisa
bunch of bananases	Abasisa
aplant species	Omusingasinga
aplant specieses	Abasingasinga
newly unbaked pot	Omusinga
newly unbaked pots	Abasinga
alluvial soils	Omusimbi
alluvial soilses	Abasimbi
untrustworthy person	Omusikuzi
untrustworthy persons	Abasikuzi
a grass specie	Omusunguru
grass species	Abasunguru
anus. See: OMWOYO	Omusumiko
anus. See: OMWOYOs	Abasumiko
young millet stalks	Omusooro
young millet stalkses	Abasooro
mistress: a female teacher	Omusomesa-kati
mistress: a female teachers	Abasomesa-kati
plant species	Omusobya
plant specieses	Abasobya
a person who outstays	Omusitamirizi
person who outstayses	Abasitamirizi
thump: a heavy blow	Omusenguro
thump: a heavy blows	Abasenguro
a tree species	Omuseese
tree specieses	Abaseese
See: OMUSA	Omuse
a grass species	Omusarakanda
grass specieses	Abasarakanda
a Kinyarwanda traditional dress	Omusanana
Kinyarwanda traditional dresses	Abasanana
See: EKISAMATO	Omusamato
plant: a tree species	Omusaabo
plant: a tree specieses	Abasaabo
a brand new car	Omuserebende
brand new cars	Abaserebende
alarm. See: OMURANGA	Omuruura
alarm. See: OMURANGAs	Abaruura
multiplication table	Omurundi
multiplication tables	Abarundi
the duck's excrets	Omuroba
duck's excretses	Abaroba
name of a comet	Omureetsa.
name of a comets	Abareetsa.
being curious	Omureebuuzo
being curiouses	Abareebuuzo
something done very quickly	Omuraso
something done very quicklies	Abaraso
a tree specie	Omurangara
tree species	Abarangara
passion fruits	Omurande
passion fruitses	Abarande
something very long	Omurambuure.
See: EMIRABANAMU	Omurabanamu
See: MINZAANI	Omunzaani
earth warm	Omunyongororwa
earth warms	Abanyongororwa
See: OMUNYANA	Omunyoma
accacia tree	Omunyinya
accacia trees	Abanyinya
smashed food especially bananas	Omunyige
smashed food especially bananases	Abanyige
to walk slowly	Omunyigimbo
pins and needles	Omunyegezi
pins and needleses	Abanyegezi
premature bunch of matooke	Omunyara
premature bunch of matookes	Abanyara
See: OMUNYAMUKAGO	Omunyaruganda
someone who likes revenging	Omunyanzigu
someone who likes revengings	Abanyanzigu
indigenous person. See: OMUTAKA	Omunyansi
indigenous person. See: OMUTAKAs	Abanyansi
premature bunch of matooke	Omunyangara
premature bunch of matookes	Abanyangara
basket fibre	Omunya
basket fibres	Abanya
the person who dislikes	Omunugi
person who dislikeses	Abanugi
a certain grass specie	Omumbya
certain grass species	Abambya
[omukebezi]: See:OMUGOROZi	Omukebezi
[omukebezi]: See:OMUGOROZis	Abakebezi
[omukwodyo]: a tactiful person	Omukwodyo
[omukwodyo]: a tactiful persons	Abakwodyo
muddy sediments in beer	Omukunyu
muddy sediments in beers	Abakunyu
a grass specie	Omukungasebeya
grass species	Abakungasebeya
half cooked or ripe	Omukooto
half cooked or ripes	Abakooto
a prickly shrub	Omukongorani
prickly shrubs	Abakongorani
a tree specie	Omukobe
tree species	Abakobe
participant in the meeting	Omukiiki
participant in the meetings	Abakiiki
at home	Omuka
at homes	Abaka
a piece of stick	Omujuguto
piece of sticks	Abajuguto
long-nosed, long-tailed rat	Omuhuuhe
long-nosed, long-tailed rats	Abahuuhe
pure liquid	Omuhuuhe
pure liquids	Abahuuhe
milk with no froth	Omuhuhe
milk with no froths	Abahuhe
someone who offers sacrifices	Omuhongi
someone who offers sacrificeses	Abahongi
a medicinal tree specie	Omuhingura
medicinal tree species	Abahingura
a blade of spear	Omuhimba
blade of spears	Abahimba
one who blesses people	Omuhiire
one who blesses peoples	Abahiire
See: RWEBANDIRA	Omuheekera
a medical plant	Omuhe
medical plants	Abahe
a sharp long object	Omugeto
sharp long objects	Abageto
See: OMUGWEZI. Pl: abaguruzi	Omuguruzi
cowpea leaves	Omugobe
cowpea leaveses	Abagobe
wild plant	Omugarura
wild plants	Abagarura
protected spring	Omugano
protected springs	Abagano
bundle e.g of firewood	Omuganda
bundle e.g of firewoods	Abaganda
a tree species	Omufa-igesa
tree specieses	Abafa-igesa
fatility loose of anything	Omucuku
fatility loose of anythings	Abacuku
sauce	Omucu Sauce.
sauces	Abacu Sauce.
flesh alcohol	Omubire
flesh alcohols	Ababire
a medicinal plant specie	Omubimba-ifuro
medicinal plant species	Ababimba-ifuro
very young maize	Omubeya
very young maizes	Ababeya
a new blandy car	Omubanda
new blandy cars	Ababanda
a decoration	Omubabo
to soften something	Okworobya
I soften something	Norobya
he/she soften somethings	Aorobya
I have soften somethinged	Norobyire
soften something!	Orobya
I don't soften something	Tinorobya
to add on something	Okwongesereza
I add on something	Nongesereza
he/she add on somethings	Aongesereza
I have add on somethinged	Nongeserezire
add on something!	Ongesereza
I don't add on something	Tinongesereza
to be burnt completely	Okwongotoka
I be burnt completely	Nongotoka
he/she be burnt completelies	Aongotoka
I have be burnt completelied	Nongotokire
be burnt completely!	Ongotoka
I don't be burnt completely	Tinongotoka
to grow thin	Okwongoboka
I grow thin	Nongoboka
he/she grow thins	Aongoboka
I have grow thined	Nongobokire
grow thin!	Ongoboka
I don't grow thin	Tinongoboka
to witness falsely	Okwomeka
I witness falsely	Nomeka
he/she witness falselies	Aomeka
I have witness falselied	Nomekire
witness falsely!	Omeka
I don't witness falsely	Tinomeka
to weld a metal	Okwokera
I weld a metal	Nokera
he/she weld a metals	Aokera
I have weld a metaled	Nokezire
weld a metal!	Okera
I don't weld a metal	Tinokera
to be upset	Okwohoka
I be upset	Nohoka
he/she be upsets	Aohoka
I have be upseted	Nohokire
be upset!	Ohoka
I don't be upset	Tinohoka
to pass through something	Okwoga
I pass through something	Noga
he/she pass through somethings	Aoga
I have pass through somethinged	Nogire
pass through something!	Oga
I don't pass through something	Tinoga
to abuse someone severely	Okwoboora
I abuse someone severely	Noboora
he/she abuse someone severelies	Aoboora
I have abuse someone severelied	Noboozire
abuse someone severely!	Oboora
I don't abuse someone severely	Tinoboora
that way	Okwo
to be killed	Okwitwa
I be killed	Nitwa
he/she be killeds	Aitwa
I have be killeded	Nitwire
be killed!	Itwa
I don't be killed	Tinitwa
to eat unsatisfactorily	Okwita-omwaku
I eat unsatisfactorily	Nita-omwaku
he/she eat unsatisfactorilies	Aita-omwaku
I have eat unsatisfactorilied	Nita-omwakuire
eat unsatisfactorily!	Ita-omwaku
I don't eat unsatisfactorily	Tinita-omwaku
to run	Okwiruka
I run	Niruka
he/she runs	Airuka
I have runed	Nirukire
I don't run	Tiniruka
to extend further	Okwirirayo
I extend further	Nirirayo
he/she extend furthers	Airirayo
I have extend furthered	Nirirayoire
extend further!	Irirayo
I don't extend further	Tinirirayo
to make something dirty	Okwiraguza
I make something dirty	Niraguza
he/she make something dirties	Airaguza
I have make something dirtied	Niraguzire
make something dirty!	Iraguza
I don't make something dirty	Tiniraguza
to tell ancient stories	Okwinikiza
I tell ancient stories	Ninikiza
he/she tell ancient storieses	Ainikiza
I have tell ancient storiesed	Ninikizire
tell ancient stories!	Inikiza
I don't tell ancient stories	Tininikiza
to stand upright	Okwinamuka
I stand upright	Ninamuka
he/she stand uprights	Ainamuka
I have stand uprighted	Ninamukire
stand upright!	Inamuka
I don't stand upright	Tininamuka
to retire from work	Okwinamuka
I retire from work	Ninamuka
he/she retire from works	Ainamuka
I have retire from worked	Ninamukire
retire from work!	Inamuka
I don't retire from work	Tininamuka
to do baby sitting	Okwikaza
I do baby sitting	Nikaza
he/she do baby sittings	Aikaza
I have do baby sittinged	Nikazire
do baby sitting!	Ikaza
I don't do baby sitting	Tinikaza
to wrestle down someone	Okwikarira
I wrestle down someone	Nikarira
he/she wrestle down someones	Aikarira
I have wrestle down someoned	Nikarizire
wrestle down someone!	Ikarira
I don't wrestle down someone	Tinikarira
to serve someone food	Okwihurira
I serve someone food	Nihurira
he/she serve someone foods	Aihurira
I have serve someone fooded	Nihurizire
serve someone food!	Ihurira
I don't serve someone food	Tinihurira
to serve food	Okwihura
I serve food	Nihura
he/she serve foods	Aihura
I have serve fooded	Nihuzire
serve food!	Ihura
I don't serve food	Tinihura
to pay a debt	Okwihura
I pay a debt	Nihura
he/she pay a debts	Aihura
I have pay a debted	Nihuzire
pay a debt!	Ihura
I don't pay a debt	Tinihura
See: okWIGIRA. Learning	Okwigirira
I see: okwigira. learning	Nigirira
he/she see: okwigira. learnings	Aigirira
I have see: okwigira. learninged	Nigirizire
see: okwigira. learning!	Igirira
I don't see: okwigira. learning	Tinigirira
badness, bad behaviour, ill-motive	Obubi
weakness, sickness	Obuceke
sisal thread, sisal plant	Obugoigo
barrenness, sterility	Obugumba
patience, perseverance	Obugumiisiriza
hardness, firmness, strength	Obugumu
wealth, richness, riches	Obuguuda
shame, disgrace	Obuhemu
scabies, skin rash	Obuhere
corruption, extortion, cheating, plundering	Obuhoogozi
left over food	Obuhoro
millions and millions	Obuhumbe
resting place	Obuhuumurro
evidence, witnessing	Obujulizi
sorrow, sadness	Obujune
ankles	Obuwarro bw'enkwanzi
babyhood, earliest infancy	Obukerembe
relationship through marriage	Obuko
help, assistance	Obukoonyezi
skill, experience, knowledge	Obukugu
black jack, seeds	Obukurra
formal message, apostle ship	Obukwenda
problem, difficulty, challenge	Obulemeezi
rule, administration, leadership, governance	Obulemi
war, battle, a fight	Obulemu
thin legs	Obulenge
cultivation, agriculture, farming	Obulimi
care, guardianship, protection	Obulinzi
right hand / side	Oburyo
experience, knowledge, skills	Obumanyirizi
braverly, courage, boldness, valour	Obumanzi
may be, sometimes	Obundi
small inedible white ants	Obunkoohooho
length, height	Obura
length, height	Oburaira
animal dung	Obusa
pain, bitterness, sorrow, grief	Obusaalizi
slippery ground	Obuterre
cowardice, timidity	Obutiitiizi
childhood, youth	Obuto
passion juice	Obutunda
small grey edible mushrooms	Obutyabiri
aid, assistance	Obuyambi
neatness, smartness, cleanliness	Obuyonjo
support, assistance	Obusagiki
the Trinity	Obusatu
immoral talk	Obuseegu
drizzle, little rain	Obusesega
authority, powers, ability	Obusobozi
theft, being a robber	Obusuma
time, period	Obusumi
sexual organs	Obusura
period after birth, parenthood	Obuzaire
traditional, inheritance	Obuzarraanwa
neatness, smartness, cleanliness	Obwecumi
level of education attained	Obwegese
hard work, determination, zeal	Obwekambi
rebelliousness, disobedience	Obwereme
trustworthiness, confidence, inspiring	Obwesige
life, health	Obwomeezi
oil lubricant	Oiro
to kill	Okuheekura
I kill	Nheekura
he/she kills	Aheekura
I have killed	Nheekuzire
I don't kill	Tinheekura
to show, exhibit	Oleka
move purposefully	Okutalika
to rustle (asgras, reeds)	Omba
to build, perform	Ombeka
to weed	Ombera
to rustle or rattle	Ombya
alive, strong, well	Omeezi
to be constipated	Omerenva
to convict, falsely accuse	Omereza
to dry thoroughly	Omesereza
eater, devourer	Omuli
eater, devourers	Abali
long hair generally curled	Omucucu
long hair generally curleds	Abacucu
quiet person	Omuculeezi
quiet persons	Abaculeezi
a cook, baker	Omucumbi
cook, bakers	Abacumbi
orange fruit, orange	Omucunguuha
orange fruit, oranges	Abacunguuha
liberator, saviour	Omucunguzi
liberator, saviours	Abacunguzi
a cute, cunning person	Omucwacwa
cute, cunning persons	Abacwacwa
gravy, stew from meat	Omucwe
gravy, stew from meats	Abacwe
tracker in hunting	Omucwi
tracker in huntings	Abacwi
foolish person	Omudomadoma
foolish persons	Abadomadoma
jug, gun-barrel	Omuduma
jug, gun-barrels	Abaduma
interpreter, commander	Omuduumi
interpreter, commanders	Abaduumi
reckless	Omufu w'omutima
recklesses	Abafu w'omutima
jealous husband or wife	Omufuuhi
jealous husband or wifes	Abafuuhi
a generous, bountiful person	Omugabi
generous, bountiful persons	Abagabi
rich person	Omugaiga
rich persons	Abagaiga
speaker, preacher	Omugambizi
speaker, preachers	Abagambizi
a native of Buganda	Omuganda
native of Bugandas	Abaganda
cerebro-spinal mening it is	Omugangamo
cerebro-spinal mening it ises	Abagangamo
friendship, intimacy	Omuganjano
friendship, intimacies	Abaganjano
pitiful. merciful person	Omuganyizi
pitiful. merciful persons	Abaganyizi
feeble, weak, lazy person	Omugara
feeble, weak, lazy persons	Abagara
king's or chiefs servant	Omugaragara
king's or chiefs servants	Abagaragara
thorny tree	Omugarama
thorny trees	Abagarama
illness, laziness, reluctance	Omugayaaro
illness, laziness, reluctances	Abagayaaro
scorn, contempt, cynicism,despising others	Omugayangano
scorn, contempt, cynicism,despising otherses	Abagayangano
docile, obedient person	Omugayuki
docile, obedient persons	Abagayuki
a visitor, guest, stranger	Omugenyi
visitor, guest, strangers	Abagenyi
custom, way, tradition	Omugenzo
custom, way, traditions	Abagenzo
small river	Omugera
small rivers	Abagera
a kick	Omugere
sharp, clever, crafty person	Omugezigezi
sharp, clever, crafty persons	Abagezigezi
catechism instructions before confirmation	Omugigi
catechism instructions before confirmations	Abagigi
a Queen-consort	Omugo
a betrayer, traitor, deceiver	Omugobeza
betrayer, traitor, deceivers	Abagobeza
hypocrite, deceiver, cheat	Omugobya
hypocrite, deceiver, cheats	Abagobya
stem of a banana	Omugogo
stem of a bananas	Abagogo
bride or bridegroom	Omugole
bride or bridegrooms	Abagole
a bolt	Omugombole
chief of a sub-county	Omugomborozi
chief of a sub-counties	Abagomborozi
crease, fold	Omugonya
crease, folds	Abagonya
mad person	Omuguwiraro
mad persons	Abaguwiraro
patient person	Omugumiisiriza
patient persons	Abagumiisiriza
an old man	Omugurusi
old mans	Abagurusi
Pl: emigusa, sorghum	Omugusa
Pl: emigusa, sorghums	Abagusa
a rich person	Omuguuda
rich persons	Abaguuda
tupid, halfwitted person	Omugwagwa
tupid, halfwitted persons	Abagwagwa
a root	Omuhama
general term for charms	Omuhambo
general term for charmses	Abahambo
path, road, way, track	Omuhanda
path, road, way, tracks	Abahanda
writer, clerk, scribe, secretary	Omuhandiiki
writer, clerk, scribe, secretaries	Abahandiiki
a rainbow	Omuhangazima
counsellor, advisor	Omuhanuuzi
counsellor, advisors	Abahanuuzi
daughter, girl	Omuhara
daughter, girls	Abahara
rival, competitor	Omuharani
rival, competitors	Abaharani
a stammerer, stutterer	Omuhebebezi
stammerer, stutterers	Abahebebezi
smith, blacksmith	Omuheesi
smith, blacksmiths	Abaheesi
number, price, value, amount	Omuhendo
number, price, value, amounts	Abahendo
copper, iron, bracelet	Omuherre
copper, iron, bracelets	Abaherre
a sluggard	Omuhetezi
the giver, donor	Omuhi
giver, donors	Abahi
the brewer	Omuhiisa
prime minister	Omuhikirwa
prime ministers	Abahikirwa
great joy, gladness, pleasure	Omuhimbo
great joy, gladness, pleasures	Abahimbo
convert, prosely	Omuhinduki
convert, proselies	Abahinduki
interpreter, translator	Omuhinduzi
interpreter, translators	Abahinduzi
a passer-by, way-farer	Omuhinguzi
passer-by, way-farers	Abahinguzi
illness like sleeping sickness	Omuhinyo
illness like sleeping sicknesses	Abahinyo
tribulation, weariness, suffering	Omuhito
tribulation, weariness, sufferings	Abahito
disobedient, insolent, quarrelsome person	Omuhoole
disobedient, insolent, quarrelsome persons	Abahoole
tree resembling wild fig	Omuhora
tree resembling wild figs	Abahora
absent-minded, inattentive person	Omuhugutani
absent-minded, inattentive persons	Abahugutani
unhealthy fatness	Omuhuhuru
unhealthy fatnesses	Abahuhuru
spendthrift, wasted, good-for nothing	Omuhungu
spendthrift, wasted, good-for nothings	Abahungu
a passer-by, visitor	Omuhunguki
passer-by, visitors	Abahunguki
distaste, disgust, abhorrence	Omuhuro
distaste, disgust, abhorrences	Abahuro
the one who hums	Omuhuumi
one who humses	Abahuumi
bachelor, spinster, abandoned husband	Omuhuuru
bachelor, spinster, abandoned husbands	Abahuuru
a destroyer	Omuhwerekereza
shameless, insolent person	Omuhwiw'ensoni
shameless, insolent persons	Abahwiw'ensoni
traitor, deceitful	Omuhyangya
traitor, deceitfuls	Abahyangya
grumbler, murmurer	Omuhyemi
grumbler, murmurers	Abahyemi
african bassil	Omujaaja
african bassils	Abajaaja
the eve to Empango	Omujato
eve to Empangos	Abajato
wanderer, loafer	Omujanjaazi
wanderer, loafers	Abajanjaazi
a hungry person	Omujara
hungry persons	Abajara
wanderer, vagabond	Omujeezi
wanderer, vagabonds	Abajeezi
a blower of bellows	Omujugusi
blower of bellowses	Abajugusi
witness, martyr	Omujulizi
witness, martyrs	Abajulizi
abuser, railer, blasphemer	Omujumi
abuser, railer, blasphemers	Abajumi
the one who accuses	Omujunaani
one who accuseses	Abajunaani
a White man, European	Omujungu
White man, Europeans	Abajungu
flower of maize	Omujuuli
flower of maizes	Abajuuli
tired person	Omujwahi
tired persons	Abajwahi
apparel, clothing	Omujwaro
apparel, clothings	Abajwaro
heathen, pagan	Omukaafiiri
heathen, pagans	Abakaafiiri
six, dowry	Omukaaga
six, dowries	Abakaaga
a interrogator, examiner	Omukaguzi
interrogator, examiners	Abakaguzi
at night fall	Omukairirizi
at night falls	Abakairirizi
a martyr, witness	Omukaiso
martyr, witnesses	Abakaiso
stalk of millet	Omukaka
stalk of millets	Abakaka
dried meat	Omukaro
dried meats	Abakaro
woman, wife	Omukazi
woman, wifes	Abakazi
steward, treasurer	Omukeeto
steward, treasurers	Abakeeto
selfish, disagreeable, unkind person	Omukiinuuki
selfish, disagreeable, unkind persons	Abakiinuuki
a tall timber tree	Omukogoto
tall timber trees	Abakogoto
beater in hunting	Omukokozi
beater in huntings	Abakokozi
arm, handwriting	Omukono
arm, handwritings	Abakono
helper, supporter, benefactor	Omukoonyezi
helper, supporter, benefactors	Abakoonyezi
the king's milk man	Omukoroogi
king's milk mans	Abakoroogi
overseer, headman	Omukoza
overseer, headmans	Abakoza
maker, workman, labourer	Omukozi
maker, workman, labourers	Abakozi
pig iron	Omukulingo
pig irons	Abakulingo
loud cry	Omukungo
loud cries	Abakungo
wild fig tree	Omukungu
wild fig trees	Abakungu
tell tale, mischief-maker	Omukurungutaniza
tell tale, mischief-makers	Abakurungutaniza
mahogany tree	Omukusu
mahogany trees	Abakusu
sodomite, homesexual	Omukuuhya
sodomite, homesexuals	Abakuuhya
prisoner, captive	Omukwatwa
prisoner, captives	Abakwatwa
rat truck	Omukwebebe
rat trucks	Abakwebebe
bringer, proposer, author	Omuleesi
bringer, proposer, authors	Abaleesi
accuser, talebearer	Omulegi
accuser, talebearers	Abalegi
freed man	Omulekerwa
freed mans	Abalekerwa
lame person, cripple, disabled	Omulema
lame person, cripple, disableds	Abalema
applaud of happiness	Omulera
applaud of happinesses	Abalera
a tree fernl	Omulere
tree fernls	Abalere
babysitter, nurse of child	Omulezi
babysitter, nurse of childs	Abalezi
greedy, selfish person	Omuliiririzi
greedy, selfish persons	Abaliiririzi
sailor, fisherman	Omulimba
sailor, fishermans	Abalimba
kind sort, species	Omulingo
kind sort, specieses	Abalingo
guard, keeper, guardian	Omulinzi
guard, keeper, guardians	Abalinzi
rope for catching animals	Omuliti
rope for catching animalses	Abaliti
one who weeps	Omulizi
one who weepses	Abalizi
defrauder, cheat	Omuryakuzi
defrauder, cheats	Abaryakuzi
doorway, entrance	Omuryango
doorway, entrances	Abaryango
infront of, ahead	Omumaiso
infront of, aheads	Abamaiso
truly, infact	Omumananu
truly, infacts	Abamananu
gobbler, fast eater	Omumizi
gobbler, fast eaters	Abamizi
net for catching fish	Omumogo
net for catching fishes	Abamogo
king's executioner	Omumogoro
king's executioners	Abamogoro
torch bearer	Omumuliki
torch bearers	Abamuliki
tower, flagstaff	Omunaara
tower, flagstaffs	Abanaara
guide of the blind	Omunanasi
guide of the blinds	Abananasi
trustworthy, faithful person	Omunanu
trustworthy, faithful persons	Abananu
anything very cold	Omuneno
anything very colds	Abaneno
self-sown plant or tree	Omuniibwanyonyi
self-sown plant or trees	Abaniibwanyonyi
pleasure, gladness, rejoicing	Omuniiniiro
pleasure, gladness, rejoicings	Abaniiniiro
earth worm	Omuniongorro
earth worms	Abaniongorro
person, man	Omuntu
person, mans	Abantu
redeemer, saviour	Omununuzi
redeemer, saviours	Abanunuzi
mouth, lip opening, beak	Omunwa
mouth, lip opening, beaks	Abanwa
a man of, native	Omunya
man of, natives	Abanya
pricking, tingling sensation	Omunyaalizi
pricking, tingling sensations	Abanyaalizi
spoil, plunder, booty	Omunyago
spoil, plunder, booties	Abanyago
one of another nation	Omunyaihanga
one of another nations	Abanyaihanga
thirsty person	Omunyairoho
thirsty persons	Abanyairoho
hungry person	Omunyanjara
hungry persons	Abanyanjara
enemy, adversary	Omunyanzigwa
enemy, adversaries	Abanyanzigwa
broken or jagged surface	Omunyarra
broken or jagged surfaces	Abanyarra
adolescent, the youth	Omunyeeto
adolescent, the youths	Abanyeeto
accuser, complainant, prosecutor	Omunyegerezi
accuser, complainant, prosecutors	Abanyegerezi
tiny water-worm	Omunyole
tiny water-worms	Abanyole
cured hide, leather	Omunyuke
cured hide, leathers	Abanyuke
hired workman, porter	Omupagasa
hired workman, porters	Abapagasa
ball, rubber, rain-coat	Omupiira
ball, rubber, rain-coats	Abapiira
tall person	Omuraiha
tall persons	Abaraiha
lightning	Omurabyo gw'enkuba
lightnings	Abarabyo gw'enkuba
instructor, commander	Omuragirizi
instructor, commanders	Abaragirizi
promise, covenant	Omurago
promise, covenants	Abarago
brother or sister -in-law	Omuramu
brother or sister -in-laws	Abaramu
an illness like sleepingsickness	Omurandabaro
illness like sleepingsicknesses	Abarandabaro
announcer, prophet	Omurangi
announcer, prophets	Abarangi
a spendthrift, prodigal	Omurarangi
spendthrift, prodigals	Abararangi
archer, rifleman	Omurasi
archer, riflemans	Abarasi
slovenly, dirty person	Omurofu
slovenly, dirty persons	Abarofu
overseer, inspector, guardian	Omurolerezi
overseer, inspector, guardians	Abarolerezi
mast, flag-staff	Omurongooti
mast, flag-staffs	Abarongooti
loin cloth	Omuroobe
loin cloths	Abaroobe
shrub which cures cough	Omumbata
shrub which cures coughs	Abambata
stone hammer	Omurubiko
stone hammers	Abarubiko
weaver, spinner, knitter	Omuruki
weaver, spinner, knitters	Abaruki
heap, mass	Omurundo
heap, masses	Abarundo
good, beautiful person	Omurungi
good, beautiful persons	Abarungi
pilot, steersman	Omurungiki
pilot, steersmans	Abarungiki
soldier of king Kabalega	Omurusuura
soldier of king Kabalegas	Abarusuura
copper, sulphate, bluestone	Omuruturutu
copper, sulphate, bluestones	Abaruturutu
patient, a sick person	Omurwaire
patient, a sick persons	Abarwaire
fighter, warrior	Omunvani
fighter, warriors	Abanvani
at night fall	Omurwiririzi
at night falls	Abarwiririzi
shore, bank	Omusa
shore, banks	Abasa
wage, salary	Omusaara
wage, salaries	Abasaara
sticks of bedstead	Omusago
sticks of bedsteads	Abasago
man, husband	Omusaija
man, husbands	Abasaija
a cross	Omusaraba
crack, cut	Omusale
crack, cuts	Abasale
kicker, football player	Omusambi
kicker, football players	Abasambi
maker of barkcloth mallets	Omusami
maker of barkcloth malletses	Abasami
day light, sunlight	Omusana
day light, sunlights	Abasana
wild rubber tree	Omusanda
wild rubber trees	Abasanda
joker, jester, humorous person	Omusandaazi
joker, jester, humorous persons	Abasandaazi
tall, hollow-stemmed grass	Omusanja
tall, hollow-stemmed grasses	Abasanja
carver, engraver	Omusaruzi
carver, engravers	Abasaruzi
one who cuts	Omusazi
one who cutses	Abasazi
poor person	Omuseege
poor persons	Abaseege
one who collects firewood	Omuseenyi
one who collects firewoods	Abaseenyi
entertaining, amusing person	Omusekesa
entertaining, amusing persons	Abasekesa
stupid, ignorant person, fool	Omusema
stupid, ignorant person, fools	Abasema
one who serves food	Omusembezi
one who serves foods	Abasembezi
cleaner, refiner,surgeon	Omusemezi
cleaner, refiner,surgeons	Abasemezi
outcast, exile	Omusendwa
outcast, exiles	Abasendwa
filter, strainer	Omusengijo
filter, strainers	Abasengijo
young man, youth	Omusigazi
young man, youths	Abasigazi
adulterer, fornicator	Omusiihani
adulterer, fornicators	Abasiihani
sinner, transgressor	Omusiisi
sinner, transgressors	Abasiisi
member of Basiita clan	Omusiita
member of Basiita clans	Abasiita
ruled line	Omusiitale
ruled lines	Abasiitale
unbaked pot, pig-iron	Omusinga
unbaked pot, pig-irons	Abasinga
the conquered one, captive	Omusingurwa
conquered one, captives	Abasingurwa
the conqueror, victor, winner	Omusinguzi
conqueror, victor, winners	Abasinguzi
very large calabash	Omusisi
very large calabashes	Abasisi
incense tree	Omusizi
incense trees	Abasizi
castor-oil plant	Omusoga
castor-oil plants	Abasoga
a fisherman	Omusohi
tax collector	Omusorooza
tax collectors	Abasorooza
edible rat, cane-rat	Omusu
edible rat, cane-rats	Abasu
young banana tree	Omusugusa
young banana trees	Abasugusa
thrifty, economical, careful person	Omusulirizi
thrifty, economical, careful persons	Abasulirizi
thief, greedy person	Omusuma
thief, greedy persons	Abasuma
inner husk of millet	Omusunga
inner husk of millets	Abasunga
common horn-bill	Omusuraibaaga
common horn-bills	Abasuraibaaga
tail of a bird	Omusuti
tail of a birds	Abasuti
rader, merchant, business person	Omusuubuzi
rader, merchant, business persons	Abasuubuzi
exile, refugee	Omusuuhuuki
exile, refugees	Abasuuhuuki
raffia palm	Omuswale
raffia palms	Abaswale
fever, malaria	Omuswija
fever, malarias	Abaswija
neighbour, fellow, companion	Omutaahi
neighbour, fellow, companions	Abataahi
fine, propitiatory gift	Omutango
fine, propitiatory gifts	Abatango
irreplaceable thing	Omutasumbuuswa
irreplaceable things	Abatasumbuuswa
preacher, evangelist	Omutebezi
preacher, evangelists	Abatebezi
iron bar, crow-bar	Omuteehimbwa
iron bar, crow-bars	Abateehimbwa
heap, pile, share, part	Omuteeko
heap, pile, share, parts	Abateeko
mottled pink bean	Omuteesweka
mottled pink beans	Abateesweka
striker, player	Omuteezi
striker, players	Abateezi
gambler	Omuteezi w'ejaara
gamblers	Abateezi w'ejaara
trouble, worry	Omutegaine
trouble, worries	Abategaine
peddler, merchant	Omutembeeya
peddler, merchants	Abatembeeya
climber, rider	Omutembi
climber, riders	Abatembi
instructor, teacher, initiator	Omutendeki
instructor, teacher, initiators	Abatendeki
tail of a sheep	Omutere
tail of a sheeps	Abatere
tree, piece of wood	Omuti
tree, piece of woods	Abati
stubborn, obstinate, person	Omutigi
stubborn, obstinate, persons	Abatigi
tiny brown bird	Omutiiri
tiny brown birds	Abatiiri
salt water	Omutimba
salt waters	Abatimba
barkcloth tree	Omutoma
barkcloth trees	Abatoma
advocate, intercessor, pleader	Omutonganirizi
advocate, intercessor, pleaders	Abatonganirizi
a mean, stingy person	Omutulika
mean, stingy persons	Abatulika
heart, mind	Omutuma
heart, minds	Abatuma
corpse, carcass	Omutumbi
corpse, carcasses	Abatumbi
messenger, apostle	Omutumwa
messenger, apostles	Abatumwa
trouble causer	Omutuntuzi
trouble causers	Abatuntuzi
copper sulphate, bluestone	Omuturuturu
copper sulphate, bluestones	Abaturuturu
voracity, greed	Omutuubo
voracity, greeds	Abatuubo
heap, pile	Omutuumo
heap, piles	Abatuumo
bundle, ten thousand	Omutwaro
bundle, ten thousands	Abatwaro
favouritism, partiality	Omutyagiro
favouritism, partialities	Abatyagiro
good white salt	Omuunyu
good white salts	Abaunyu
partly dried things	Omuyaajwa
partly dried thingses	Abayaajwa
mango fruit/tree	Omuyembe
mango fruit/trees	Abayembe
a Greek	Omuyonaani
female slave, servant, maid	Omuzaana
female slave, servant, maids	Abazaana
game, amusement, sport, play	Omuzaano
game, amusement, sport, plays	Abazaano
olive tree	Omuzeituni/omuzaituuni
olive trees	Abazeituni/omuzaituuni
first born child	Omuzigaijo
first born childs	Abazigaijo
drum stick	Omuzigiso
drum sticks	Abazigiso
one who buries another	Omuziiki
one who buries anothers	Abaziiki
dancer, singer	Omuzini
dancer, singers	Abazini
collector of market dues	Omuzinisa
collector of market dueses	Abazinisa
raider, murderer	Omuzinzi
raider, murderers	Abazinzi
fragile thing	Omuzirakugwa
fragile things	Abazirakugwa
back tendon	Omuzisa
back tendons	Abazisa
large pumpkin	Omuzizima
large pumpkins	Abazizima
at their place	Omwabo
at their places	Ababo
at their place	Omwabyo
at their places	Ababyo
at its place	Omwagwo
at its places	Abagwo
tiny bunch of bananas	Omwahuko
tiny bunch of bananases	Abahuko
clergyman,'pastor, priest C.O.U	Omwahule
clergyman,'pastor, priest C.O.Us	Abahule
at its place	Omwako
at its places	Abako
unbaked cooking-pot	Omwali
unbaked cooking-pots	Abali
at its place	Omwaryo
at its places	Abaryo
arrow, cartridge	Omwambi
arrow, cartridges	Abambi
the king's laundry-man	Omwamura
king's laundry-mans	Abamura
idler, loiterer	Omwandaazi
idler, loiterers	Abandaazi
flat stone or rock	Omwandara
flat stone or rocks	Abandara
ravine, deep valley	Omwanga
ravine, deep valleys	Abanga
house without partitions	Omwangaara
house without partitionses	Abangaara
at my place	Omwange
at my places	Abange
quick, rash person	Omwanguhi
quick, rash persons	Abanguhi
coffee shrub or berry	Omwani
coffee shrub or berries	Abani
space, room, opportunity, leisure	Omwanya
space, room, opportunity, leisures	Abanya
at your place	Omwanyu
at your places	Abanyu
at their place	Omwatwo
at their places	Abatwo
at your place	Omwawe
at your places	Abawe
marauder, raider, petty thief	Omwayi
marauder, raider, petty thiefs	Abayi
at its place	Omwayo
at its places	Abayo
at their place	Omwazo
at their places	Abazo
at his place	Omwe
at his places	Abe
guide, leader	Omwebembezi
guide, leaders	Abebembezi
learner, beginner	Omwega
learner, beginners	Abega
careful person	Omwegendereza
careful persons	Abegendereza
cloak, robe	Omwegereko
cloak, robes	Abegereko
learner, pupil, disciple, scholar	Omwegesibwa
learner, pupil, disciple, scholars	Abegesibwa
proud person, conceited person	Omwehulizi
proud person, conceited persons	Abehulizi
diligent person, hard working	Omwekambi
diligent person, hard workings	Abekambi
girdle, belt	Omweko
girdle, belts	Abeko
pilferer, thief	Omwekomakomi
pilferer, thiefs	Abekomakomi
proud, scornful person	Omwekuniki
proud, scornful persons	Abekuniki
rebel, traitor	Omwemi
rebel, traitors	Abemi
oppressor, bully	Omwendereza
oppressor, bullies	Abendereza
boaster, one who appreciates	Omwenyumirizi
boaster, one who appreciateses	Abenyumirizi
sex minded person; lustful	Omwenzi
sex minded person; lustfuls	Abenzi
rebel, disobedient person	Omwereme
rebel, disobedient persons	Abereme
bullying, scornful person	Omwerengerezi
bullying, scornful persons	Aberengerezi
bullying, ill treatment	Omwerengerro
bullying, ill treatments	Aberengerro
modest, careful, sober-minded person	Omwerinzi
modest, careful, sober-minded persons	Aberinzi
plenty, abundance, cheapness	Omweru/omwero
plenty, abundance, cheapnesses	Aberu/omwero
self styled tenant	Omwesengeze
self styled tenants	Abesengeze
faithful, trustworthy person	Omwesigwa
faithful, trustworthy persons	Abesigwa
boardgame with beads	Omweso
boardgame with beadses	Abeso
intruder, interloper	Omwetaahirizi
intruder, interlopers	Abetaahirizi
busy body, interfering person	Omwetabi
busy body, interfering persons	Abetabi
good-natured, easy-going person	Omwetebeekezi
good-natured, easy-going persons	Abetebeekezi
sash or belt	Omweteegero
sash or belts	Abeteegero
sensible person	Omwetegereza
sensible persons	Abetegereza
a handy person	Omwetoozitoozi
handy persons	Abetoozitoozi
carrier, porter	Omwetweki
carrier, porters	Abetweki
one who shows off	Omweyoleki
one who shows offs	Abeyoleki
round about	Omwezigorro
round abouts	Abezigorro
harvest big harvest	Omwezo
harvest big harvests	Abezo
thief, robber	Omwibi
thief, robbers	Abibi
salt water	Omwifooro
salt waters	Abifooro
rain-maker	Omwigi w'enjura
rain-makers	Abigi w'enjura
stick, walking-stick, rod	Omwigo
stick, walking-stick, rods	Abigo
first born	Omwiguranda
first borns	Abiguranda
satisfaction, repletion	Omwiguto
satisfaction, repletions	Abiguto
descendant, grandchild	Omwijukuru
descendant, grandchilds	Abijukuru
the one who reminds	Omwijukya
one who remindses	Abijukya
deluge, flood	Omwijuzo
deluge, floods	Abijuzo
smoke, air, gas, breath	Omwika
smoke, air, gas, breaths	Abika
the one who outstays	Omwikalirizi
one who outstayses	Abikalirizi
miserly, selfish, grudging person	Omwimi
miserly, selfish, grudging persons	Abimi
darkness, problems	Omwirima
darkness, problemses	Abirima
servant, peasant	Omwiru
servant, peasants	Abiru
bondservant, slave	Omwirurubaale
bondservant, slaves	Abirurubaale
runner, fugitive	Omwiruki
runner, fugitives	Abiruki
a killer, a murderer	Omwisi
killer, a murderers	Abisi
fordable river, landing-place, harbour	Omwogo
fordable river, landing-place, harbours	Abogo
one who roasts; incendiary	Omwoki
one who roasts; incendiaries	Aboki
show, exhibition	Omwoleko
show, exhibitions	Aboleko
metal bar	Omwoma
metal bars	Aboma
disobliging, disagreeable person	Omwomi
disobliging, disagreeable persons	Abomi
spirit, soul	Omwoyo
spirit, souls	Aboyo
banana leaf	Orubabi
banana leafs	Embabi
hot thing	Orubabu
hot things	Embabu
elephant grass, Pennisetum-Purpureum	Orubingo
elephant grass, Pennisetum-Purpureums	Embingo
hot spring	Orubiga
hot springs	Embiga
German language	Orudaaki
German languages	Endaaki
French language	Orufaransa
French languages	Enfaransa
spiral wire bracelet	Orugagara
spiral wire bracelets	Engagara
rumours, baseless talk	Orugambo
rumours, baseless talks	Engambo
a story, a tale	Oruganikyo
story, a tales	Enganikyo
couch grass, guinea grass	Orumbugu
couch grass, guinea grasses	Enmbugu
English language	Orungereza
English languages	Enngereza
language of the Banyankore	Orunyankore
language of the Banyankores	Ennyankore
language of the Banyoro	Orunyoro
language of the Banyoros	Ennyoro
journey, trip	Orugendo
journey, trips	Engendo
ankle bell	Orujogera
ankle bells	Enjogera
a banana plantation	Orugonjo
banana plantations	Engonjo
water reed	Orugoro
water reeds	Engoro
piece of broken pot	Oruguhyo
piece of broken pots	Enguhyo
bald head	Oruhara
bald heads	Enhara
public labour in shifts	Oruharo
public labour in shiftses	Enharo
red ant	Oruhazi
red ants	Enhazi
grain,bead for rosary	Oruheke
grain,bead for rosaries	Enheke
language of the Bahima	Oruhitna
language of the Bahimas	Enhitna
language of the Bahororoai	Oruhororo
language of the Bahororoais	Enhororo
skin, hide leather	Oruhu
skin, hide leathers	Enhu
swamp grass	Oruhunda
swamp grasses	Enhunda
German language	Orujamani
German languages	Enjamani
Japanese language	Orujapaani
Japanese languages	Enjapaani
grey hair	Oruju
grey hairs	Enju
thicket with thorns	Orukaiga
thicket with thornses	Enkaiga
language of the Bakiga	Orukiga
language of the Bakigas	Enkiga
belt, rubber straps	Orukoba
belt, rubber strapses	Enkoba
type of pea	Orukoole
type of peas	Enkoole
big black ant	Orukorooto
big black ants	Enkorooto
stick of firewood	Oruku
stick of firewoods	Enku
meeting, council	Orukurato
meeting, councils	Enkurato
pigeon pea	Orukuuku
pigeon peas	Enkuuku
millet grain	Oruro
millet grains	Endo
backyard of the house	Orusansabagi
backyard of the houses	Ensansabagi
sucking vessel, straw	Oruseke
sucking vessel, straws	Enseke
inner room	Orusiika
inner rooms	Ensiika
castor oil tree	Orusoga
castor oil trees	Ensoga
school term	Orusoma
school terms	Ensoma
hill, mountain	Orusozi
hill, mountains	Ensozi
stride. step	Orutambo
stride. steps	Entambo
language of the Batooro	Orutooro
language of the Batooros	Entooro
birth, getting children, production	Oruzaaro
birth, getting children, productions	Enzaaro
a maggot	Oruzito
lowers, flowering stage	Orwakyo
lowers, flowering stages	Enakyo
presence of many people	Orwato/orwatu
presence of many peoples	Enato/orwatu
living room	Orwemo
living rooms	Enemo
plain place, clear ground	Orwerere
plain place, clear grounds	Enerere
bountiful harvest, fertility	Orwezo
bountiful harvest, fertilities	Enezo
Italian language	Orwitale
Italian languages	Enitale
burning embers	Orwogootooto
burning emberses	Enogootooto
tell me	Otyo!
wise, cleverperson	Owaamagezi
wonder-worker, conjurer, magician	Owaamasano
poor person	Owaamaseege
deep down	Owalegalege
brother or sister	Owanyina
placenta after birth	Owaanyuma
cattle keeper, herdsman	Owente
jelous/bad hearted	Owihali
county chief	Owiisaza
marksman, goodshot	Owiltomo
city dweller	Owoomurubuga
relation, kinsman	Owoomuruganda
parish chief	Owoomuruka
walking hurriedly and excitedly	Otakincwa
prime minister	Owekitinisa
sub-county chief	Ow'igomborra
county chief	Ow'isaza
parish chief	Ow'omuruka
a clans person	Ow'oruganda
intensive with	Paapai
to chatter, speak carelessly	Paipya
to work for wages	Pakasa
See: MAISHO-ANA	Pukonyo
a sip of something	Poosi
to deny, refuse	Pampa
to meet unexpectedly	Pamparana
to rent, hire	Pangisa
quickly and roughly	Paku
quickly roughly	Pakupaku
to flap wings, flutter	Papamuka
to be very bitter	Peepeepe
to gnaw, crunch	Pekenya
to fan	Piipiza
to measure, weigh	Pima
to shake, shiver, tremble	Pipira
post office	Poositoofiisi
food/ maize flour	Poso
unaware, suddenly unexpectedly	Puku
unexpected visitor	Pukunapuku
intensive with	Pukupuku
fright, terror, panic	Pumpu
to pluck	Puucura
enchery dark	Poopoopo
elephant grass. Pennies-Wm purpureum	Kibiogo
, papyrus. Cyp erusÂ·papyn	Kifunj
Acacia stenoca1pa. See orugaodo	Mugando
large thorny tree	Mugarama
Fagara spp. See omutatembwa	Mugwamabere
, a forest tree	Muhorro
teganotaenia ara!Tacea. See omultamagwenjojo	Mubotora
Chrysosphyllum albidum. See onmruuru	Muhumburya
a tree resembling omubimba	Mujana
Hymenocardia acida. See omutabwankubebe	Mukanaga
Borassus tlabellifer	Mukooga
Pterygota.sp. See omukoko	Mukogoto
, =fo reg	Mukomakahanga
Balanites Wilsoniana. See orukoyo	Mukunga
Mahogany. Entandrophragma angolense	Mukusu
tree fem. Cyathea dregei	Mulere
Mimusops sp	Muma
Symphonia gabonensis.See cnkwasi	Munyankwasi
bamboo. Arudianaria alpina	Museke
raffia palm	Muswale
wild coffee. Coffea eugniodes.C.Rubusta	Mwani
any long straigbt-spined acacia	Mweramaino
Mahogany.Enrandraphragma cylindrium	Mwikalirwangeye
to live on	Raagira
leave a curse	Raaka
to sit on(eggs), brood	Raara
come to an end	Raaruka
pound (pound)	Raatiri
track to lair, reconnoitre	Raaza
to be sharp, smart	Rabukya
to covenant together, agree	Ragaana
to promise, covenant with	Raganiza
to drop, fall	Ragara
to sound	Raha
to swear, vow	Rahira
to do very quickly	Rahukiriza
to provoke	Rabura
to be high, tall	Raiba
to attack	Rambaara
to lie down	Rambiira
stretch out	Rambuura
to salute, greet	Ramukya
to spin out	Randagataniza
to be torn, broken	Randuka
to knock over	Rangaalika
colour, dye, paint	Rangi
to announce to	Rangira
to tear	Ranjura
to look up	Rarama
to scatter.waste	Rarangya
; to be independent	Raruka
to draw bow,shoot at	Rasa
to see far off	Leeba
to unstring, get loose	Leeguka
to shine	Leenya
so, now, well	Hati
to accuse secretly	Lega
fix, ready for grinding	Legeka
to compensate	Lehera
to fine	Lehesa
to be equal, draw	Lemagana
to comfort, soothe	Lembeerra
to make heavy burden	Lemeeza
to compare with	Lengasiniza
to be suspended, hang	Lengiija
pass. of lenga	Lengwa
to be turned up	Lerembuka
to turn up	Lerembura
to be satsified	Lerembya
to trample, tread	Libatiira
to lick	Ligasa
to play, frolic, spar	Liikana
to share, be partners	Liraine
to feed, herd	Liisa
creator	Liiso likooto
to dig, to cultivate	Lima
to cover up, protect	Liroba
to find out, discover	Limbuura
to wait for	Lindiirra
to keep waiting, wait	Lindiriza
to peep, peer	Linguza
weep over	Liriira
to make weep	Liza
scared royal spear	Rihango
dove, pigeon	Riiba
den, hole	Riina
dirty, filthy	Rofu
to gossip, chatter	Rogoisibwa
to be quenched	Rohooka
to quench (thirst)	Roboora
to choke	Rokana
gaze, stare	Roleereza
to be visible	Roleka
to be transparent	Rolekana
to blame unceasingly, quarrelsome	Ronda
to walk wanderingly	Rondogora
to gossip	Rondogorwa
to follow a trail	Ronza
to pulsate	Rooka
to be clear, transparent	Roorraana
to dream	Roota
to see, behold, find	Rora
to be left alone	Roronga
to tatse	Roza
to weep, cry	Rra
plantain leaf	Rubab
side rib	Rubaju
the mucwezi oftwins	Rubanga
conversation, speech	Rubazo
board, plank,desk	Rubbaaho
lower milestone, grand stoe	Rubengo
water of bot spring	Rubiga
new house	Rubiika
reed, elephant grass	Rubingo
black he-goat	Rubogo
small packet (of salt.)	Ruboho
a tum	Rubu
stubble, straw of oburo	Rububa
cream on scalded milk	Rububi
requent and unauthorized vists	Rubungo
light- grey bull	Rubuubi
multitude, abundance, great quantity	Rucaca
young locust, hopper	Rucencede
a skin disease	Rucooli
a couch creeping grass	Rucwamba
long legged lanky person	Rudengadenga
wise saying, parable, proverb	Rufumo
thick wire bracelet	Rufuruuto
See: GAAJU	Rugaaju
weaker, tray for winnowing	Rugali
rumour, chatter, empty talk	Rugambo
tribe, clan, family	Ruganda
rat track	Rugendero
juorney, voyage, march	Rugendo
wooden charm	Rugisa
lesser bustard	Rugobante
packet containing medicine	Rugogo
something very big	Rugogoma
garden of plantains	Rogonjo
potsherd, crock	Rugubyo
main road, street	Ruguudo
to become exhausted, faint	Ruha
species of edible termite	Ruhaho
seed of gourd(pumpkin)	Ruhambo
advise, counsel, conference	Ruhanuura
forked iron stick	Ruhaso
see kihiihi	Ruhiihi
grass fire	Ruhiira
divining rod	Ruhimbo
needle, bodkin, pipe cleaner	Rubindo
mottled, goal	Rubinduki
stretcher, litter, bier	Ruhinyo
reddish brown bull	Ruhogo
talk rapidly, successively; chatter	Ruhonderaniize
but for goats	Ruhongole
skin, hide	Ruhu
very small white worm	Rubuka
shamelessness, carelessness, rudeness	Ruhule
mould, mouldness	Ruhumbo
black bull or ram	Rukara
to hand on traditon	Rukaruka
pinkish-coloured bull	Rukerenge
curtain, diaphragm	Rukingyo
spinal cord	Rukizi
cluster of plantains	Ruko
fence, barricade	Rukomera
species of euphorbia	Rukoni
slope of hill, descend	Rukonkomoko
very strong tobacco	Rukoroza
a tall flowering grass	Rukozi
stick of firewood, logs	Ruku
packet (tired round.)	Rukube
fold, pleat	Rukubo
very stout person	Rukujajara
roughness, erecthair or bristles	Rukujuju
grain of millet	Rubuule
mottled grey bull	Rubuura
light of patch skin	Ruhyora
egg plant	Rujai
very hairy ram	Rujagaate
continous ram	Rujegeju
chain, fetter	Rujegere
white ram	Rujeru
name given to chatterbox	Rujogeza
grey hair	Ruju
european language	Rujungu
to weave, plait, knit	Ruka
six hundred	Rukaaga
species of reed	Rukaaka
line, row, verse	Rukaarra
scabies, dry skin rush	Rukaca
nearly ripe pod	Rukaiga
camp, booth	Rukande
work of the house	Rukanga
mange (of dogs)	Rukuuku
finger, small potatoes	Rukumu
bull with no horns	Rukungu
coucil, assembly, committee, conference	Rukurato
potters polisher	Rukuubiso
sorrel	Rukuunya munzigu
very severe scabies	Rukwakwa
early morning	Rukyakya
potter's polisher	Rulebuzo
measurement, size	Rulengo
umbilical cord	Rulera
tongue, language, accent	Rulimi
wire, bracelet	Rulinga
tribe, lineage	Ruryo
dragon fly	Rumaga
to be overgrown, attack	Rumba
couch grass	Rumbugu
bleed by cupping	Rumika
to be gritty (food)	Rumira
reed torch	Rumuli
to give antidote	Rumura
eight hundred	Runaana
; stinging centipede	Runaku
reach out to	Runduka
English, language	Rungereza
anchor to steer, pilot	Rungika
beak, bill	Runwa
honey guide	Runyamarya
large bird, peacock	Runyonyi
glowing embers	Runyota
drinking place for cattle	Runywero
paper, page	Rupapura
rupee, florin	Rupiya
small intestine	Rura
expedition, campaign, pilgrimage	Ruramago
to rush together	Rurumuka
to be greedy	Rurunkana
salivation, watering of mouth	Rurusu
side of house	Rusabazi
bush, shrub	Rusaka
metal tray	Rusaniya
seven hundred	Rusanja
cut, rank (soldiers)	Rusaro
cheek, jaw	Rusaya
edible grasshopper	Rusenene
species of termite	Ruseizere
pipe, tube	Ruseke
fetter of reeds	Rusengo
sandy, plain, gravel	Rusenyi
wall, reed partition	Rusiika
brown bull	Rusiina
unripe ear of millet	Rusinsa
rain is drizzling	Rusondoigo
new moon	Rusooga
species of termite	Rusooro
hill, mountain	Rusozi
odour of the body	Rusu
see kisungu	Rusungu
crest, comb (of cock)	Rusunsu
expedition,journey; see tabaara	Rutabaaro
white termtes	Rutaiki
Lamp wick, tape	Rutambi
species of flying termites	Rutenga
dark brown bull	Rutimba
a tall flowering grass	Rutumbwa
tuft, crest	Rotunda
puddle pool	Rutunga
bird with long neck	Rutuuha
handle of shield	Rutwango
ear of millet	Rutwe
to mix	Ruuba
female kid or lamb	Ruusi
a spotted bull	Ruyenje
kind of song	Ruyumbu
pubic hair	Ruza
See: OruZAARO	Ruzaaro
early start on ajourney	Ruzinduko
cripple, stunted person	Ruzingo
large winged ant	Rwabya
lanky person	Rwadoka
inferior salt	Rwakaarraamire
God: the almighty	Rugaba
dark brown he-goat	Ruhinda
the naked one	Rukidi
greater than all men	Rukirabasaija
long line of animals	Rukoroto
one thousand: 1000	Rukumi
thorn apple	Rweziringa
a very big thing	Rweiguuga
rebel. See: OMUHEEKYERA	Rwebandira
See: ENJUBU	Rwanyamusanda
a serious cattle disease	Rwakipumpuru
See: KIBIKINDI	Rwakibikindi
God forbid	Rwaheeru
which one	Ruuha
one who perseveres	Rutaromba
a cautious person	Rutanyohoka
phr. a lazy person	Rutangirira-bagyenyi
a large burrowing beetle	Rutahikwa-mutozo
a molar tooth	Rutahikwa-mutoozo
See: RITAARI	Rutaari
See: KASHAMAITU	Rusamaitu
that over there	Ruriiya
See: MAHUMAHU	Ruraka
a habitual thief	Runkunku
one who gossips	Runcumite
a hornless bull	Rukungu
nasal bleeding	Rujwa-mireju
Adam's apple	Rujuga
a slow lazy person	Ruhondeeza
a grasshopper specie	Ruhima-rwa-ndongo
abuses which include curses	Ruhenure
a male goat	Ruhaya
one who plays about	Ruharaatwa
finger millet specie	Ruhamireeka
an old monkey	Ruhaata
See: AKAHIMBA	Rugungu
a shiny person	Rucunya
a controversial figure	Rucumu
coffee specie	Rubosta
something very big	Rubarara
His magesty	Rubambansi
the other one	Riya
altar: a holy table	Ritaari
it's there	Rimu
it is there	Riho
then/so that	Reero
a part time job	Raijaraija
mountians of the moon	Ruwenzori
large spieces of locust	Rwakacaanya
disease of cattle	Rwakipumpuli
blood of dead animals	Rwamba
to fight, struggle, contend	Rwana
house without partitions	Rwangaara
clear open space	Rwanganga
open space	Rwangaratete
to tight for	Rwaniirra
in public	Rwanjale
kind of dance	Rwanyamurabya
bull with white forehead	Rwasa
crack, crevice	Rwatika
third finger	Rwegati
Masindi Port	Rwempondo
four hundred	Rwenda
repugnance, antipathy, disgust	Rwetamo
pipe cleaner	Rwiguzo
fee given to soothsayer	Rwinamo
wooden basin	Rwoho
barren ground	Rwomere
steam, breath, air, perspiration	Rwoya
to cheat, defraud	Ryakura
to entice, persuade	Ryesaryesa
store, treasury, granary	Ryahuurro
canoe, boat	Ryato
class, school	Ryegero
washing-pl ace, bathroom	Ryogero
edible gourd	Ryozi
the scourge of nations	Rwitamahanga
to remain over	Saagiira
to clear jungle	Hunjya
, black jacl.enyabarasana	Saaka
make ensaamo (barkcloth, mallets)	Saama
to patch old clothes	Saaniika
to be bitter	Saara
to cut off, prune	Saarra
to ask for, pray	Saba
target mark	Sabbaabo
to beg, pester, bother	Sabiriza
to make rustle	Saganiza
to support, steady	Sagika
plate, dish	Sahaani
nothing as a reward	Sai
barren cow,etc	Sajwa
to take off thatch	Sakambura
to come off (thatch)	Sakurruuka
to unthatch, strip	Sakuurra
to treat unjustly	Saruriza
o be cracked (skin)	Salika
to bleed	Sama
to kick ooe another	Sambagana
to root up, stubble	Sambura
to become undone,unraveled	Sambuuruuka
to sport, frolic,jest,joke	Sandaara
to tease,joke with	Sandaaza
to cover	Sangiirra
to scatter	Sansara
solve string trick	Sanuurra
hat, helmet	Sapeeho
to cut	Sara
carve, engrave	Sarura
to smash, bruise, crumble	Sasangura
to repay, compensate	Sasura
to gnaw	Satura
to be smashed up	Sebenguka
to become well off	Seeguruka
to collect firewood	Seenya
float, hover	Seereera
to fall gently (rain)	Seesega
drive (cattle) to pasture	Seetura
to move away,push along	Segya
to act as midwife	Sehenya
to jest	Sekeerraana
pond, crush	Sekura
calico (second quality)	Semaaniini
to uncover, undo,unwind	Sembuurra
to engage (a servant)	Sengesa
to strain, filter	Sengiija
to smash, beat hard	Sengujura
to take away captive	Sengura
to tear into strips	Sensebura
wag (tongue), shuffie(feet)	Seraseza
to overcook	Serebeza
European drum	Serumbeeti
to retch, feel sick	Sesemwa
evil spirit, demon	Setaani
; to tether	Sibika
to untether	Sibuurra
beer three days old	Sibwa
to use for tying	Sibya
to refuse, grudge	Sigaza
break a fast	Siiburuka
to entreat	Siigasiiga
to commit adultery	Siibana
to cause to fade	Siihura
to fry	Siika
to be stubborn, obstinate	Siikooma
make walls or partitions	Siikura
be rough (lake, sea)	Slikuuka
to scorch, char, burn	Siiriiza
to do wrong, sin;spoil	Siisa
extremely black	Siisiisi
to become spoiled	Siisikara
to shake about, waggle	Sikinyiza
to attack again. recur	Sikira
to be pulled forcibly	Sikuka
to pull forcibly	Sikura
to beckon	Sima
to leave with (pledge)	Simbira
push, send away	Sindika
to be uprooted	Sinduka
to wear many necklaces	Singisa
to overcome	Singura
to fail, be defeated	Singwa
to tum to Mohammedan	Siraamoka
to rub hard, press	Siriita
to prevent	Sirika
to descend	Sirimuka
to lower, bring down	Sirimura
to liken to, compare	Sisaniza
to scrape, cure (hides)	Sisiima
to awake, recover consciousness	Sisiimuka
to waken, rouse	Sisiimura
round about, junction	Sitenseni
to break out (rash)	Situka
to be wrong, defective	Soba
to baffle, perplex	Sobera
(pf.soberaniize); = foreg	Soberaniza
perplex, disappoint	Sobeza
to be possible, manageable	Soboka
to enable	Sobozesa
sit down comfortably	Sodooka
to urge on, incite	Sokasoka
to wrangle, henpeck	Somangana
to go in crowds	Sombooka
to repair, thatch	Someekeerra
to insert, slip in	Someka
to teach, conduct service	Somesa
bear fruits (beans)	Somoorra
to drink with accompanment	Somya
to weaken, sap strength	Sondera
to disturb,worry, bully	Sondokora
to chop up	Sonjoora
to creep away	Soobooka
to be insolent	Sookooma
with no horns (animal)	Soomi
to do slowly, persuade	Soonereza
to take away quietly	Soonoora
to assemble, gather together	Soorrookana
to walk single file	Soronga
to collect, gather together	Sorooza
to collect taxes	Soza
to imitate, mimic	Subiiriza
impoverish, degrade	Suka
sugar/sweet banana	Sukaali
to be angry	Sukirana
to knock out	Sukuma
to be lonely, solitary	Sukumara
Christmas day	Sukuukuru
to have swollen cheeks	Sukuunira
to whistle	Suliza
herd cattle (for wages)	Sumba
to open, unlock, unie	Sumuurra
to pinch	Suna
to gaze at longingly	Sungamiriza
to toss	Sunsa
to make ill, demoralize	Sununura
pick axe	Suruuru
to peel off(eg skin.)	Sosuuka
to uncover, revealed, open	Suukuka
to uncover, expose, reveal	Suukura
to dangle, hang, suspend	Suuleeba
pass form. suuswa	Suusa
foetal dung(of animals.)	Suusi
to be suspended	Suusuuba
your paternal aunt	Swenkati
to marry	Swerana
marry (of two people)	Swerangana
to be married	Swerwa
to cause to marry	Sweza
day of worship	Sabbiiti
dark brown	Siina
banana, red in color	Siira
a pole placed across	Sirupande
a very black colour	Sirisiri
very black	Siriri
See: NOHIRI	Sikuukuru
very black	Siisi
refering to many	Soimwe
may be	Sinta
may be or perhaps	Shana
See: KASHAMAITU	Samaitu
See: SENTURUMA	Senturumwa
See: NSEERI-MAYANJA	Seeri-mayanja
See: NSEERI	Seeri
to tear inpieces, devour	Taagataagura
be sulky, sullen	Taabirirwa
to have guests/visitors	Taahirwa
to tear	Taamura
lantern, lamp	Taara
to fetch	Tabaarra
to mix together	Tabanganiza
; to mix,join together	Tabika
to create a wrangle	Tabya
small kerosene lamp	Tadooba
to be happy, carefree	Taga
to be frolicsome, gay	Tagaija
to beat, warm up	Tagasa
to go many times	Taiga
to be busy	Taliga
to vomit	Tanaka
to spread (cement)	Tandaaza
to stand astride,kneel withlegsapart	Tandama
to forbid, stop, prevent	Tangs
to meet	Tangaana
to pick a quarrel	Tanukiira
to stagger	Tarantuka
to trip up	Taruka
to spy on	Tata
hox, call without reason	Teba
to inform, tell, preach	Tebeza
converse, narrate, tell news	Tebya
to guess, speculate	Teebeereza
be confinned (church rite)	Teebwa
to gird(another)	Teega
to prepare, make ready	Teekaniza
to sharpen {knife)	Teekera
to think, consider, suppose	Teekereza
to beat one another	Teerangana
stir up urge	Teereerra
to deny, oppose, contradict	Teerereza
lemon grass	Teete
to make an attempt	Tegeekaniza
to grow luxuriantly	Tegeijuka
to wait for expectantly	Tegereza
to be level, straight	Teka
to tear to pieces	Tematemura
to accuse falsely	Tembeeka
; to steady, balance	Tengeneka
to roll	Tenta
level, smooth, straight,flat	Tereekeriire
to be straight, flat,level	Tereekeerra
to make level	Tereekereza
to lie, talk deceitfully	Terenganiza
very slippery	Teruteru
to give	Tetera
to tickle	Tigita
to grow tired of	Tiikuruka
chop small, mince	Tiima
to cheep, twitter	Tiitiira
very small, wee	Tiitiiro
to lend, borrow (notmoney)	Tiiza
to beat	Timbun
to shake about, waddle	Tintima
to frighten	Tintimya
water(as potatoes.)	Tira
play, gamble, caper	Tiriiha
speak irrationally, talk randomly	Toboka
to walk about naked	Togatoga
to speak incoberently	Togolekwa
to crush, squash	Togonyora
to bubble (when boiling)	Togota
to shout	Toka
to shout	Toko
bubble with beat	Tokomera
to explain, tell all	Tondera
split open (beans, peas)	Tondooka
to plead for another	Tonganiirra
dive, down, descend	Tontera
to gmmble, murmur	Tontorrooma
to drizzle	Toonyeerra
to weed (bean, millet)	Toorra
to be lewd, lascivious	Toorwa
still-born child or animal	Toroogo
stand erect	Torotoro
to relapse, grow weak	Totatota
to protrude	Tugunduka
to be squashed	Tugunjuka
to tread on, squash	Tugunya
to defame, run down	Tuka
to pester, importune	Tukiriza
sister to a chief	Tooro
only us	Twenka
all of us	Twena
those ones	Turiya
a certain plant specie	Tubura
birds sound/singing	Tsoi-tsoi
not so?	Tikwo
to be ready	Tayaari
parrot 's taH	Tuku
to tremble, shiver	Tukuma
shiver particularly of fever	Tukumira
to be red	Tukura
to lie	Tulingika
to send,send for	Tuma
cause to rise	Tumbisa
to keep on sending	Tumiriiza
to stretch(limbs)	Tuna
to sell	Tunda
tarpaulin, ground sheet	Tundubaale
;to protrude, stick out	Tunduka
to grow tall	Tunguka
to taste sour	Tungununa
to shake, wooble	Tunguuta
to perspire	Tunguutana
to grow very fast	Tuntumuka
to gaze at, behold	Tunuurra
to pass right through	Turuukana
to swell when soaked	Tutubara
to be gluttonous, voracious	Tuuba
to undo (beadwork), untie	Tuukuurra
to heap up	Tuumma
ascend (smoke)	Tuumuuka
to infect	Tuurra
sweat, perspiration	Tuutu
to sweat	Tuuya
to die	Tuuza
to conceive (by fornication)	Twekwa
to brandish	Tyangya
to cut, tear	Tyetyemura
chwezi god for plenty	Wamara
thank you	Webare
your relative	Waanyu
cotton plant, raw cotton	Waaro
beer four days old	Wadibu
very large carrion-eating bird	Waiburu
pangolin, scaly ant eater	Wakonga
the alphabet	Walifu
to bring to nothing	Warairaha
wwell done, thank you	Weebale
you there	Weewe
that was the truth	Weza
so, that is it	Wezaakwo
colonialist, parish chief	Wiitwale
member of the clan	Wooruganda
undiluted banana juice	Wiidi
big and not shaped	Wandandara
a shrub	Wambuba
See: AKAME	Wakame
to help, aid	Yamba
south wind	Yangoromora
the Jewish Temple	Yekaru
to go all together	Yooka
to become loose	Yuga
to join together	Yunganiza
to play	Zaana
to have common percentage	Zaaranwa
to beat, flog	Zaitura
to be spoilt	Zamba
to stagger about	Zengazenga
to be dizzy,giddy	Zengeerra
to shut (eyes)	Zibiiriza
regain sight, open (eyes)	Zibuurra
to bear the first-born	Zigaija
courtyard compound	Zigati
to swing around	Zigusura
to put round, surround	Ziguza
to swim be deep	Ziha
;to bury	Ziika
to bury (beer)	Ziikiira
to dig up, exhume	Ziikura
leer at	Zisuura
to sing, dance	Zina
to untwist, unwind, unroll	Zinguurra
woe unto thee! curse	Zirikubona
; to wind'eyes,sticks)	Ziringitiirra
throw(in wrestling)	Ziringura
to beat, flog	Zirwaitura
to enclose	Zitira
to feel sick, retch	Zizambuka
to make sick, nauseate	Zizimbura
a leather bag	Zibure-nkurye
these ones	Zinu
all of them	Zoona
gaabatanuka	, greyish colored salt
gaaju	Reddish brown.
gahiiraha	Crested eagle
gaigai	Intensive with verbs of walking, talking (=fast)
gamba	Speak or say
gambisibwa	Talk no sense
ganja	Be in favor
garaamiirra	Throw the head back
garamya	Tilt backwards, make one lie on the back
garangatana	Clash together, clatter
garukamu	Answer, reply, do again.
gendesa	Make to go, drive
gereerra	Ooze, trickle
gereka	Place on top of
gogereza	Supplement on what has already been talked about
gogoro	Talk through the nose
goofu	Golf (game)
gooleekwa	Disease that turns a person useless, good for nothing.
gooro	. Goal
guha	to fetch (fire)
gulikuurrra	Remove a spell
omutima	Pick up courage. -., barren
gumirirwa	Jr.,, constipation
gunguru	Utter, slander about
ente	Borrow and pay back calf etc
omubwato	Go aboard, embark
omusango	Become guilty of a fault, incur a judgement
kihoire	It is finished
haaba	Take for granted
haahaara	Run away in fright, lose heart.
haabiriza	Praise, extol
haahura	Rub smooth, polish
habiri	In two
omumutima	Grow wise, sensible, comprehend
habumoso	Left hand side. Mouthful, to the brim.
hadadika	Clamor, force something against one's will.
hagamara	Colossal., frighten away, drive away by ill tremetol
hagatl	In the middle, center
haiguru	Up above., near, close
haingi	In many places
enjoki	A good question can draw out their real opinion.
hama	Deep, take root
hamaituka	Start, be taken by surprise
hamanga	Grope, feel about in the dark. Ham
hambaatira	Cling to
hambura	Run off with
hamu	in one place, together
hamusago	on, upon the pillow or at the pillow side
handama	Stretch out hand to take (when silting or kneeling)
handi	elsewhere. To write, enroll
bangya	= forge, to be double tongued
hansi	on the ground, below
banyuma	afterwards, presently, finally
akaija	He/she came after his/her brother/sister
hara	far away
haswa	Have pain in the side(pneumonia)
omugongo	Start monthly periods (girl), first menstruation
berikopita	Cl.9a,,owl. Zaaherikopita)
besa	, to backbite. Threaten
hilmiikwa	· to be about to cry, look angry,, fresh beer
biirwa	{pf. -hiiriirwe)
binga	Exchange, barter
ekifuba	Be ful-chested
hoibwa	Of hwa
hoisa	Lo go dry (cow)
hongoijora	Dig over lightly
hongomeerra	Foreg, look vacant
boora	Enzigu, take revenge (by killing)
hotora	Twist, mingle
omutima	Be forgetful, delicious
hulliriza	Listen carefully
To bear many children	hundukuuliire
omutwe	Shake the head
huninikaka	to hypnotize
hururwa	Severe body pain
hururwa	Be in Agony
huruutura	Strip off, pull undo
huunuuka	Make a grunt of denial or anger
ekigwo	Burled down
hweza	See clearly
hwezeka	Seen, viewed,visible
hwilhwil	Expressing extent of pain caused by abscess
hwihwi	A person with harelip
hwita	Grow old and feeble
hwitira	Severe pain caused by abscess
hebimata	Be alarmed, agitated, on tenterhooks
hyoka	Sprained, dislocated
hyongya	Steer, punt
hyora	Sharpen, whet, grind (teeth)
paapaata	Feel with the hands, grope about
paatiika	Patch, hence to accuse falsely
pakasa	Work for wages
pakuka	Flicker, palpitate, walk very fast
pamba	Cotton, cotton wool
papamuka	Flap wings, flutter
peregecu	Very dry parched place, desert
pima	Measure, weigh
pipira	Shake, shiver
pipiza	Make shiver. Tremble.
poositoofiisi	Post office
poso	Maize flour
puku	unaware, suddenly unexpectedly
puresa	Blood pressure
yogoora	Disperse, melt a way (crowd)
yungayunga	Collect false evidence
ebigambo	That girl had false evidence
okusesira ebirimwa amaizi goruseke	Irrigation
ebifu by'ebimera	Compost
kutunda aheru yihanga	Export
ekitebe ky'abalimi	Cooperative
ebitakuli	Sweet potato
kutunda /kuguza	Sell
aba	Who, of, these, for
abaanyu	Someone's relatives
abagomborozi	Sub county chiefs
abamasaza	County chiefs
abatongole	Sub-parish chiefs
abemiruka	Parish chiefs
agutamba	He who relieves distress
aheeru	out, outside
abonaaho	Immediately, at once
ahonaaho	At that very moment
ahanyima	Indicating sequence of events
akagirita	Razor blade,shaving blade
obugirita	Razor blade,shaving blades
akagobo	Win in a game
obugoba	Win in a games
ekyeeya	A type of swamp
ebyeeya	Type of swamps
akabwegura	A small caterpillar
ebibwegura	Small caterpillars
akahooho	Nice scent
obuhoho	Nice scents
akababagazi	Initial stage of flowering
obubabagazi	Initial stage of flowerings
akahuna	Silence due to suprise
obuhuna	Silence due to suprises
omunya	Small lizard-like animal
eminya	Small lizard-like animals
akabubi	Hymen: vagina membrane
emibibi	Hymen: vagina membranes
akaimeeme	End of breastbone
obwimeeme	End of breastbones
akaburyo	Hillock: small hill
obuburyo	Hillock: small hills
akacancabari	Rags:an old torn cloth
obucancabari	Rags:an old torn cloths
akasengijo	A sieve
ekitengo	A very old cloth
ebitengo	Very old cloths
ekihuguhugu	Bat: a flying mammal
ebihuguhugu	Bat: a flying mammals
kihinguraniza	Something done excessively
bihinguraniza	Something done excessivelies
akadebe	Pail or bucket
edebe	Pail or buckets
akafunjo	Cyperus papyrus
ebifunjo	Cyperus papyruses
akagoroda	Bungle: a bracelet
obugoroda	Bungle: a bracelets
akagwe	Calamity: unexpected bad situation
obugwe	Calamity: unexpected bad situations
akagenda-kahiire	. A brownish grasshopper
obugenda-buhiire	. A brownish grasshoppers
empaka	Competetion for something
empaka	Competetion for somethings
akahoiho	A small moth
obuhoiho	Small moths
akahuna	A state of confusion
obuhuna	State of confusions
akahungabeebe	A small flying termite
obuhangabeebe	Small flying termites
akajugo	A pen cover
obujugo	Pen covers
akajunde	Stench: an unpleasant smell
obujunde	Stench: an unpleasant smells
akakiro	A small hillock
obukiro	Small hillocks
akajabago	A muddy area
obujabago	Muddy areas
akanuriirizi	Sweet taste
obunuriirizi	Sweet tastes
akajabirro	Over excitement
obujabirro	Over excitements
akajaiko	Passion for roaming
obujaiko	Passion for roamings
akajangu	Small or beautiful cat
obujangu	Small or beautiful cats
akanyamukara	Nut grass
obunyamukara	Nut grasses
akajanja	Superficial behaviour
orujanja	Superficial behaviours
akanyamukira	Dung maggot
ombunyamukira	Dung maggots
akanyamuniini	A fresh fried grasshopper
obunyamukara	Fresh fried grasshoppers
aktindinda	Small snail
obutindinda	Small snails
akanyamurera	Flute: a musical instrument
obunyamurere	Flute: a musical instruments
kujokoza	Continuous disturbance or provocation
kujokoza	Continuous disturbance or provocations
akanyuunyarume	Shrub eaten by goats
obunyuunyarume	Shrub eaten by goatses
akanywanisa	: hyphen
obunywanisa	: hyphens
akanywero	:a very tight cloth
obunyero	:a very tight cloths
akaradaari	:mustard seed
obukaradaari	:mustard seeds
akaragwa	:inherited trait
oburagwa	:inherited traits
akarande	:inherited character or trait
oburandaine	:inherited character or traits
akarebure	:a slunderous utterance
oburebure	:a slunderous utterances
akasirimuko	: a steep slope
obusirimuko	: a steep slopes
kwaka	:lust for sex
kwaka	:lust for sexes
akatiko	:peer pressure
obutiko	:peer pressures
akarungi	:something good, or beautiful
ebirungi	:something good, or beautifuls
akarwariro	:a clinic
oburwaro	:a clinics
akashuumo	:.a steep slope
akakokomoko	:.a steep slopes
akatima	:valve for a tyre
obutima	:valve for a tyres
akasisira	:a small hut
obusisira	:a small huts
akasirimuko	:a sloppy place
obusirimuko	:a sloppy places
akasirimuko	Slope, descent
obusirimuko	Slope, descents
akaveera	:plastic sheeting
obuvera	:plastic sheetings
allah	:God in Islamic religion
amaarwa	:beer: an alcoholic drink
amadaraka	:being stylish
amafaranga	:Rwandese currency
makune	: hospitable people
obutabaijuko	:conflicts, intrigues, etc
ebisoko	:first leaves of beans
ebikarakate	Ish scales
esande	Undiluted banana juice.)
amakuute	Neighbouring countries)
amakwenkwe	A hearty laugh
amamera	Germinated plants
enyugunyu	Pelvic bones
ekitungutana	Sweating profusely
amasa	Nothing, emptiness
ebisansa	.dry banana leaves
amasanyarazi	. Electricity
amasobe	. A cat's dung
ebisodo	Bird's droppings
amasununu	Fresh milk
entangatangano	A road junction
amatembero	Steps, or staircases
amatone	Dots or spots
kunihira	Expectancy, suspense, uncertaint
abarongo	Identical twins
amazina	Dancing styles
nangwa	No: a negative response
kasisira	Small hut
obusisira	Small huts
obukekeyo/ obusenginjo	Sieves
karandaranda	A creeping plant
kurandaranda	Creeping plants
akalebule	A careless talk
obulebule	Careless talks
akalebulebu	Difficult times
obulebule	Difficult timeses
akaleecu	Some peace
obuleecu	Some peaces
akaregete	Small packet
oburegete	Small packets
akalenge	Thin leg
obulenge	Thin legs
akameeza	Stool,lockable desk
obumeza	Stool,lockable desks
akamogo	A mark,a scar
obumogo	Mark,a scars
akanenero	A chick-bone
akaniini	Finely ground millet flour
obuniini	Finely ground millet flours
akanyamuryaine	Tumult, uproar
obunyamuryaine	Tumult, uproars
akanyuunyambuzi	Yellow oxalis
obunyuunyambuzi	Yellow oxalises
kondomu	Small ball, condom
kuondomu	Small ball, condoms
ekisirani	Misfortune curse grumbling
akaronkoronko	Trait of weakness
oburonkoronko	Trait of weaknesses
akarorwaho	Sign, symbol
oburorwaho	Sign, symbols
akarumanfuuzi	Tiny biting fly
oburumanfuuzi	Tiny biting flies
akahumuza	A comma
akasarre	Danger, difficulty
obusarre	Danger, difficulties
akasasamaro	Greatcommotion, confusion
obusasamaro	Greatcommotion, confusions
omwirima	Complete darkness
omwirima	Complete darknesses
akasiisira	Make shift hut
obusiisira	Make shift huts
akasolya	Tip of a roof
obusolya	Tip of a roofs
akasonga	Tip of something
obusonga	Tip of somethings
akasoono	Enticement, persuasion
obusoono	Enticement, persuasions
akasoonooki	Morning sunshine
obusoonooki	Morning sunshines
akasumi	Time, season
obusumi	Time, seasons
akasungu	A straw of grass
obusungu	Straw of grasses
akaswa	Small anthill
obuswa	Small anthills
akataama	Small sheep
obutaama	Small sheeps
akatiiko	Newly found excitement
obutiiko	Newly found excitements
akatimba	Net, wire mesh
obutimba	Net, wire meshes
akatongo	A thicket, small forest
obutongo	Thicket, small forests
akatoonyezi	A dot, full stop
obutoonyezi	Dot, full stops
akatunda	Small passion fruit
obutunda	Small passion fruits
akatunguru	An onion
akatuzi	Small mushroom
akamayiro	Uncalled for familiarity
obumanyiro	Something for emergency
amaani	Strength,authority, violence, force
amabeho	Fresh air
amabingo	Reeds, elephant grass
nyamunura	Savouries, delicacies
amacu	Asthma, bronchitis
amacunda	Churned milk
amacwacwa	Cunning, craft, wisdom
amacwanta	Saliva, spittle
amadaara/amatembero	Ladders, steps
amaduli	Hemp seed
amaazi	Faeces, excrement
amagana	Hundred(100), wealth
obwomezi	Health, strength, life
amagaruka	Return journey
amagenda	Going, an outward journey
amaguli	Large granaries
amahunge	Northwest wind
amahurru	Small royal drums
amairu	Intense desire
amaiso	Eyes, face
amajabali	Frayed, jagged edges
isoke/ ekyoya	Hair
kutimba	Decoration, adornment, exaggerations
amajooba	Red stitching, embroidery
amaka	Homes, homestead
amakamo	Curdled milk, junket
amakebe	Fat cheeks
amakerre	Wild strawbberries
amakooti	Round shoulders
amakuura	In footmall
amakuru	News, meaning, sense, interpretation
amakutu	Short cut
amakuuma	Round shoulders
amalebe	Water lilies
amaligisa	Over doing, exaggeration
amaryo	Cunning, craft
amambukiro	Ford, landing site
amanambo	Old mines
amanda	Hot charcoal, coals, charcoal
amanogo	Tunnels made by termites
amanono	Claws of an animal
obufuki	Damp, cold
amanzamba	Cartridge bolt
ebyenda	Bowels, small intenstines
amaraka	Voices, throat, larynx
amarali	Squint, cross-eyes
amaranga	Type of lilies
amarunga	Scarlet seeds
amasamba	Estates, plantations
amakamba	Latex of rubber tree
amasanga	Ivory, tusks
amasanyu	Leafy twigs, foliage
amasirimuko	Descent, slope,south
amasonsolya	Top of a tree
amasu	Loneliness, solitude
amasumi	Fresh milk
amatandiiko	Harness, saddle
amatangatangano	Cross-roads, junction
amazi	Dung, feaces,stool
arukwiragura	Black, black person
abazini	Chorus, choir
kirungi	Bleached calico (best quality)
bachwezi	Demi-god, soldier
bagaya	They despise
bahuma	Pastroral cow-men
bakisaagya	Beyond expectation
bankizaki	Large purple orchid
Barozi	A governor
bbamu	Intensive with
banyamalindwa	Guardians of others' flocks
bbani/oruhu	Buffalo hide
bbasitooro	Pistol, revolver
bbeeru	Flag. Banner, sail
bbomba	Bicycle pump
empanga	Dig deep
bbwarruza	Crunch, snap
begebege	Food, portion out
bembeka	Walk on heels
bibugo	Grave clothes
bicoboyo	Young beans
bicucuke	Dust. Rubbish
bicwereriirwe	Invited thing
bifu	Dead goats;rotten seeds
bigene	Entertaining conversation
bigesera	Hair plaited style
bigesero	Stubble, straw
bigondonka	Happenings, occurrences
biguuna	Ring conn
bihaarro	(used only inpl.fonn)
bihana	Dyspepsia pains
bibaniirro	Warning, caution
bihunda	Rubbish, refuse
bihwa	Whispered words
bire	Bad, ugly
biihirwa	Be vexed, annoyed, troubled
bijaga	Severe chronic syphilis
bijwajwa	Saliva, dribble
bijwenge	Long thick hair; fringe
bika	Announce the death
bikaiga	Young beans
bikambi	Dregs,refuse, rubbish
bikaogaara	Old leaves of herbs
bikaoja	Dregs of beer
bikanka	Make threats
bikeerranwa	Waning moon
biko	Leaves of omuko tree
bikoora	Leaves, runners, dry tobaco
bikuti	Middle husk of millet
Bikwebe	A response
brmira	Mucus of the nose
bimira	Mucus of tbe nose
binkuti	Force a laugh
binkwabwa	Hair in the armpits
binyansi	Weeds; worms
binyoobwa	Ground outs
binzaah	Curry powder
birerya	Husks of simsim
birezi	Secretion from eyes
biri	Root, two
biriibwa	Eatables, food
birikiirra	Accuse, tell tales about
biro	Days; periods
oturo	Sleepiness in the eyes
bisa	Labour pains
mabingo	Young reed
bisajwa	Fat of animals
bisaka	Herbal medicine
bisanku	Dry cow dung
bisengere	Ironstone, dross, slag
bisi	Raw, uncooked, unripe, fresh
bisonde	Syphilis, yaws
bisokoro	Leaves of young beans
bisoodo	Fowls' dung, birds' droppings
bisuba	Lies, deceit
Bisuma	The Great Bear, Constellation
bisunga	Husks, shavings, refuse
bisuni	Variola, chicken pox
bitaigi	Maizebefore it is fully-grown
bitege	Bandy legs
bitengo	Ragged clothes or skins
bitontoorro	Birds' dropping
biyaga	Addled infertile eggs
biyogoma	Flop down
boba	Ja kcal, fox
bomwiboolezo	Market toll collectors
bona	Experience (trouble, etc.)
bondeerra	Forge, to dissolv
boyesa	Scent, perfume
bubaizi	Carpentry, joinery
bubambaazi	Mad behavior
bubbaani	Species of resin, incense
bubi	Evil, harm;excrement
bubitihi	Lying, deceitfulness
buboijana	Loneliness, friendlessness, solitude
bubu	Large edible mushroom
bubuura	Loneliness solitude
buculeezi	Humility,meekness, docil ity, gentleness
bucwekaih	Loss of children, bereavement
budongo	Mud, mortar,clay for building
budoolidooli	Little, tinny
buduuzi	Scorn, derision
bufuodaano	Suffocation, stifling,asphyx
bugana	At liberty
buga.njaine	Friendship, affection
buganyizi	Pity, mercy
bugeregere	Sores between the toes
bugizi	Ability, power
bugobya	Deceit, fraud,hypocrisy
bugoga	Nature,disposition. Way etc
bugoigo	Sisal, hemp
bugoorra	African eggplant, Solanum Macrocarpan
kusetura	Feed (cattle) early
bugumangani	Stiffness, fimmess, hardness, rigidness
bugumba	Barrenness, sterility
bubudamo	Reliance,security, strength, refuge
bugurusi	Old age
buguuda	Wealth, riches
bugweterano	Inheritance, succession
busa	For nothing
buhamizo	Stronghold,support, influence
bubaodiike	Written matter, correspondence
buhanga	Distant country
bubangaazi	Longevity, durability
buhango	Weight, size, bulk
buhemu	Shame, disgrace
buhere	Scabies. The itch
buhoogozi	Extortion,rapine, plunder, fraud
buhoole	Insolence,self-wi ll, naughtiness, profligacy
buhulizi	Order,discipline, obedience
buhumbe	Multitude, crowd; delicacy
buhu nga	Flour
buhuuhirizi	Fine rain,drizzle
bubwite	Senility, senile, decay
buhya	Pitfall for animals
bujonjo	Secretion of the eyes
bujulizi	Evidence, testimony
bujune	Sorrow, trouble, misery, melancholy
bujwahi	Weariness, fatigue
bukanga	At a high price
bukazi	Womanhood,female genitals
buke	Littleness, fewness
bukene	Die uncared for
bukungani	Discord, strife
bukungu	Minor chieftainship
bukorungutaniza	Cunnningness, craftiness
bukwenda	Deputed authority, ambassadorship, ministry,commission
bukyabukya	Daily, always
bulemi	Rule, control,government, force
bulemu	War, battle, struggle, conflict
bulengerezi	Careful measurement (of food)
buliba	Rat trap
buliro	Source of foodsupply, pasture
buliisa	Work of ashepherd; pastorate
buryo	Justice, reason
bumanyi	Knowledge,understand recognition
bumburu	Species of beer banana
byomu	Oneness, unity
bunkohoob	Inedible termites
bunkuli	Bolt food, gulp
buntamantama	Mumble, mutter, murmur
buotu	Being, humanity
bunuzi	Flavor, taste
bunyaata	Eating without a relish
bunyagi	Plunder, violence, rapine
bunyamarumbu	Stiffness, aching
bunyamibwa	Good looks
bunyigi	Meanness,stinginess, miserliness
bunywani	Friendship, blood brother-hood
bunyuunyambuzi	Plant like clover
buraara	Plant withhairy stinging leaves
burabo	Path, passage,way
buraira	Length, height
bugumya	Fixed, firmly
burangara	Stir up trouble
buro	Small millet
burofu	Filth., dirtiness,slovenness
bu rogo	Witchcraft
buronde	Forced labour
burubatiro	Tread of foot, sole
burugo	Place of origin
buruguta	Roar, sound
burumi	Ache, pain
burungi	Beauty, goodness
bururumi	Fierceness,ferocity, harshness
buruutura	Rip, tear
burwa	Ashes of burnt cow-dung
burwaire	Illness, sickness, disease
busumiikiranizo	Fastening. Joint
busuuhuuki	Exile, emigration
busuuti	Arab robe
buswahirizi	Provocation, taunting, booing
buta	Be feeble
butaaho	Residence, dwelling place
butagali	Weakness,thinness of the legs
kukaba	Collapse, fall
butale	Iron ore
butamilzi	Drunkenness, intoxication
butandikiro	Starting point
butandwa	Unforeseen peril, accident
butanwa	Accidental occurrence
butende	Initiation ceremony of diviner
butentebeke	Impossibility, difficulty
butere	Fat tai
butigi	Forwardness, perversity
butiime	Minced meat
butiini	Fear, cowardice
butooganiro	Excuse, defence
botumwa	Conunission,apostleship, ministry
buturukaizooba	The East
butuzi	Button mushrooms
butweke	Pregnancy of unmarried woman
buura	Give warning
buurru	Cloud of dust
buuta	Very feeble person; idiot
buyambi	Help, aid,assistance
buyanja	Wavelets, ripples
buyondo	Twisted fringe
buyungiro	Joint, splice
buzaale	Clanship, relationship, kinship
buzaarwa	Parentage, birthplace
buzigu	Hostility,enemity; smallpox
bwahuzi	Storing up,stewardship
bwakabiri	Second time
bwakaiso	Witness,testimony, evidence
bwakyo	Tinny flowers
bwanda	Yellow stonecrop
bwati	Fissures of childbirth
bwecumi	Neatness,smartness, cleanliness, adornment
bweganyirizi	Slackness, laziness
bwegendereza	Carefulness, circumspection, thrift
bwebinduurro	Room to tum, freedom
bwekambi	Deligeocc, zeal, earnestness, zest
bwckanasi	Laziness, indolence
bwekiiko	Bend, curve,tum
bwekubizo	Careful up bringing, petting
bwekuniki	, conceit, showing off
bwenda	Generosity,liberality, bounty
bwenugi	Neglect of owcrcowcre
bwereme	Willfulness,rebellion, impudence
bweremera	Sole ownership
bwerengerezi	Bullying, scornfulness
bwesengeze	Leasehold land
bwesereko	Hiding place, refuge
bwesige	Trust,confidence, assurance
bwesigwa	Trustworthiness, faithfulness
bwesumbo	Shelter from rain
bwesungi	Cheek, impudence, naughtiness
bwezigooro	Curve,bend, round about
bwigamiro/ buyamba	Support
Bwigara	Expression of pity
bwihulebwona	Stinging centipede
bwikaro	Place, residence, abode
bwiko	Mutual hatred,enmity
Bwikya	House of thequeen consort
bwina	Linleholes, tunnels
bwingira	Cave. Den
bwirukiro	Place of refuge, retreat
bwogi	Sharpness, edge
bwogo	Tumult, uproar
bwomeezi	Health, life, soul
bworobi	Softness, tenderness
bwotere	Butter mixed with perfume
bwoyooyo	Nothing at all
byahi	Skin mats, child's bedding
byakeeri	Hair in the annat
byaoa	Fruit, offspring
byenga	Slag of iron, dross
byeyererwa	Find no one in
byobwomeezi	Health,sanitation matters
byoya	Feathers,fur(animal hair)
banu	These ones
bandwa	Chwezi priests
baro	Your husband
basemera	He/she is good looking
basingo	Courtier or fort-dweller, attendant
batembuzi	Pioneers, harbigners
bazarrabusa	They produce[children] for nothing
beebwa	They can forget
bibiri	Two hundred
bigo	Place, city
biizi-bitoosa	Meat of a sheep
binzaari	Orange colour
binu	These ones
bonka	They alone
bonsatu	Three of them
bontaano	Five of them
bbooda-booda	Bicycle or motorcycle taxi
booma	Government ground or station
boona	All of them
bucuzi	Upside down
bugazi	Facing up
bugingo	Dangerous, deadly
bugubugu	Quickly and carelessly
buhyaka	Anew, again
buli kiro	Everyday
bundi	Another time
butaleka	Uncreasingly, continuously
butoosa	Everyday, always
bujenjebere	Something that is shaky
bujinja	A sheep without ears
bujumeera	A good singing voice
bumoso	Left hand side
buri	That time
buso-bwa-ntaama	Head on collision
busa	Afresh; once more
bwakeire-bwaizire	Now and then
bwanamukuru	A parish priest
bwanyima	Afterwards; later
bwatu	Doing something openly
bwemi	Upright, standing up
bwereere	A very young baby
byabazaire	Of parents
byo	They, themselves
byona	All of them
caai	Tea, tea leaves,tea plant
Caali	Expresses pity, admiration
ceke	Weak, feeble
cika	Discuss thoroughly
cikinya	Be tidy, neat, quiet
cucu	Expression of fraight
Cukanaho	Get out
cunduka	Be corpulent
curru	A destitute person
cwamu	Settle matters
cwaogya	Be cunning, crafty, sly
cwekanira	Rush at joyfully
cwanganisikaniza	Cross a path
cacaca	Sound made by footsteps
ceiceice	In total silence
coroko	Soya beans
cuucuucu	Too much smell
dai	Intensive with guma
kifaaro	Slemon, devil, evil spirit
dalizi	Woven border on cloth
digidigi	Intensive with boha (fasten)
nyweza	Tie tightly, tighten
dimiryangombe	Blue soap
dongoro	Native soap
dookooli	Be exhausted, done up
Dora	Look! Behold!
dudura	Beat unmercifully, flog
duura	T oderide, scorn
dai-dai	Very hard
daburokara	Double colour
dainingi	Dining room
dara	Here is, there is
deero	Now, today
doboro	Double: twice as much
ekidongodongo	A heron
ekifubiro	Punishment, penalty
ebifubiro	Punishment, penalties
bikaiko	Food without salt
bikaiko	Food without salts
ekigambo	A word
ekigango	Room for catechism classes
ebigango	Room for catechism classeses
ekidongo	A guitar
omudoma	A stupid person
abadoma	Stupid persons
ekifufu	A bruise
endoboro/ensahu	A packet
ekisaniko	Cover, used banana leaf
ebisaniko	Cover, used banana leafs
ekigaali/enengere	A wheel barrow
ebigaali/enegere	Wheel barrows
kanyama	A tall mascular person
bakanyama	Tall mascular persons
ekihano	Something very surprising
ebihano	Something very surprisings
ekigega	A big basket
ebigega	Big baskets
ekigere	Foot, foot print
ebigere	Foot, foot prints
ekigigo	Molar tooth
ebigigo	Molar tooths
ekigunguru	A round plastic jerrycan
ebigunguru	Round plastic jerrycans
ekihambo	A young pumpkin's garden
ebihambo	Young pumpkin's gardens
ekihohe	Soft immature calabash
ebihohe	Soft immature calabashes
ekijwaro	Garment, wear
ebijwaro	Garment, wears
ekikaali	King's or chiefs enclosure
ebikaali	King's or chiefs enclosures
ekikaragwe	A tree specie
ebikaragwe	Tree species
ekikindo	A palm tree
ebikindo	Palm trees
ekikere	Frog, toad
ebikere	Frog, toads
ekikoco	An old emanciated cow
ebikoco	Old emanciated cows
ekikongoriro	Maize cob
ebikongoriro	Maize cobs
ekikoligo	Yoke problem, obstacle
ebikoligo	Yoke problem, obstacles
ekikoobe	A herdsman's whistle
abalisa	Herdsman's whistles
ekisoro	An animal
ekikoosi	A battalion
ekikopo	Cup: a trophy
ebikopo	Cup: a trophies
ekijunzire	Rotten thing
ebijunzire	Rotten things
ekiijukyo	A memorial remembrance
ebiijukyo	Memorial remembrances
ekijubwa	Type of horizontal grass
ebijubwa	Type of horizontal grasses
ekijuma	A fruit, a table
ebijuma	Fruit, a tables
ekiina	Hole, ditch, pit
ebiina	Hole, ditch, pits
ekiinamirro	Great grief, be sorrowful
ebiinamirro	Great grief, be sorrowfuls
ekiisamuhana	Large hornbill
ebiisamuhana	Large hornbills
ekiisurumba	Waterfall, rushing flood
ebiisurumba	Waterfall, rushing floods
ekiisa-mutuutu	A big brown bird
ebiisa-mutuutu	Big brown birds
ekijinja	A seasonal swamp
ebijinja	Seasonal swamps
ekijoojo	Fresh banana tree sheath
ebijoojo	Fresh banana tree sheaths
ekijubwe	A type of grass
ebijubwe	Type of grasses
ekijujuka	Odour: unpleasant smell
ebijujuka	Odour: unpleasant smells
ekijaju	Exaggerated information
ebijaju	Exaggerated informations
ekiihe	Severe famine
ebiihe	Severe famines
ekiijongo	A crater lake
ebiijongo	Crater lakes
ekiika	Heavy smoke
ebiika	Heavy smokes
ekiikaro	Place, spot
ebiikaro	Place, spots
ekiju	A bird's nest
ebiju	Bird's nests
ekijumo	An insult, an abuse
ebijumo	Insult, an abuses
ekyoroni	Pit latrine
ebyoroni	Pit latrines
ekiituuru	A shade, shadow
ebiituuru	Shade, shadows
ekijogojogo	A snail shell
ebijogojogo	Snail shells
ekikaari	A reed fenced enclosure
ebikaari	Reed fenced enclosures
ekijaguzo	Festivity, celebration
ebijaguzo	Festivity, celebrations
empaka	Argument, strife, dispute
empale	Knickers, trousers, shorts
empambiriza	One who uses force
empambo	Seeds of gourds
empanuura	Advice, counsel, discussion
emparacuki	Swift runner
emparra	Kind of locust
empazi	Safari ants
empegecu	Gristle, cartilage
empeta	A ring
empiigi	Hunting dog
empimbaale	A blind cow, goat
empaama	Poor soil, hard earth
empairimi	Male dog
empakani	Argumentative person, rival, competitor
empamo	Mourning, lamentation
empanabeera	Firm breasts not pendant
empara	Uganda Cob
emparangani	Quarrelsome person
empeehe	Fluffy seeds of reeds
empeera	Wage, pay, reward
empekenyu	Gristle, cartilage
empiigani	Enmity, persecution
empirima	Double edged sword, dagger
empogoma	Hole in a tree
enkunguru	Grasshoppers: small grasshoppers
enkubebe	Worker termite
enkubiti	Strength, vigour
enkumbititi	Multitude, crowd,abundance
enkuna	Hospitality, entertaining
enkunga	Red tailed colobus monkey
enkurugu	Cheat, swindler, crafty person
enkurungo	Blue banana eater
enkuraijo	A plant species
enkorro	Coughing disease, cough
enkukuuru	Horn trumpet
enkumba	White millet
enkunda	Red-tailed cercopitheque
enkungani	Strife, quarrel
enkunku	Type of banana
enkakaara	Guinea fowl
enkurungutaniza	Subtlety, cunning, cheating
enkusi	Stupid person
enkuuku	Pigeon peas
enkwatirizi	Careful,deliberate, economical person
enkwato	Care, good treatment, neatness
ensambani	An adulterous person
ensasanure	Strippings from papyrus stems
ensongore	A male dog
ensumbi	SW.voilence or force
enobi	Dislike, enmity, hatred
enondwa	Tree with edible fruit
ensaasi	Illness of king only
enkuya	Large ape
enkuzi/onuhama	Main root, tap root
enkwomoro	Waning moon
ensaija	A male animal
ensekure	A ram
ensoberwa	SW.a desparate person
ensoboorozi	SW.someone who explains something
ensoma	The way of reading
ensonga	Menstruation period
ensonga	SW.cattle disease
ensoigo	Honey guide bird
enombe	A soft red clay
ensaano	Flour, powder
enseegu	Pipe, flute
enseenene	Edible grasshoppers
enseesekale	Loose cents
enseiso	Upper grinding stone
enseko	Laughter, fun
ensemere	Dear one, beloved
ensenge	Giant hog
ensenyerre	Good clear eyes
etanaki	Nausea, vomit
ensi	Earth, land, country
ensigo	Kidney; seed
ensiiso	Upper grind stone
ensinduro	Full moon when rising
ensisana	Shape, appearance
entaranta	Talent: a natural gift
ensobi	Mistake, error
ensama	Reedbuck, water buck
ensandaigo	Border of mat
ensazi	Become very exhausted
ensekere	Sty (in eye)
ensembukya	Short-bladed spear
ensese	Dysentery, diarrhoea with blood
ensibago	Cane for bow string
ensibyemu	Type of potato
ensiisira	Temporary shelter
ensindizi	Owl, sad, lonely person
ensinika	Grin showing teeth
ensoga	Castor oil berry
ensogasoga	Castor oil plant
ensole	Young dog, puppy
ensondokozi	Biting ant
ensonjogo	Tertiary syphilis
ensonzi	Small black fish
ensoro	Spring of water
enteekateeka	One's opinions and ideas
enteere	Being very tired
ente-matako	A good female cow
entenge	Small beads
ensunsunikizo	Extreme edge, unsafe place
ensusu	Flakes of skin
enswa	White ants
ensoha	Water- jar
ensolima	Large type of rat
ensondo	Cape of land
ensoni	Shame, embarrassment
ensooki	Insolent person
enswiga	Black nightshade
entasumbuswa	An irreplaceable cow
entembarusaka	A type of potatoes
entetere	Seeds of a pumpkin
entiizano	Borrowed things
ensundi	Small red bird, wax-bill
enyungu	Pipe, earthenware, cooking-pot
enzibira-busa	A cartapillas cacoon
enziiki	Burial fee
enzira-kabi	A holy person
enzirigi	Muscular and strong
enziransi	West wind
enzonza-mutima	Deep sorrow or bitterness
erende	Spoilt beer or porridge
enzooro	Full moon
eraatiri	A pound
eriiba	Dove, pigeon
amaiba	Dove, pigeons
erooro	Thin or not fat
eruusi	Young female goat
esaasi	Sympathy, mercy, kindness
enyuguta	Letter of the alphabet
enza	Pubic Hair
enzaarwa	Home-born, native, original
enziika	Strong feeling of hatred
enziha	Deep water
enzini	Singer, dancer
ereka	Shrub with much syrup
eriigenda	These days, nowadays
amaigenda	These days, nowadayses
enzooka	Appearance, view
epipa	Barrel, pipe
eryanda	A dry cell
amaanda	Dry cells
eryato	A boat
eryombera	Season of weeding millet
amaombera	Season of weeding millets
eruguru	Top, overthere
esaatumba	Aheap of unorganised things
esaiso	Upper grinding stone
esabwe	Butter sauce
esa	Bandle of grass
esande	Type of a bird
esenza	SW.cane rat
esusure	Type of yellow bananas
esuuka	Bed sheets
esirabo	Common duiker
esafaali	Journey, tour
esande	Banana juice
esarisari	SW.urine in droplets
esojo	Spear grass (Heteropogon contortus)
esiba	SW.section of a book
esimooni	Fifty cents
etaaba	Tobacco, cigeretts
etabaaro	Placenta: the afterbirth
etarabuusu	Turkish hut
etawaaza	See: ETABAAZA
etuutu	Sweat, perspiration
evanjiri	The gospel
ezi	Those ones, which
ekikonderezo	A curse
ekikangi	Thorn of palm tree
ebikangi	Thorn of palm trees
ekikayaabu	Fish: Salted fish
ebikayaabu	Fish: Salted fishes
ekikoba	Peeled off skin
ebikoba	Peeled off skins
ekikomo	Copper, large brass bracelet
ebikomo	Copper, large brass bracelets
ekikondere	Necklace of headwork
ebikondere	Necklace of headworks
ekikonko	Empty maize cob
ebikonko	Empty maize cobs
ekikoori	Eye blow
ebikoori	Eye blows
ekikorongezo	A torch
ekikorwa	An act
ekikumu	Toe or finger
ebikumu	Toe or fingers
ekitindinda	Snail, slug
ebitindinda	Snail, slugs
ekitime	Small piece of meat
ebitime	Small piece of meats
ekitimatima	The last
ekitiiri	Anus, buttock
ebitiiri	Anus, buttocks
ekiti	A piece of stick
ebiti	Piece of sticks
ekitere	Fatty tail of sheep
ebitere	Fatty tail of sheeps
ekiteete	Umoa grass
ebiteete	Umoa grasses
ekiteekerezo	Idea, thought
ebiteekerezo	Idea, thoughts
ekitoijo	An offering to God
ebitoijo	Offering to Gods
ekitoga	Something young or imature
ebitoga	Something young or imatures
ekitingwa	Sexually loose
ebitingwa	Sexually looses
ekiteete	Lemon grass
ebiteete	Lemon grasses
ensoha	A clay water pot
ensoha	Clay water pots
ekitentere	A young grasshopper
ebitentere	Young grasshoppers
ekitindiriro	Millet drying rack
ebitindiriro	Millet drying racks
ekitenterezi	A kind of bird
ebitenterezi	Kind of birds
ekitereza	Soft straight hair
ebitereza	Soft straight hairs
ekitiinisa	Glory, honour, respect, reverence
ebitiinisa	Glory, honour, respect, reverences
ekitinti	A patched garmen
ebitinti	Patched garmens
ekyata-muzinga	Honey-eating animal
ebyata-muzinga	Honey-eating animals
ekyasa	Century: a hundred years
ebyasa	Century: a hundred yearses
ekoona	Corner: a sharp bend
ekiziba	Valley dam or pond
ebiziba	Valley dam or ponds
ekiyengo	A small measuring basket
ebiyengo	Small measuring baskets
ekitwaro	A big storage basket
ebitwaro	Big storage baskets
ekituzi	Mushroom:a large size mushroom
ebituzi	Mushroom:a large size mushrooms
ekitumbwe	**unripe fruit.**
ebitumbwe	**unripe fruit.**s
ekisige	Eye blows
ebisige	Eye blowses
ekitooma	Ficus tree
ebitooma	Ficus trees
ekyenda	The stomach,intestine
ekyemo	Physical stature
ebyemo	Physical statures
ekyemeza	A self-propagated plant
ebyemeza	Self-propagated plants
ekyekurra	A crawling thing
ebyekurra	Crawling things
ekyegemera	A set-square
ekyebu	Corner of cloth, skin
ebyebu	Corner of cloth, skins
ekyasha	A heart burn
ebyasha	Heart burns
ekyate	A crack
ekyasa	Piece of split firewood
ebyasa	Piece of split firewoods
ekyasi	Gap in the teeth
ebyasi	Gap in the teeths
ekyaro	Village, estate
ebyaro	Village, estates
ekyarre	Grass spread for cattle
ebyarre	Grass spread for cattles
ekyaraani	Sowing machine
ebyaraani	Sowing machines
ekyara	Finger, toe
ebyara	Finger, toes
ekyano	Hollow infront of neck
ebyano	Hollow infront of necks
ekyanyuma	Post, stamp
ebyanyuma	Post, stamps
ekyalinga	Worthless person, good-for-nothing
ebyalinga	Worthless person, good-for-nothings
ekyambara	Dog's collar
ebyambara	Dog's collars
ekyahanyuma	Placenta, after birth
ebyahanyuma	Placenta, after births
ekyadaadi	Placenta, after birth
ebyadaadi	Placenta, after births
ekufuru	Lock, padlock
ekooko	Cocoa fruit
embaata	Duck, goose
emanzi	A hero, brave person
emamba	Dawn, day break
edobo	Pail, bucket
ekyoya	Feather, hair
ebyoya	Feather, hairs
ekyoto	Fireplace, hearth
ebyoto	Fireplace, hearths
ekyose	Hair bracelet
ebyose	Hair bracelets
ekyombo	Sailing ship, dhow
ebyombo	Sailing ship, dhows
ekyomuziro	Forbidden thing
ebyomuziro	Forbidden things
ekyokujwara	Garment, cloth
ebyokujwara	Garment, cloths
ekyokoora	Poison given by witchdoctors
ebyokoora	Poison given by witchdoctorses
ekyezigolezo	Corner, turn, bend,curve
ebyezigolezo	Corner, turn, bend,curves
ekyeya	A level plain
ebyeya	Level plains
ekyetaago	A need
ekyetebuko	An echo
ekyesweko	Covering, blanket, sheet
ebyesweko	Covering, blanket, sheets
ekyesomeko	Coat, made-up garment, overal
ebyesomeko	Coat, made-up garment, overals
ekyesindiko	Self-confidence, self-assurance,leisurely, stately walk
ebyesindiko	Self-confidence, self-assurance,leisurely, stately walks
ekyesingiso	Loofah, sponge
ebyesingiso/ekikuto/ekijumakuba	Loofah, sponges
ekyesegenyu	Strainer for water
ebyesegenyu	Strainer for waters
ekyeremye	Rebelliousness, disobedience
ebyeremye	Rebelliousness, disobediences
ekyokyezo	A burning place
ebyokyezo	Burning places
etabaga	Splash about
kuhiga	Go hunting alone
etaba	Toentangle oneself
esungusura	Go away alone
eyobyo	Spider plant
ebikoreso	Materials. 2) utensils
ebijwaro	Clothings, garments
ebiino	Large teeth
ebihera	Odd numbers
ebicooli	Maize plant
ebicaani	Campfire made for cows
ebbeeseni	A basin
ebbaibbuli	The Bible
ebirengeso	Examinations or tests
ebicwanyagurika	**broken pieces**
ebigene	Something done excessively
ebihaburo	Pieces of advice
ebihwazi	Impaired vision
ebiiga	Swellings on cattle hips
ebijenge	Water-logged ground
ebitakuri	Sweet potatoes
ebihya	New things
ebisingo	Garden rubbish
ebisekule	Food without salt
ebisa	Labour pains
ebiraatwa	A pair of shoes
ebinyiga	Saltless food or sauce
ebinyangabo	Edible mushrooms
ebinyansi	Weeds, tall grass
ebingonzi	Water waves
ebimira	Mucus from the nose
ebikwato	Items touse, tools, implements
ebikuti	Millet husks
ebindi	Others: the rest
ebinyaanyindo	Nasalised manner of speech
ebinzaali	Curry powder
ekirahure	Sw.1) spectacles. 2) glasses
ebirahure	Sw.1) spectacles. 2) glasseses
ebirungi	Good things
ebisosonkoro	Empty match boxes
ebisurugutururu	Ear wax
ekiigaana	Shallow pool
ebiigaana	Shallow pools
ekihwijo	Fern, air freshener
ebihwijo	Fern, air fresheners
ekihukuzi	A mole
ekihongole	Shade for calves
ebihongole	Shade for calveses
ekihoiga	Bit of grass
ebihoiga	Bit of grasses
ekiho	Haze, mist, fog
ebiho	Haze, mist, fogs
ekihika	Expectation, curiosity, longing for
ebihika	Expectation, curiosity, longing fors
ebihiba	Fresh beans
ebihimba	Fresh beanses
ekihangwa	A creature, created thing
ebihangwa	Creature, created things
ekihaha	A lung
ekigwo	A fall
ekigugu	Smell of burning food
ebigugu	Smell of burning foods
ekigonzi	A wave
ekigurukano	Occasionally; not often
ebigurukano	Occasionally; not oftens
ekihuurika	An absent minded person
ebihuurika	Absent minded persons
ekigwara	Occasionally; not often
ebigwara	Occasionally; not oftens
ekigogo	Banana fibre
ebigogo	Banana fibres
ekigono	The act of snoring
ebigono	Act of snorings
ekigundu	The big one
ebigundu	Big ones
ekigwererezi	Accident, unexpected problem
ebigwererezi	Accident, unexpected problems
ekihihi	Cold, dull weather
ebihihi	Cold, dull weathers
ekihooya	Wound, sore
ebihooya	Wound, sores
ekihuguhugu	A bat
ekihururwa	Climbing plant
ebihururwa	Climbing plants
ekihyo	Large knife, machete, sword
ebihyo	Large knife, machete, swords
ekinyampo	Passing air, a fart
ebinyampo	Passing air, a farts
ekinyabwoya	A woolly caterpillar
ebinyabwoya	Woolly caterpillars
ekinunko	Bad smell
ebinunko	Bad smells
ekintana	The queen termite
ebintana	Queen termites
ekingoleka	An idiot, an imbecile
ebingoleka	Idiot, an imbeciles
ekinaga	Cooking pot
ebinaga	Cooking pots
ekimiro	A deep voice
ebimiro	Deep voices
ekimera	A growing plant
ebimera	Growing plants
ekikwasi	Safety pin
ebikwasi	Safety pins
ekikururuzo	**track, trail**
ebikururuzo	**track, trail**s
ekikunya	Stump of a tree
ebikunya	Stump of a trees
ekikungulima	A projecting thing
ebikungulima	Projecting things
ekikugizo	Title of honour
ebikugizo	Title of honours
ekikonkomago	Wood pecker
ebikonkomago	Wood peckers
ekikonkomi	Large lizard
ebikonkomi	Large lizards
ekikoonora	Bull dozer
ebikoonora	Bull dozers
ekikorwa	Deed, act
ebikorwa	Deed, acts
ekikura	A large trench
ebikura	Large trenches
ekinuuko	Stench: a bad smell
ebinuuko	Stench: a bad smells
ekilaaya	Irish potato
ebilaaya	Irish potatos
ekimeeri	Friendship without blood- brotherhood
ebimeeri	Friendship without blood- brotherhoods
ekinosi	Protuberance above navel
ebinosi	Protuberance above navels
ekintu	A thing
ekinyabaisiki	Mushroom: an edible mushroom
ebinyabaisiki	Mushroom: an edible mushrooms
ekibazo	Sentence: a complete statement
ebibazo	Sentence: a complete statements
ekibbaati	An old iron sheet
ebibbaati	Old iron sheets
ekibbiriiti	A match box
ebibbiriiti	Match boxes
ekibero	Thigh, lap
ebibero	Thigh, laps
ekibiriza	Boiled meat
ebibiriza	Boiled meats
ekibindi	Clay or wooden bowl
ebibindi	Clay or wooden bowls
ekibwegurra	A hairy stinging caterpillar
ebibwegurra	Hairy stinging caterpillars
omukonko	Sw.cereal: maize cob
emikonko	Sw.cereal: maize cobs
ekibbaali	Spirit shrine for twins
ebibbaali	Spirit shrine for twinses
ekibiriiti	Match box
ebibiriiti	Match boxes
ekibonwomwe	A shooting star
ebibonwomwe	Shooting stars
ekibunda	A dull rainy day
ebibunda	Dull rainy days
ekibwana	Puppy: a young dog
ebibwana	Puppy: a young dogs
ekinyangondookyera/ekitindinda	A snail
ekinyomo	A large brown ant
ebinyomo	Large brown ants
ekinywa	Vein, artery
ebinywa	Vein, arteries
ekipampagara	Mud guard
ebipampagara	Mud guards
ekiranga	A broken pot
ebiranga	Broken pots
ekipanga	Panga, matchet
ebipanga	Panga, matchets
ekiragaano	Covenant, agreement
ebiragaano	Covenant, agreements
ekirahuli	Glass, tumbler
ebirahuli	Glass, tumblers
ekiramukyo	Small present, remembrance
ebiramukyo	Small present, remembrances
ekinyamunsungusungu	Crested eagle
ebinyamunsungusungu	Crested eagles
ekinyumyo	Festivity or feast
ebinyumyo	Festivity or feasts
ekinywabwino	Blotting paper
ebinywabwino	Blotting papers
ekipaali	Papyrus mat
ebipaali	Papyrus mats
ekipande	Reading sheet, notice, card
ebipande	Reading sheet, notice, cards
ekirandakwata	A useless person
ebirandakwata	Useless persons
ekirabyo	Flower, blossom
ebirabyo	Flower, blossoms
ekirahiro	Oath, vow
ebirahiro	Oath, vows
ekirale	A trail of men
ebirale	Trail of mens
ekireere	Dry banana fibres
ebireere	Dry banana fibreses
embabazi	Sympathy,grace, kindness
embambagya	Smart, clever person
embasuko	Spring of trap
embaza	Speech, pronunciation, talking of
embumbe/ekyekulingirire	Round shaped
embunduguru	Rounded or rotund object
emboijana	A friendless person
embomboza	Lonely person, vagrant
emboni	Pupil of the eye
embatamo	Extended flat bums
embaya	Dry papyrus stalks
emberenge	Dried maize grains
emboyi	Bully, tyrant
embumbatizi	Sitting hen, broody hen
emburara	JaraguÃ¡ (Hyparrhenia rufa)
emera	Shape, appearance
emigambire	Way of speaking, pronunciation
embwakazi	Bitch: a female dog
emigaatwa	Malnourished domestic animals
embungu	A small boring beetle
emburabura	Foreigner, homeless person
emibbwebbwe	Half-cooked potatoes
emigaramo	Idleness, leisure
emitego	Bowed legs
embugo	Bark cloth
embunda	A dull day
embuuru	Sea: very large lake
embuzi	A goat or sheep
embyamyamu	A reclining chair
emengo	Grinning stones
emerezi	Self sown or planted
emicungiro	Dirt in the nail
emirabanamu	Bothersome problems
empande	Bambara nuts
emilyoni	One billion
eminyeeto	The youth
emirembe emitalibaine	Peace
emitalibaine	Problems, worries, difficultie
emitegano	Business, hard work
emirindi	Tramping of many fee
emitumanyuma	Between the shoulder blades
emyetuno	Showing off, affectation, vanity
empooza	Taxi levied, dues, customs
empotole	Undiluted sweet banana juice
empuka	East wind
empulirizo	Small opening of cavity
encumate	Thick eye secretions
encwekye	Someone who dies childless
empuruuturro	Sliding loop, noose, bow
empuule	Unground millet, loose grain
empuunisa	Nasal sounds
empwamaani	Invalid, weak, passive person
empwerwa	Utterly destitute person
empwite	Very old person, senile
ebitanga	Spots: small round spots
ebyahandiikirwe	Scriptures: religious writings
ebyobutegeki	Politics: matters of politics
ebitaara	Car head lamps
ebiteere	Dried cassava
ebyenda	Intestines, offals
ebyondo	Mud: soft sticky mud
eduuka	Shop, business premise
ebitarira	Scattered animal spots
eboote	The aged
ebyakwahwa	Armpit hair
ebyamaka	Family matters
egaaju	A brown cow
Egiigya	Type of loan grass
ejoora	Roll ofcloth
eka	A home, a homestead
ekambi	Hard working
ekarwa	Type of grass
ekibanda	Carpenter's shade
ebibanda	Carpenter's shades
egunga	A specie of grass
ego mail	Truly
ehiira	Porriedge: sour porridge
ekaanyuma	Behind the house
ekaraamu	Pencil, writing instrument
ekirimi	Flames of fire
ebirimi	Flames of fires
ekirego	A secret accusation
ebirego	Secret accusations
ekiremba	A head- cloth
ebiremba	Head- cloths
ekiriisa	Fertility/ nutrition
ebiriisa	Fertility/ nutritions
ekirubi	A furnace
ekirongooro	Return present
ebirongooro	Return presents
ekirungo	Seasoning, spice
ebirungo	Seasoning, spices
ekireego	Taut string
ebireego	Taut strings
ekirenge	Hoof, foot
ebirenge	Hoof, foots
ekirere	Gourd of milk
ebirere	Gourd of milks
ekirumiko	A vessel cupping- hoi
ebirumiko	Vessel cupping- hois
ekiromba	I protruding navel
ebiromba	I protruding navels
ekirooto	A dream
ekirurumo	A low-pitched mumbling sound
ebirurumo	Low-pitched mumbling sounds
ekisaaru	A reedlike swamp grass
ebisaaru	Reedlike swamp grasses
ekisagiko	Ornament: hair beads
ebisagiko	Ornament: hair beadses
ekisa	Labour pain
ekisabiko	Herbal purgative
ebisabiko	Herbal purgatives
ekisasaazi	Spark (of fire)
ebisasaazi	Spark (of fire)s
ekisegu	Sexual urge
ebisegu	Sexual urges
ekisense	Ragged edge, rag
ebisense	Ragged edge, rags
ekisanku	Dry cow dung
ebisanku	Dry cow dungs
ekisensero	Entrance: a posterior gate
ebisensero	Entrance: a posterior gates
ekisinjo	Rage: violent uncontrolled anger
ebisinjo	Rage: violent uncontrolled angers
ekisore	Puppy: a young dog
ebisore	Puppy: a young dogs
ekisutama-hamwe	A traditional stool
ebisutama-hamwe	Traditional stools
ekisaatu	Skin, hide
ebisaatu	Skin, hides
ekisago	A pillow,cushion
ekisarazi	Numbness, cramp
ebisarazi	Numbness, cramps
ekisebe	Beetle larva, grub
ebisebe	Beetle larva, grubs
ekisamba	Floating vegetation on water
ebisamba	Floating vegetation on waters
ekisonga	Chest pain
ebisonga	Chest pains
ekisorosoro	Navel: a big navel
ebisorosoro	Navel: a big navels
ekisoma	Fresh bean leaves
ebisoma	Fresh bean leaveses
ekisurugu	Groundnut husk
ebisurugu	Groundnut husks
ekisizi	A plant disease
ebisizi	Plant diseases
ekisyarazi	Stagnant water
ebisyarazi	Stagnant waters
ekitabaswa	A suit case
ebitabaswa	Suit cases
ekitaka	A clod
ekitaraariire	Something that happens unexpectedly
ebitaraariire	Something that happens unexpectedlies
ekisiika	Partition,wall, room
ebisiika	Partition,wall, rooms
ekisindikwa	Turf, sod
ebisindikwa	Turf, sods
ekisirya	Calabash, gourd
ebisirya	Calabash, gourds
ekisomabwire	A nightjar bird
ebisomabwire	Nightjar birds
ekisombera	A very large basket
ebisombera	Very large baskets
ekisonko	Sea shell
ebisonko	Sea shells
ekisoonante	A kind of grass
ebisoonante	Kind of grasses
ekisunsuzo	A comb
ekitanakya	Emetic, makesone vomit
ebitanakya	Emetic, makesone vomits
ekisire	Obstinate person
ebisire	Obstinate persons
ekisooko	A locally made cigarette
ebisooko	Locally made cigarettes
ekitabaraara	The guest of honour
ebitabaraara	Guest of honours
ekisiibo	Fasting period
ebisiibo	Fasting periods
ekisingolezo	A broom
ekisumuruzo	A key, an opener
ebisumuruzo	Key, an openers
ekisuzi	Wildcat, bed bug
ebisuzi	Wildcat, bed bugs
ekisusu	Peel, husk, fore skin
ebisusu	Peel, husk, fore skins
ekitanake	Heap of vomit
ebitanake	Heap of vomits
ekitangaazo	A microscope
endyanga	Skinbag, leather bag
engaba	Distribution, giving
engano	Wheat flour,wheat
enganja	White geranium
engurumbanyi	Untrust-worthy person
endyaga	Plenty of food
eenimi	Bull: male cattle
enfunjo	Papyrus for craft work
enfuuni	A worn out hoe
enfumbi	Swollen glands
engabwa	General, commander, ambassador, representative
engagya	Large spotted hyena
engamba	Shell spoon,sea shell
engambo	Dialect, speech,utterance or rumour
enganga	Loan meat
enganyi	Sorrow, sadness
engasa	Small delicious fish
engazi	Palm oil
engendo	Travels, journeys
engenzigenzi	Type of beetle
engingo	Shape, figure, joint
engoga	Open wound
engonero	Secretion from the mouth
engonzi	Love, affection
engoto	Nape of neck
enguha	Tick, mite
engumangane	Hard-hearted, obstinate
engunu	Gum (of teeth)
engururrumi	Stunted child
enguudo	High road, street
enio	Buttocks, bottom
enjeru	White sheep, cow
engarukamu	Way of answering
engaase	Sundried meat
engiga	Notch, joint, point
engobya	Cunning deceitful person, cheat
engoma	Drum, throne
engona	Slime on stagnant water
engondo	Cuts on the body
engoonyo	Camping-place, tennporary shelter
engorombe	Stunted child, cow
engundizi	Weakling; long-lived person
engwara	Horn trumpet
engweterano	From generation to generation
enjaahi	Indian hemp, opium, bhang
enjabule	Cropped ears
enjatu	Destructive gale
enjenga	Many banana gardens together
enjoga	Water container
enjoka	Snake; internal pains
enjuba	Blood pudding
enkango	End goal, stopping-place
enkerebe	Dog-faced ape, baboon
enkana	A neck swelling
enjuza	Twisted papyrus ropes
enjwaranna	Way of clothing, attire
enkaka	Heart-burn, anthrax
enkamba-be	Diligent, work hard
enkaranga	Huge elephant
enkarwa	Leg trick in wrestling
enkeeho	Waning moon
enkenyera	Groaning, discontent; pain, ache
enkere	Water frog
enkerembe	Infant, baby
entabukatabuka	Muddle, confusion, commotion
entaka	Clod, sod
entangize	Time just after sunrise
entaratazi	Wanderer, roamer
enteeraniza	A way of joining
enterebuki	Shirker, dodger
entimbo	Small royal drum
entoijo	Freshly churned cow ghee
entongana	Defence; apology; pleading
entale	A lion
entambu	Pace, short distance, strides
entandikiro	Beginning, start, origin
entangatangano	Cross-roads, junction
entarutahu	Walk very quickly
entema	Small calabash cup
entenyi	Trial by ordeal
entimagizi	Malachite king-fisher
entimbure	Mixed food
entondo	Small type of grasshopper
entongole	Kind of harp
entoole	Water frog, stupid person
entumba	A loud fart
entulirra	Self-sown potatoes
entundwa	Very lightcoloured millet
entungo	Sim-sim seeds
entuuru	A wild cat
enumi	Bull: a male cow
enyakibabi	A green coloured snake
enturabusa	Swollen gland
enturro	Sourness, acidity
entuuha	Crested crane
entuuyo	State of perspiration, sweat
entyabiri	A species of mushrooms
enyama	Meat, flesh, muscle
enyamahamba	Type of edible mushroom
entumbi	A corpse of cattle
entuuru	A fall
enusu	Coin: metallic currency
enyamaiswa	An animal
enturuba	Gurgle, bubble, slobber
entuutu	Cape goose berries
entwe	Ears of millet
enyabisaaniko	Evening star
enyakibisi	Fresh beans
Ebabura	Of his/her relative
Eganyiirra	Become lazy
Ekonga	Shrug the shoulders
ejw eka	Oneself
Ena	All of me
Eoyini	Self, selves
Ekubiriza	Earnestly entreat
Emaanyura	Pull out one's hair
Eoka	Self, selves
Empugutani	Forgetful, scatterbrained person
Empulirro	Ear passage
Empunu	Pig, wild bear
Emyerande	Potatoes uprooted from runners
Empya	Way of burning
Emyehurro	Conceit, boastfulness
Emyekuniko	Pride, arrogance, unnecessary quietness
Emyesungo	Cheeky, rudeness, perversity, affectation
Emputa	Wounded person
Emyehaahiro	Boasting, selfishness
Emyehembo	Conceit, boastfulness
Emyekuzo	Conceit, boastful
Emyombekere	Style of building, architecture
Encamparya	Withered breasts
Encompya	Untrustworthy, deceitful person, mischief-maker
Encwangya	Tricky person, unreliable person
Endaade	Large, long-legged cock
Endaawa	A castrated bull
Endagaano	Agreement, covenant, bargain
Endagalika	Odd one, fallen thing
Endahiro	Oath, vow, protestation
Endale	Wild yam
Endeberwamu	Looking-glass, mirror
Endebolebo	Border, edge
Enamba	Hole in the earth
Enceke	Weakly person, invalid
Encuro	A measure; time
Endabukya	Sharp, clever person
endamya	Worship, ritual
Endebe	Small bell-like ornament
Enderalera	Lower part of abdomen
Endigito	Sound of running footsteps
Endiirakumara	A wild dog
Endimi	Languages, tongues
Endimiro	Cultivated plot, field
fooka	Become, be made, change, draw (a bow)
fubeereza	Dismay, confound
/.omaiso	Have protruding eyes
amaiso	Glare, stare
fungwa	hold up clothes
jabiza	, to be excited
janjagurwa	Talk irrelevantly
jogolikana	=jol ekana
juba	lately. J uba, ku-, , •
jumbika	Pass forrn, j umbikwa, ku-, , 1{pf. -jumbikirwe)
jurru	intensive with lazy, very lazy person
jwangana	to mix together
taahirirwa	Be sulky, sullen
tadooba	Small kerosene lamp
Tajeemerwa	One of the Royal drums
taliikiriza	T dry at fire
tambikiza	Pr. Of c. Form, tambikiriza, ku-
amaguru	Stand astride
tangaara	: to be astonished, wonder, marvel
tatento	, my paternal uncle
teba	CaJI without reason
tebya	Converse, narrate, tell news
amaarwa	Give or offer beer
teereerra	Lo enjoin, stir up urge
teereza	, of teera
teguurra	Pr.,(p f. -tegurwire)
temeerra	2, {pf. - temeriire)
teoda	Weave (engora)
tencekana	I., ( pf. -teneekaine)
teneka	{pf. -tcnekere)
tiganda	Gather and carry wood for beginning to bujld
tiima	Chop small, mince
tiiza	{pf. -tiirize)
toboka	, speak irrationally, talk randomly
tokoma	People's property is often p fire or in the sea
tokomera	Of tokoma ( r tokomiire)
tokomeza	(p:. -tokomiizci: pass of c.form, tokomevbwa, ku-,ok,,.
tokoora	& r
tontera	Dive down, descend
torotoro	yemeerra t.,stand erect. Tota, ku-,
tosatosa	Pass of c.fonn, tosatosebwa, ku-
tumbisa	Cause to rise
tungira	{pf. -tungiire)
tungirwa	P ass., =fo reg
tunguutana	Fom1, tunguutaniza, ku-
turo	Cl. 9
tuumuuka	Ascend (smoke)
twarraaniza	Root up together, give out two kinds of things
waihuru	Very large carrion-eating bird
waikiriiraha	Growth left unburnt after grass fire
waimiri	Nest of the black tree ant
Waizikya	Ogre, giant, monster, mythical cannibal
Wakame	Mr. Hare, Brer Rabbit
wakonga	Pangolin, scaly ant-eater
Wamara	Name of the last omucwezi King of Kitara
wania	Inflamed breasts, abscess of the breast
wankuura	Plant with yellow flowers (rather like primerose)
wansazi	Fast asleep at night, "Beauty sleep"
weebumbe	Sensitive plant when touched it collects its leaves
weesorole	Flock of large birds seen in November, locust birds
