Runyoro,English
-na iwe nukwo wakora,"-I have dug enough,let me go to fetch my self some water"
abanfll b 'owaitu; omusiri gw'omukazi,"People at our borne; a woman's garden.,( l)sing.subj. Pronom.prefix for the third person, he/she. For its use see under A.y is retained when the suffix -ire is added to it. I.v., or pre-prefix for noun prefixes which end in a, e.g. Abaana, children, abakozi labourers. Sing. Subj. Rel. Prefix for the third person, who, that, araakulyaho ebyawe akunwekamveka. The person that will get all what you have from you, flatters you. -a-, (I) Sing. Subj. Pronom. Prefix for third person, he/she, used after present continuous tense prefix ni- and the negative prefix t-: naasoma, he is reading"
aa!,Long deep sound denoting disappreciation of what is done by a person who was expected to perfonn better. Aal na iwe nukwo wakora? What is all this! Have you also done the same thing?
-na iwe nukwo wakora,-what is all this! Have you also done the same thing.
-aa-,For the not still tense
naalimire oho; abagenyi aba yaraize bakaba bafi balnvenda b 'Onwkama; abaanyu; abaabo; abaayo,"Kangye kwereetera amaizi, Ihave dug enough, let me go to fetch myself some water. Aba (1) obj. Rel. Concord for nouns in cl.2, whom; the visitors he accommodated were the King's envoys. (2) gen. Particle for nouns in cl. 2, capable of being added to possessive roots to fonn possessives. Abange, of mine; of yours(pl.); of theirs; of it (cl. 9). The two vowels are dropped before the possessive root -e, e.g. Abe, of his/ hers"
aba,"To become broken or cracked (e.g. Pot), be weak, bilge, have bumps"
akanaga k 'omukaikuru kakaabira hamahiga; amaizi obu ogata omukinaga amaizi obu ogata omukinaga ekitookiibwe kunmgi gakyabya; ebinaga byabibwa amaizi habw 'okutabyo'o'a bikahya kurungi. Hanyuma y'o kubibumba,The old woman 's pot broke while heated on fire; if you put water into a pot that is not well heated it will break it; water will break pots if they were insufficiently heated after being moulded
aba-,"Who, that"
abakozi abaalimire omusiri babasaswire; abeegi aboosire; abeegi abangire kmaaha onwkitebe,"They have paid the workmen who dug the garden. Note; The last vowel changes toe before verb stems beginning with e, to o, before, verb stems beginning with o; learners who have not come to study. The last vowel is dropped before verb stem beginning with a vowel followed by a nasal compound; learners that have refused to get into the classroom"
abaabana,"To disperse, separate, wail with signs of despair"
abeemi bakaabaabana amahe g 'llianga obu gaabagwireho,"When the national army came across the rebels, they all dispersed"
abaabata,"To grope about, feel for"
etaara obu yaraire kuzoora ekintu rwayabaabataga kwonka; omunlu ayabaabasibwa omwirima,When the lamp got out inorderto find out something we had only to grope about; it is darkness that causes a person to grope about
Abbooki,Pet name given to a person by his/her parents at birth
abe,Possessive for the sg. Third person of his/hers
Abeeka,"People of the home, members of the family"
abiirra,"To show signs on the face of approaching death, be near death."
"-obu yaboine omurwaire we yatandika kwabiirra aho yamanya ngu okufa kwe kwahika Omurwaire akabiriira omumikono ya mukazi we,",-she realized that her patient was near death when his face started showing signs of dying The patient showed signs of dying in the arms of his wife
abo,"For people who.. Are not far from the speaker, those"
abuka,"To come to an end, come to a stop, break up (e.g. Market, festivity)"
Nkasanga obugenyi bwabukire ira Ekyabukize akatale obwire bwako butakahikirire kiki?,I arrived on ly to find that the festivity had already ended What has caused the market to an end before its time for it to end?
abura,"To groan, wail, lament; to bring to an end (a session), see"
Ali omzmju naayabura habw'okufa kw'omwana we; Ekirikumwabuza kiti kiki?,She is in the house lamenting the death of her child; What is making her groan like this?
abuuka,To rise quickly
Nkabona naayabuuka hakitabu naagenda Ekyamwabuukya haikaliire kiki?,I just saw him rise up quickly from the bed and then go What has made him/her rise up quickly
abuurra,"To undo, unfasten"
isumi eritaroho mpuruturuzo ligumire kwabuurra; amasumi goona gaburwirwe,A knot without a sliding loop is hard to unfasten; all the knots have been unfastened
Abwoli,-a pet name given to person by his /her parents at birth; but young girls and cats may also be petted so.
-oriare ota abwoli?,-how did you sleep abwoli?/ how was your night abwoli?
Acaali,"-a pet name given to male person by his or her parents, but dogs may be petted so."
-oriare ota acaali?,How was your night acaali/how did you sleep acaali
Adyeri,"Pet name given to a person by his/her parents at birth, particularly if the name given to her/him is Kaikara (woman) or Rwakaikara (man)."
Oriare ota adyeri,How did you sleep adyeri/how was your night adyeri
aga,To which possessive roots and self-standing pronouns are added to form possessives;
Amapapa agaakyo nigeera,It's wings are white
aga,"Of used before the nouns without interrogative verb, to emphasize a possessive or single out something oit of many things"
"Amata nywire aga kitale, aga ruzinda ganywirwe nyineeka,","I have drunk the milk from Kitale (cow), that from Ruzinda (cow) has been drunk by the head of the family"
aga,"-to melt, become liquid;"
aga,"Which, that"
amakuru aga ntungire; amaiba agasomere ensoga amahanga egeteeraine amataagi agoomere hamuti bagatemereho onuurre amapaapaali agengere,The news which I have received. The pigeons which pecked the castor- oil seeds. The united nations; the branches which are dry have been cut from the tree buy me pawpaw which are ripe.
agaaga,"To stroke, rub dewlap of cattle"
ira ente obu yabaga neekamwa baagyagaagaga; ente bazaagaagisa engaro,Long ago a cow would be stroked when being milked; cows are stroked with fingers
agagara,"To sprawl, sit at ease"
Bakamusa ayagagaire hakitabu kya mugenzi we nka nyineeka,They found him sprawling on his brother's bed as if he was the owner of the house.
agisa,"To cause to melt, make liquid"
amagita gakwasire kugoorobya bagaagisiza omusafuliya hamuurro; amagita gaagisibwa omusana,"In order to turn the solid butter into liquid, people melt it in a sauce pan over the fire; butter is melted by the sun"
ago,"For things in mind, that, those"
amakuru ago na nyowe nkagahuurraaho,I also heard of that news
agura,To scratch the body
Nyagura omumugongo oku akamwaguza enono ezitacwire araayagurwa oha obu atagira mwijukuru!,Scratch me at the back He/she scratched him/her with uncut nails Who will scratch him/her since he does not have a grand child!
Agutamba,Title given to the Kings of Bunyoro and Tooro mreanig medicine of tribulation.
aguurra,To tin out seedlings
aha-,Negation root that needs appropriate genitive particles to mean that something or a person is not there
aheeru,"Adv., out, outside. Aho, adv., there. Aho aju ra"
aho,"Dem., for place that is not far from the speaker, or which has been mentioned, or which is known by both the speaker and the person spoken to"
Ohu baahikire aho baaltuumura,"When they got there they rested. Abonaaho.ad1·. Immediately, at once"
abukana,To part from. D1ffer
kigumire omwana 1h11to kwahukaniza embuzi hantaama,It is difficult f'or a young child to differentiate a goat from a sheep
ahukaniza,"To separate, divide, differentiate"
omuntu ayalmkonizibwa omagezi okuniga habisoro ebind1,Man is differentiated by intelligence from other mammals
e111e ze obu zikaba zaatandika kwalwkira obunyansi obu akaba azitwairemu; ekisembo yamutwaliire atakyahukire,"Ahonaaho akabona ehyamaiswa neezigwomu. When his cattle had started grazing on the pasture he took them to, he immediately saw a wild animal attacking them; he/she did not hasten to receive the gift he/she took him/her"
ahukiza,To taketo good pasture orwater
azaahukiize omun1hiira oruhyaka zaalya obunyasi obunikurokera zaiguta,He took the cattle to newly burnt grass and they ate the sprouting grass to the full
ahura,"Put a side, store, take care of"
ahuza,Entrust with
sente ezi na111wah11/iize Buganda bakazimwibaho; sente baamwibireho akaba azaahuzilbwe munyaanya,They stole from him/her the money 1 entrusted with him while we were in Buganda; the money they stole from him/her had been entrusted with him/her by his/her brother/sis ter
ahya,To drive from lair
Ai!,"Oh! Ai bambi!expresses entreaty, Alas!"
ajura,To crawl (baby)
omwana ogu akaajuurro hameezi ataano; akaajuzibwa kuba n'ebyokuzaanisa; akange; akaitu; akaawe; (pl.) akaako; akame aka yaguzire hati kazaire; akasaija,"That child crawled at the age of five months; it crawled soon because it had toys to play with. Aka, (I) gen. Particl e for nouns in cl. 12, (diminutive cl.); of mine; of ours; of yours; of it's own, etc. (2) obj. Rel. Cone. For nouns in cl 12 which, that; the rabbit that he/she bought has now littered. Aka-,(I).prefix for nouns in cl.12 the stems, of which begin with a consonant or the vowel i; the small man,akaibo, the small basket"
aka,"(of motor), to be inoperation"
aka,"To bum, blaze, be hot (of sun)"
omuurro ogwayakiraga omubusozi ekiro gwateekerezibwahoga okuba ogwahembwaga Abacwezi; omuurro gwakiibwe omuyaga,The fire which blazed on top of hills at night was thought of to have been lit by the Abacwezi (spirits and rulers); it is the wind that caused the fire to blaze
Ake-,"For nouns in c/.12, the stems of which begin with the vowel e"
Akiiki,Pet name usually given to a male or female child by pareot(s) at bi11h
akiirra,P1:
akirirwa,{pf. -akiriirwe)
ako,"Dem. For nouns in cl.12, and for things in mind, that"
Akaara ako kirungi kukallvarra omufumu akarora ekikazimbize,It is better to take that little finger to the doctor so that he can find out the reason why it is swollen
akuura,"Lo take an offered thing in the hand, accept"
akanga kurugaho habwokuba akaba ataina muntu ow'okumwakuurra ekisembo kye,"He/ she did not want to go away as he/she did not have anyone to accept his/her present, on his/her behalf"
akya,To get started
akya,"To cause to bum, light, blow up (fire)"
omuurro agubaakiize bahweze,He/she has lit fire for them in order that they may see well
akya,"Blossom, bloom"
ebihimba byakiza ameezi allirra agatali ga11111,Beans blossom at different months
aliirra,I
omukaikun1 ansabire kwmwliriirra enkoko ye; haroho ensi e:itasangwamu bintu by'olcwa/iriza ebyokulya ebirukugya kucumbwa; ebyokulya ebitaaliriirwe bisiiriira,The old woman has asked me to make a nest for her hen to lay eggs; there are countries which do not have materials for spreading at the bottom of pats for food that is going to be cooked; food that is cooked in a pot the bottom of which is not spread with cooking materials gets burnt
alika,To come to an end of a move ina game ofor11soro
-omuzannyongwaherikekye mu bwenkanya,-the game ended fairly
alika,To lay eggs
enkoko ez 'amahuli ag'akatale zaalika k11111ngi ziriisiibwe; haroho ebyok11/ya ebyalikisa enkoko ama/111/i maingi; ama/111/i agaaliJ..wa enkokc eziriisiibwe ebyolculya \ gaahukana 11 'amahuli agenkoko ezee'1iisa zonka,Layers for commercial purpose will lay many eggs when properly fed; there are feeds which make hens lay many eggs; eggs laid by hens which are fed on chicken feeds are different from eggs amiirra laid by free-range hens
alimansl,C/.9
busaho muntu n 'omu amanyire ekyamwalingisize,Nobody knows the cause of his lazing
ama-,"For nouns in cl.6, the stem of which begin with a consonant or the vowel i"
ambika,To give a feastwhen baby cutsfirst teeth
-omwana wange ahikire eziino zeokubanza afire amezi mukaaga,My baby received his cut first tooth at the age 6 months
ambuka,"To cross a swamp or river, to bathe, wash (of king only)"
ambura,"To make to cross, take across a swamp or river"
ambuurra,"To exercise, remove evil (e.g. Meclicine, etc. Used by witch doctors) and put it in cross roads. Amiirra I, kw-, okw-, v.tr"
-Omusawo wange yaatoora edagala aha nzirukano,-my pastor removed the medicine from the cross road
amira,To shout at
Omwegesa wange yanziirukire,My teacher shouted at me
amiza,To speak to (about) dead relative
Amooti,"Pet name given to a person by his/her parents at birth, particulary if he/she is the first of the twins"
-amooti yemerereire aha muhanda,-amooti is standing at the road
amuka,"To passover (of rain, clouds'wind)"
amuliza,To be silent (of house
amura,To withhold rain (old belie1)
amuza,"To shout, cry out in distress"
amya,"To mention name of dead person, speak scornfully of the dead"
ana,& v.i
ensenene nizaana,Grasshoppers are croaking
anamira,To pay a friendly visit in the evening
-omugenzi wange yangenire,-my friend visited me
andaara,To trail along the ground
andabana,To be exhausted (with diarrhorea)
-peace anakoirehonokukora,-peace is exhausted of working
andakaarra,"To be scattered about, in disorder"
andakaraza,"To scatter, exhaust"
andamira,Tosit mourning a long time
anduza,"To be very tired, worn our"
anga,& v.tr
angaarra,\ i
angana,• ( pf. Angaine)
angasana,Toshine
anguha,"To be quick.Jasten, hurry, be easy, be light"
anguhiirra,"To beeasy, quick light"
anguhiriza,"To do too quickly, do carelessly, rash"
anguhya,"To hasten, accelerate"
angura,To use (a pot) for the first time
anika,"To spread out oa the ground, put out to dry"
bbula11giti bagyanikiire ha11si; Biijoomunda naayanikisa nyina ebyokubyamira; oburo tibwanikirwege kiro kya hati,They have spread the blanket on the ground (to get the heat of the sun); Biijoomunda is helping anikiriza asa her mother spread tbe bedding under the sun; finger millet was not spread out to dry today
aoikiriza,To dry slowly
anjara,To spread out
oburo obu babumiisa,"Bakabuswekeerra 11 'enfuka banjara omusiri ogu babumisirenm, wben people spread out the millet grains after using a, boe to cover them, they spread out the soil in which the seeds are planted"
anjuka,"To be lascivious, licentious"
anjura,"To make lascivious, licentious"
anjurruuka,"To be spread, come untied"
anjurukuka,Foreg
anjuurra,To open (book)
Okugura omuryango ogwo oinekyeta enyundo-,To open that door u need a hammer
anuka,To become lean or wasted
Naataka ebiro byange omuri hub-,-l wasted my time in the hub
anura,"To take out of the sun, take in from drying"
anuukura,"To answer, reply,take anoffered thing in the hand. \"
anziira,"To dawdle, idle"
anzika,"To disembark, go aground (boat)"
Apuuli,Pet name given to a male child by bis parents at birth
ara,"To spread out, lay out (beds, etc.), make the bed"
Nyinabwenge naayara ekitab11; okasanga ekitabu kimazire kwarwa; ningoza omuntu araanyaza ekitabu kinu,The house wife is spreading out the bed; I arrived to find that the bed had already been prepared; Iwant someone to help me prepare this bed
Araali,Pet name given to a male child by his parents at birth
arra,To be level
arra,"To spread for, entertain, spread mats,straw and grass"
aruka,"To springup (grain, etc.just appearing)"
arura,To take(hen) outside after chickens are hatched
aruurra,"To take up (mats), take off (coverings)"
anva,Pass
ekitabu kyazirwe omwana,The bedbasbeen spread by child
asa,"To spl it, cleave, chop"
asama,To open (of mouth)
agape,"To keep the mouth open, swallow up"
asamya,To open the mouth
ata,"Lr., {pf. -asire)"
Ateenyi,Pet name given to a person(s) by his/her parents at birth
atiirra,"To be audible, distinct, become known (words)"
Omuvugi w'omugano yahurikiire-,-the speak of the ceremony was audible
atika,"To become broken or cracked, be spilt"
endekuyange eyatikire; endeku ye ekatikira omumuhanda nibaija,My gourd with a long neck has been broken; h.is gourd was broken while on their way borne
atira,To hatch out
atukiirra,"To be well known, famous"
Taata wange no muhanga owamanyikwa mu buhanga bwemihango-,My dadday is a famous fine artist
atura,& v.tr
atura,To speak loudly and distinctly (open confession)
akasoma naayatura,He/she read/prayed loudly
atuurra,"To hatch out, to help to hatch"
enkoko yange eyaturwire,My chicken has helped its eggs to hatch
aya,"To raid, pillage, cut down food plants, loot"
ayaaya,"To force open and tie (mouth of cow), pass. Form, ayaaywa, kw-, okw-"
aza,"To ransack, search for stolen property (but see also under ara, kw-, okw-"
"start, origin",Endugirro
"gall, gallbladder",Endurwa
type of banana,Endyabagole
wars or conflicts,Endwano
weaver bird,Endegeya
to work hard,Kukoranamani
rubbish,Faakalimba/ebirofu
flannel,Akasengijo
gun cup,Fataati
to snuffle,Feekya
silver,Feeza
refrigerator,Firiji
whistle,Firimbi
"to plait, interlace; tack",Kusiba
"to be vacillating, unsteady",Kutatereera
to squash,Footora
"dismay, confound",Fubeereza
"to punish, frustrate",Fubira
"to pump,blow (bellows)",Fuguta
to wrestle,Fukaana
"to choke, strangle",Fuliiteza
"to prod, thrust",Fuma
to clasp,Fumbasa
to embrance,Fumbata/ kutangira
to clasp,Fumbatiza
to be pierced through,Fumuka
"to pierce, bore",Fumura
"to be narrow, confined",Funda
uncover,Fundura/ kuzozora
to fasten (e.g. button),Sumura
to hold up (clothes),Fungiirra
to be djluted,Funguka
to dilute,Funrungura
"to disparage, run down",Furafura
emigration,Furuka
to say God forbid,Nikikacenwe
carelessly,Faafa
jack fruit,Fene
completely full,Fiifiifi
school fees,Fiizi
form,Foomu
free wheel,Furuweero
brown cow,Gaaju
train,Gaali w'omwika
to flatten dead meat,Gaasa
pith of papyrus,Gaasi
to marry,Gabura
to torment,Gadrsa
crested eagle,Gabiiraba
"to become wide, widen",Galiba
"wide, thick",Galihire
to open wide,Galika
"to speak, say",Gamba
to tell one another,Gambirana
to talk nonsense,Gambisibwa
to sing tales,Gana
(pf. -gangahize),Gangakya
to have celebro-spinal-meningitis,Gangama
"to treat cruelly, torture",Gangisa
"to beat, flog",Gangura
tell stories,Ganikya
be in favour,Ganja
to cause grief,Ganyisa
throw the head back,Garaamiirra
"to clash together, clatter",Garangatana
to return; as auxiliary,Garuka
"answer, reply, do again",Garukamu
to do over again,Garuliza
small tiger-fish,Gasa
tomb of King,Gasani
to despise,Gaya
"to dawdle, loiter",Gayaara
to widen,Gazihya
to immunize,Gema
to shave,Gemba
"to go,depart, walk",Genda
"make to go, drive",Gendesa
"to frown, be wrinkled",Genya
"ooze, trickle",Gereerra
"to reap, harvest",Gesa
to become wise,Gczihara
"to do, act etc",Gira
to cause to do,Giza
"to defraud, betray",Gobeza
to double one's profit,Goboorra
to act hypocritically,Gobya
to bend curve,Goda
to walk with difficulty,Godya
talk through the nose,Gogoro
"to snore, purr",Gona
to make to love,Gondesa
to dance vigorously,Gondora
to strip,Gongoorra
"to love, prefer",Gonza
golf,Goofu
"to maim, damage, disparage",Goora
goal,Gooro
terminate,Gooroobya
to decline (sun),Gorooba
to mount,Gosa/ kwenya
to be very grubby,Guba
to gnaw,Guguna
to fetch (fire),Kusenya
to gobble,Gujura
to be piled up,Gulika
remove a spell,Gulikuurrra
to sell for another,Guliza
barren,Gu mba
constipation,Gumirirwa
"tema gunguru, utter,slander about",Gunguru
"to be doubtful,waver, hesitate",Gurukyagurukya
to go all together,Gurumbuka
to grow old (people),Gurusa
old males,Gurusi
"to be splintered, chipped",Gusuka
to fall,Gwa
to become immoral,Gwaga
to be filthy immoral,Gwagwahara
to be susceptible,Gwerekererwa
to take on board,Gwereza
to behave fool ishly,Gwija
to sleep,Gwijagira
to take by surprise,Gwisaniza
to go,Genda
with energy,Gai gai
"spectacles, sun glasses",Gaarubindi
use your knowledge wisley,Gafabusa
plantain,Gonja
all of them,Goona
short,Gufu
"big, large",Gundu
"it, itself, in itself",Gwo
"probably, may be, from",Gwomwa
"all, all of it",Gwona
"to steal, rob",Iba
husband,Iba
"stone,school slate",Ibaale
leaf,Ibabi/ekikora
their husband,Ibabo
your husband,Ibainywe
our husband,Ibartwe
carpenter's shop,Ibaiziro
debt,Ibanja
my husband,Ibanyowe
"name, spot",Ibara
font,Ibatirizo
hump,Ibbango
kestrel,Ibebe
sub county see Egomboorra,Ibohoorra
;potter 's clay,Ibumba
"be astonished, great surprise",Ibumbakanwa
", a verse",Ibwa
"pain in bones, rheumatism",Iceeoyo
"cook house,.lcitcheo",Icumbiro
spear,Icumu
pleat,Idinda
window,Idirisa
cape tomato,Idodoima
; hemp seed;something tinny,Iduli
see amadwidwi,Idwidwi
down,Ifo
"swelling, abscess",Ifumbi
swelling in the groin,Ifunza
"froth, foam, lather",Ifuro
make rain,Iga
"to press, massage",Igata
; to press hard,Igatira
"harvest, reaping-time",Igesa
testicle,Igosi
bone,Igufa
"disobedience, self-will",Igundu
"to open, unstop",Igura
"sky, heaven",Iguru
to satify (with food),Igusa
a dance,Rguurya
beat King's big drum,Iguurra
"see eduuka, shop",Iguurro
"envy, jealousy, enmity, malice",Ibali
solitude,Ihamba
"nation,distant country",Ihanga
noon,Ibangwe
"wonder, marvel omen",Ihano
girlhood,Ihara
odour of wild animals,Iharaazima
boneyard,Iharamango
;odour of the body,Ihaya
"army, host. company, troop",Ibe
;greedy longing for food,Iheehe
"forge, smithy",Ibeesero
; horn; syphilitic swelling,Ihembe
cooking stone,Ihiga
brewery,Ihusizo
time for grindjng simsim,Ihonda
place of sacrifice,Ihongero
empty house,Iboojo
a very beautiful thing,Ihunde
"storm, tempest, gale",Ihunga
"wand,blacksmith's sprinkler (isiza)",Ibungyo
white stripe,Ihuuga
"thorn,prickle",Ihwa
whetstone,Ibyoro
dance of divine,Ijanja
yesterday,Ijo
ashes,Iju
bell,Ijugo
"remember, recollect, recall",Ijuka
to remind,Ijukya
to fill,Ijuza
"cunning, slyness,irony",Ikaali
to sit down,Ucaarra
"toremain, stay, delay",Rkara
live or work together,Ikarana
grapes,Ikeerre
a slight squint,Ikengi
groaning state,Ikenyera
agree unarumously,Ikilrraaniza
"dirt, filth (of body)",Iko
wide iron leg ornament,Ikoita
pomegranate,Ikomamabanga
lick; a thorny creeper,Ikomba
trumpet,Ikondere
long thorn of omukongora,Ikongoro
a place of conference,Ikuratiro
trampled-down place,Ikurugutiirro
"a made road,street",Ikuute
"openly, fearlessly (of speaking)",Ikwenu
"to respire, breathe",Ikya
"look sideways, squinty",Ikyole
prominent voice,Imiro
continue a journey,Imura
to bow down,Inama
to be very poor,Inara
to string,Ioara
to make equal,Inganiza
"many, much, abundant",Ingi
"white (china) clay, chalk",Inoni
"surliness, shunning",Inugangaine
to leave off work,Inuka
lift up your eyes(hearts),Inunura
young plantain tree sucker,Inuunu
you yourselves,Inywenka
drinking-trough,Inywero
pawpaw fruit,Ipaapaali
wing,Ipapa
guava,Ipeera
button,Ipeesa
"keg, barrel, cask",Ipipa
to grow dark,Ira
"to be black, dirty",Iragura
"clinic, divination center",Iraguurro
"to blacken, dirten",Iraguza
squint,Irali
"level place, plateau",Irambi
place of worship,Iramizo
lily,Iranga
madness,Iraro
water-lily,Irebe
gateway,Irembo
whistle,Irenge
bracken,Irere
"heat, mating season",Irigi
digging season,Irima
to grow dark,Irima
fish-hook see endobo,Irobo
"charm, spell",Irogo
protruding narvel,Iromba
metal dog-bell,Ironde
form of dismissal,Irooko
trampled-down place,Irubatiirro
to run together,Kwiruka hamu
"uninhabited country, wilderness",Irungu
battle-field,Irwaniro
hospital,Irwarro
meal,Irya
to cause to kill,Isa
Archbishop,Isaabarolerezi
father to twins,Isaabarongo
place of prayer,Isabiro
grey eagle; estate,Isamba
football field,Isambiro
"to be like, resemble",Isaoa
"conjuring trick, magic",Isaoo
withered plantain leaves,Isaosa
forge,Kujingira
spark,Isasaazi
"lead, bullet,solder",Isasi
"county, province",Isaza
his or her father,Ise
their father,Isebo
their paternal aunt,Isenkatibo
your paternal aunt,Isenkatiinywe
our paternal aunt,Isenkatiitwe
my paternal aunt,Isenkadnyowe
his grandfather,Isenkuru
their grandfather,Isenkurubo
my grandfather,Isenkurooyowe
my father,Isenyowe
father-in-law,Isezaara
sheepfold,Isibiko
sowing time,Isiga
your father,Isiinywe
our father,Isiltwe
blacksmith 's sprinkler,Isiza
twin boy and girl,Isobe
hair,Isoke
jumping rat,Isomba
school,Isomero
lesson,Isomo
pelvic bone,Isonge
hip joint,Isongyo
woodcutter,Isonjoora
place of assembly,Isoroolezo
"knot, elbow (front)",Isumi
"long grass, scrub",Iswa
stool,Iswa
"to slaughter, destroy",Ita
"branch, bough",Itaagi
brick,Itafaali
earth soil,Itaka
cheek,Itama
place of sacrifice,Itambiro
"cross-roads, junctions",Itangatanganiro
"preaching-place, pulpit",Iteberezo
place where things join,Iteeranirizo
tile,Itegura
"step, stair, ladder",Itembero
speak softly drawl,Itesi
flank (of an animal),Itiiri
red- winged francolin,Itikarya
"spite, ill-will, mischief",Itima
to smoke (milk vessels),Itira
thistle,Itojo
game of guessing,Itomo
piece of charcoal,Itonde
a drop of water,Itondo
deserted place,Itongo
midnight,Itumbi
mortuary,Itumbiro
"side, flank",Itundu
"wealth, possessions, riches",Itungo
heap of soil,Ituuti
"small packet, twist",Itwe
"we, us",Itwe
all of us,Itwena
"we ourselves, by ourselves",Itwenka
"you, thee, thou",Iwe
to lower(lamp wick),Iza
"playground, playing-field",Izaaniro
gravid,Izaara
"maternity home, obstetric ward",Izaarro
"well, King's grave",Iziba
tears,Iziga
"chimpanzee, monster, ogre",Izike
island,Izinga
"come for, come upon",Izira
ring worm,Izomba
"sun, a day",Izooba
pass of,Jaaza
"to bubble, seethe",Jabagira
to be excited,Jabiza
"to be chipped, broken",Jabuka
"to walk stiffly, awkwardly",Jagajaga
"to rejoice, celebrate",Jaguza
to snatch from,Jakura
"to jabbe r, babble",Jamajama
java plum,Jambura
talk irrelevantly,Janjagurwa
"to spoil, treat carelessly",Jarabanga
to be spread about,Jaragatana
"to be moist, sodden",Jeba
being left alone,Jeebeeza
"to roam, ramble",Jeera
"to wander about, roam",Jeerajeer
to be loosely tied,Jega
to rain persistently,Jegeja
"adv., loosely",Jegejege
to totter,Jegemera
"to be talkative, gossip",Jejegurwa
to loosen,Jegya
to tell tales about,Jeija
to be slightly burnt,Jejuka
to spread rumours,Jenja
to wander about (insects),Jenjeera
to tie loosely,Jenjeka
to chatter,Jogeza
to chatter,Jogor ekana
see jol ekana,Jogolikana
"adv., lately",Juba
to get wet,Juba
to weed,Juba
to soak,Jubika
"to make wet, damp",Jubya
; to pay dowry,Juga
"to tremble, shiver",Juguma
"to moblize, shake",Jugumbya
to throw away,Jugunya
to raise one unexpectedly,Jumbutura
to scold severely,Jumbuutukira
to be responsible,Junaaoizibwa
"to smouJder, glow",Jundeera
to rescue,Junira
to gnaw at voraciously,Junjubura
to buzz,Junjumira
"to roar, hum",Junjuruma
to buzz,Junjuura
; to decline (sun),Jura
"adv., intensive with lazy",Jurru
"to be slovenly, untidy",Jurungutana
"plump, chubby (little child)",Juta
to lie prone,Juumara
to grow tired,Jwaha
to be dirty,Jwamba
"to be mixed, confused",Jwangana
; to mix togetber,Jwanganiza
to dress (another),Jwaza
"to dress, adorn",Jweka
to be hafry,Jwiga
"to grow angry, bristle",Jwigwa
too lazy,Jurujuru
grab and squeeze painfully,Jwi
small species of locusts,Kaabagangara
variety of potatoes,Kaabijwenge
old stock of beans,Kaabubuukuume
elephant's trunk,Kaako
to scratch hard,Kaakura
squirrel,Kaamuje
chillies,Kaamurali
little finger,Kaara
to be strongly flavoured,Kaarraamuka
King's house,Kaaruziika
groin(inner side),Kaasa
"chip, slice",Kaasi
little child,Kaana
but it's me,Kaninyowe
coffee drink,Kaawa
to fry,Kaayaaya
pebble,Kabaale
syphilitic rash on nose,Kabaata
leaf of a plant,Kababi
cupboard (eryahuurro),Kabada
"join. word, since",Kabandiize
"a little spot,speck",Kabara
bone under the eye,Kabba
"to be stiff, hard",Kabbabbara
foreg,Kabbinura
disease of cattle,Kaboba
dark kind of salt,Kabonde
unifier,Kabumba
a round heavy thing,Kabumbulike
early morning about 5am,Kabunduguru
syphilitic eruption,Kaberebenje
"hann, danger",Kabi
"hot spring,hot bath",Kabiga
small green caterpillar,Kabiibi
"brushwood,copse",Kabira
"adv., twice",Kabiri
"to scourge, beat bard",Kabura
commotion,Kamurangaine
"small dog, puppy",Kabwa
early morning (=akabunduguru ),Kabwibwi
restlessness,Kacamule
palmerwonn,Kacenkede
short space of time,Kacu
"small spear, pen",Kacumu
secondary syphilis,Kacuucuuka
"bog, marsh",Kadebede
slender person,Kadengede(nge)
"pail,can, tinned container",Kadobo
ankle,Kafumbarume
groin,Kafumbi
"to sniff scent, smell",Kaga
"piebald,heifer or she-goat",Kagabu
obliquely,Kagaligali
"spokesperson, Master/Mistress of ceremony",Kagambigambi
"cynism, scornfulness",Kagayangaine
small basket,Kagega
"force,compulsion",Kagemo
"small valley, dell",Kagera
sickle,Kageso
small colobus monkey,Kageye
"threads of screw, etc",Kagigira
"important, key",Kagasa
to perceive by smelling,Kagiriza
a white bean,Kagita
pork (pig meat),Kagodo/enyama hempunu
calf with white sport,Kagondo
plant with edible berries,Kagujaguja
yellow bead,Kagusuuru
cocoon of silk worm,Kagutaguta
to ask a question,Kaguza
"skull;small valley, dell,ravine",Kahanga
dysmenorrheal,Kaharo
gather up one's skirts,Kabeeka
fine impalpable dust,Kahehe
skin rash,Kahere
roho ya kulinda ng'ombe,Kagoro
slight mist,Kaho
green peas,Kaho
a painful remark,Kahondo
urinary rheatus,Kahondoorro
"badly grown, stunted child",Kahumbe
little herdsman,Kahuma
tail of a snake,Kahuuho
purple,Kahuukya
small sparrow-hawk,Kahuumizi
mottled calf,Kahuura
"grudge, grievance",Kahyemi
"small knife, lancet, penknife",Kabyo
small dove or pigeon,Kaiba
beat of the body,Kaicuube
inner room,Kaifo
species of inedible termite,Kaigaramatu
"to ripen (beans,peas)",Kaigura
favourite wife,Karhabuleju
welcome,Kaije
edible grasshoppers,Kaikarakabiire
"end of breastbone,stem cartilage",Kaimeeme
small hole,Kaina
chwezi goddess of harvest,Kaikara
type of edible grasshopper,Kaikarakahire
storeyed house,Kainaabiri
shallow hole in ground,Kainengere
tum a somersault,Kairimira
whirlwind,Kairiringwa
"twilight, dusk gloaming",Kairirizi
asparagus fem,Kaisabaisaba
edible mushroom,Akatuzi
hiccup,Akaisikondo
little peasant,Kairu
"witness,sponsor",Kaiso
comer,Kwija
"to strike,heat severely",Kaita
a fluffy grass,Kaitandara
a thorny creeper,Kaitango
sacred spear,Kaitantaahi
to take off shoes,Kuramu ekaito
"giddiness, dizziness",Kaizengeerro
"giddiness, dizziness",Kaizigoolezo
King's throne,Mukama w'engoma
"excitement, commotion",Kajagaarro
"love of visiting, roaming",Kajaiko
"small cat, kitten",Kajangu
"restlessness, bad behaviour",Kajanja
a small cent,Kajegejege
"hut, small house",Kaju
"grain,pill, tabloid",Kajuma
to force,Kaka
a million,Kakaikuru
skin disease like scabies,Kakamba
"restlessness, sharpness, excitement",Kakangazo
force in,Kakatika
little king/ruler,Kakama
I almost beat her,Kake muteere
sieve,Kakekeeyo
"an clement, dissatisfaction",Kakekere
side of a hill,Kakiizi
chicken,Kakoko
ankle,Kakongoijo
"consumption, tuberculosis, phthisis",Kakonko
small calabash cup,Kakooba
weasel,Kakorwa
a red bead,Kakuba
ten thousand,Kakumi
to force open,Kakura
prominent cheek bone,Kakurababi
"pulsation, throb",Kakurasira
"angle, comer",Kakuuma
seed of the plant,Kakuurra
a thorny creeper,Kakwatango
hearty laughter,Kakwazo
"pencil, pea",Kajaamu
small bowl for vegetables,Kaleba
"colossal, huge",Kaleeba
tiny packet,Kajegete
chin,Kaleju
lent,Kalema
thin leg,Kalenge
a well-known thief,Kalibusuma
type of onion (garlic),Kalicumu
hunchback,Kaliibbango
little bead,Kakwanzi
lemon grass,Kalifuuha
"fierce fight, fierce competition",Kaliitango
"little tongue, nib,curse, abuse",Kalimi
avocado,Kalipeera
eucalyptus tree,Kalituusi
to milk,Kama
"sign, notice",Kamanyiso
"disturbance, upset, confusion",Kambayaaya
"brook, rivulet",Kambu
"to cut sharply, rip,slice",Kambura
"noise, up-roar, commotion",Kamburumburu
"rabbit, hare",Kame
trigger,Kamina
one who is acomplished,Kamara
"blemish, spot; vice",Kamogo
Whydah finch (bird species),Kamutegengere
"to squeeze out, wring",Kamuura
stinging nettle,Kamyakengeye
"small pot, washing bowl",Kanaabiro
"giddleness, fall (from illness)",Kanago
"pepper, chillies",Kamurali
Royal drum,Kananura
tongue- tie (infants),Kanata
dark blue cotton cloth,Kaneke
cheek bone,Kanenero
to prick up ears,Kangaraza
to die very suddenly,Kanguka
"difficulty in breathing, choking",Kanigo
"a little bull;grudge, grievance",Kanimi
"church, chapel",Kanisa
"to form, set (plantains)",Kankabura
"to compel, force",Kankanika
"to scare, frighten",Kankaniza
species of termites,Kankoohoobo
nibble,Kansumansuma
"to kill suddenly,kill off",Kanura
mouth,Kanwa
Little sister,Kanyaanya
variety of edible mushroom,Kanyaijungiro
heavy weight (slang!),Kanyama
ankle,Kanyamagita
tortoise,Kanyamankogoto
imaginary bogey,Kanyamanswale
variety of mushroom,Kanyambaara
"small swelling, boil",Kanyambwa
plant with orange flowers,Kanyamufundo
"tumult, uproar",Kanyamuryaine
wagtail,Kanyamunya
ground-squirrel,Kanyamutere
variety of mushroom,Ebika by'obutuzi
whistle through closed hands,Kanyangaro
clematis,Kanyankamba
grass like couch grass,Kanyankokora
small white mushroom,Kanyansoro
side ways,Kanyarubaju
brownish- coloured sail,Kanyenya
"crease, fold (in skin)",Kanyigitiro
small chicken,Kanyonge
little bird,Kanyonyi
this one,Kanu
jolly-good fellow,Kapaapa
chatterbox,Kapaipya
"hurry,flurry, restlessness, curiosity",Kapapiro
chameleon,Kapimpina
early,Kara
dry and harden,Karaakara
"curse, misfortune",Karaako
to be thirsty (cattle),Kwakwakwa
"to hustle, flurry, fluster",Karabana
mustard (tree),Karadaa
to die suddenly,Karaga
"crumb, fragment",Karagalika
to kill instantly,Karagya
scarlet cloth,Katarra
"chronic illness, etc",Karandabaro
perineum (male),Karandira
strip ground,Karandirizo
scrape,Karaodura
"to fry, roast",Karanga/kusika
to move things about,Karangatamza
eat after fasting,Karango
open space,Karanzi
a tiny brown bird,Kararansundr
playing cards,Karata
ritual,Karomborombo
hereditary trait or weakness,Karonkoronko
"symbol, sign",Karorwaho
"comer, angle",Karugu
"tiny biting fly, midge",Karumanfuzi
dizziness,Karunguurro
"hereditary custom, tradition etc",Karuukaruukane
female kid or lamb,Karuusi
splint,Kasambi
king's palace,Karuziika
the man,Kasaija
sparrow-hawk,Kasarabinywa
"thrice, three times",Kasatu
"insincerity, hypocrisy",Kasekokeera
whydah finch,Kasekya
one hundred thousand,Kasiiriira
pustule,Kasiita
"respite, truce, peace",Kasinge
"complete darkness, pitch darkness",Kasira
"slope, declining, descending",Kasirimuko
silence,Kasiro
cross-pole of roof,Kasorya
uvula,Kasondaburo
"sharp point, shoot, sprout",Kasonga
small shell,Kasonko
"enticement,persuasion",Kasoono
roof,Muhama
parrot,Kasuku
"time, season; bud",Kasumi
royal crown,Kasunsunkwanzi
hombill,Kasuraibaaga
pure,Kaswa
armlet worn by bakonjo,Kataaga
entrance,Kataahiro
lamb,Kataama
",five times",Kataano
gourd ladle,Katabyo
market,Katale
avoidance,Katantaro
shelf; lintel,Katara
small cooking pot,Kanaga
"net, web, hammock",Kateeko
ankle,Kateerarume
small calabash cup,Katema
descent slope,Katentebuko
deaf and dumb person,Kateta
infatuation,Katiiko
a mottled bean,Katiinabaisiki
light brown grasshopper,Katikoomere
breast bone,Katondotondo
small bush,Katongo
reddish- coloured fowl,Katuku
a tall flowering grass,Katumburwa
"passion fruit, (grenadilla)",Katunda
onion,Katunguru
"to break, snap; devour",Katunura
"gland, nodule",Katuragunyu
a packet,Katwaro
odour of civet cat,Kawaisimbi
ground squirrel,Kawamutere
lanky person,Kawaruconco
see buwarutege,Kawarutege
pipe- stem euphorbia,Kayenje
to storm at angrily,Kayukira
lead singer of cmbandwa,Kazini
god(spirit) to protect cattle,Kulisa
"to examine,scrutinize, criticize,investigate",Kebera
"to cut quickly, snip",Kecura
peace talks,Keefubo
thin,Kikebe
"concea lment, hiding",Keehuguro
"to diminish, lessen, reduce",Keehya
"to sieve, sift, separate",Keekeeya
to cackle,Keekera
to be dissatisfied,Keekerreema
:commotion,Keemeerraine
to be too late,Keerererwa
to be belated,Keerererwa
to be late,Keerererwa
to approach timidly,Kekemeerra
"church, chapel",Keleziya/kaniisa
"to escape, survive",Kutoroka
nine thousand,Kenda
separate liquid,Kenenura
grow very thin; drain,Kenkemuka
to groan,Kenyera
very dry,Kele
she has/brings luck,Kemigisa
biting fly,Kibaara
green colour,Kibabi
ladle,Kibaju
"merchandise, packets for sale",Kibambo
flat wad of tobacco,Kibanda
"plot,site, piece of land",Kibanja
strup,Kibaranguzo
"calculation, mathematics",Kibaro
useless person,Mburamukoro
spirit shrine,Kibbaali
spirillum tick,Kibbo
dumb person,Kibbubbu
biceps,Kibeba
"anything carried, parcel, litter",Kibeede
thigh,Kibero
"evil, sin, guilt",Kibi
"offence, vexation",Kibihizo
bowl (native),Kibindi
speckled hen,Kibebe
variety of potato,Kibingo
"large reed, elephant grass",Kibingo
forest,Kiibira
"matches, sulphur",Kibiriiti
papyrus,Kifunjo
omugango,Kigango
a black goat,Kibogo
white cow,Kibona
"shooting star, meteor",Kibonwomu
"smell, scent",Kiboya
tum time,Kibu
"washing place, latrine",Kibuga
"dull rainy day, gloom",Kibunda
hairy stinging caterpillar,Kibunguurra
"buttocks, bottom",Kibunu
hairy caterpillar,Kibweguurra
intruder,Kibwetaabya
pink balsam (impatiens),Kibwiga
cow with greyish colour,Kibuubi
maize (Indian corn),Kicooli
cloud,Kicu
space of time,Kicu
kitchen,Kicumbiro
half (liquids),Kicumbwituka
a plant (leonotis nepetifolia),Kicumucumu
glowing stick of fire,Kicumuro
ransom,Kicunguro
bottle,Kicupa
an old cow,Kicura
"twitching, throbbing",Kicuro
"piece, part,portion",Kicweka
disease like plague,Kidanda
see ijugo,Kide
a party (for amusement),Kididi
workmen's drum at 7:00a.m,Kidilddi
broad- bladed hoe,Kidimu
panic,Kidindimo
"bed pan, baby cott",Kidoli
heron,Kidongodongo
"good measure, abundance",Kidoomooro
thing with no bottom,Kidubuka
wicker basket with lid,Kiduukuru
salt crust on ground,Kidwodwo
worthless person or thing,Kifamugimba
spirit to protect cattle,Kigare
a deaf person,Kifamatu
a dumb person,Kifamunwa
"haze, fog",Kifu
stillborn child or animal,Kifu
chest,Kifuba
punishment,Kifubiro
bruise,Kifufu
large shiny lizard,Kifumbatanjoka
drill (tool),Kifumuzo
"cover, stopper, lid",Kifundikizo
opener,Kifundukuzo
young mushroom,Kifundukwa
"colon, large intestines",Kifunjo
deserted spot,Kifuruka
brownish-red colour,Kigaaju
"ricksaw, cart, wheel barrow",Kigali
song (relating a story),Kigano/kiganikyo
the favourite wife,Kiganzi
sit at ease,Kigazrgazi
bateleur's eagle,Kigeera
basket,Kigega
valley,Kigera
"footprint, foot",Kigere
molar tooth,Kigigo
spoon,Kigiiko
"fort, fenced enclosure",Kigo
sisal,Kigogo
see kididi,Kigoma
reed fence (plaited crosswise),Kigombe
patch (on animal),Kigondo
wave,Kigonzi
"lodging place, camp, inn",Kigoonyo
smell of anything burning,Kigugu
very light-coloured millet (oburo),Kigugu
"idiot, stupid person",Kiguliguli
thrush,Kigurukamugongo
"mixed vegetables, pottage",Kiguude
"foolish, half-witted person",Kigwagwa
unforeseen events or items,Kigwererezi
"fall, hurl down",Kigwo
herd alone,Kihaarra
pot scraper,Kihaarro
bad luck,Kihaata
brave leader,Kihagi
lung,Kihaha
"light, shallow thing",Kihahara
cooked food left over,Kihambaata
muzzle for calf,Kihamira
wide road,Kihandagazi
"writing, inscription",Kihandiiko
"valley, dell, ravine",Kihanga
created thing(by a person),Kihange
creature (of God),Kihangwa
uninhabitable place; (see omugwagwa),Kiharabaga
twin bananas etc,Kihasaua
stammerer,Kihebeba
"gift, offering, contribution",Kiheebwayo
basket for winnowing,Kihebemukya
"toilet leaf,toilet paper",Kihebyo
inside of eyelid,Kihene
"bed-bug, large maggot",Kihengere
"uneasiness, unrest",Kihenule
two handfuls (bands open),Kihi
cold dulI weather,Kihihi
prominent abdomen,Kihiima
perspiration,Kihiitano
bean,Kihimba
a blind person,Kihimbaara
swelling of the thigh,Kihimbo
"incomplete portion, half",Kihindi
of India,Kihindi
withered gourd,Kihobo
"butterfly, moth",Kihoiborya
thin light gourd; invalid,Kihoihoro
kind of potato,Kihoko
"mark, spot, stain",Kihondo
but for calves,Kihongole
deserted house; hollow,Kihongomera
offering to a deity,Kihongwa
graze,Kihonole
secretion of the eyes,Kihoozi
"scratch, graze",Kihoole
"sore, ulcer",Kihooya
a hollow scooped-out thing,Kihorongole
large swelling,Kihu
insect,Kihuka
mole,Kihukuzi
stethoscope,Kihulizo
deserted anthill,Kihumo
"stupid, dull-witted person",Kihunaazi
By-whisk,Kihungyo
"orifice, aperture, hole, rent",Kihuru
rotten pulp of gourd,Kihurugutu
dwarf,Kihuruka
wound,Kihuta
stripe,Kihuuga
"shaven patch, bald patch",Kihuuguru
purple colour,Kihuukya
place of rest,Kihuumuro
edible tuber,Kihuuna
any tomato,Kihuurru
bird 's nest,Kiju
pan holder,Kijugo
fever with rigours,Kijugumo
"fruit, large berry, kernel",Kijuma
"bash, shrub",Kijumba
"abuse, reproach",Kijumo
bad smell,Kijunde
carpenter bee,Kijunjumiirra
garment,Kijwaro
"big, strong person",Kikaaka
King's or Chief's enclosure,Kikaali
scratch,Kikaatule
question,Kikaguzo
sugercane,Kikaijo
sugercane,Kikaka
ruin,Kikambuuro
mangle,Kikamuuro
tendon; anger (slang),Kikana
deserted plantation,Kikande
threat,Kikango
"black cow, hen, etc",Kidkara
"scale, bard skin",Kikarakaata
frying-pan,Kikarango
pumpkin,Kikeke
"frog, toad",Kikere
"partition, veil",Kikingyo
skin of human body,Kikoba
eyelid,Kikohi
riddle,Kikoikyo
"we've cooked beans,etc",Kikoma
"spoon, stirrer",Kikombyo
large brass bracelet; copper,Kikomo
"cup, chalice",Kikompe
snake of puff-adder genus,Kikondambogo
fibre of plantain stem,Kikonde
curse,Kikonderezo
heel,Kikongoijo
millipede,Kikongoro
empty maize cob,Kikonko
Large lizard,Kikonko
"bundle (of grain, etc.)",Kikoodo
"bonfire, burning rubbish heap",Kikoomi
leaf of a plant,Kikoora
"cough, sputum",Kikoorro
"scratch, wound, bruise",Kikoosole
"cup, mug",Kikopo
"root of tree, source",Kikoro
sputum,Kikorondozo
"act, deed, mystery",Kikorwa
title of honour,Kikugizo
swarm of locusts,Kikukuuru
hunting- hom,Kikule
odour of animals,Kikumbi
one hundred,Kikumi
one hundred and one,Kikumi n'emu
one hundred and ten,Kikumi n'ikumi
a bald person,Kikungwire
stump of a limb,Kikunku
stump of a tree,Kikunya
"track, trail, rut",Kikurunduzo
"tarpaulin, canvas",Kikutiya
chimpanzee,Kikuya
counterfeit,Kikwaogara
burr,Kikwasi
"bundle, bunch",Kikwato
restlessness,Kimagomago
familiarity,Kimanyiirraine
arrow;(see ekibombo),Kimara
"shivering fit, rigor",Kimazi
bruise; com,Kimbaju
"plant, growing thing",Kimera
eat early (cattle),Kimilko
broken cooking pot,Kimuga
"reed, torch",Kimuli
comet,Kimuli
torch,Kimyasa
"to gambol (calves, kids)",Kina
"basin, shower room",Kinaabiro
blind-worm,Kinaabo
eighty,Kinaana
cooking pot,Kakinaga
liver (obune),Kine
"to close, shut,(door, window)",Kinga
"dwarf, deformed person",Kingida
see omutaami,Kingoleka
crow,Kingoora
to be open,Kingu
"to open (door, window)",Kingura
anger,Kiniga
eighty,Kinaana num
the disliked wife,Kinobi
empty eye socket,Kinoko
protuberance above navel,Kinosi
queen temite,Kintana
"a thing, item",Kintu
this one,Kinu
"despicable thing, abomination",Kinugwa
bad smell,Kinunko
ransom,Kinunuuro
cow's mouth,Kinwanwa
"very large potatoes, etc",Kinyagukulima
screw-driver (see kinyororo),Kinyakumyora
crab,Kinyamagaga
civet-cat,Kinyamakeka
gladiolus,Kinyamubyo
Egyptian goose,Kinyamunkaarra
large black stink- ant,Kinyamunkanga
queen termite (= kintana.),Kinyamuntana
porcupine,"Kinyamunungu,"
mode of dressing hair,Kinyamuruuta
water-scorpion,Kinyanduuta
thin copper-wire bracelet,Kinyeerre
"accuser, complainant, plaintiff",Kinyegeerra
defendant,Kinyegererwa
tickling sensation in nose,Kinyegezi
placenta,Kinyina
spark,Kinyinyiizi
large black ant,Kinyomo
ground-nut,Kinyoobwa
larva found in water,Kinyorozi
"vein, artery, sinew",Kinywa
blotting-paper,Kinywabwino
drinkable liquid,Kinywibwa
drinking-vessel,Kinywiso
papyrus mat,Kipaali
"accuser, complainant",Kinyegerra
careless person,Kipaku
mudguard,Kipampagara
"placard, sign post, reading-sheet",Kipande
"weighing instrument, measurement",Kipimo
cattle kraal,Kiraaro
bully,Kiraarre
"shoes, sandles",Kaito
"club, drinking-shop, pub",Ebara
"flower, blossom",Kiragaano
"covenant, agreement",Kirabyo
"command, order, commandment",Kiragiro
"mat,carpet",Kirago/omukeka
"oath,vow",Kirabiro
"glass, tumbler",Kirahuli
tuber of orurali,Kirali
"stripe, row of hair",Kirambi
creeper,Kiranda
proclamation,Kirangiirro
make to overlap,Kiraniza
arrow for bleeding cow,Kiraso
wooden spoon,Kirazi
"taut string, sinew, etc",Kireego
secret accusation,Kirego
a very large basket,Kireguurro
deformed or lame person,Kirema
head- cloth,Kiremba
"lullaby, nursery rhyme",Kirembeerro
"patch of cloth, rag",Kiremu
about 5 p.m,Kirengabazaana
measure (of size),Kirengo
to tickle (e.g. throat),Kirigita
"greedy person, glutton",Kiriiranda
very greedy person,Kiriiririzi
crops,Kirimwa/ebimera
what is it,Kiriki
"night, day",Kiro
bad witch doctor,Kirogorogo
dewlap,Kirokooroko
return a present,Kirongooro
dream,Kirooto
nick name,Kirukiirro
"thigh, leg (of meat)",Kirumbu
bug (generic term),Kirumi
"condiment, seasoning",Kirungo
sheath for spear,Kirweyo
road bank,Kisa
labour pain,Kisa
"adj., grey",Kisaakusaaku
herbal purgative,Kisabiko
"pillow, cushion",Kisago
male,Kisaija
"thicket, bush,jungle",Kisaka
pruning-knife,Kisalizo
spur of cock,Kisambizo
switch,Kisanju
thing with no flavour,Kisanku
comb,Kisanuruzo
"an old potato, stale",Kisarale
"numbness, cramp",Kisarazi
spark,Kisasaazi
"cells of honeycomb, wax",Kisasara
porch,Kisasi
poor soil,Kisazi
"beetle larva, grub",Kisebe
sieve,Kisegeso
skin causing itch,Kisegwe
comb and arrange hair,Kisekura
"present, gift",Kisembo
"filter, strainer",Kisengiijo
raft,Kisengo
path of papyrus,Kisensa
"ragged edge, rag",Kisense
opaque white bead,Kisenyi
plant like stone-crop,Kisezere
"wall, room, partition",Kisuka
"log of wood, block",Kisiki
holes left by jiggers,Kisikirr
"a turf, sod",Kisindikwa
broom,Kisingolezo
heel,Kisinziiro
"adj., black",Kisirikuuku
sparrow,Kisirya
pith of papyrus,Kisisa
"likeness, picture, statue, idol",Kisisani
"gourd, calabash",Kisisi
watch of the niglll,Kisisiimuka
prow of a canoe,Kiso
young custard tree,Kisoga
fish net,Kisoha
young bean leaf,Kisokooro
"young dog, puppy",Kisole
night-jar (bird),Kisomabwire
see ekihungu,Kisomamabuli
very large basket,Kisombera
"black, dirty person/thing",Kisirukuuku
a yellow bean,Kisombwa
canine tooth,Kisongezo
fowl dropping,Kisoodo
thorn of palm tree,Kisooba
cleared land,Kisoorre
animal,Kisoro
tall gourd,Kisorongo
rinderpest,Kisotoka
round native hut,Kiso
birds nest,Kisuli
excrescence,Kisumi
bud of flower,Kisumika
"key, opener",Kisumuruzo
"pumpkin, gourd vine",Kisunsa
comb,Kisunsuzo
salt,Kisura
sodomy,Kisuyaga
wildcat; bed bug,Kisuzi
placenta,Kisweko
blister,Kisweswe
skirt,Kitaahiro
cymbal,Kitaasa
civet-cat,Kitabujuguta
unripe fruit esp. maize,Kitaigi
wicker fish-trap,Kitamba
"handkerchief, duster, tow",Kitambaara
"strong drink, intoxicant",Kitamiiza
nonsense,Kitamutoole
emetic,Kitanakya
large bundle,Kitanda
"telescope, microscope",Kitangaaza
"large double edged sword,bayonet",Kitara
Kingdom of Bunyoro,Kitara
"taunt, reproach, sarcasm",Kiteburo
"thought, idea, fancy, opinion",Kiteekerezo
"Large ape, gorilla",Kiteera
little toddler,Kiteeranjogera
see eteete,Kiteete
"bat, racquet, etc",Kiteezo
shallow hole; arm bracelet,Kitega
large field rat,Kitemamusanje
a speckled hen,Kitembe
wild plantain tree,Kitembe
"clearing, open space",Kiteme
rough piece of barkcloth,Kitentegcre
a bird,Kinyonyi
long curly hair,Kitereza
soft and curled hair,Kiterezi
dumb person,Kiteta
"dress, frock",Kiteteei
small piece of meat,Kitiime
anus,Kitiiri
hair comb,Kitikiisoke
net,Kitimba
"snail, slug (= kitamulinda)",Kitindinda
patched garment,Kitinti
half (of liquids),Kititi
spade,Kitiyo
"young, cockerel",Kitobera
collar,Kitogi
piece/ball of native soap,Kitole
outcast,Kitondwa
spot,Kitone
"recitation, poem",Kitoogeerro
"deserted,overgrown place, ruin",Kitoogo
large mushroom,Kitonsa
lewdness,Kitoole
"mark, spot, stain",Kitoonyezi
premature birth (animals),Kitoroogo
"shivering, trembling",Kitukumo
a red hen,Kitukura
"leaven, baking powder",Kitumbisa
sluggish person or creature,Kitundubazi
"shallow pool, puddle",Kitunga
an unripe thing,Kitunguhya
"heat, perspiration",Kitunguutano
property (e.g. cattle),Kitungwa
"hillock, high ground",Kituntu
blind eye,Kituru/kihimbara
grave,Kituuro
"anything carried, large bundle",Kitwaro
carrying litter,Kitwarre
harmless water snake,Kityeraju
"abundance, superfluity",Kityokoro
civet-cat,Kiwabwaka
"aperture, bole (= ekinyadeere)",Kiwadeeri
crab,Kiwakonga
gale,Kiyaga
"pond, pool",Kiyanja
"abundance, superfluity, excess",Kiyooro
joint,Kiyungiro
"playground, playing field, stadium",Kizaaniro
tuming- sickness (of cattle),Kizengeerra
coat,Kizibabo
"areola, scar",Kizigira
darkness (indoors),Kizima
"swelling, tumour, boil",Kizimba
placenta (of animal),Kizimu
song,Kizina
destructive thing,Kizinda
island,Kizinga
"cripple, stunted person",Kizingo
"to become bard, emaciated",Kobbabbara
"to chip, break off",Kobora
to trap,Kodogadoga
to cough,Kobora/kukora
"blink, wink",Kobya
"get thin, emaciated",Koiga
"to be greedy, gluttonous",Koija
to peel badly,Koijogora
to wink at,Koimiza
"to wink, twinkle",Koimya
"hoop, limp",Kokoizira
to remove a scab,Kokoora
to cluck,Kokoroma
"to pick up, find",Koma
to lick up,Komba
"adj., chosen",Kome
"to charge, enjoin",Komeetereza
to bite,Kuruma
to curse,Kondereza/kucyena
to become emaciated,Kondoma
to squat,Kondoma
prune,Konera
to become dirty,Konga
to shrug (the shoulders),Kooga
to hobble along,Kongoizira
peel badly,Konjogora
to descend a hill,Konkomoka
to take downhill,Konkomora
"to rap, knock, prod",Konkona
"bullock, ox;(see also konwa)",Kono
to shed (tears),Kura amaziga
reduce,Kukeya
to beat barkcloth,Konyoga
be very tired,Koobooka/kugwaha muno
peer influence,Koohyangaine
to crow,Kukura
contract ekookoro,Kookora
syphilitic septicaemia with abscesses,Kookoro
"sign, copy, pattern, example",Kookuroorraaho
fire for cattle,Koome
to cough,Koorra
"to curse, utter curses",Koorrooma
to pinch hard,Koosora
to stoop from infinnity,Kootakoota
coat; Court oflaw,Kooti
it is small,Ko kataito
all of it,Koona
large,Kooto
"int., welcome!",Koowe
feather (small),Kooya
"to make, do, work",Kora
to touch,Koraho
to tickle (throat),Korokoota
foreg,Korokootwa
to make to cough,Koroza
"to use, employ",Kozesa
"Christmas, or Noel (Noweli)",Krisimaasi
Christ,Kristo
"to fold up,wrap,bind",Kuba
badly,Kubi
"examine, cross-examine",Kubira
to fold together (clothes),Kubirana
to drink a draught,Kubisa
be with/possess,Kugira
to burn,Kubaba
to crucify,Kubamba
to worship spirits,Kubandwa
to begin,Kubanza
to estimate,Kubalirra
agree on a share,Kubarraana
to baptize,Kubatiza
to talk,Kubaza
to multiply see,Kubazaamu
to sew,Kubaziira
to spread materials carefully,Kubemba
unhappy,Kubiihirwa
"to expel, send away",Kubinga
to tie or bind,Kuboha
to see/look at,Kubona
to be seen,Kubonwa
soothe someone to sleep,Kubyamisiriza
to dance,Kucekeca
"pay a visit, travel",Kubunga
loiter,Kwemaramara
get visitors,Kubungisa
"unfold, unroll",Kubuurra
Jock padlock,Kufuro
to grow stout,Kujajara
knee,Kuju
"to pile up, hoard",Kuka
"conceal, bide",Kukumika
to destabilize/confuse see,Kuburanganiza
to stir,Kuburuga
to confuse,Kubuzabaza
to sleep on,Kubyamira
to plant,Kubyara
boiling (especially of liquids),Kucamuka
prolonged suffering,Kucanda
have diarrhoea,Kucugura
to cook,Kucumba
to limp,Kucumbagira
make fire,Kucumikira
block water (dam),Kucungira
to come to menopause,Kucura ebigere
to be blind,Kufa amaiso
to be deaf,Kufa amatu
to be impotent,Kufa ebigere
to be dumb,Kufa omunwa
to blow the nose,Kufuka ebimira
"to be narrow, small",Kufunda
to lock or screw,Kufunga
become cool or dilute,Kufunguka
to drive animals,Kufunya
"fold (sleeves, trousers)",Kufunza
to have excessive pride,Kufura
to be diluted,Kufurunguka
cold food going bad,Kugaga
to become very rich,Kugaigahara
to be stiff,Kugangama
to forgive/pardon,Kuganyira
to reply or answer,Kugarukamu
to reconcile,Kugarukanganamu
to repeat an action,Kugarukira
to be useful,Kugasa
to be useful to,Kugasira
to immunise,Kuhambiriza
"to intend, do purposely",Kugenderra
to flow,Kugera
to harvest,Kugesa
to back bite,Kugeya
to get profit,Kugoba
"to betray, deceive",Kugobeza
to snore,Kugona
mating of birds,Kugosa
"to surround, besiege",Kugota
to continue,Kugumizaamu
to open wide,Kugunura
to doubt,Kugurukyagurukya
have stunted growth,Kugururuma
to sell,Kuguza
to be foolish,Kugwagwahara
to be settled,Kugwagwana
to be asleep,Kugwijagira
to give out,Kuhanika
to quench one's thirst,Kuhaaguka
to call,Kweeta
to peel,Kuhaata
to lose one's way,Kuhaba
to keep under fear,Kuhaihalikya
to write,Kuhandiika
to live long,Kuhangaara
to hang up,Kuhanika
"discuss, agree, decide",Kuhanuura
to scratch,Kuhara
to scrape off,Kuharagata
to be worried,Kuharara
to stammer,Kuhebebera
to play about,Kuheenengwa
to winnow,Kuhehemukya
cause to break,Kuhenda
to be the last,Kuhereeruka
to search into,Kuhiga
to support,Kuhigika
make room for,Kuhigiza
to hunt,Kuhiiga
to persecute,Kuhiiganiza
make ready,Kuhiikisa
to fulfil,Kuhikiiriza
to lift up/to carry,Kuhimba
to be blind,Kuhimbaaara
to keep changing,Kuhindukahinduka
"to change, to turn",Kuhinduka
to exchange,Kuhinga
to pile up,Kuhingika
to wither/fade,Kuhoha
"to smear, to plaster",Kuhoma
to sacrifice/to beign withering,Kuhonga
drop off,Kuhongaka
"wear off, peel off",Kuhonoka
to wither/fade,Kuhotoka
"twist, stir",Kuhotora
not hearing properly(misquote),Kuhulirikana
to listen to,Kuhuliriza
"to resurrect, regain life",Kuhumbuuka
"be surprised, dumb- founded",Kuhuna
collect from the air,Kuhunga
"be drowsy, dose",Kuhungira
to swing,Kuhuuba
to knock down,Kuhuumira
to thresh beans,Kuhuura
to whisper,Kuhwehweterra
that which is visible,Kuhwezuka
to become very aged/senile,Kuhwita
to tell lies,Kuhyanja
to spread,Kujaakaara
be torn to shreds,Kujenjegura
say everything about someone,Kucencebuka
to tease,Kujerega
"to save, to rescue",Kujuga kujuna
"to hold responsible, blame",Kujunaana
to rot,Kujunda
to run mad,Kujuuka
to lie up-side down,Kujuumara
to mix,Kujwangana
to dress up,Kujwara
to be persistently stubborn,Kujwigwa
to smell,Kukaga
to become very dry,Kukakaara
to squeeze out,Kukamuura
to tie very tightly,Kukana
to knead,Kukanda
"to startle, frighten",Kukanga
to repair,Kukanika
to die suddenly,Kukanuka
to increase,Kukanya
to roast,Kukaranga
"to examine, to stud",Kukebera
to be late,Kukeerererwa
to drain,Kukenenura
to understand,Kukenga
to talk sarcastically,Kukiina
to lick,Kukomba
to testify strongly,Kukomeetereza
to gather,Kukomerra
to be under cooked/under-done,Kukona
take without permission,Kukookooba
to get cancer,Kukookora
to copy out,Kukoporra
to work,Kukora
to cough (ii) work,Kukorra
homosexuality,Kukuhya
to entertain a visitor,Kukuna
"to howl, to scream",Kukunga
to quarrel,Kukungana
to bring bad luck,Kukungura
"to pull, to drag",Kukurra
to be deceitful,Kukurungutana
to crawl,Kukuta
"to rub, massage",Kukuuba
to scrub,Kukuuta
to pinch by twisting,Kukyotora
to castrate,Kuraawa
to become a prostitute,Kuraaya
to be loose,Kulebaleba
peeping,Kuleebaleeba
"report, acuse",Kulega/kunyegera
"stop, leave alone, abandon",Kuleka
to try,Kulengaho
to compare,Kulengesaniza
"there, over there",Kuli
Jag behind,Kuliltira
to dig,Kulima
to peep,Kulinguza
to take a bribe,Kurya enguzi
roll,Kumbya
"adv., one after another",Kumukumu
to spread powdery substances,Kumama
unsettled/without shame/behaving indecently,Kumangalikwa
"to know, to realize",Kumanya
to recognize,Kumanyirra
"to press, to squeeze",Kumiga
to sprinkle,Kumiisa
to splash/sprinkle water,Kumiisa amaizi
to swallow,Kumira
to disappear suddenly,Kumirwa ensi
to rust,Kurnorna
"shine, glitter, sparkle",Kumuliikana
to shave,Kumwa
to smile,Kumwegerrakumwa
to deputize,Kumyokera
to wash,Kunaaba
to be careless with,Kunagaija
differently,Kundi
to quarrel,Kungana
to howl,Kunguza
to absolutely refuse,Kunkuniza
to dress very elegantly,Kuneka
dancing joyfully,Kuneguka
"to choke, strangle",Kuniga
to hope for,Kunihira
"to hate, dislike",Kunoba
"adv., here",Kunu
to suckle (for puppies),Kunuguna
to smell badly,Kununka
"to be nice, tasty",Kunura
to urinate,Kunyaara
to fart,Kunyampa
to grow fat/big,Kunyeeta
to drink,Kunywa
to smoke,Kunywa etaaba
to kiss,Kunywegera
"to pack, to load",Kupakira
to defecate,Kupama
"hire, pay a fare",Kupangisa
to pump,Kupika
"to measure, weigh",Kupima
to be elastic,Kuraanyuuka
to give out gifts,Kurabuka
drop down,Kuragara
to consult a witch-doctor,Kuraguza
"promise, swear",Kurahira
"to be tall, long",Kuraiha
to inspect,Kurambura
"to worship, adore",Kuramya
"to creep, smoothen timber",Kuranda
to announce,Kuranga
to spread,Kurangaana
"to proclaim, declare",Kurangirra
to get some cracks,Kurara
"to scatter, get scattered",Kuraranga
to bewitch,Kuroga
"to keep quarrelling, grumbling",Kuronda
to taste,Kuroza
to cry,Kurra
"old, important, adult",Kuru
"to hurry, hasten",Kurubiriza
to drag a Jong,Kurubura
to intrude,Kurugusa
to trample down,Kurugutiirra
to grow tired,Kugwaha
to bite,Kururma
"welll, fine",Kurungi
"to deceive, worry",Kurungutaniza
"to hurry, hasten",Kuruubiriza
"to fight, struggle",Kurwana
to grind,Kusa
"to thatch, roof",Kusakaara
bleeding an animal,Kusama
"adv., unceasingly",Kutaikya
sisal sack,Kutiya
ear,Kutu
to commit sodomy,Kuubya
to climb(hill),Kutemba
to drag oneself along,Kuurruuka
climb (tree) hugging trunk,Kuusa
to cut off,Kusaraho
to pay one's dues,Kusasura ibanja
to become poor,Kuseega
to use vulgar language,Kuseegura
to collect firewood,Kuseenya
to overcharge,Kuseera
to float,Kuseereera
"to irrigate, to wet",Kuseesirra
to get Holy communion,Kusembera
to banish from family/clan,Kusenda
"accompany, escort",Kusendekereza
a dog being pregnant,Kusengya
"to serve, to harvest",Kusenya
act of night dancing,Kusera
to hide,Kusereka
to feel nausea,Kusesemwa
"to tie, lock up",Kusiba
to fry,Kusiika
to resist work,Kusiikooma
"to appreciate, to thank",Kusiima
to pull,Kusika
groan in pain,Kusinda
to be uprooted,Kusinduka
to uproot,Kusindura
to conquer,Kusingura
to resemble,Kusisana
to wake someone up,Kusisiimura
to squat,Kusitama
to be wrong,Kusoba
"to be baffled, confused",Kusoberwa
"develop, redevelop",Kusoga
to fish,Kusoha
"to read,attend church/school",Kusoma
to extract/harvest,Kusongora
to resisst work,Kusookooma/ kwesiganiza
"to collect, gather together",Kusorooza
to whistle,Kusuliza
to compensate,Kusumbuusa
to trade,Kusuubura
to bring shame,Kuswaza
to tear,Kutaagura
go into (a hole),Kutaahira
going to war,Kutabaara
"to stumble, to stagger",Kutabaijuka
to release,Kutaisura
to vomit,Kutanaka
to meet,Kutangaana
"score, aim well, guess",Kuteeba
to settle,Kuteekaana
to whistle,Kuteera ekyoya
to discuss,Kuteesa
to be beaten,Kuteerwa
to set a trap,Kutega
"unite, reconcile, add up(math)",Kuteraniza
to climb,Kutemba
"initiate, train",Kutendeka
"to shake, to wobble",Kutengeeta
to tickle,Kutigita
"to fear, to respect",Kutiina
to decorate,Kutimba
to guess,Kutorna
to send,Kutuma
to swell,Kutumba
to become unthreaded,Kutunguruka
to sweat,Kutunguutana
to be worried,Kutuntura
to protrude,Kutunuka
to go out,Kuturka
to be greedy,Kutuuba
"perspire, sweat",Kutuutuka
"take, carry, rule, administer",Kutwara
"to drive, steer",Kuvuga
"to confuse, to disorganize",Kuvuruga
"stir up, muddle",Kuvuyanga
to make noise,Kutera etoko
to scoop,Kuyoora
to join,Kuyunga
to swing,Kuyuuya
"to play, to joke",Kuzaana
to polish with,Kuziguza
to swim,Kuziha
to exhume,Kuziikura
to be dirty,Kuzika
to swell,Kuzimba
"to sing, to dance",Kuzina
to roll up,Kuzinga
entangle,Kuzingirra
"to wind round, entangle",Kuzingiza
"forbid, be forbidden",Kuziza
"to discover, to invent",Kuseruruliza
"invent, find, discover",Kuzoora
be cracked,Kwaba
"to clasp, to support",Kwatilrra
choir,Kwaya
to laugh heartily,Kwekwenuka
to run uphill,Kwenyuka
to melt,Kwaga
to lay eggs,Kwalika
"to shout, yell",Kwamuza
bear fruit/yield crops,Kwana
loitering,Kwandaara
to leave a husband,Kwangana
to groan,Kwanirra
"to spread out, unfold",Kwanjurra
"accept, receive, answer",Kwanunkura
remove from,Kwanura
to mulch banana plantation,Kwarra
"to confess, pronounce",Kwatura
to hatch,Kwaturra
to be forgotten,Kweba
to thank,Kusima
to belch,Kwebiijagura
to forget,Kwebwa
to be steep,Kweculika
have a nap,Kweculikaho
to be clean,Kwecuma
to smoke,Kwecumiikirra
"to think deeply, analyze",Kwecumiitiriza
"to escape, separate oneself",Kwecwaho
to change one's mind,Kwegarukamu
to take care,Kwegendereza
to teach,Kwegesa
to wash down food,Kwegonoza
to have good time,Kwegonza
to take courage,Kwegumya
to deny knowledge,Kwehakana
"consult, inquire",Kwehanuuza
"to enlist, dedicate oneself",Kwehonga
gargle,Kwehuuga
to save oneself,Kwejuna
to be taken unawarenes,Kwekanga
shake itself,Kwekunkumura
to crawl along,Kwekurra
to make petty excuses,Kwekwasa
to be selfish,Kwekwata
to rebel,Kwema
to stand surety,Kwemera
"to be proud, conceited",Kwemanyaho
to stand,Kwemerra
to squeeze oneself in,Kwemigiza
to shed light,Kwemulika
to be slrewn about,Kwenaganaga
to bully,Kwendereza
"drift along, loiter",Kwenjeera
being hesitant or selective,Kwenyanyaiha
squeeze oneself through,Kwenyigiriza
to be white,Kwera
showing off,Kwerabyamu
balance on one's head,Kwerengekerra
to open one's mouth,Kwesama
to sneeze,Kweseemura
to be selfish,Kwesemeza
to trust,Kwesiga
to be proud of,Kwesiimisa
to fart,Kwesohoka
to assemble,Kwesorooza
to call,Kweta
to have self control,Kwetanga
"stand offish, avoid",Kwetantara
"change behaviour, repent",Kweteera
to balance oneself,Kwetengeneka
to understand,Kwetegereza
to wriggle,Kwetiriginya
to complain angrily,Kwetomboita
to work hard,Kwetulega
"moon, a month",Kwezi
to yawn,Kweyamura
to swing,Kweyuuya
to wriggle,Kweziringura
to steal,Kwiba
to block,Kwigara
"to press, massage",Kwigata
"cause miscarriage, abort",Kwihamu enda
to serve food,Kwihura
"to recall, remember",Kwijuka
to incite,Kwimukiriza
"to bend, bow down",Kwimama
to become destitute,Kwinara
to pull down,Kwinika
to come near,Kwirra
"it, itself, in itself",Kwo
"adv., truly, really",Kwokwo
to commit,Kweyiita
to be hot,Kwokya
"to show, demonstrate",Kwoleka
to get dry,Kwoma
to build,Kwombeka
to make dry,Kwomya
"to sackle, feed",Kwonka
"only, merely",Kwonka
see kwomoka,Kwotoka
"cart, rickshow",Kyaburamuti
"placenta, afterbirth",Kyadaadi
"pouch, crop (birds)",Kyadundu
"placenta, afterbirth",Kyabanyuma
to be very soft,Kworoberra
to bring up,Kworoora
fumigate,Kwotera
"thirst, craving for drink",Kyaka
prolapse of rectum,Kyakoohaa
"flower, blossom",Kyakyo
sewing-machine,Kyaraani
"wonder, marvel, miracle",Kyamahaoo
dog's collar,Kyambara
river,Kyambu
"dry season, drought, summer",Kyanda
"cleft wood, board; cartridge",Kyasi
heartburn,Kyata
crack,Kyate
a broken thing,Kyatika
after a long time,Kyaira
small make shift hut,Kyamutwaranindora
a kind of potato,Kyanika
sign post/ type,Kyapa
"a finger, toe",Kyara
"village, estate, the country",Kyaro
grass spread for cattle,Kyarre
of a porter,Kyarubumbi
south west wind,Kyaruhembo
separation,Kyebaganizo
usurper,Kyebambe
a bald person,Kyegemba
set-square,Kyegemera
a white hen,Kyeru
bandage for covering anklets,Kyesembyo
watering place (for cattle),Kyesero
"cause of stumbling, offence",Kyesiitazo
"self-confidence, self-assurance",Kyesindiko
"loofah, sponge",Kyesingiso
self -will,Kyesingo
made-up garment for wearing,Kyesomeko
"covering, blanket, sheet",Kyesweko
need,Kyetaago
"answer, echo",Kyetebuko
"daring, ventu.resome person",Kyetunda
independent person,Kyetwara
level plain,Kyeya
yawn,Kyeyamuro
"comer, tum, bend, curve",Kyezigooro
"freak,clown",Kyeginga
thing of unusual shape,Kyeginga
crow,Kyegoora
very heavy rain,Kyehuuro
creeping thing,Kyekuurra
excuse,Kyekwasa
to laugh heartily,Kyekyemuka
"sign, symbol",Kyemanyiikirizo
"selfsown plant, etc",Kyemeza
stature,Kyemo
"to curse, abuse",Kyeoa
ninety,Kyenda
sweet banana; yellow colour,Kyenju
a bird,Kyenserikora
to withdraw a curse,Kyenuurra
placenta,Kyenyuma
Albino,Kyera/ enyamagoya
thorn of omweramai,Kyeramaino
to break,Kucwa
"clearness,brightness, a clear space",Kyererezi
an intruder,Kyetaahya
prostitute,Kyetunda/ malaya
"independent person, carefree",Kyetwara
"it, itself, in itself",Kyo
"cultural, customary thing, natural",Kyobuhangwa
spear head,Kyogi
"disobedient, insolent person;bully",Kyokoora
offering,Kyokubonga
an example,Kyokuroorraabo
weapon,Kyokurwanisa
"covering, blanket,sheet, beddings",Kyokwesweka
building material,Kyokwombekesa
"Iron,anything made of iron",Kyoma
"building, structure",Kyombeko
"sailing ship, dhow",Kyakyombosa
"forbidden thing, taboo, totem",Kyomuziro
mineral,Kyomwitaka
all of it,Kyona
"but, and yet, although",Kyonka
sacrifice,Kyonzira
hair bracelet,Kyose
missing a day,Kyosi
"hearth,fireplace",Kyoto
to pinch hard,Kyotora
feather,Kyoya
black cow,Kyozi
"today, this time",Leero
chwezi god of healing,Rubanga
"it, itself, in itself",Kyoka
marks,Maakisi
Mother,Maama
to get moulted,Maanyuka
see ekisisani kye 'ensi,Maapu
"maternal uncle, mother's brother",Maarumi
kind of inedible grass-hopper,Maasa
my mother;see nyinanyowe,Maau
my mother; see foreg,Maawe
ostrich,Maaya
my mother-in-law,Maazaara
for stones,Mabaale
corrugated iron sheets,Mabbaate
bowed head and shoulders,Mabbango
"; breast,tits",Mabeere
"shoulders, back",Mabega
fresh air,Mabeho
"reeds, elephant grass",Mabingo
like a dog,Mabwa
"savouries, delicacies",Macarya
simsim,Macande
asthma; bronchitis,Macu
"churned milk, butter milk",Macunda
"wisdom, cunning, craft",Macwacwa
"saliva, spittle",Macwanta
"stairs, ladder, steps",Madaara
pleats;xylophone,Madinda
kind of potato (red),Maduguru
see amadudu foreg,Madwidwi
"dung, feaces, stools, excrement",Mafakubi
kind of potato,Magabali
"ete z'am., yolked oxen",Magadi
"trouble,tonnent, grief",Magado
difficulty,Magaga
urine of cattle,Maganga
"grief, sadness, sorrow, remorse",Mnganyi
over fiowings (of grain),Magaro
"pincers, pliers",Magaro
return journey,Magaruka
a lot,Magana
see enyawaawa,Mageege
"going, out ward journey",Magenda
"reaping, harvest",Magesa
"; oil, butter,grease",Magita
"intelligent, bright,wisdom,cleverness, wits, skill",Magezi
"profits, usury",Magoba
descent,Magoonoka
large granaries,Maguli
digging (of potatoes),Mabaiga
praise,Mabaiso
nations,Mahanga
"wonders, marvels",Mahano
syphilitic bone pains,Mahenange
"pus, matter",Mahera/ masira
ripening (of beans etc.),Mahiiso
name given to hyena,Mahinda
"whiz, purr",Mabiriita
eggs,Mahuli
north-west wind,Mahunge
news paper,Empapura z'amakuru
small royal drums,Mahuurru
very light skinned,Maherre ga isansa
";excitement, agitation, admiration, etc",Maibaibani
"coming back, returning",Maija
joke with elder relations,Maijukuru
"mile, estate, allotment",Mairo
"eyes, face",Maiso
",speak unkindly of",Maitakisimba
water,Maizi
"frayed, jagged edges",Majabali
"hair (of lions, etc.)",Majagaate
"adomrnent, fancy looking",Majahiisirizo
"decoration, adornment, exaggeration",Majabya
beetle with scarlet stripes,Majaliga
tie loosely,Majanjeka
"red stitching, embroidery",Majooba
"homes,homestead",Maka
scissors,Makaasi
weep without shedding tears,Makale
"curdled milk, junket",Makamo
charcoal,Makara
behave like a woman,Makazi
waist,Makendu
a temporary thing,Makilsankya
advantage,Makiza
syphilitic bone pains,Makonezi
kind of thom bush,Makongoora
round shoulders,Makooti
insolence,Makooto
; round shoulders,Makuuma
rudeness; untruthfulness,Makuumuule
roads,Makuute
mechanic (Eng),Makanika
twenty,Makumi abiri
thirty,Makumi asatu
fifty,Makumi ataano
fourty,Makumi ana
rain drops off thatch,Malegyo
"calico, heavy cotton cloth",Malekaane
bracken,Malere
same,Marra
"over doing, exaggeration",Maligisa
"harlot, prostitutes",Maliioi
"very, a lot",Maili
boots,Malikubu
"cunning, craft, skillfulness",Maryo
to sprinkle,Mama
"dawn, dayspring",Mamba
mud fish,Mamba
;cross (see kambumeeri.),Mambu
to sprinkle on,Mamiirra
vagina,Mana
mines,Byange
thank you,Webale
truly,Mananu
"truly, in reality",Mananukwo
"bot charcoal, coals",Manda
mud guard,Mandigaadi
mumps,Manduguya
"whine, moan, be discontented",Mangengere
see nkwahwa,Mankwahwa
tunnels made by termites,Manogo
umbrella,Manvuuli
semen,Manyali
swindle,Manyaoungi
; damp cold,Manyazi
ascent,Manyegera
"to recognize, to notice",Manyiirra
cartridge-belt,Manzamba
"brave person, hero",Manzi
wings,Mapapa
guava tree,Mapeera
buttons,Mapeesa
"barrels, casks",Mapipa
why!,Mara ki
bowels,Mara
";to finish, end",Mara
angel,Maraika
"cross - eyes, squint",Marale
foot of bed,Marambi
"chann, spells",Marogo
battle field,Marwaniro
cow dung,Busa
"emptiness, nothing",Masa
Mahommedan rosary,Masabbaaho
"to shine, glitter",Masamasa
see; mpinga,Masamba
latex of rubber tree,Masaoda
"; ivory, tusk",Masanga
"leafy twigs, foliage",Masanju
"magic, conjuring tricks",Masano
; sparks,Masasaazi
bullets,Masasi
"; poverty, destitution",Maseege
garden prepared for planting,Masinde
"descent, slope, descend",Masirimuko
; pelvic bones,Masonge
hip joint,Masongyo
"; loneliness, solitude",Masu
knots,Masumi
"maternal uncle, mother's brother",Marumi
fresh milk,Masununu
east coast fever (=amakebe),Masuya
birds of prey,Maswale
;milk;bows,Mata
branches of a tree,Mataagi
palm Sunday,Mataagi
"cow's vagina, Vulva",Matako
"runner, postman",Matatisi
"to be restless, fidgety",Matamatuka
"harness, saddle",Matandiiko
; patches (on cattle),Matanga
on all fours,Mate
wild cardamom,Matehe
inbreeding or self pollination,Matembane
descent,Matemburruuka
thistles,Matojo
a fish like engege,Matole
cars,Matoka
hydrocele,Matuga
medlar/Vangueria infausta fruits,Matugunda
"to scold, forcibly, abuse",Maturadra
mohammedan rosary,Masabaho
"runner, postman, office messenger",Matalisi
she has big cheeks,Matama
a dotted cow,Mayenje
"expresses surprise, admiration etc",Mawe
birthday,Mazaarwa
winding road,Mayugi
it is true,Mazima
"truly, certainly, just so",Mazimakwo
game played with engusuuru,Mbaale
a red cow,Mbaale
"duck, goose",Mbaate
cross-roads,Mbagani
"difference, change",Mbaganiza
"axe, adze",Ndemu
"miser, stingy person",Mbalilri
"; smart, clever person",Mbambagya
chest (of animal),Mbanda
beginning,Kubanza
horse,Mbaraasi
; small sloth,Mbarangi
secondary syphilis,Mbaruka
spring of trap,Mbasuko
dry papyrus stalks,Mbaya
"speech, talking, pronunciation",Mbaza
"sewing,method of sewing",Mbaziira
"spy,detective",Mbega
"half, piece",Mbege
; fish with snout,Mbegede
where,Mbere
dned head of maize,Mberenge
tares,Mberya
seeds for planting,Mbibo
grave,Kuituro
hidden anger,Mbilbi
chief of herd,Mbilkire
bananas for making beer,Mbilra
herb like omubwiga; vegetables,Mboga
buffalo,Mbogo
"small packet, (of salt)",Mbobera
"friendless, lonely person",Mboijana
"; lonely person, vagrant",Mbomboza
new moon,Mboneko
pupil of the eye,Mbooi
; dust rubbish; =runyota,Mboota
penis,Mboro
"; bully, tyrant",Mboyi
"; shapeless, plump thing",Mbumbuli
a dull day,Mbunda
"slow, inactive person",Mbundira
gun = emundu,Mbundu
stay-at home,Kusigara omuka
dark-grey cow,Mbuubi
"; poor, homeless person",Mburabugyo
see =mburabule,Mburabura
she goat =mbude,Mburabuzi
variety of plantain,Mbwairuma
a bitch,Mbwakati
reclining chair,Mbyamwamu
mode of planting,Mbyara
newly dug grave,Ekituro
"to run, discharge (eyes)",Meda
steamer or ship,Meeri
mayor,Meeya
table,Meeza
"to burn brightly, blaze",Mekuka
member,Memba
delicately =megemege,Memememe
blaze,Meoge
"shape, appearance",Mera
to live long,Mercera
self-sown,Mere
"half raw potatoes, etc",Mibwebwe
dirt in the nails,Micungiro
judgements way of spitting,Micwere
"leisure, idleness",Migaramo
style of walking,Migendere
; iron sheet rib,Migongo
"breathing, respiration",Miikize
to keep secret,Linda ensita
mission,Omumulimo
"lips, unmashed cooked plantains",Minwa
lizard,Minya
"prey, plunder, booty",Minyago
puberty,Minyeeto
; foot of bed,Mirambi
foreg,Mirambikirizo
moustache;bleeding from the nose,Mireju
"cheer, applaud",Mirera
lips (used by peasants),Mirere
trampling of many feet,Mirindi
"to bolt down, gulp",Miringisa
calf muscle,Mirundi
Egypt,Misiri
"business, worries",Mitalibaioe
see foreg,Mitalibano
pair of woodell clogs,Mitarabanda
joining,Miteeraoire
businesses,Mitegano
traps,Mitego
petting,Miteso
between the shoulder-blades,Mitumaanyuma
to spin a top,Moga
to be chipped,Mogoka
to chip,Mogora
"; to bark,growl",Moka
serval-cat,Mondo
"sharpness,edges",Moogi
"feathers,hair, fur",Mooya
left,Moso
motto,Moto
motor-car,Motoka
"poor soil, hard'earth",Mpaama
reciprocal gift,Mpaano
Uganda kob = mpara,Mpaaraki
at least,Mpaho
male dog,Mpairimi
"argument, strife, dispute",Mpaka
"knickers, trousers, shorts, drawers",Mpale
one who uses force,Mpambiri
seeds of gourds,Mpambo
"mourn, lament",Mpamo
one hundred thousand,Mitwaro ikumi num
twenty thousand,Mitwaro ebiri num
two hundred thousand,Mitwaro makumi abiri num
"mud, dirt, darkness, blackness",Miyonga
advice,Mpanangan
;groundnut;peanut,Mpande
"writing, script",Mpandiika
"letter, missive, inscription",Mpandiiko
King's large drum,Mpango
"advice, counsel",Kuha amagezi
Uganda Kob,Egabi
quarrelsome person,Mparangani
"enmity, jealousy competition, rivalry",Mparano
constipation,Mpata
contract,Mpatani
fork (of tree),Mpatanizo
bridemaid,Mpedya
"wage, pay, reward",Mpeera
service,Mpeere
a new hoe,Mpeesi/efuuka empyaka
"gristle,cartilage",Mpekenyu
firm breasts (not pendant),Mpenabere
bed-bug; see also ebisud,Mpere
maids (in marriage),Mperekezi
"end, limit, boundary",Mpero
ring,Mpeta
sluggard,Mpetezi
slap,Mpi
flatulence,Mpibi
"enemity, persecution",Mpiigani
lucky person,Mpiirwa
"a blind cow,etc",Mpimbaale
"change, alteration",Mpindura
survivor,Mpooka
absence of prepuce,Mpooli
see ilroo,Mpoorro
"tax levied, dues, customs",Mpooza
handcuffs,Mpingo
"dagger, dirk",Mpirima
hyena,Mpisi
see enkuratane,Mponderane
"little by little, slowly",Mpora mpora
variety of plantain (embiira),Mporoma
gobbler,Mpucuzi
"absent minded, forgetful person",Mpuge
see foreg,Mpugi
"forgetful, scatter- brained person",Mpugutani
weevil,Mpuku
ear passage,Mpuliirro
"haff, stubble,(see musunga,)",Mpunda
silent or dull person,Kifwamunwa
north wind,Mpungi
sleeping sickness,Mpungira
"pig, wild boar",Mpuno
see mpuruutuuff,Mpuruuturuzo
"sliding loop, noose, bow",Mpuroutuorro
a wounded person,Mputa
"moth,caterpillar",Mpuuhrra
; resting place,Mpuumuro
"dense, slow, or deliberate.person",Mpuunahuni
"; insolent, quarrel-some person",Mpwabwoba
peace lover,Mpwabwogo
invalid,Mpwamaani
"courageous, clever person (=oulabukya)",Mpwaogule
the Coast(Mombasa),Mpwaoyi
utterly destitute person,Mpwerwa
burning,Mpya
"scandalmonger, busybody",Mpyangya
crocodile,Mpyo
"butcher, flayer",Mubaagi
groove round milk-pot,Mubabo
"carpenter,joiner",Mubaizi
fill to the brim,Mubambago
"helper, supporter",Mubangizi
speaker,Mubazi
medicine,Mubazi
seam,Mubaztiro
"sewer,tailor",Mubazilzi
disease of cattle; nettlerash,Mubembo
liar,Mubiihi
"dissembler, cheat",Mubiihibiihi
aton,Mubiikira
Prince,Mubiito
Princess,Mubiitokati
loin cloth,Mubindo
"one who chases, driver",Mubingi
outcast = mucwibwa,Mubingwa
Belgian,Mubirigi
"accuser,tell-taler",Mubirikirizi
"prisoner,captive",Omusibi
"disease of cattle,mange",Mubombo
"gentle, quiet, polite person",Mubongoya
"mosquito, gnat",Mubu
"deceased person,the late",Omufu
sting (of bees),Mubuli
potter,Mubumbi
"caller, visitor, guest",Mubungi
; bone setter nurse,Mubuyi
";a thorny, busby tree",Mubwera
potatoes not fully cooked,Mubwibwibwi
a herb like spinach,Mubwiga
";sower, planter",Mubyazi
"fastidious, lazy person, dandy",Mucaca
"loafer, idler",Mucacazi
torturer,Mucanzi
rice,Muceeri
"patchwork gannent,kilt",Mucence
"stick-insect; tall, slender person",Muconco
a clumsy person,Mucoomi
long hair (generally curled),Mucucu
"cook, baker, chef",Mucumbi
orange,Mucunguuwa
redeemer,Mucunguzi
"prisoner, jailed or captive",Mubohwa
the king's council house,Mucwa
"cute, cunning person",Mucwacwa
"cunning, crafty person",Mucwangya
gravy,Mucwe
"legendary hero, god deity",Mucwezi
"outcast, disowned person",Mucwibwa
"German, Dutchman",Mudaaki
medal,Nmdaali
embroiderer of edali!,Mudalizi
drunkard,Mudanguzi
something in plenty,Mudidi
; foolish person,Mudomadoma
"jug, gun-barrel",Mudumu
"herald, interpreter",Muduumi
"traitor, liar",Muduupi
"mocker,jeerer, scoffer",Muduuzi
widow,Mufaakati
mattress,Mufaalisi
wrestler,Mufukaani
"expert workman, artisan, mechanic",Mufundi
milk diluted with water,Mufuoguro
woollen garment = efaraano,Mufuranyi
;jealous husband or wife,Mufuohi
"mocker, jeerer",Mugaaniizi
"bread, loaf",Mugaate
"generous, bountiful person",Mugabi
"share, part",Mugabo
"discussant, speaker, spokesperson",Mugambi
"gossip, chatterbox",Mugambisibwa
"speaker, preacher; evangelist",Mugambizi
native of Buganda,Mugaoda
cerebral spinal meningitis,Mugaogama
"friendship, intimacy",Muganjano
mourner,Muganyi
"pitiful, merciful person",Muganyizi
"feeble,weak, lazy person",Mugara
"dawdler, laggard",Mugaraasi
a large thorny tree,Mugarama
"worth, use, profit, advantage",Mugaso
"idleness,laziness",Mugayaaro
"scorn, contempt, cynicism",Mugayangano
scorner,Mugayi
"; scorn, contempt",Mugayo
"docile,obedient person",Mugayuki
barber,Mugembi
leper,Mugeoge
";visitor,guest, stranger",Mugeoyi
"brother; walker, traveler, pilgrimer",Mugeozi
wanderer,Mugenzigeozj
"custom, way",Mugeozo
small valley,Mugera
kick,Mugere
reaper,Mugesi
backbiter,Mugeyi
"wise, clever, gifted person",Mugezi
"stoon water, flood, torrent",Mugezi
"sharp, clever, crafty person",Mugezigezi
"rest house, inn",Mugiini
bunch of plantains,Mugimba
"blessing, good luck",Mugisa
"visitor, stranger",Mugenyi
"; Queen, consort",Mugo
see -omugobaiswa,Mugobabazimu
drummer,Mugoma
bolt,Mugomboli
sub-county chief =oweegomboorra,Mugomborozi
group,Mugomo
stoutness,Mugomoko
mid-rib of plantain leaf,Mugongoonyi
crease,Mugonya
"traveller, sojourner, lodger",Mugoonyi
"first leaf of plantains,etc",Mugoorra
"rower, paddler, boatman; stirre",Mugoyi
patient person,Mugumiisiriza
moving crowd,Mugurumbuko
;old man,Mugurusi
"slave, bond servant",Mugurwa
rich person,Muguuda
"seller, trader, merchant",Muguza
buyer,Muguzi
"stupid, half-witted person",Mugwagwa
see omutatembwa,Mugwamabeere
trumpeter,Mugwara
illness of dogs; mange,Mugwenyu
"testator, executor",Mugwesi
"heir, legatee",Mugwetwa
sleeper,Mugwijagizi
see iguta,Muhaagi
coccyx,Muhaata
"foolish, half-witted person",Muhaba
small back entrance,Muhabo
"contendant, disputant, competitor",Mubakani
udder,Muhako
"root,depth; veneral disease",Muhama
"abductor, seducer",Mubambuzi
"captive, prisoner of war",Mubambwa
large ditch,Muhana
"path, road, way",Muhanda
"writer, clerk, scribe,secretary",Muhandiiki
rainbow,Muhangaazima
creator,Muhangi
; false accuser,Muhangirizi
"sudden, unexpected occurrence",Muhanguuko
"counsellor, adviser",Muhanuuzi
"daughter, usually umarried,virgin",Muhara
"rival, competitor",Muharani
"bully, oppressor, spiteful person",Muhate
rival,Muhayani
"tanner,dresser of hides",Muhazi
"stammerer, stutterer",Muhebebezi
carrier (on the back),Muheeki
"servant, waiter, attendant, minister",Muheereza
"copper, iron, bracelet",Muheerre
"smith, blacksmith",Muheesi
"unfair judge, slanderer",Muheoderezi
bottom rim of basket,Muhendero
"number, price, value, amount",Mubendo
Milicia excelsa,Mubende
first ripe millet (oburo),Muberya
backbiter,Muhesi
"sluggard, one who oversleeps",Muhetezi
"deceased person, the late",Mubezi
"giver, donor",Muhi
persecutor,Mubiiganizi
bunter,Muhiigi
fortunate person,Muhiirwa
brewer,Muhiisa
saint,Muhildriire
prime minister,Muhikirwa
"great joy, gladness, pleasure",Muhimbo
kind of red cassava,Mubindi
lndiao,Muhindi
"convert, proselyte",Muhinduki
"interpreter, translator",Muhinduzi
"passer-by, wayfarer",Muhinguzi
"tribulation, weariness, plague",Muhito
god of war,Muhingo
"cassava,manioc",Muhogo
plaster,Muhomo
follower,Mubondezi
one who offers sacrifices,Mubongi
"cheat, extortioner, daylight thief",Muhoogozi
a forest tree,Muboorro
avenger,Muhoozi
tree resembling wild fig,Muhora
lady at leisure,Muhubya
"absent-minded, inattentive person",Muhugutani
unhealthy fatness,Muhuburu
"listener, bearer, obedient person",Mubulizi
"iron spike, ferrule",Muhunda
honoured visitor,Muhunguki
"distaste,disgust, abhorrence",Muhuro
pestle,Muburunguso
wounded person,Mubuta
"wanderer, vagrant,unwelcome visitor",Muhuumizi
comforter,Mubuumuza
"bachelor,spinster, deserted husband",Muhuuru
thresher,Muhuuzi
"destroyer,extenninator",Muhwerekereza
"invalid, stengthless person",Muhwi
"traitor, misch ief maker",Muhyangya
"grumbler, murmurer",Muhyemi
knife,Muhyo
"babbler, chatter-box, silly person",Mujamijami
"wanderer, loafer",Mujanjaazi
; hungry person,Mujara
"wanderer, vagabond",Mujeezi
"awkward, clumsy person",Mujega
"gossip, talebearer",Mujonjoozi
bellows,Mujuba
"witness, martyr",Mujulizi
wet morning,Mujumbi
"abuser, railer, blasphemer",Mujumi
tassel,Mujunga
"white person, European",Mujungu
Saviour,Mujuoi
flower of maize,Mujuuli
; tired person,Mujwahi
"apparel, clothing",Mujwaro
very hairy,Mujwigo
wife,Muka
; at home,Muka
"heathen, pagan",Mukaaftiri
"; six;dowry,bride price",Mukaaga
my grandmother,Mukaaka
intelligent person,Mukaali
bloodbrother hood,Mukago
"questioner, examiner",Mukaguza
old woman,Mukaikuru
water scorpion,Mukama
milkman,Mukami
daughter-in-law,Mukamwana
scratch (on the body),Mukandu
"; dried meat, biltong",Mukaro
";woman, wife",Mukazi
"tin,container, can",Mukebe
"examiner, critic",Mukebezi
"steward, agent, treasurer",Mukeeto
"selfish, disagreeable, unkind person",Mukiiouuki
leering person,Mukimbi
wild date palm,Mukindo
tail,Mukira
son-inlaw,Muko
"substance, thickness",Mukoba
a tall timber tree,Mukogoto
glutton,Mukoizi
young plantain trees,Mukokoro
beater (in hunting),Mukokozr
foundation stick of fence,Mukoryo
chosen one,Mukome
"one who chooses, voter",Mukomi
stem of plaintain,Mukonde
one who plays,Mukondere
; a prickly shrub,Mukongoora
; giant senecio,Mukooi
native of Bukonjo,Mukoojo
arm; handwriting,Mukono
eunuch,Mukonwa
"; helper, supporter, benefactor",Mukoonyezi
blue plantain eater,Mukoranga
catfish,Mukoro
"ceremony, function",Mukoro
King's milkman,Mukoroogi
"overseer, headman",Mukoza
"maker, workman, labourer",Mukozi
Christian,Mukurisitayo
one who examines witnesses,Mukubizi
"border, edge",Mukugiro
miser,Mukuku
King 's door keeper,Mukumirizi
navel; boss of shield,Mukundi
a loud cry,Mukungo
"shore, coast",Mukungu
wild figtree,Mukunyu
"; lover, paramour",Mukunzi
"trench, channel",Mukura
"elder, superior, great one",Mukuru
"track, rut",Mukurunduzo
mischief-maker,Mukurungutaniza
mahogany tree,Mukusu
sodomite,Mukuuhya
;long knife,Mukuutu
guardian,Mukuza
"gallant, brave,heroic",Mukwatangabu
supporter,Mukwatirizi
pledge,Mukwatirizo
"helper, an assistant",Mukwatizi
"captive, prisoner",Mukwatwa
rat track,Mukwebebe
see foreg,Mukwebeya
a miserly person,Mukono gaamu
orphan protector,Mukuzanfuuzi
"underneath, below the ground",Mukuzimu
specially recogonised elder,Mukuru w'omugongo
;joyful person,Mukyanganuki
a lazy person,Mulebezi
"bringer, proposer",Muleesi
cow bell,Mulege
"accuser, talebearer",Mulegi
greedy person,Mulehe
beard,Muleju
freed man,Mulekerwa
"lame person, cripple",Mulema
ruler,Mulemi
unripe plan tains,Mulera
tree fem,Mulere
nurse (of child),Mulezi
"cannibal, eater, devourer",Muli
"pleasant person, attractive",Muligirwa
shine,Murlikana
"greedy, selfish person",Muliiririzi
shepherd,Muliisa
sailor,Mulimba
"digger, cultivator",Mulimi
foot stamp,Mulindi
brass,Mulinga
"grave, serious, unsociable person",Mulingiri
"; kind, sort, species",Mulingo
"keeper, preserver, guardian",Mulinzi
"defrauder,cheater",Muryakuzi
right hand,Muryo
; an acquaintance,Mumanyi
"teacher, exponent",Mumanyisa
foot of bed,Mumirambi
"windpipe, gullet trachea",Mumrro
"; gobbler, fast eater",Mumizi
net for catching fish,Mumogo
King's executioner,Mumogora
torch bearer,Mumuliki
stinging-nettle,Mumya
; barber,Mumwi
eight,Munaana
"survey beacon, tower, flagstaff",Munaara
water pot,Munaga
"prodigal person, reckless, squanderer",Munaginagi
guider of the blind,Munanasi
"trustworthy, faithful person",Munanu
date palm,Munazi
"eater, biter;extravagant person, spendthrift",Muneni
very cold,Muneno
Englishman,Mungereza
boring beetle (=embungu),Mungu
immature bunch of plantains,Muniara
act of strangling,Munigo
self-sown plant or tree,Muniibwanyonyi
"; pleasure, gladness, rejoicing",Muniiniiro
very much,Muno
hater,Munobi
"picker, gatherer",Muoogi
person,Muntu
in this country,Munuka
"plantain sucker, shoot",Muouuou
"lip, beak",Munwa
"sycophant, mean flatterer,par.isite",Munwekanweki
lizard,Munya
crack,Munyaarra
"spoil, plunder, booty",Munyago
captive,Muoyagwa
debtor,Munyaibanja
; an envious person,Munyaihali
"one of another nation,stranger",Munyaihanga
"spiteful person, mischief-maker",Munyaitima
"hot tempered, quarrelsome person",Munyakantu
";countryman, rustic, villager",Munyakyaro
"pricking, tingling sensation",Munyalizi
headman,Munyampara
; proud person,Munyamyekuniko
hungry person,Munyanjara
prisoner,Muoyankomo
"; enemy, adversary",Muoyanzigwa
; lastivious person,Munyarwanju
mongoose,Munyeerre
"stout person,adolescent",Munyeete
stoutness,Munyeeto
"accuser, complainant, prosecutor",Munyegezi
"disagreeable, morose, gloomy person",Munyigi
handsome man,Munyiginya
very bearuiful woman,Muoyiginyakati
bulrush,Munyiri
small potato,Muoyoga
", tiny water-worm",Munyole
to rinse,Munyuoguza
bulrush,Munyunka
";cured hide, leather",Munyuuke
drinker,Muoywi
", papaw tree",Mupaapaali
"hired workman, porter;also mupakasa",Mupagasa
tenant,Mupangisa
; guava tree,Mupecra
"rubber, ball, mackintosh, etc",Mupiira
rice = muceeri,Mupunnga
"; lodger, visitor",Muraazi
lightening,Murabyo
"instructor, commander, demonstrator",Muragirizi
"promise, convenant",Murago
one who consults oracles,Muragurwa
"seer,diviner, soothsayer, divining doctor",Muraguzi
deposed King,Muragwangoma
inspector,Murambuzi
worshipper,Murami
"judge, arbitrator",Muramuzi
illness like sleeping sickness,Murandabaro
"well known person, famous",Murangwa
"spendthrift, prodigal",Murarangi
copper,Murasagaaju
"archer, rifleman, enemy",Murasi
hunt without killing,Muraza
"slovenly, dirty person",Murofu
"; wizard, witch, magician",Murogo
"cold, damp",Murombe
twin,Murongo
"mast, flagstaff",Murongooti
tracker,Muronzi
loin cloth,Muroobe
dreamer,Muroosi
a large tree,Murozi
a shrub,Murubata
;man who beats iron,Murubiki
stone hammer,Murubiko
parish,Muruka
heap,Murundo
"good, beautiful person",Murungi
"pilot, streesman",Murungiki
species of winged termite,Mururuma
rectum,Mururuma
inside,Munda
in here,Munu
chwezi god of weather,Munume
"enemy, foe",Munyanzigwa
fierce person,Mururumi
soldier of Kabalega,Murusuura
"copper sulphate, bluestone",Muruuturuutu
a sick person,Murwaire
"fighter, warrior",Murwani
"wage, pay, salary",Musaara
beggar,Musabirizi
beater (in hunting)= omukokot),Musagasi
"supporter, witness",Musagiki
;a restless person,Musagizi
"; man, husband",Musaija
thatcher,Musakaazi
"; crack, cut",Mosaic
"kicker, football player",Musambi
"daylight, sunlight",Musana
wild rubber tree,Musanda
"jester, joker, tease",Musandaazi
hollow stemmed grass,Musanja
seven,Musanju
the cross,Musaraba
"carver,engraver",Musaruzi
one who cuts,Musazi
"poor person, beggar",Museege
player of ekiseega,Museegu
"shameless, indecent, impudent person",Museeguzi
one who fetches firewood,Museenyi
"swindler, exorbitant salesman",Museezi
native midwife,Musehenyi
bamboo,Museke
"mocker, scorner, scoffer",Musekerezi
"entertaining, amusing person",Musekesa
"penis (cattle, goats, etc.)",Musembe
"cleaner, refiner",Musemeza
escort,Musendekereza
"outcast, exile",Musendwa
"strainer, filter",Musengiijo
sand,Musenyi
"soldier, policeman",Muserikale
seeker,Museruzi
"young man, youth",Musigazi
sower,Musigi
"caretaker, steward, deputy, agent",Musigwa
"sinner, transgressor",Musiisi
ruled line,Musiitale
brace (tool),Musikano
"earthquake, = musisa",Musrki
silent and stupid person,Mosimangi
stamp the foot,Musindo
unbaked pot;pig-iron,Musinga
sweeper,Musingolez
", conquered one, captive",Musingurwa
conqueror,Musinguzi
clitoris,Musino
"Mohammedan, Moslem",Musiraamu
earthquake; = musiki,Musisa
very large calabash,Musisi
skewer,Musito
"; citizen, indigenous",Musiweosi
incense tree,Musizi
transgressor,Musobya
castor oil plant,Musoga
fisherman,Musohi
marrow,Musoina
"liar, mischief-maker",Musokerezi
marrow,Musokoora
"thief, plunderer",Musomboozi
Arab,Musombwa
teacher,Musomesa
"reader, scholar, pupil, studen",Musomi
";study, leaming,course of reading",Musomo
sub clan of Bakunmgu,Musonde
a syphilitic,Musonde
King's gateway,Mosongoorro
"design, style or fashion",Musono
coly bird,Musoonono
"tax, tribute",Musoro
picker,Musoromi
collector,Musorooza
"edible rat, cane-rat",Musu
", wax candle",Musubbaho
milk of second milking,Musubyo
"thief,greedy person",Musuma
nail,Musumaali
herdsman. hired shepherd,Musumba
leader of singing soloist,Musumiikirizi
"onlooker, spectator, bystander",Musungi
=omusunga foreg,Musunsi
common hombill,Musuraibaaga
tail of a bird,Musuti
"trader, merchant",Musuubuzi
"; exile, emigrant",Musuuhuuki
"pile, heap",Muswa
flatterer,Muswagirizi
; raffia palm,Muswale
bridegroom,Muswezi
fever,Muswija
"neighbour, fellow, companion",Mutaabi
"bungler, clumsy person",Mutaami
"boundary, border",Mutaano
see omutabi,Mutabuzi
drawer of water,Mutahi
drunkard,Mutamiizi
; strip of cloth,Mutanda
one who welcomes guests,Mutangirizi
"fine, propitiatory gift",Mutango
wooden clog,Mutarabanda
"preacher, speaker",Mutebezi
"beguiler, one who persuades",Mutebitebi
"planner, organiser",Muteekaniza
peacemaker,Muteeraniza
mottled pink bean,Muteesweka
strike,Muteezi
planner,Mutegeki
trap,Mutego
"iron bar, crow-bar",Mutehimbwa
", pedlar, merchant, hawker",Mutembeya
"climber, rider",Mutembi
"planter (of maize, etc.)",Mutemezi
; feller of trees,Mutemi
murderer,Mutemu
"instructor, lecturer, teacher",Mutendeki
"; pupil, student",Mutendekwa
tree,Muti
"stubborn, obstinate, forward person",Mutigi
"coward,one easily frightened",Mutiini
a tiny brown bird,Mutiiri
lender,Mutiiza
see mutuma,Mutima
Royal drums (entimbo),Mutimbo
; fig tree,Mutini
"child, young person",Muto
barkcloth tree,Mutoma
plaintiff,Mutongani
"advocate, intercessor, pleader",Mutonganirizi
creditor,Mutongi
debtor,Mutongwa
"grandeur, fine clothes",Mutooro
native of Tooro (woman),Mutoorokati
one who persuades cow,Mutoozi
ranger,Mutuju
heavy load,Mutumba
"corpse, carcass",Mutumbi
"messenger, apostle",Mutumwa
troubler,Mutuntuzi
voracity,Mutuubo
"heap, pile",Mutuumo
pygmy,Mutwa
bundle,Mutwaro
"carrier, driver",Mutwazi
"head, chapter, topic",Mutwe
"favouritism, partiality",Mutyagiro
thank you,Mutyo
to mumble,Muumuuta
to munch slowly (child),Muunya
to trample down,Muunyiirra
seven,Musanju num
ten thousand,Mittwaro gumu num
a rectangular house,Mwamba
nine,Mwenda num
clans mate,Mwene
grandson,Mwijukuru
girl,Mwisiki
"mohammedan, Moslem",Mwisiramu
Lake Albert,Mwitanzige
"there, inside there",Mwo
"boy, son",Mwojo
Holy Spirit (Anglican Version),Mwoyo arukwera
good white salt,Muunyu
fire,Muurro
a partly dried thing,Muyaajwa
"wind, stonn",Muyaga
file,Muyamba
pleuro-pneumonia (of cattle),Muyebe
mango tree,Muyembe
Greek,Muyonaani
grape vine,Muzaabbibbu
emigrant,Muzaahi
"female slave, servan1 maid",Muzaana
"player, competitor (in sports)",Muzaani
"game, amusement, sport",Muzaano
olive tree,Muzeituuni
small root,Muzi
first-born,Muzigaijo
drumstick,Muzigiso
mosque,Muzigiti
enemy,Muzigu
swimmer,Muzihi
drumstick,Muzihyo
wisdom tooth,Muziiki
back tendon,Muziisa
"cannon, large gun",Muzinga
"swarm, flock; cylindrical hive",Muzioga
"roll (e.g. of paper),scroll",Muziogo
"dancer, singer",Muzini
choir master,Munmsa
"raider, murderer",Muzinzi
fragile thing,Muzirakugwa
to shave,Mwa
to overflow (solids),Mwagara
fill to overflowing,Mwagaza
beater (in hunting),Mwahi
tiny bunch of plantains,Mwahuko
clergyman,Mwahule
"steward, one who stores",Mwahuzi
; unbaked cooking-pot,Mwali
native of Bwamba,Mwamba
arrow; cartridge,Mwambi
King's laundry-man,Mwambura
Kings laundry man,Mwamura
ferryman,Mwamuzi
"child, young",Mwana
"idler, loiterer",Mwandaazi
"flat stone, rock",Mwandara
"ravine, deep valley",Mwaoga
"quick, rash person",Mwanguhi
lascivious person,Mwanjuki
flesh of thigh,Mwara
piece of level ground,Mwaransi
", marauder, raider",Mwayi
"; leader, guide",Mwebembezi
learner beginner,Mwega
"smile faintly, smile shyly",Mwegeerra
careful person,Mwegeerra
"cloak, cape",Mwegcreko
"teacher,catechist. tutor, master",Mwegesa
"mistress,a female teacher",Mwegcsakati
"pupil, disciple",Mwegesibwa
scholar,Mwegeswa
"learner,student",Mwegi
clown,Mwegingi
lascivious person,Mwegombo
"boaster, braggart",Mwehaahizi
proud person. conceited person,Mwebulizi
deligent person,Mwekambi
"girdle, belt",Mweko
pilterer,Mwekomakomi
"proud, scornful person",Mwekuniki
"; rebel, traitor",Mwemi
cloak,Mweoagiro
"bountiful, generous person",Mwenda
native lovers,Mwenda
"oppressor, bully",Mwendcrezi
shinny,Mwengenge
discomfort,Mwenyanya
"; boaster, braggart",Mwenyumirizi
=foreg,Mwenyumiza
"shave round (spot, wound)",Mwereerra
"rebel, independent person, renegade",Mweremi
"bullying, illtreatment",Mwerengeerro
"bully, scornful person",Mwerengcrezi
"modest, careful, sober-minded person",Mwerinzi
"plenty, abundance, cheap",Mweru
sneeze,Mwesa
suppliant,Mwescngcrezi
tenant,Mwesengcze
one who waters cattle,Mwesezi
"faithful, trustworthy person",Mwesigwa
"intruder, interloper",Mwetaahirizi
"busybody, i nterfering person",Mwetabi
"good-natured, easy-going person",Mwetebeekezi
sash,Mwetecgero
sensible person,Mwetcgereza
a handy person,Mwetoozitoozi
"; anxiety,worry",Mwetunturo
"carrier, porter",Mwetweki
one who shows off,Mweyoleki
moonlight,Mwezi
";thief, robber",Mwibi
diver,Muvugi
rainmaker,Mwiga
rain maker,Mwigi
"stick, rod, walking-stick",Mwigo
; first born,Mwiguranda
"satisfaction(of food), repletion",Mwiguto
toothless person,Mwihuki
salt water,Mwijooro
one who reminds,Mwijukya
"deluge, flood",Mwijuzo
one who outstays welcome,MwikaJirizi
"believer, follower",Mwikiriza
"miserly, selfish, grudging person",Mwimi
agitator,Mwimukirizi
unlucky person,Mwinazi
"entertainer, host",Mwinuzi
darkness,Mwirima
whistle,Mwiriza
"runner, fugitive",Mwiruki
relative,Mwiseruganda
murderer,Mwisi
"fordable river, landing-place, harbour",Mwogo
tempter,Mwohi
lender,Mwoboza
borrower,Mwohozi
=omwohi,Mwobya
one who roasts; incendinary,Mwoki
King's head cook,Mwokya
instructor,Mwoleki
"show, exhibition",Mwoleko
builder,Mwombeki
"disobliging, disagreeable person",Mwomi
"guardian, nurse",Mworoozi
streak,Myalikya
streak,Myankya
"loot, plunder (esp. food)",Myayo
bad behaviour,Myeduudo
pretence,Myegiragizo
boasting,Myebaahiro
conceit,Myehembo
"conceit, pride",Mycbuurro
"pride, arrogance",Myekuniko
conceit,Myekuzo
"pride, self exaltation, boasting",Myenyumizo
to fasten; gamboling,Myeteegere
to wash partially,Nnaba
to wash partially with,Naabisa
bullock,Naaho
"prophet, messenger of God",Nabbi
small sickle = noijoro,Naijora
species of edible termites,Naka
"need, trouble, grief, sorrow",Naku
"and they, and them",Nabo
but also,Nabwo
"and they, and them",Nabyo
"and they, and it",Nago
and it,Nagwo
"and so, therefore",Nahabweki
and you,Nainywe
and us,Naitwe
and you,Naiwe
and it,Nako
and it,Nakwo
and it,Nakyo
and it,Naryo
even now,Na hati hoona
nurse,Naasi
and it,Narwo
and it,Natwo
and him/he,Nawe
"and they, and them",Nazo
pineapple,Nanaasi
to make red,Nanasa
"to refuse, no",Nangwa
"untrustworthy, mischief maker",Ncompya
; slender beautiful woman,Ncooyooyo
fish,Ncu
"loose faeces, dung","Ncurrura,"
=ensirabo,Ncuro
judgment,Newa
"large, long legged cock",Ndaade
"habitation,dwelling place",Ndaaro
castrated bull,Ndaawa
"sharp, clever person",Ndabukya
"bargain, coaveaant, agreement",Ndagaano
francolin,Ndabi
"oath, vow, protestation",Ndabiro
edible tubers,Ndaji
tapewonn,Ndambi
"worship, ritual",Ndamya
talk without stopping,Ndanda
hartebeest; also enyemera,Ndaogaazi
heat haze,Ndawe
will i hear again,Ndahura
god of small-pox,Ndaura
royal quiver (Pal),Ndayampunu
"; border, edge",Ndebolebo
"looking glass, mirror",Ndeeberwamu
forked stick,Ndeeso
small bell-like ornament,Ndege
"weaver, finch, chatterbox",Ndegeya
; large basket,Ndegu
fine,Ndehwa
axe. see ndyamiti,Ndemu
measure (of capacity),Ndeogo
lower part of abdomen,Nderajera
"pipe, flute",Ndere
early crop,Ndere
flowers of omuko,Ndibaliba
sound of running footsteps,Ndigito
; wild dog,Ndii Takumara
lime(fruit),Ndimaawa
languages; tongues,Ndimi
"cultivated plot,field",Ndimiro
lemon,Ndimu
see ekirindiro,Ndindiro
fish -hook,Ndobo
tackle; free,Ndobo
bucket,Ndobo
church dues,Ndobonva
barbel,Ndoci
variety of barkcloth,Ndogo
shoot,Ndokwa
one who watches expectantly,Ndolerezi
"looking-glass, mirror",Ndolerwamu
see omudomadoma,Ndoma
"guitar, musical instrument",Ndongo
snare for catching birds,Ndubatira
"first-hand information, true report",Ndugaho
"start, origin",Ndugiirro
;gall-bladder,Ndurwa
green pigeon,Nduuka
conspirator,Nduupe
"sickness,disease, illness, ailment",Ndwara
"strong stick, club",Ndwidwi
manner of eatting,Ndya
honey-sucker,Ndyabunuunu
plenty of food,Ndyaga
to shake about,Negena
to be thoroughly cooked,Negiijuka
to cook thoroughly,Negiiijura
to nod (head),Negura
inedible bitter gourd juice,Nerobe
"to bite, chew",Nena
"to be gloomy, morose",Nencza
species of cow parsley,Nengaoenge
wheelbarrow,Nengere
"slop, descent",Nengo
tapeworm,Nfaana
absence of prepuce,Nfuli
"swollen glands, lymph node",Nfumbi
; calf (of leg),Nfundo
papyrus,Nfunjo
orphan,Nfuuzi
bushbuck,Ngabi
shield,Ngabu
"general, commander, ambassador,representative",Ngabwa
"oar, racket",Ngahi
see engarabi,Ngaija
fine,Ngaitwa
;shell spoon,Ngamba
"dialect, speech, utterance",Ngambo
camel,Ngamira
"class, tribes, clans",Nganda
handful (of grass. etc.),Nganda
lean meat,Nganga
"fables, stories",Nganikyo
white geranium,Ngaoja
friend,Nganjani
wheat,Ngano
"favourite, beloved one",Nganzi
skin mat,Ngaraate
hand; palm;fingers,Ngaro
"answer, reply",Ngarukamu
"shame, disgrace; scorpion",Nge
"my, mine",Nge
clay bottle,Ngemeko
"gait, pace, walk",Ngenda
"travels,journeys",Ngendo
"traveler; friend, brother",Ngenzi
species of beetle,Ngenzigenzi
backbiter,Ngeyangaoi
"running water, stream current",Ngezi
"notch,joint",Ngiga
wart-hog,Ngiri
leopard,Ngo
open wound,Ngoga
drum,Ngoma
see igotero,Ngombe
cow with white spots,Ngondo
why dab finch,Ngongababara
otter,Ngonge
love,Ngonzi
nape of neck,Ngoto
that,Ngu
"tick, mite",Nguha
"grainery, barn, store",Nguli
barren woman or animal,Ngumba
"weakling,long-lived person",Ngundiizi
"gum, resin",Ngunu
"high road,street",Nguudo
bribe,Nguzi
"horn, trumpet",Ngwara
will testament,Ngweta
"property left, legacy",Ngwetano
=foreg,Ngweterano
";to strangle, choke",Niga
";to hope,expect, think",Nibiraku
"to over satisfy, surfeit",Nibisa
to promise,Nihiza
be over satisfied,Nihya
=foreg,Niiniirwa
to be finely ground,Niinuuka
; to grind finely,Niinuura
", God forbid",Nikikafuuhe
that is why,Nikyo
bull,Nimi
"anus, buttocks, bottom",Nio
"insult, abuse bitterly",Niobora
to bully excessively,Nionioza
"Indian hemp, opium",Njaahi
cropped ears,Njabule
flatterer,Njagirizi
"hunger, famine",Njara
reed buck,Njaza
"slender,delicate person",Njeode
many plantain gardens together,Njenga
white sheep,Njeru
gospel (=evanjin'),Njiri
marsh antelope,Njobe
annlet,Njogeza
elephant,Njojo
"snake, worm",Njoka
bad temper,Njokambi
bees,Njoki
small earthenware bottle,Njooje
screw thread,Njora
; house; grey hair,Nju
; blood pudding,Njuba
hippopotamus,Njubu
=mukaaga,Njugaoo
baked plantain,Njugute
jigger,Njunza
rain,Njura
nakedness,Njuuro
invalid,Njwabi
"way of clothing, attire",Njwara
beads,Nkwanzi
which,Nibiha/nigaha
help,Njuna
"adv., about",Nka
"like, as",Nka
sixty,Nkaaga
flower sheath of plantain,Nkaanaana
"lines, rows, queues",Nkaarra
"; donkey, ass",Nkaina
"sandal, shoe",Nkaito
"biliousness, jundice, bile, anthrax",Nkaka
urine,Nkali
rest camp,Nkambi
"stockings, punees",Nkampa
"rake, puller(comb), for hair",Nkandttro
hoof,Nkangaasi
"end. goal, stopping-place",Nkango
grey cow,Nkanja
times,Nkanjaiga
black cow or ewe,Nkara
dark-grey cow,Nkarabo
; a huge elephant,Nkaranga
"grey monkey, brown verlvet",Nkende
"groaning,discontent, dissatisfaction; pain, ache",Nkeoyera
a tall flowering grass,Nkenzi
water-frog,Nkere
"dog faced ape, baboon",Nkerebe
flower-sheath of plantain,Nkerekere
"infant, baby",Nkerembe
black and red cow,Nkerenge
nozzle of bellows,Nkero
yoke of oxen,Nkiirri
small grey monkey,Nkima
; septum (of nose),Nkinga
"grudging spirit, vexation, annoy",Nkini
"rude, unsociable, unkind person",Nkinuuki
needle,Nkinzo
coccyx,Nkirate
"pulse, heart beat",Nkiratima
";spinal cord, fright,terror panic",Nkizi
north-east wind,Nkobe
eyelashes,Nkohi
scar,Nkojo
"fowl, hen",Nkoko
cock,Nkokoromi
"pigeon pea, = entendiigwa",Nkolimbo
"; feeble, worthless person",Nkoryo
black Colobus monkey,Nkoma
swarm of bees,Nkombabwaliko
ram; solid millet porridge,Nkombe
stocks,Nkomo
stem of mushroom,Nkooda
expression of pity,Nkone
half-cooked food,Nkone
variety of plantain,Nkonera
stamp of tree,Nkonge
small wooden milk pot,Nkongooro
"back of bead, occupant",Nkongootera
false or delayed pregnancy,Nkongoro
pipe-stem euphorbia,Nkoni
woodpecker,Nkonkomerezi
"descent, slope",Nkonkomoko
see nkonkomerezi,Nkonkonamuti
retained membranes of placenta,Nkono
"castrated bull, ram, etc",Nkonwa
=omwarro,Nkonyamango
as it is,Nkooku kiri
"good relation, working together",Nkoorraana
cough,Nkoorro
; cane for plaiting,Nkorakole
King's milking cows,Nkoroogi
firewood,Nku
worker termites,Nkubebe
"strength, vigour",Nkubiti
flea,Nkukuni
candelabra euphorbia,Nkukuuru
; horn trumpet,Nkule
white millet,Nkumba
"crowd, abundance of people",Nkumbititi
"entertaining, hospitality",Nkuna
; red-tailed cercopitheque (monkey),Nkunda
red-tailed colobus monkey,Nkunga
strife. quarrel,Nkungani
hang nail,Nkunuukizi
rhinoceros,Nkura
; glands behind ear,Nkurakutu
stunted person or thing,Nkurambi
intruder,Nkurugusi
blue bird plantain-eater,Nkurungo
"cheat, swindler, crafty person",Nkurungu
stupid person,Nkusi
", pigeon peas",Nkuuku
"rude,unsociable, unkind person",Nkaunuoki
a large ape,Nkuya
shoulder blade,Nkwa
armpit,Nkwabwa
clap,Nkwakwa
quail,Nkwali
"smart, sharp person",Nkwaoguza
"gum, glue",Nkwasi
",sticks for firewood",Nkwikwi
species of biting ant,Nkwinva
to hate,Noba
"dislike, enemity, hatred",Nobi
"to pick, pluck",Noga
=foreg,Noijoro
a soft red clay,Nombe
tree with edible fruits,Nondwa
"nail, claw",Nono
"although, despite the fact",Noobwakubaire
who is it?,Nooha
"surplus,profits, abundance; unit",Nsaagi
"flour, powder",Nsaano
illness,Nsaasi
"bag, pocket, sack",Nsahu
food money,Nsakwa
grey cow,Nsama
"field after harvest, stubble",Nsambu
border of mat,Nsandaigo
cow with loose horns,Nsara
brand made of grass,Nsaso
payment,Nsasura
three of them,Nsatu
"exhaustion, extreme thirst",Nsazi
poor person,Nseege
pipe.flute,Nscegu
edible grasshoppers,Nsecnene
"yonder, across the valley",Nseeri
=foreg,Nseesekarwa
way of laughing,Nseka
outer sty (on eye),Nsekera
"laughter, fun",Nseko
short bladed spear,Nsembukya
see ekisomerano,Nsemcrano
"dear one, beloved",Nsemere
exile,Nsendwa
giant hog,Nsenge
fetters,Nsengo
hippopotamus,Nsere
dysentery,Nsese
nausea; vomit,Ntanaki
miserable person,Nsezi
cane for bow-string,Nsibago
trip in wrestling,Nsibiko
kidney; seeds,Nsigo
"; booths, camp, hut",Nsiisira
upper grindstone,Nsiiso
"cowry shell, money",Nsimbi
variety of potato,Nsimbyemu
muzzle loader,Nsindirirwa
full moon when rising,Nsinduro
"youth, young generation",Nsinganto
grin,Nsinika
cold chisel,Nsiojo
oribi,Nsirabu
; wanned-up food,Nsirali
"shape, appearance",Nsisana
secret,Nsita
"; knee-cup,patella",Nso
"; mistake, error",Nsobi
explanation,Nsoboorra
castor-oil berry,Nsoga
house fly,Nsohera
"young dog, puppy",Nsole
bulbul,Nsoli
silkworm,Nsombabyoma
mud-fish,Nsombi
insect that eats plantains,Nsonambere
cape (of land),Nsondo
biting ant (causes swelling),Nsondokozi
prominent forehead,Nsoogo
young homed animal,Nsongora
"shame, modesty. shyness",Nsoni
; tertiary syphilis,Nsonjogo
insolent person,Nsooki
=usooki,Nsookoomi
assemblies,Nsoorrookana
"collection,collecting",Nsorooza
small venomouse ant,Nsorosozi
"imitator, imitation",Nsubiirizi
; red duiker,Nsuku
"pimple, wart",Nsundu
"hanger-on, parasite",Nsungamirizi
"extreme edge, unsafe place",Nsunsunikizo
flakes of skin,Nsusu
"refugee,fugitive, exile, foreigner, emigrant",Nsuubuuki
termites(a favorite delicacy),Nswa
"well bom, nice-looking person",Ntaabusule
swallow,Ntaahi
sheep,Ntaama
fool,Ntaama
see entabusule,Ntaamusule
homeless,Ntaaru
flamingo,Ntabaazi
"; mean,stingy person",Ntabuguguna
"muddle, confusion, commotion",Ntabukatabuka
light wire bracelet,Ntagabwa
guinea fowl,Ntajumba
"; clod, sod",Ntaka
lion,Ntale
mouth full of water,Ntama
"oh, I see!",Ntamanya
"pace, short distance",Ntambu
"Thomas Kob,island",Ntamu
civet cat = kitabujuguta,Ntamujuguta
umbrella (archaic),Ntamusiya
vomitus,Ntanaki
"beginning, start, origin",Ntandiko
"cross roads,junction",Ntaogatangano
time after sunrise,Ntangize
"wanderer, roamer",Ntaratazi
"spy, scout",Ntasi
wanderer,Ntazi
chair,Ntebe
way of preaching,Ntebeza
"conjecture forecast,, weather forecast",Nteebereza
"preparation, arrangement",Nteekaniza
"settle, proper place, socket",Nteeko
; trial by ordeal,Nteenyi
"joint, junction",Nteeraniro
"; addition, joining",Nteeraniza
"; preparation, plan, arrangement",Ntegeka
enema,Ntego
small calabash cup,Ntema
mantis,Ntemamuhoro
ascent,Ntembotembo
very large bundle,Ntende
below,Hansi
red winged fraocolin,Ntiikarya
malachite kingfisher,Ntimagizi
curtain,Ntimbe
fist,Ntomi
small species of grasshopper,Ntondo
"defence, apology, plea",Ntongana
"evidence, complaint",Ntongani
;kind of harp,Ntongoole
water frog; stupid person,Ntoole
chronic ache or pain,Ntoto
zebra,Ntulege
knob,Nsumi
; self-sown potatoes,Ntuliirra
swollen gland,Nturabusa
see oruturatule,Nturatule
"bubble, slobber",Nturuba
"; languid, slothful person",Nturumu
see ekiisamiitwatu,Ntutumi
; crested crane,Ntuuhu
metaphoric name of dogs,Ntuuke
heap,Ntuumo
"heaviness, weight",Ntuuro
cape gooseberries,Ntuutu
"perspiration, sweat",Ntuuyo
giraffe,Ntwiga
walk/move fast,Ntyagi
to treat with contempt,Nuga
that is where;thisis where,Nuho
"to be itched, irritated",Nuliirirwa
maraboustork,Nunda
"to smell upleasant, stink",Nunka
"to sniff, smell",Nunkiriza
plant with edible tubers,Nura
=zigisa (hair),Nuuma
pancreas,Nuuni
", it is he/she",Nuwe
"sweeten, flavour",Nuza
undiluted bananas juice (ensande),Nvunya
hornet,Nwa
"to flatter, fawn on",Nwekanweka
and then,Nukwo kwona
and so,Nukwonu
chritmas day,Nweri
wise man,Nya
to grab,Nyaakura
"coffee berry, = omwani",Nyaani
tomatoes,Nyaanya
eat without relish,Nyaata
variety of plantains (nyamuunyu),Nyabakazi
; twin bananas,Nyabansasana
silkworm,Nyabatimbo
evening star,Nyabisaaniko
hopeless me,Nyaburanyowe
smell of the fingers,Nyabwara
insect like cricket,Nyabwigutaine
bleeding from the gum,Nyabwino
difference,Nyabukana
afternoon about 4 p.m,Nyaigoro
sister of a female,Nyakaabu
your sister,Nyakaanyu
variety of potato,Nyakabanda
"native born, aborigine",Nyakabara
type of edible banana,Nyakairagura
stiffness of tbe limb,Nyakanyama
edible leaves of eteke,Nyakarabyo
variety of plantain,Nyakeeragu
a large cow,Nyakryonga
"meat, Aesb,muscle",Nyama
district,Nyamasaza
"pincers,pliers",Nyamagaro
albino,Nyamagoye
Species of edible mushroom,Nyamahamba
"wild beast, animal",Nyamaiswa
; civet cat,Nyamakeka
mason wasp,Nyamambubira
foreg,Nyamandondoli
"turtle, tortoise",Nyamankogoto
variety of convolvulus,Nyamantoogaoira
back ribs (of animal),Nyambu
ford,Nyambukiro
during the day,Nyamisana
to pass wind,Nyampa
mask,Nyamugongoro
"flute,pipe",Nyamulere
ant bear,Nyamulimi
spider,Nyamumbubi
ant; type of bird,Nyamunkanga
species of edible termite,Nyamunkoya
", civet cat",Nyamunsimbi
porcupine,Nyamunuogu
stiffness of the limbs,Nyamwenga
Royal stool,Nyamyarro
"calf, heifer",Nyaoa
very light skinned,Nyamutukura
royal stool,Nyamyaro
chameleon,Nyapimpina
south-east wind,Nyangoromora
royal bow,Nyapogo
variety of plantain,Nyarutere
shell spoon,Nyaso
wagtail,Nyaswiswi
"cleft,crack",Nyatika
; green ibis,Nyawaawa
chameleon,Nyawaraju
spirit to protect cattle,Nyarwa
all of me,Nyeena
"to hypnotize, bewitch",Nyeenya
"fatten, bring up",Nyeesa
", fat, stout,plump",Nyeete
to spin a top,Nyega
"top,rattle",Nyege
to climb,Nyegera
court fee,Nyegezo
"; boaster, braggart",Nyehaahizi
hartebeest,Nyemera
"dross, slag",Nyenga
cockroach,Nyenje
myself,Nyenka
morning,Nyenkya
moon in last quarter,Nyereero
see mwetoozitoozi,Nyetooratoozi
"bandy man, craftsman",Nyetwezi
"belief,creed",Nyikiriza
respiration,Nyikya
your maternal uncle,Nyinaarumiinywe
his or her mother,Nyina
their mother,Nyinabo
mistress of the house,Nyinabwenge
our mother,Nyinainywe
my mother,Nyinanyowe
our mother,Nyinaitwe
their maternal uncle,Nyinarumibo
; our maternal uncle,Nyinarumiitwe
my maternal uncle,Nyinaruminyowe
his/her mother-in-law,Nyinazaara
nose; loop,Nyindo
"womb, uterus",Nyinenda
mistress of the house,Nyinenju
family head,Nyinenka
his/her paternal/maternal grandmother,Nyinenkuru
my grandmother,Nyinenkurunyowe
your grandmother,Nyinenkurwinywe
our maternal aunt,Nyinentoitwe
", my maternal aunt",Nyinentonyowe
"to become morose, scowl",Nyinyimbwa
latrine,Nyiraguju
your mother,Nyoko
your meternal uncle,Nyokoromi
your mother-in-law,Nyokozaara
your grandmother,Nyokwenkuru
your maternal aunt,Nyokwento
; tiny water frog,Nyorya
"style of building, architecture",Nyombeka
"post, pole, pillar",Nyomyo
hammer,Nyondo
"young hen, pullet",Nyonge
extra,Nyongezo
"to be stunted, undersized",Nyoonya
"strangle, twist",Nyoora
to choke growth,Nyoroza
son of a chief,Nyoro
"I, me",Nyowe
"your, yours",Nyu
to peel off (skin),Nyubura
letter of the alphabet,Nyuguta
to pull up forcibly,Nyukura
"adv., behind",Nyuma
mule,Nyumbu
to be pleased with,Nyumirwa
to commend,Nyumisiza
"to praise, exalt",Nyumiza
to converse,Nyumya
pipe; earthenware cookingpot,Nyungu
to suck dry,Nyunkura
to suck,Nyuunya
to suck juicy things,Nyuunyuguza
"to pull tightly, stretch",Nyuunyuura
star,Nyuunyuuzi
to make blood-brother-hood,Nywana
"; teat, nipple",Nywanta
to kiss,Nywegera
to be sweet,Nywenyweogera
be drinkable,Nywibwa
; pubic bair,Nza
see nziramira,Nzigamira
locust,Nzige
"vengeance,ranacour",Nzigu
deep water,Nziha
burial fee,Nziiki
pelican,Nziikeere
gonohorrea,Nziku
"singer, dancer",Nzini
taxes,Nzinwa
variety of plantain,Nzirabahuma
see enyitano,Nzirago
python,Nziramira
"speed, swift.ness",Nziriga
"soot, black pots",Nziro
maggot,Nzito
"appearance, view",Nzooka
full moon,Nzooro
when,Obu
being extravagant,Obubaagi
incense,Obubaani
carpentry,Obubaizi
tarters,Obucancabari
calmness,Obucureera
humility,Obucureezi
small pieces,Obucwekacweka
deafness,Obufa-matu
foolishness,Obufu
a cow dung,Obufu
coldness,Obufuki
lacking affection or enthusiasm,Obufuki
witchcraft,Obufumu
narrowness,Obufunda
artisanship,Obufundi
hospitality,Obufura
breach delivery,Obufute
jealousy,Obufuuhi
kingship,Obugabe
freedom or liberty,Obugabe
freedom of speech,Obugambiro
gun powder,Obuganga
disobedience,Obugangaazi
stiffness,Obugangaazi
manure,Obugimu
fatness,Obugomoke
snuff,Obugoro
bitter/mock tomatoes,Obugoora
hardness,Obugumi
being mean; not generous,Obugumi
perseverance,Obugumira-naku
peace,Obusinge
madness,Obugwairaro
feeling tickled,Obugwizi
foolishness,Obugega
a sensitive plant,Obugeya
secrets,Obuhamahama
black tree ants,Obuhambwe
secretarial work,Obuhandiiki
exile,Obuhanganguke
expertise,Obuhangu
shelter,Obuhatamo
sorghum husks,Obuheehe
reception,Obuhikiro
hump,Obuhingura
quarry,Obuhonda-mabaare
a place for resting,Obuhuumuriro
being cunning and tricky,Obujagujagu
bitter berries,Obujabara
laziness,Obujenjemere
"laces, tussels",Obujunja
ornaments,Obujunza
punctuation marks,Obujurizo
riverblindness,Obukamba
wealth,Obuguda
groups,Obukoro
colonialisation,Obukubuuzi
guarding,Obukumiirizi
chieftainship,Obukungu
residue,Obukunguutwa
black jack seeds,Obukurura
being extremely dry,Obukuumeeme
insolence,Obukuutu
handle,Obukwatiro
expertise,Obumanyi
mastitis,Obumare
unity,Obumu
prophecy,Obunabi
laziness,Obunafu
specified time,Obunaku1a
poverty,Obunaku
contentment,Obunanuke
relief,Obunanuke
next time,Obundi
perhaps,Obundi
sometimes,Obundinoobundi
roasted or fried legumes,Obunena
roof top,Obunono
compassion,Obuntu
pleasant taste,Obunuzi
scarcity of sauce,Obunyaata
grass,Obunyaasi
wisdom,Obunyabwenge
religiousness,Obunyadiini
selfishness,Obunyakantu
long ago,Obunyakare
flutes,Obunyamurera
cracks,Obunyangarara
mushrooms,Obunyantabo
stripes,Obunyarara
athletes foot,Obunyarume
sensations associated with orgasm,Obunyugwita
friendship,Obunywani
police profession,Obuporiisi/obusiirukale
echo,Oburaakaare
feebleness,Oburaara
mishap,Oburaare
accomodation,Oburaaro
passage,Oburabo
crumbs,Oburagarikira
stupidity,Oburagi
will,Oburagwa
bullying,Oburahuzi
length,Oburaiha
height,Oburaiha
long life,Obwomezi bwingi
judicial profession,Oburamuzi
resemblence,Oburanga
servitude,Oburanga
trachoma,Oburangura
home desertion,Oburare
trail,Oburari
diocese,Obureeberezi
help,Obureeberezi
vintage point,Obureebero
betrayal,Obureebya
weight,Obureemeezi
wet,Obubisi
beards,Obureju
disability,Oburema
excessively,Oburenge
in breech birth,Oburenge
west,Oburengerwa-izooba
laziness,Oburera-ngaro
baby sitting,Oburezi
heaviness,Oburiba
available space,Oburibatiro
dried starch food,Oburiga
cash,Oburiho
a parish,Oburiisa
grazing land,Oburiisizo
almost impossible,Oburiite
holiness,Obuhikirire
fire-making sticks,Oburindi
justice,Oburingaaniza
defence,Oburinzi
finger millet,Oburo
millet bread,Oburo
millet garden,Oburo
dirt,Oburofu
charm,Oburogo
complaints,Oburomborombo
type of mushrooms,Oburondo
insenity,Oburondogozi
moral decay,Oburondogozi
chicken fleas,Oburooro
source or origin,Oburugo
East,Oburugwa-izooba
fatigue,Oburuhe
a resting place,Oburuhuukiro
goodness,Oburungi
water falls,Obururuma
sickness,Oburwaire
tendency of fighting,Oburwani
moustache,Oburyambuzi
embezzlement,Oburyangatanisa
deceit,Oburyarya
pain,Obusaasi
particles,Obusaasingo
across,Obuseeri
dullness of mind,Obusenzi
sw.menopause,Obusaagure
bitterness,Obusaariizi
doctor,Obusaho
looting,Obusahuzi
"manhood, penis, male genital",Obusaija
curdled milk,Obusakuruke
fornication,Obusambani
madness,Obusazi
morning,Obuseese
millet,Obusekere
igonarance,Obusema
high cheek bornes,Obusenda-bagenyi
authority or power,Obusoboorozi
the teaching profession,Obusomesa
religious leadership,Obusomesa
enlightened though tutelage,Obusongoke
possessing,Obusugaane
theft,Obusuma
being mean,Obusuma
"tribute, ground rent",Obusuuru
marriage,Obuswere
origin,Obusibuko
small tills,Obusinde
success or victory,Obusinguzi
habitual intoxication,Obusinzi
hook worms,Obusiri
inability to understand,Obusiru
bed bugs,Obusuzi
Newness,Obusya
neighbourliness,Obutaahi
entrance,Obutaahiro
shelter or dwelling place,Obutaaho
trachoma,Obutaanyure
being obstinate and stubborn,Obutahurira
deafness,Obutahurira
failure to remeber,Obutaijuka
hard working,Obutaikya
retarded growth,Obutakura
ignorance,Obutamanya
iron ore,Obutare
bracelets,Obutariza
fearlessness,Obutatiina
failure to respect,Obutatiina
espionage,Obutasi
orderlineess,Obuteeka
a grass specie,Obuteerante
governance,Obutegeki
regime,Obutegeki
murder,Obutemu
pampering,Obutesi
fear or cowardice,Obutiini
sodomy/homosexuality,Obutingwa
being promiscuous,Obutingwa
coldness,Obutiti
feeling coldness,Obutitizi
chickenpox,Obutojo
abnormality,Obutondogozi
doing something officially,Obutongore
period of germination,Obutooka
always,Obutoosa
wealth,Obutungi
onions,Obutunguru
dawn,Obuturuturu
pumpkins,Obutuuku
settlement,Obutuura
usual way of life,Obutuura
grave,Obutuura
mushrooms,Obutuzi
poison,Obutwa
container,Obutwariro
often times,Obutwire
small groups,Obuyoobe
kinship,Obuzaare
acting as a rogoue,Obuzahambuki
parenthood,Obuzaire
enmity,Obuzigu
being swollen,Obuzimba
eclipse of the moon,Obuzimya-kwezi
bones showing below hips,Obuzinio
bandity,Obuzinzi
useless,Obuzire
a place of refuge,Obuzo
headache,Obwabe
desparate need,Obwagi
sorghum covers,Obwagimba
currently,Obwahati
echo,Obwaku
prostitution,Obwamaraaya
long ago,Obwambere
a feeling of emptiness,Obwambure
chieftainship,Obwami
evidence for prosecution,Obwamusinja
childhood,Obwana
nicotine,Obwanga
small oblong shaped beads,Obwangacuucu
mutual hatred,Obwangane
haste,Obwangu
bonus,Obwasiisi
axe,Obwasimba
household refuse,Obwasingo
firstborn child,Obwatamatako
boat,Obwato
something very huge,Obwatumba
leadership,Obwebembezi
resting place,Obwecuriko
shelter,Obwegamo
care,Obwegendesereza
brotherhood,Obweisemwe
peevishness,Obwekanasi
cud,Obwekuumo
height,Obwemi
knowledge,Obwenge
infancy,Obwereere
security or defence,Obwerinzi
not a big herd,Obweteeka
small scattered homesteads,Obweteeka
determination,Obwetunuke
round about,Obwezigooro
courage,Obweziriki
theft,Obwibi
the firstborn child,Obwigura-nda
digestion,Obwijuranda
in full,Obwijwire
in detail,Obwijwire
supericial relationship,Obwimba
meanness,Obwimi
small openings,Obwina
malice,Obwinazi
haste,Obwira
eclipse of the sun,Obwira-kabiri
"time, period of time",Obwire
cloud overcast,Obwiririmba
thatch,Obwiriza
shrines,Obwirungu
intense mutual hatred,Obwitane
murder,Obwitsi
then,Obwo
those,Obwo
yet,Obwo
fear,Obwoba
anguish,Obwogo
honey,Obwoki
the building profession,Obwombeki
utter dryness or thirst,Obwomooma
brain,Obwongo
mental ability,Obwongo
guardianship,Obworozi
an ornament or bracelet,Obwose
fireplace,Obwotero
to take bath,Oga
wash someone or something,Ogeza
this one,Ogu
illness of children,Ogwaha iguru
whom?,Oha
"to excite, urge on",Okuhakana
to be upset,Ohoka
"to lend, advance money",Ohora
to tempt,Oheze
"to lend, advance money",Oiriirwota
kind of potatoes,Okaamanyota
to set light,Okerezi
goodmorning,Okiisize
There,Oku
slaughter,Okubaaga
surgery,Okubaaga
to be able,Okusobora
I be able,Nisobora
he/she be ables,Nasobora
I have be abled,Ba nosobora
be able!,Sobora
I don't be able,Tinkusobora
to be possible,Okusobora
I be possible,Nsobora
he/she be possibles,Nasobora
I have be possibled,Nsoborokirwe
be possible!,Soboka
I don't be possible,Tinkusoborokerwa
to sting,Okubaba
I sting,Mbaba
he/she stings,Ababa
I have stinged,Mbabire
sting!,Baba
I don't sting,Timbaba
to singe,Okubabura
I singe,Mbabura
he/she singes,Ababura
I have singed,Mbabuzire
singe!,Babura
I don't singe,Timbabura
to construct a framework,Okubaga
I construct a framework,Mbaga
he/she construct a frameworks,Abaga
I have construct a frameworked,Mbagire
construct a framework!,Baga
I don't construct a framework,Timbaga
to separate,Okubaganisa
I separate,Mbaganisa
he/she separates,Abaganisa
I have separated,Mbaganisire
separate!,Baganisa
I don't separate,Timbaganisa
to split,Okubaganuka
I split,Mbaganuka
he/she splits,Abaganuka
I have splited,Mbaganukire
split!,Baganuka
I don't split,Timbaganuka
to weed,Okubagara
I weed,Mbagara
he/she weeds,Abagara
I have weeded,Mbagazire
weed!,Bagara
I don't weed,Timbagara
to do carpentry,Okubaija
I do carpentry,Mbaija
he/she do carpentries,Abaija
I have do carpentried,Mbaizire
do carpentry!,Baija
I don't do carpentry,Timbaija
to catch something mid-air,Okubaka
I catch something mid-air,Mbaka
he/she catch something mid-airs,Abaka
I have catch something mid-aired,Mbakire
catch something mid-air!,Baka
I don't catch something mid-air,Timbaka
to conceive,Okubaka
I conceive,Mbaka
he/she conceives,Abaka
I have conceived,Mbakire
conceive!,Baka
I don't conceive,Timbaka
to hasten,Okubakuka
I hasten,Mbakuka
he/she hastens,Abakuka
I have hastened,Mbakukire
hasten!,Bakuka
I don't hasten,Timbakuka
to snatch,Okubakura
I snatch,Mbakura
he/she snatches,Abakura
I have snatched,Mbakuzire
snatch!,Bakura
I don't snatch,Timbakura
to crucify,Okubamba
I crucify,Mbamba
he/she crucifies,Abamba
I have crucified,Mbambire
crucify!,Bamba
I don't crucify,Timbamba
to peg out,Okubamba
I peg out,Mbamba
he/she peg outs,Abamba
I have peg outed,Mbambire
peg out!,Bamba
I don't peg out,Timbamba
to be mad,Okubambaara
I be mad,Mbambaara
he/she be mads,Abambaara
I have be maded,Mbambaazire
be mad!,Bambaara
I don't be mad,Timbambaara
to stiffen,Okubambaaza
I stiffen,Mbambaaza
he/she stiffens,Abambaaza
I have stiffened,Mbambaazire
stiffen!,Bambaaza
I don't stiffen,Timbambaaza
to lift with haste,Okubambaitura
I lift with haste,Mbambaitura
he/she lift with hastes,Abambaitura
I have lift with hasted,Mbambaituzire
lift with haste!,Bambaitura
I don't lift with haste,Timbambaitura
to flatter,Okubambarika
I flatter,Mbambarika
he/she flatters,Abambarika
I have flattered,Mbambarikire
flatter!,Bambarika
I don't flatter,Timbambarika
to stand still,Okubambira
I stand still,Mbambira
he/she stand stills,Abambira
I have stand stilled,Mbambizire
stand still!,Bambira
I don't stand still,Timbambira
to unpeg,Okubambuura
I unpeg,Mbambuura
he/she unpegs,Abambuura
I have unpeged,Mbambuuzire
unpeg!,Bambuura
I don't unpeg,Timbambuura
to come unexpectedly,Okubanda
I come unexpectedly,Mbanda
he/she come unexpectedlies,Abanda
I have come unexpectedlied,Mbandire
come unexpectedly!,Banda
I don't come unexpectedly,Timbanda
to calm down,Okubandaara
I calm down,Mbandaara
he/she calm downs,Abandaara
I have calm downed,Mbandaazire
calm down!,Bandaara
I don't calm down,Timbandaara
to lose one's way,Okubandagira
I lose one's way,Mbandagira
he/she lose one's ways,Abandagira
I have lose one's wayed,Mbandagizire
lose one's way!,Bandagira
I don't lose one's way,Timbandagira
to collapse,Okubandama
I collapse,Mbandama
he/she collapses,Abandama
I have collapsed,Mbandamire
collapse!,Bandama
I don't collapse,Timbandama
to collapse against,Okubandamira
I collapse against,Mbandamira
he/she collapse againsts,Abandamira
I have collapse againsted,Mbandamizire
collapse against!,Bandamira
I don't collapse against,Timbandamira
to come first,Okubandiza
I come first,Mbandiza
he/she come firsts,Abandiza
I have come firsted,Mbandizire
come first!,Bandiza
I don't come first,Timbandiza
to strike hard,Okubandura
I strike hard,Mbandura
he/she strike hards,Abandura
I have strike harded,Mbanduzire
strike hard!,Bandura
I don't strike hard,Timbandura
to salvage,Okubanduura
I salvage,Mbanduura
he/she salvages,Abanduura
I have salvaged,Mbanduuzire
salvage!,Banduura
I don't salvage,Timbanduura
to brandish,Okubanga
I brandish,Mbanga
he/she brandishes,Abanga
I have brandished,Mbangire
brandish!,Banga
I don't brandish,Timbanga
to doubt,Okubanganisa
I doubt,Mbanganisa
he/she doubts,Abanganisa
I have doubted,Mbanganisire
doubt!,Banganisa
I don't doubt,Timbanganisa
to help or support,Okubangira
I help or support,Mbangira
he/she help or supports,Abangira
I have help or supported,Mbangizire
help or support!,Bangira
I don't help or support,Timbangira
to successfully train someone,Okubangura
I successfully train someone,Mbangura
he/she successfully train someones,Abangura
I have successfully train someoned,Mbanguzire
successfully train someone!,Bangura
I don't successfully train someone,Timbangura
to abort a blow,Okubanguuza
I abort a blow,Mbanguuza
he/she abort a blows,Abanguuza
I have abort a blowed,Mbanguuzire
abort a blow!,Banguuza
I don't abort a blow,Timbanguuza
to begin,Okubanza
I begin,Mbanza
he/she begins,Abanza
I have begined,Mbanzire
begin!,Banza
I don't begin,Timbanza
to count,Okubara
I count,Mbara
he/she counts,Abara
I have counted,Mbazire
count!,Bara
I don't count,Timbara
to crack with intent,Okubaragura
I crack with intent,Mbaragura
he/she crack with intents,Abaragura
I have crack with intented,Mbaraguzire
crack with intent!,Baragura
I don't crack with intent,Timbaragura
to estimate,Okubariirira
I estimate,Mbariirira
he/she estimates,Abariirira
I have estimated,Mbariirizire
estimate!,Bariirira
I don't estimate,Timbariirira
to burst,Okubaruka
I burst,Mbaruka
he/she bursts,Abaruka
I have bursted,Mbarukire
burst!,Baruka
I don't burst,Timbaruka
to catch,Okukwata
I catch,Nkwata
he/she catches,Akwata
I have catched,Nkwasire
catch!,Kwata
I don't catch,Tinkwata
to slap,Okukaita
I slap,Nkaita
he/she slaps,Akaita
I have slaped,Nkaisire
slap!,Kaita
I don't slap,Tikaita
to slump any how,Okubatama
I slump any how,Mbatama
he/she slump any hows,Abatama
I have slump any howed,Mbatamire
slump any how!,Batama
I don't slump any how,Timbatama
to plant seedlings,Okubyara esigo
I plant seedlings,Mbyara ensigo
he/she plant seedlingses,Abyara ensigo
I have plant seedlingsed,Mbaire ensigo
plant seedlings!,Baira ensigo
I don't plant seedlings,Timbairaa ensigo
to baptise,Okubatiza
I baptise,Mbatiza
he/she baptises,Abatiza
I have baptised,Mbatizire
baptise!,Batiza
I don't baptise,Timbatiza
to stand up quickly,Okubatuka
I stand up quickly,Mbatuka
he/she stand up quicklies,Abatuka
I have stand up quicklied,Mbatukire
stand up quickly!,Batuka
I don't stand up quickly,Timbatuka
to be very hot,Okubatura
I be very hot,Mbatura
he/she be very hots,Abatura
I have be very hoted,Mbatuzire
be very hot!,Batura
I don't be very hot,Timbatura
transplanting,Okubatuura
to remove fat,Okubayuura
I remove fat,Mbayuura
he/she remove fats,Abayuura
I have remove fated,Mbayuuzire
remove fat!,Bayuura
I don't remove fat,Timbayuura
to do multiplication,Okubaza
I do multiplication,Mbaza
he/she do multiplications,Abaza
I have do multiplicationed,Mbazire
do multiplication!,Baza
I don't do multiplication,Timbaza
to talk,Okubaza
I talk,Mbaza
he/she talks,Abaza
I have talked,Mbazire
talk!,Baza
I don't talk,Timbaza
to sew,Okubaziira
I sew,Mbaziira
he/she sews,Abaziira
I have sewed,Mbaziizire
sew!,Baziira
I don't sew,Timbaziira
to soothe,Okubeebeesa
I soothe,Mbeebeesa
he/she soothes,Abeebeesa
I have soothed,Mbeebeesire
soothe!,Beebeesa
I don't soothe,Timbeebeesa
to deliberately accuse falsely,Okubeeherera
I deliberately accuse falsely,Mbeeherera
he/she deliberately accuse falselies,Abeeherera
I have deliberately accuse falselied,Mbeeherezire
deliberately accuse falsely!,Beeherera
I don't deliberately accuse falsely,Timbeeherera
to assume someone's responsibility,Okubeera
I assume someone's responsibility,Mbeera
he/she assume someone's responsibilities,Abeera
I have assume someone's responsibilitied,Mbeezire
assume someone's responsibility!,Beera
I don't assume someone's responsibility,Timbeera
to break apart,Okubeguka
I break apart,Mbeguka
he/she break aparts,Abeguka
I have break aparted,Mbegukire
break apart!,Beguka
I don't break apart,Timbeguka
to lie,Okubeiha
I lie,Mbeiha
he/she lies,Abeiha
I have lied,Mbeihire
lie!,Beiha
I don't lie,Timbeiha
to grow very old,Okubendegera
I grow very old,Mbendegera
he/she grow very olds,Abendegera
I have grow very olded,Mbendegezire
grow very old!,Bendegera
I don't grow very old,Timbendegera
to break up,Okuberenga
I break up,Mberenga
he/she break ups,Aberenga
I have break uped,Mberengire
break up!,Berenga
I don't break up,Timberenga
to eat slowly,Okubereza
I eat slowly,Mbereza
he/she eat slowlies,Abereza
I have eat slowlied,Mberezire
eat slowly!,Bereza
I don't eat slowly,Timbereza
to break suddenly,Okubesuka
I break suddenly,Mbesuka
he/she break suddenlies,Abesuka
I have break suddenlied,Mbesukire
break suddenly!,Besuka
I don't break suddenly,Timbesuka
to resow,Okubibuura
I resow,Mbibuura
he/she resows,Abibuura
I have resowed,Mbibuuzire
resow!,Bibuura
I don't resow,Timbibuura
to look sickly,Okubiiha
I look sickly,Mbiiha
he/she look sicklies,Abiiha
I have look sicklied,Mbiihire
look sickly!,Biiha
I don't look sickly,Timbiiha
to get annoyed,Okubiihirwa
I get annoyed,Mbiihirwa
he/she get annoyeds,Abiihirwa
I have get annoyeded,Mbiihirwire
get annoyed!,Biihirwa
I don't get annoyed,Timbiihirwa
to make someone annoyed,Okubiihiza
I make someone annoyed,Mbiihiza
he/she make someone annoyeds,Abiihiza
I have make someone annoyeded,Mbiihizire
make someone annoyed!,Biihiza
I don't make someone annoyed,Timbiihiza
to keep,Okwahura
I keep,Nyahura
he/she keeps,Ayahura
I have keeped,Nyahwire
keep!,Yahura
I don't keep,Tinyahura
a cock to crawl,Okubika
to be disabled,Okubimba
I be disabled,Mbimba
he/she be disableds,Abimba
I have be disableded,Mbimbire
be disabled!,Bimba
I don't be disabled,Timbimba
to produce froth,Okubimba
I produce froth,Mbimba
he/she produce froths,Abimba
I have produce frothed,Mbimbire
produce froth!,Bimba
I don't produce froth,Timbimba
to hide,Okusereka
I hide,Nsereka
he/she hides,Asereka
I have hided,Nserekere
hide!,Serka
I don't hide,Tnsereka
to expell,Okubinga
I expell,Mbinga
he/she expells,Abinga
I have expelled,Mbingire
expell!,Binga
I don't expell,Timbinga
to froth,Okubira
I froth,Mbira
he/she froths,Abira
I have frothed,Mbizire
froth!,Bira
I don't froth,Timbira
to boil,Okututogosa
I boil,Ntogogosa
he/she boils,Atogosa
I have boiled,Ntogoseze
boil!,Togosa
I don't boil,Tintogosa
to be shiny,Okubiraguza
I be shiny,Mbiraguza
he/she be shinies,Abiraguza
I have be shinied,Mbiraguzire
be shiny!,Biraguza
I don't be shiny,Timbiraguza
to be sodden,Okubirika
I be sodden,Mbirika
he/she be soddens,Abirika
I have be soddened,Mbirikire
be sodden!,Birika
I don't be sodden,Timbirika
saturate with water,Okubiririra
to be undercooked,Okubisikara
I be undercooked,Mbisikara
he/she be undercookeds,Abisikara
I have be undercookeded,Mbisikazire
be undercooked!,Bisikara
I don't be undercooked,Timbisikara
to sharpen the horns,Okubituura
I sharpen the horns,Mbituura
he/she sharpen the hornses,Abituura
I have sharpen the hornsed,Mbituuzire
sharpen the horns!,Bituura
I don't sharpen the horns,Timbituura
to steam food,Okubobeeza
I steam food,Mbobeeza
he/she steam foods,Abobeeza
I have steam fooded,Mbobeezire
steam food!,Bobeeza
I don't steam food,Timbobeeza
to untie,Okubohoorora
I untie,Mbohoorora
he/she unties,Abohoorora
I have untied,Mbohoorozire
untie!,Bohoorora
I don't untie,Timbohoorora
to bark,Okuboigora
I bark,Mboigora
he/she barks,Aboigora
I have barked,Mboigozire
bark!,Boigora
I don't bark,Timboigora
to get unstuck,Okubombooka
I get unstuck,Mbombooka
he/she get unstucks,Abombooka
I have get unstucked,Mbombookire
get unstuck!,Bombooka
I don't get unstuck,Timbombooka
to peel off,Okubombooka
I peel off,Mbombooka
he/she peel offs,Abombooka
I have peel offed,Mbombookire
peel off!,Bombooka
I don't peel off,Timbombooka
to clatter,Okubomborekana
I clatter,Mbomborekana
he/she clatters,Abomborekana
I have clattered,Mbomborekanire
clatter!,Bomborekana
I don't clatter,Timbomborekana
to suffer,Okubonabona
I suffer,Mbonabona
he/she suffers,Abonabona
I have suffered,Mbonabonire
suffer!,Bonabona
I don't suffer,Timbonabona
to be soft,Okubonda
I be soft,Mbonda
he/she be softs,Abonda
I have be softed,Mbondire
be soft!,Bonda
I don't be soft,Timbonda
to punish,Okubonereza
I punish,Mbonereza
he/she punishes,Abonereza
I have punished,Mbonerezire
punish!,Bonereza
I don't punish,Timbonereza
to despise,Okuboora
I despise,Mboora
he/she despises,Aboora
I have despised,Mboozire
despise!,Boora
I don't despise,Timboora
to yell,Okuborooga
I yell,Mborooga
he/she yells,Aborooga
I have yelled,Mboroogire
yell!,Borooga
I don't yell,Timborooga
to be soft,Okubota
I be soft,Mbota
he/she be softs,Abota
I have be softed,Mbosire
be soft!,Bota
I don't be soft,Timbota
to speak openly,Okubotora
I speak openly,Mbotora
he/she speak openlies,Abotora
I have speak openlied,Mbotozire
speak openly!,Botora
I don't speak openly,Timbotora
to be disorganised,Okubugutana
I be disorganised,Mbugutana
he/she be disorganiseds,Abugutana
I have be disorganiseded,Mbugutanire
be disorganised!,Bugutana
I don't be disorganised,Timbugutana
comfort,Okubukaara
to become narrower,Okubumbama
I become narrower,Mbumbama
he/she become narrowers,Abumbama
I have become narrowered,Mbumbamire
become narrower!,Bumbama
I don't become narrower,Timbumbama
to move while bending,Okubundabunda
I move while bending,Mbundabunda
he/she move while bendings,Abundabunda
I have move while bendinged,Mbundabundire
move while bending!,Bundabunda
I don't move while bending,Timbundabunda
to bend low,Okubundama
I bend low,Mbundama
he/she bend lows,Abundama
I have bend lowed,Mbundamire
bend low!,Bundama
I don't bend low,Timbundama
to defecate,Okubungurura
I defecate,Mbungurura
he/she defecates,Abungurura
I have defecated,Mbunguruzire
defecate!,Bungurura
I don't defecate,Timbungurura
to hawk,Okubungeza
I hawk,Mbungeza
he/she hawks,Abungeza
I have hawked,Mbungezire
hawk!,Bungeza
I don't hawk,Timbungeza
to be naked,Okubunuza
I be naked,Mbunuza
he/she be nakeds,Abunuza
I have be nakeded,Mbunuzire
be naked!,Bunuza
I don't be naked,Timbunuza
to hawk or peddle,Okubunza
I hawk or peddle,Mbunza
he/she hawk or peddles,Abunza
I have hawk or peddled,Mbunzire
hawk or peddle!,Bunza
I don't hawk or peddle,Timbunza
to disappear,Okuburabura
I disappear,Mburabura
he/she disappears,Aburabura
I have disappeared,Mburabuzire
disappear!,Burabura
I don't disappear,Timburabura
to confuse,Okuburabuza
I confuse,Mburabuza
he/she confuses,Aburabuza
I have confused,Mburabuzire
confuse!,Burabuza
I don't confuse,Timburabuza
to be uncoordinated,Okubusukana
I be uncoordinated,Mbusukana
he/she be uncoordinateds,Abusukana
I have be uncoordinateded,Mbusukanire
be uncoordinated!,Busukana
I don't be uncoordinated,Timbusukana
to report,Okubuura
I report,Mbuura
he/she reports,Abuura
I have reported,Mbuuzire
report!,Buura
I don't report,Timbuura
to investigate or examine,Okubuuririza
I investigate or examine,Mbuuririza
he/she investigate or examines,Abuuririza
I have investigate or examined,Mbuuririzire
investigate or examine!,Buuririza
I don't investigate or examine,Timbuuririza
to ask a question,Okubuuza.
I ask a question,Mbuuza.
he/she ask a questions,Abuuza.
I have ask a questioned,Mbuuza.ire
ask a question!,Buuza.
I don't ask a question,Timbuuza.
to be asked,Okubuuzibwa
I be asked,Mbuuzibwa
he/she be askeds,Abuuzibwa
I have be askeded,Mbuuzibwire
be asked!,Buuzibwa
I don't be asked,Timbuuzibwa
to sit an examination,Okubuuzibwa
I sit an examination,Mbuuzibwa
he/she sit an examinations,Abuuzibwa
I have sit an examinationed,Mbuuzibwire
sit an examination!,Buuzibwa
I don't sit an examination,Timbuuzibwa
to loiter,Okubuyabuya
I loiter,Mbuyabuya
he/she loiters,Abuyabuya
I have loitered,Mbuyabuyire
loiter!,Buyabuya
I don't loiter,Timbuyabuya
to leave in suspense,Okubuyanga
I leave in suspense,Mbuyanga
he/she leave in suspenses,Abuyanga
I have leave in suspensed,Mbuyangire
leave in suspense!,Buyanga
I don't leave in suspense,Timbuyanga
to disappear without trace,Okubuza-amaiso
I disappear without trace,Mbuza-amaiso
he/she disappear without traces,Abuza-amaiso
I have disappear without traced,Mbuza-amaisoire
disappear without trace!,Buza-amaiso
I don't disappear without trace,Timbuza-amaiso
to spread a message,Okubuzya
I spread a message,Mbuzya
he/she spread a messages,Abuzya
I have spread a messaged,Mbuzyire
spread a message!,Buzya
I don't spread a message,Timbuzya
to suck,Okubwaguza
I suck,Mbwaguza
he/she sucks,Abwaguza
I have sucked,Mbwaguzire
suck!,Bwaguza
I don't suck,Timbwaguza
to be disorganised,Okubwanabwana
I be disorganised,Mbwanabwana
he/she be disorganiseds,Abwanabwana
I have be disorganiseded,Mbwanabwanire
be disorganised!,Bwanabwana
I don't be disorganised,Timbwanabwana
to work alone,Okubweijana
I work alone,Mbweijana
he/she work alones,Abweijana
I have work aloned,Mbweijanire
work alone!,Bweijana
I don't work alone,Timbweijana
to be shy,Okubwerabwera
I be shy,Mbwerabwera
he/she be shies,Abwerabwera
I have be shied,Mbwerabwezire
be shy!,Bwerabwera
I don't be shy,Timbwerabwera
to expose someone's lies,Okubweza
I expose someone's lies,Mbweza
he/she expose someone's lieses,Abweza
I have expose someone's liesed,Mbwezire
expose someone's lies!,Bweza
I don't expose someone's lies,Timbweza
to sleep,Okubyama
I sleep,Mbyama
he/she sleeps,Abyama
I have sleeped,Mbyamire
sleep!,Byama
I don't sleep,Timbyama
to delay in bed,Okubyamirira
I delay in bed,Mbyamirira
he/she delay in beds,Abyamirira
I have delay in beded,Mbyamirizire
delay in bed!,Byamirira
I don't delay in bed,Timbyamirira
to persist,Okubyamirira
I persist,Mbyamirira
he/she persists,Abyamirira
I have persisted,Mbyamirizire
persist!,Byamirira
I don't persist,Timbyamirira
to plant,Okubyara
I plant,Mbyara
he/she plants,Abyara
I have planted,Mbyazire
plant!,Byara
I don't plant,Timbyara
to gulp,Okucaabiika
I gulp,Ncaabiika
he/she gulps,Acaabiika
I have gulped,Ncaabiikire
gulp!,Caabiika
I don't gulp,Tincaabiika
to slice,Okucaca
I slice,Ncaca
he/she slices,Acaca
I have sliced,Ncacire
slice!,Caca
I don't slice,Tincaca
to overheat,Okucamuka
I overheat,Ncamuka
he/she overheats,Acamuka
I have overheated,Ncamukire
overheat!,Camuka
I don't overheat,Tincamuka
to shuffle,Okucanga
I shuffle,Ncanga
he/she shuffles,Acanga
I have shuffled,Ncangire
shuffle!,Canga
I don't shuffle,Tincanga
to mash,Okuceba
I mash,Nceba
he/she mashes,Aceba
I have mashed,Ncebire
mash!,Ceba
I don't mash,Tinceba
to become humble,Okucebeeka
I become humble,Ncebeeka
he/she become humbles,Acebeeka
I have become humbled,Ncebeekire
become humble!,Cebeeka
I don't become humble,Tincebeeka
to be silent,Okuceceka
I be silent,Nceceka
he/she be silents,Aceceka
I have be silented,Ncecekire
be silent!,Ceceka
I don't be silent,Tinceceka
to slice,Okucecemba
I slice,Ncecemba
he/she slices,Acecemba
I have sliced,Ncecembire
slice!,Cecemba
I don't slice,Tincecemba
to night dance,Okucecera
I night dance,Ncecera
he/she night dances,Acecera
I have night danced,Ncecezire
night dance!,Cecera
I don't night dance,Tincecera
to sieve,Okucencura
I sieve,Ncencura
he/she sieves,Acencura
I have sieved,Ncencuzire
sieve!,Cencura
I don't sieve,Tincencura
to burn,Okucenya
I burn,Ncenya
he/she burns,Acenya
I have burned,Ncenyire
burn!,Cenya
I don't burn,Tincenya
to be red hot,Okucenyuka
I be red hot,Ncenyuka
he/she be red hots,Acenyuka
I have be red hoted,Ncenyukire
be red hot!,Cenyuka
I don't be red hot,Tincenyuka
to rust,Okucereba
I rust,Ncereba
he/she rusts,Acereba
I have rusted,Ncerebire
rust!,Cereba
I don't rust,Tincereba
to sever,Okucerembura
I sever,Ncerembura
he/she severs,Acerembura
I have severed,Ncerembuzire
sever!,Cerembura
I don't sever,Tincerembura
to mince,Okucerembura
I mince,Ncerembura
he/she minces,Acerembura
I have minced,Ncerembuzire
mince!,Cerembura
I don't mince,Tincerembura
to peck,Okucokora
I peck,Ncokora
he/she pecks,Acokora
I have pecked,Ncokozire
peck!,Cokora
I don't peck,Tincokora
ticking of a clock,Okuconcana
to become a destitute,Okuconcoboza
I become a destitute,Nconcoboza
he/she become a destitutes,Aconcoboza
I have become a destituted,Nconcobozire
become a destitute!,Concoboza
I don't become a destitute,Tinconcoboza
to confer with secretly,Okuconya
I confer with secretly,Nconya
he/she confer with secretlies,Aconya
I have confer with secretlied,Nconyire
confer with secretly!,Conya
I don't confer with secretly,Tinconya
to hatch a plot,Okuconya
I hatch a plot,Nconya
he/she hatch a plots,Aconya
I have hatch a ploted,Nconyire
hatch a plot!,Conya
I don't hatch a plot,Tinconya
to express oneself idiomatically,Okucooboora
I express oneself idiomatically,Ncooboora
he/she express oneself idiomaticallies,Acooboora
I have express oneself idiomaticallied,Ncooboozire
express oneself idiomatically!,Cooboora
I don't express oneself idiomatically,Tincooboora
to slice something,Okucoocoora
I slice something,Ncoocoora
he/she slice somethings,Acoocoora
I have slice somethinged,Ncoocoozire
slice something!,Coocoora
I don't slice something,Tincoocoora
to decorate,Okucooka
I decorate,Ncooka
he/she decorates,Acooka
I have decorated,Ncookire
decorate!,Cooka
I don't decorate,Tincooka
to select,Okucooka
I select,Ncooka
he/she selects,Acooka
I have selected,Ncookire
select!,Cooka
I don't select,Tincooka
to repent,Okucucuka
I repent,Ncucuka
he/she repents,Acucuka
I have repented,Ncucukire
repent!,Cucuka
I don't repent,Tincucuka
to feel feverish,Okucucumwa
I feel feverish,Ncucumwa
he/she feel feverishes,Acucumwa
I have feel feverished,Ncucumwire
feel feverish!,Cucumwa
I don't feel feverish,Tincucumwa
to have diarrhoea,Okucugura
I have diarrhoea,Ncugura
he/she have diarrhoeas,Acugura
I have have diarrhoeaed,Ncuguzire
have diarrhoea!,Cugura
I don't have diarrhoea,Tincugura
to scrach or burrow,Okucukura
I scrach or burrow,Ncukura
he/she scrach or burrows,Acukura
I have scrach or burrowed,Ncukuzire
scrach or burrow!,Cukura
I don't scrach or burrow,Tincukura
to clean,Okucuma
I clean,Ncuma
he/she cleans,Acuma
I have cleaned,Ncumire
clean!,Cuma
I don't clean,Tincuma
to beat intensely,Okucumanga
I beat intensely,Ncumanga
he/she beat intenselies,Acumanga
I have beat intenselied,Ncumangire
beat intensely!,Cumanga
I don't beat intensely,Tincumanga
to gather before rain,Okucumbacumba
I gather before rain,Ncumbacumba
he/she gather before rains,Acumbacumba
I have gather before rained,Ncumbacumbire
gather before rain!,Cumbacumba
I don't gather before rain,Tincumbacumba
to limp,Okucumbagira
I limp,Ncumbagira
he/she limps,Acumbagira
I have limped,Ncumbagizire
limp!,Cumbagira
I don't limp,Tincumbagira
to go up,Okucumbuuka
I go up,Ncumbuuka
he/she go ups,Acumbuuka
I have go uped,Ncumbuukire
go up!,Cumbuuka
I don't go up,Tincumbuuka
to set ablaze,Okucumika
I set ablaze,Ncumika
he/she set ablazes,Acumika
I have set ablazed,Ncumikire
set ablaze!,Cumika
I don't set ablaze,Tincumika
to cogitate,Okucumitiriza
I cogitate,Ncumitiriza
he/she cogitates,Acumitiriza
I have cogitated,Ncumitirizire
cogitate!,Cumitiriza
I don't cogitate,Tincumitiriza
to unblock,Okucumunkuza
I unblock,Ncumunkuza
he/she unblocks,Acumunkuza
I have unblocked,Ncumunkuzire
unblock!,Cumunkuza
I don't unblock,Tincumunkuza
to lean side ways,Okucuncurama
I lean side ways,Ncuncurama
he/she lean side wayses,Acuncurama
I have lean side waysed,Ncuncuramire
lean side ways!,Cuncurama
I don't lean side ways,Tincuncurama
flirting,Okucundana
to redeem,Okucungura
I redeem,Ncungura
he/she redeems,Acungura
I have redeemed,Ncunguzire
redeem!,Cungura
I don't redeem,Tincungura
to recover,Okucungura
I recover,Ncungura
he/she recovers,Acungura
I have recovered,Ncunguzire
recover!,Cungura
I don't recover,Tincungura
to rescue,Okucungura
I rescue,Ncungura
he/she rescues,Acungura
I have rescued,Ncunguzire
rescue!,Cungura
I don't rescue,Tincungura
to glitter,Okucunyiirira
I glitter,Ncunyiirira
he/she glitters,Acunyiirira
I have glittered,Ncunyiirizire
glitter!,Cunyiirira
I don't glitter,Tincunyiirira
to make a reed-wall,Okucuraanira
I make a reed-wall,Ncuraanira
he/she make a reed-walls,Acuraanira
I have make a reed-walled,Ncuraanizire
make a reed-wall!,Curaanira
I don't make a reed-wall,Tincuraanira
to be calm,Okucureera
I be calm,Ncureera
he/she be calms,Acureera
I have be calmed,Ncureezire
be calm!,Cureera
I don't be calm,Tincureera
To twist words,Okucurikanisa ebigambo.
I twist words,Ncurikanisa ebigambo.
he/she twist wordses,Acurikanisa ebigambo.
I have twist wordsed,Ncurikanisa ebigambo.ire
twist words!,Curikanisa ebigambo.
I don't twist words,Tincurikanisa ebigambo.
to mourn for,Okucurira
I mourn for,Ncurira
he/she mourn fors,Acurira
I have mourn fored,Ncurizire
mourn for!,Curira
I don't mourn for,Tincurira
to whistle,Okucuriza
I whistle,Ncuriza
he/she whistles,Acuriza
I have whistled,Ncurizire
whistle!,Curiza
I don't whistle,Tincuriza
to wean,Okucuusya
I wean,Ncuusya
he/she weans,Acuusya
I have weaned,Ncuusyire
wean!,Cuusya
I don't wean,Tincuusya
to develop segments,Okucwa engingo
I develop segments,Ncwa engingo
he/she develop segmentses,Acwa engingo
I have develop segmentsed,Ncwa engingoire
develop segments!,Cwa engingo
I don't develop segments,Tincwa engingo
to break virginity,Okucwa ensusa
I break virginity,Ncwa ensusa
he/she break virginities,Acwa ensusa
I have break virginitied,Ncwa ensusire
break virginity!,Cwa ensusa
I don't break virginity,Tincwa ensusa
to divide into pieces,Okucwa
I divide into pieces,Ncwa
he/she divide into pieceses,Acwa
I have divide into piecesed,Ncwire
divide into pieces!,Cwa
I don't divide into pieces,Tincwa
to dilute,Okucwa-amaizi
I dilute,Ncwa-amaizi
he/she dilutes,Acwa-amaizi
I have diluted,Ncwa-amaiziire
dilute!,Cwa-amaizi
I don't dilute,Tincwa-amaizi
to shorten,Okucwa-bugufu
I shorten,Ncwa-bugufu
he/she shortens,Acwa-bugufu
I have shortened,Ncwa-bugufuire
shorten!,Cwa-bugufu
I don't shorten,Tincwa-bugufu
to undermine,Okucwa-busa
I undermine,Ncwa-busa
he/she undermines,Acwa-busa
I have undermined,Ncwa-busire
undermine!,Cwa-busa
I don't undermine,Tincwa-busa
to chop,Okucwacwagura
I chop,Ncwacwagura
he/she chops,Acwacwagura
I have choped,Ncwacwaguzire
chop!,Cwacwagura
I don't chop,Tincwacwagura
to tatoo,Okucwa-engondo
I tatoo,Ncwa-engondo
he/she tatoos,Acwa-engondo
I have tatooed,Ncwa-engondoire
tatoo!,Cwa-engondo
I don't tatoo,Tincwa-engondo
to glance,Okucwa-eryera
I glance,Ncwa-eryera
he/she glances,Acwa-eryera
I have glanced,Ncwa-eryezire
glance!,Cwa-eryera
I don't glance,Tincwa-eryera
to mutually terminate friendship,Okucwana
I mutually terminate friendship,Ncwana
he/she mutually terminate friendships,Acwana
I have mutually terminate friendshiped,Ncwanire
mutually terminate friendship!,Cwana
I don't mutually terminate friendship,Tincwana
to destroy,Okucwekereza
I destroy,Ncwekereza
he/she destroys,Acwekereza
I have destroyed,Ncwekerezire
destroy!,Cwekereza
I don't destroy,Tincwekereza
to spit,Okucwera
I spit,Ncwera
he/she spits,Acwera
I have spited,Ncwezire
spit!,Cwera
I don't spit,Tincwera
to strip bare,Okucwijura
I strip bare,Ncwijura
he/she strip bares,Acwijura
I have strip bared,Ncwijuzire
strip bare!,Cwijura
I don't strip bare,Tincwijura
to double,Okudabura
I double,Ndabura
he/she doubles,Adabura
I have doubled,Ndabuzire
double!,Dabura
I don't double,Tindabura
to repeat,Okudabura
I repeat,Ndabura
he/she repeats,Adabura
I have repeated,Ndabuzire
repeat!,Dabura
I don't repeat,Tindabura
failure to get market,Okudiba
to command,Okuduumira
I command,Nduumira
he/she commands,Aduumira
I have commanded,Nduumizire
command!,Duumira
I don't command,Tinduumira
to boast,Okuduura
I boast,Nduura
he/she boasts,Aduura
I have boasted,Nduuzire
boast!,Duura
I don't boast,Tinduura
to cease to exist,Okufa
I cease to exist,Nfa
he/she cease to exists,Afa
I have cease to existed,Nfire
cease to exist!,Fa
I don't cease to exist,Tinfa
to care,Okufaho
I care,Nfaho
he/she cares,Afaho
I have cared,Nfahoire
care!,Faho
I don't care,Tinfaho
to be concerned,Okufayo
I be concerned,Nfayo
he/she be concerneds,Afayo
I have be concerneded,Nfayoire
be concerned!,Fayo
I don't be concerned,Tinfayo
to die for,Okufeera
I die for,Nfeera
he/she die fors,Afeera
I have die fored,Nfeezire
die for!,Feera
I don't die for,Tinfeera
to miss,Okufeerwa
I miss,Nfeerwa
he/she misses,Afeerwa
I have missed,Nfeerwire
miss!,Feerwa
I don't miss,Tinfeerwa
to be bereaved,Okufiisa
I be bereaved,Nfiisa
he/she be bereaveds,Afiisa
I have be bereaveded,Nfiisire
be bereaved!,Fiisa
I don't be bereaved,Tinfiisa
to waste or squander,Okufiisa
I waste or squander,Nfiisa
he/she waste or squanders,Afiisa
I have waste or squandered,Nfiisire
waste or squander!,Fiisa
I don't waste or squander,Tinfiisa
to dye,Okufooka
I dye,Nfooka
he/she dyes,Afooka
I have dyed,Nfookire
dye!,Fooka
I don't dye,Tinfooka
to be soft,Okufootooka
I be soft,Nfootooka
he/she be softs,Afootooka
I have be softed,Nfootookire
be soft!,Footooka
I don't be soft,Tinfootooka
to search,Okufooza
I search,Nfooza
he/she searches,Afooza
I have searched,Nfoozire
search!,Fooza
I don't search,Tinfooza
to strive for something,Okufuba
I strive for something,Nfuba
he/she strive for somethings,Afuba
I have strive for somethinged,Nfubire
strive for something!,Fuba
I don't strive for something,Tinfuba
to punish,Okufubira
I punish,Nfubira
he/she punishes,Afubira
I have punished,Nfubizire
punish!,Fubira
I don't punish,Tinfubira
to get cold,Okufuka
I get cold,Nfuka
he/she get colds,Afuka
I have get colded,Nfukire
get cold!,Fuka
I don't get cold,Tinfuka
to wrestle,Okufukaana
I wrestle,Nfukaana
he/she wrestles,Afukaana
I have wrestled,Nfukaanire
wrestle!,Fukaana
I don't wrestle,Tinfukaana
to kneel,Okufukama
I kneel,Nfukama
he/she kneels,Afukama
I have kneeled,Nfukamire
kneel!,Fukama
I don't kneel,Tinfukama
to fade,Okufukunkuka
I fade,Nfukunkuka
he/she fades,Afukunkuka
I have faded,Nfukunkukire
fade!,Fukunkuka
I don't fade,Tinfukunkuka
to embrace or cuddle,Okufumbata
I embrace or cuddle,Nfumbata
he/she embrace or cuddles,Afumbata
I have embrace or cuddled,Nfumbasire
embrace or cuddle!,Fumbata
I don't embrace or cuddle,Tinfumbata
to piece through something,Okufumura
I piece through something,Nfumura
he/she piece through somethings,Afumura
I have piece through somethinged,Nfumuzire
piece through something!,Fumura
I don't piece through something,Tinfumura
to break out,Okufumura
I break out,Nfumura
he/she break outs,Afumura
I have break outed,Nfumuzire
break out!,Fumura
I don't break out,Tinfumura
to be restricted,Okufundamira
I be restricted,Nfundamira
he/she be restricteds,Afundamira
I have be restricteded,Nfundamizire
be restricted!,Fundamira
I don't be restricted,Tinfundamira
to dilute a liquid,Okufungura
I dilute a liquid,Nfungura
he/she dilute a liquids,Afungura
I have dilute a liquided,Nfunguzire
dilute a liquid!,Fungura
I don't dilute a liquid,Tinfungura
to water down,Okufungura
I water down,Nfungura
he/she water downs,Afungura
I have water downed,Nfunguzire
water down!,Fungura
I don't water down,Tinfungura
to snort,Okufuniza
I snort,Nfuniza
he/she snorts,Afuniza
I have snorted,Nfunizire
snort!,Funiza
I don't snort,Tinfuniza
"to fold paper, cloth",Okufunya
"I fold paper, cloth",Nfunya
"he/she fold paper, cloths",Afunya
"I have fold paper, clothed",Nfunyire
"fold paper, cloth!",Funya
"I don't fold paper, cloth",Tinfunya
to become creased,Okufunyara
I become creased,Nfunyara
he/she become creaseds,Afunyara
I have become creaseded,Nfunyazire
become creased!,Funyara
I don't become creased,Tinfunyara
to fold something,Okufunyika
I fold something,Nfunyika
he/she fold somethings,Afunyika
I have fold somethinged,Nfunyikire
fold something!,Funyika
I don't fold something,Tinfunyika
to abbreviate,Okufunza
I abbreviate,Nfunza
he/she abbreviates,Afunza
I have abbreviated,Nfunzire
abbreviate!,Funza
I don't abbreviate,Tinfunza
to migrate,Okufuruka
I migrate,Nfuruka
he/she migrates,Afuruka
I have migrated,Nfurukire
migrate!,Furuka
I don't migrate,Tinfuruka
to chew,Okufutana
I chew,Nfutana
he/she chews,Afutana
I have chewed,Nfutanire
chew!,Futana
I don't chew,Tinfutana
to spray,Okufuuhirira
I spray,Nfuuhirira
he/she sprays,Afuuhirira
I have sprayed,Nfuuhirizire
spray!,Fuuhirira
I don't spray,Tinfuuhirira
to pluck off,Okufuura
I pluck off,Nfuura
he/she pluck offs,Afuura
I have pluck offed,Nfuuzire
pluck off!,Fuura
I don't pluck off,Tinfuura
to be calmed down,Okufuzibwa
I be calmed down,Nfuzibwa
he/she be calmed downs,Afuzibwa
I have be calmed downed,Nfuzibwire
be calmed down!,Fuzibwa
I don't be calmed down,Tinfuzibwa
be stiff,Okugaara
I be stiff,Ngaara
he/she be stiffs,Agaara
I have be stiffed,Ngaazire
be stiff!,Gaara
I don't be stiff,Tingaara
to seperate things forcefully,Okugaasanura
I seperate things forcefully,Ngaasanura
he/she seperate things forcefullies,Agaasanura
I have seperate things forcefullied,Ngaasanuzire
seperate things forcefully!,Gaasanura
I don't seperate things forcefully,Tingaasanura
to give,Okugaba
I give,Ngaba
he/she gives,Agaba
I have gived,Ngabire
give!,Gaba
I don't give,Tingaba
to grow fat,Okugaija
I grow fat,Ngaija
he/she grow fats,Agaija
I have grow fated,Ngaizire
grow fat!,Gaija
I don't grow fat,Tingaija
to talk too much,Okugambuka
I talk too much,Ngambuka
he/she talk too muches,Agambuka
I have talk too muched,Ngambukire
talk too much!,Gambuka
I don't talk too much,Tingambuka
to gossip,Okugambuka
I gossip,Ngambuka
he/she gossips,Agambuka
I have gossiped,Ngambukire
gossip!,Gambuka
I don't gossip,Tingambuka
to tell a foktale,Okugana
I tell a foktale,Ngana
he/she tell a foktales,Agana
I have tell a foktaled,Nganire
tell a foktale!,Gana
I don't tell a foktale,Tingana
to ward tobacco,Okuganda
I ward tobacco,Nganda
he/she ward tobaccos,Aganda
I have ward tobaccoed,Ngandire
ward tobacco!,Ganda
I don't ward tobacco,Tinganda
to weather,Okuganda
I weather,Nganda
he/she weathers,Aganda
I have weathered,Ngandire
weather!,Ganda
I don't weather,Tinganda
to feel hungry,Okuganda
I feel hungry,Nganda
he/she feel hungries,Aganda
I have feel hungried,Ngandire
feel hungry!,Ganda
I don't feel hungry,Tinganda
to become hard hearted,Okugangaara
I become hard hearted,Ngangaara
he/she become hard hearteds,Agangaara
I have become hard hearteded,Ngangaazire
become hard hearted!,Gangaara
I don't become hard hearted,Tingangaara
to be unmoving,Okugangaara
I be unmoving,Ngangaara
he/she be unmovings,Agangaara
I have be unmovinged,Ngangaazire
be unmoving!,Gangaara
I don't be unmoving,Tingangaara
to frighten someone,Okugangaijura
I frighten someone,Ngangaijura
he/she frighten someones,Agangaijura
I have frighten someoned,Ngangaijuzire
frighten someone!,Gangaijura
I don't frighten someone,Tingangaijura
to open something wide,Okugaruura
I open something wide,Ngaruura
he/she open something wides,Agaruura
I have open something wided,Ngaruuzire
open something wide!,Garuura
I don't open something wide,Tingaruura
to despise,Okugaya
I despise,Ngaya
he/she despises,Agaya
I have despised,Ngayire
despise!,Gaya
I don't despise,Tingaya
to communicate,Okugaya
I communicate,Ngaya
he/she communicates,Agaya
I have communicated,Ngayire
communicate!,Gaya
I don't communicate,Tingaya
"to forge documents, money",Okugingirira
"I forge documents, money",Ngingirira
"he/she forge documents, moneys",Agingirira
"I have forge documents, moneyed",Ngingirizire
"forge documents, money!",Gingirira
"I don't forge documents, money",Tingingirira
to say,Okugira
I say,Ngira
he/she says,Agira
I have sayed,Ngizire
say!,Gira
I don't say,Tingira
to win a game,Okugoba
I win a game,Ngoba
he/she win a games,Agoba
I have win a gamed,Ngobire
win a game!,Goba
I don't win a game,Tingoba
to suckle,Okugoboza
I suckle,Ngoboza
he/she suckles,Agoboza
I have suckled,Ngobozire
suckle!,Goboza
I don't suckle,Tingoboza
to walk majestically,Okugoga
I walk majestically,Ngoga
he/she walk majesticallies,Agoga
I have walk majesticallied,Ngogire
walk majestically!,Goga
I don't walk majestically,Tingoga
to have constipation,Okugomeererwa
I have constipation,Ngomeererwa
he/she have constipations,Agomeererwa
I have have constipationed,Ngomeererwire
have constipation!,Gomeererwa
I don't have constipation,Tingomeererwa
to transform,Okugomoora
I transform,Ngomoora
he/she transforms,Agomoora
I have transformed,Ngomoozire
transform!,Gomoora
I don't transform,Tingomoora
to snore,Okugona
I snore,Ngona
he/she snores,Agona
I have snored,Ngonire
snore!,Gona
I don't snore,Tingona
to yell or moan,Okugongera
I yell or moan,Ngongera
he/she yell or moans,Agongera
I have yell or moaned,Ngongezire
yell or moan!,Gongera
I don't yell or moan,Tingongera
to correct a mistake,Okugonjoora
I correct a mistake,Ngonjoora
he/she correct a mistakes,Agonjoora
I have correct a mistaked,Ngonjoozire
correct a mistake!,Gonjoora
I don't correct a mistake,Tingonjoora
to be malleable,Okugonya
I be malleable,Ngonya
he/she be malleables,Agonya
I have be malleabled,Ngonyire
be malleable!,Gonya
I don't be malleable,Tingonya
to work for nothing,Okugooka
I work for nothing,Ngooka
he/she work for nothings,Agooka
I have work for nothinged,Ngookire
work for nothing!,Gooka
I don't work for nothing,Tingooka
to work very hard,Okugootooka
I work very hard,Ngootooka
he/she work very hards,Agootooka
I have work very harded,Ngootookire
work very hard!,Gootooka
I don't work very hard,Tingootooka
to drink fast,Okugotomera
I drink fast,Ngotomera
he/she drink fasts,Agotomera
I have drink fasted,Ngotomezire
drink fast!,Gotomera
I don't drink fast,Tingotomera
to mingle,Okugoya
I mingle,Ngoya
he/she mingles,Agoya
I have mingled,Ngoyire
mingle!,Goya
I don't mingle,Tingoya
to become short,Okugufuhara
I become short,Ngufuhara
he/she become shorts,Agufuhara
I have become shorted,Ngufuhazire
become short!,Gufuhara
I don't become short,Tingufuhara
to endure,Okugumaanya
I endure,Ngumaanya
he/she endures,Agumaanya
I have endured,Ngumaanyire
endure!,Gumaanya
I don't endure,Tingumaanya
to keep quiet,Okugumba
I keep quiet,Ngumba
he/she keep quiets,Agumba
I have keep quieted,Ngumbire
keep quiet!,Gumba
I don't keep quiet,Tingumba
to be patient,Okugumisiriza
I be patient,Ngumisiriza
he/she be patients,Agumisiriza
I have be patiented,Ngumisirizire
be patient!,Gumisiriza
I don't be patient,Tingumisiriza
to move on,Okugumizamu
I move on,Ngumizamu
he/she move ons,Agumizamu
I have move oned,Ngumizamuire
move on!,Gumizamu
I don't move on,Tingumizamu
to be stunted,Okuguna
I be stunted,Nguna
he/she be stunteds,Aguna
I have be stunteded,Ngunire
be stunted!,Guna
I don't be stunted,Tinguna
to block the way,Okugungira
I block the way,Ngungira
he/she block the ways,Agungira
I have block the wayed,Ngungizire
block the way!,Gungira
I don't block the way,Tingungira
to compose songs,Okugunja
I compose songs,Ngunja
he/she compose songses,Agunja
I have compose songsed,Ngunzire
compose songs!,Gunja
I don't compose songs,Tingunja
to be civilised,Okugunjuka
I be civilised,Ngunjuka
he/she be civiliseds,Agunjuka
I have be civiliseded,Ngunjukire
be civilised!,Gunjuka
I don't be civilised,Tingunjuka
to open eyes widely,Okugunura
I open eyes widely,Ngunura
he/she open eyes widelies,Agunura
I have open eyes widelied,Ngunuzire
open eyes widely!,Gunura
I don't open eyes widely,Tingunura
to buy,Okugura
I buy,Ngura
he/she buys,Agura
I have buyed,Nguzire
buy!,Gura
I don't buy,Tingura
to doubt,Okuguraagurusa
I doubt,Nguraagurusa
he/she doubts,Aguraagurusa
I have doubted,Nguraagurusire
doubt!,Guraagurusa
I don't doubt,Tinguraagurusa
to jump,Okuguruka
I jump,Nguruka
he/she jumps,Aguruka
I have jumped,Ngurukire
jump!,Guruka
I don't jump,Tinguruka
to jump at something,Okugurukira
I jump at something,Ngurukira
he/she jump at somethings,Agurukira
I have jump at somethinged,Ngurukizire
jump at something!,Gurukira
I don't jump at something,Tingurukira
to be rebelious,Okuguuriima
I be rebelious,Nguuriima
he/she be rebeliouses,Aguuriima
I have be rebelioused,Nguuriimire
be rebelious!,Guuriima
I don't be rebelious,Tinguuriima
to sell,Okuguza
I sell,Nguza
he/she sells,Aguza
I have selled,Nguzire
sell!,Guza
I don't sell,Tinguza
to borrow,Okuguza
I borrow,Nguza
he/she borrows,Aguza
I have borrowed,Nguzire
borrow!,Guza
I don't borrow,Tinguza
to experience indigestion,Okugwa-empihi
I experience indigestion,Ngwa-empihi
he/she experience indigestions,Agwa-empihi
I have experience indigestioned,Ngwa-empihiire
experience indigestion!,Gwa-empihi
I don't experience indigestion,Tingwa-empihi
to feel good,Okugwage
I feel good,Ngwage
he/she feel goods,Agwage
I have feel gooded,Ngwageire
feel good!,Gwage
I don't feel good,Tingwage
equality,Okugwana
the act of embracing,Okugwa-omunda
to fall asleep,Okugwejegera
I fall asleep,Ngwejegera
he/she fall asleeps,Agwejegera
I have fall asleeped,Ngwejegezire
fall asleep!,Gwejegera
I don't fall asleep,Tingwejegera
to flatter someone,Okugwengagwenga
I flatter someone,Ngwengagwenga
he/she flatter someones,Agwengagwenga
I have flatter someoned,Ngwengagwengire
flatter someone!,Gwengagwenga
I don't flatter someone,Tingwengagwenga
to waylay someone,Okugwera
I waylay someone,Ngwera
he/she waylay someones,Agwera
I have waylay someoned,Ngwezire
waylay someone!,Gwera
I don't waylay someone,Tingwera
to side with someone,Okugwera-orubaju
I side with someone,Ngwera-orubaju
he/she side with someones,Agwera-orubaju
I have side with someoned,Ngwera-orubajuire
side with someone!,Gwera-orubaju
I don't side with someone,Tingwera-orubaju
to be partial,Okugwera-orubaju
I be partial,Ngwera-orubaju
he/she be partials,Agwera-orubaju
I have be partialed,Ngwera-orubajuire
be partial!,Gwera-orubaju
I don't be partial,Tingwera-orubaju
to fool someone,Okugega
I fool someone,Ngega
he/she fool someones,Agega
I have fool someoned,Ngegire
fool someone!,Gega
I don't fool someone,Tingega
to creak,Okugegema
I creak,Ngegema
he/she creaks,Agegema
I have creaked,Ngegemire
creak!,Gegema
I don't creak,Tingegema
to filter,Okugegena
I filter,Ngegena
he/she filters,Agegena
I have filtered,Ngegenire
filter!,Gegena
I don't filter,Tingegena
to compel,Okugema
I compel,Ngema
he/she compels,Agema
I have compeled,Ngemire
compel!,Gema
I don't compel,Tingema
to immunise,Okugema
I immunise,Ngema
he/she immunises,Agema
I have immunised,Ngemire
immunise!,Gema
I don't immunise,Tingema
to grow,Okugemeka
I grow,Ngemeka
he/she grows,Agemeka
I have growed,Ngemekire
grow!,Gemeka
I don't grow,Tingemeka
to leave,Okugenda
I leave,Ngenda
he/she leaves,Agenda
I have leaved,Ngendire
leave!,Genda
I don't leave,Tingenda
to do something intentionally,Okugenderera
I do something intentionally,Ngenderera
he/she do something intentionallies,Agenderera
I have do something intentionallied,Ngenderezire
do something intentionally!,Genderera
I don't do something intentionally,Tingenderera
"to advise, or counsel",Okugengera
"I advise, or counsel",Ngengera
"he/she advise, or counsels",Agengera
"I have advise, or counseled",Ngengezire
"advise, or counsel!",Gengera
"I don't advise, or counsel",Tingengera
to redicule someone,Okugerega
I redicule someone,Ngerega
he/she redicule someones,Agerega
I have redicule someoned,Ngeregire
redicule someone!,Gerega
I don't redicule someone,Tingerega
to levy tax,Okugereka
I levy tax,Ngereka
he/she levy taxs,Agereka
I have levy taxed,Ngerekire
levy tax!,Gereka
I don't levy tax,Tingereka
to try,Okugezaho
I try,Ngezaho
he/she tries,Agezaho
I have tried,Ngezahoire
try!,Gezaho
I don't try,Tingezaho
to give,Okuha
I give,Nha
he/she gives,Aha
I have gived,Nhire
give!,Ha
I don't give,Tinha
to be satisfied,Okuhaaga
I be satisfied,Nhaaga
he/she be satisfieds,Ahaaga
I have be satisfieded,Nhaagire
be satisfied!,Haaga
I don't be satisfied,Tinhaaga
to disparage,Okuhaaha
I disparage,Nhaaha
he/she disparages,Ahaaha
I have disparaged,Nhaahire
disparage!,Haaha
I don't disparage,Tinhaaha
to harass,Okuhaahaana.
I harass,Nhaahaana.
he/she harasses,Ahaahaana.
I have harassed,Nhaahaana.ire
harass!,Haahaana.
I don't harass,Tinhaahaana.
to breathe very fast,Okuhaahagira
I breathe very fast,Nhaahagira
he/she breathe very fasts,Ahaahagira
I have breathe very fasted,Nhaahagizire
breathe very fast!,Haahagira
I don't breathe very fast,Tinhaahagira
to sway while walking,Okuhaahuuza
I sway while walking,Nhaahuuza
he/she sway while walkings,Ahaahuuza
I have sway while walkinged,Nhaahuuzire
sway while walking!,Haahuuza
I don't sway while walking,Tinhaahuuza
to barter,Okuhaanisa
I barter,Nhaanisa
he/she barters,Ahaanisa
I have bartered,Nhaanisire
barter!,Haanisa
I don't barter,Tinhaanisa
to be adamant,Okuhaasa
I be adamant,Nhaasa
he/she be adamants,Ahaasa
I have be adamanted,Nhaasire
be adamant!,Haasa
I don't be adamant,Tinhaasa
to purify or cleanse,Okuhaasirira
I purify or cleanse,Nhaasirira
he/she purify or cleanses,Ahaasirira
I have purify or cleansed,Nhaasirizire
purify or cleanse!,Haasirira
I don't purify or cleanse,Tinhaasirira
to peel,Okuhaata
I peel,Nhaata
he/she peels,Ahaata
I have peeled,Nhaasire
peel!,Haata
I don't peel,Tinhaata
to finish milking,Okuhaaza
I finish milking,Nhaaza
he/she finish milkings,Ahaaza
I have finish milkinged,Nhaazire
finish milking!,Haaza
I don't finish milking,Tinhaaza
to advise,Okuhabura
I advise,Nhabura
he/she advises,Ahabura
I have advised,Nhabuzire
advise!,Habura
I don't advise,Tinhabura
to guide or direct,Okuhabura
I guide or direct,Nhabura
he/she guide or directs,Ahabura
I have guide or directed,Nhabuzire
guide or direct!,Habura
I don't guide or direct,Tinhabura
to prune,Okuhaburira
I prune,Nhaburira
he/she prunes,Ahaburira
I have pruned,Nhaburizire
prune!,Haburira
I don't prune,Tinhaburira
to find the way,Okuhabuuka
I find the way,Nhabuuka
he/she find the ways,Ahabuuka
I have find the wayed,Nhabuukire
find the way!,Habuuka
I don't find the way,Tinhabuuka
to ask for direction,Okuhabuza
I ask for direction,Nhabuza
he/she ask for directions,Ahabuza
I have ask for directioned,Nhabuzire
ask for direction!,Habuza
I don't ask for direction,Tinhabuza
to support,Kuha-emikono
to inflate or swell,Okuhaga
I inflate or swell,Nhaga
he/she inflate or swells,Ahaga
I have inflate or swelled,Nhagire
inflate or swell!,Haga
I don't inflate or swell,Tinhaga
to sharpen,Okuhagara
I sharpen,Nhagara
he/she sharpens,Ahagara
I have sharpened,Nhagazire
sharpen!,Hagara
I don't sharpen,Tinhagara
to become detached,Okuhaguka
I become detached,Nhaguka
he/she become detacheds,Ahaguka
I have become detacheded,Nhagukire
become detached!,Haguka
I don't become detached,Tinhaguka
to panic,Okuhaha
I panic,Nhaha
he/she panics,Ahaha
I have paniced,Nhahire
panic!,Haha
I don't panic,Tinhaha
to praise,Okuhaisa
I praise,Nhaisa
he/she praises,Ahaisa
I have praised,Nhaisire
praise!,Haisa
I don't praise,Tinhaisa
to contradict,Okuhakanisa
I contradict,Nhakanisa
he/she contradicts,Ahakanisa
I have contradicted,Nhakanisire
contradict!,Hakanisa
I don't contradict,Tinhakanisa
to rape,Okuhamba
I rape,Nhamba
he/she rapes,Ahamba
I have raped,Nhambire
rape!,Hamba
I don't rape,Tinhamba
to stick on something,Okuhamira
I stick on something,Nhamira
he/she stick on somethings,Ahamira
I have stick on somethinged,Nhamizire
stick on something!,Hamira
I don't stick on something,Tinhamira
to stress a point,Okuhamisiriza
I stress a point,Nhamisiriza
he/she stress a points,Ahamisiriza
I have stress a pointed,Nhamisirizire
stress a point!,Hamisiriza
I don't stress a point,Tinhamisiriza
to be indecent,Okuhampuza
I be indecent,Nhampuza
he/she be indecents,Ahampuza
I have be indecented,Nhampuzire
be indecent!,Hampuza
I don't be indecent,Tinhampuza
to become rough,Okuhanda
I become rough,Nhanda
he/she become roughs,Ahanda
I have become roughed,Nhandire
become rough!,Handa
I don't become rough,Tinhanda
to work hard,Okuhanda-bunaku
I work hard,Nhanda-bunaku
he/she work hards,Ahanda-bunaku
I have work harded,Nhanda-bunakuire
work hard!,Handa-bunaku
I don't work hard,Tinhanda-bunaku
to write,Okuhandiika
I write,Nhandiika
he/she writes,Ahandiika
I have writed,Nhandiikire
write!,Handiika
I don't write,Tinhandiika
to create,Okuhanga
I create,Nhanga
he/she creates,Ahanga
I have created,Nhangire
create!,Hanga
I don't create,Tinhanga
to stare,Okuhanga-amaiso
I stare,Nhanga-amaiso
he/she stares,Ahanga-amaiso
I have stared,Nhanga-amaisoire
stare!,Hanga-amaiso
I don't stare,Tinhanga-amaiso
to live long,Okuhangaara
I live long,Nhangaara
he/she live longs,Ahangaara
I have live longed,Nhangaazire
live long!,Hangaara
I don't live long,Tinhangaara
to be creative,Okuhangahanga
I be creative,Nhangahanga
he/she be creatives,Ahangahanga
I have be creatived,Nhangahangire
be creative!,Hangahanga
I don't be creative,Tinhangahanga
to repair,Okuhangirira
I repair,Nhangirira
he/she repairs,Ahangirira
I have repaired,Nhangirizire
repair!,Hangirira
I don't repair,Tinhangirira
to come unexpectedly,Okuhanguka
I come unexpectedly,Nhanguka
he/she come unexpectedlies,Ahanguka
I have come unexpectedlied,Nhangukire
come unexpectedly!,Hanguka
I don't come unexpectedly,Tinhanguka
widen or to enlarge,Okuhangusa
to become archaic,Okuhanguuka
I become archaic,Nhanguuka
he/she become archaics,Ahanguuka
I have become archaiced,Nhanguukire
become archaic!,Hanguuka
I don't become archaic,Tinhanguuka
to become unfashionable,Okuhanguuka
I become unfashionable,Nhanguuka
he/she become unfashionables,Ahanguuka
I have become unfashionabled,Nhanguukire
become unfashionable!,Hanguuka
I don't become unfashionable,Tinhanguuka
to raise something,Okuhanika
I raise something,Nhanika
he/she raise somethings,Ahanika
I have raise somethinged,Nhanikire
raise something!,Hanika
I don't raise something,Tinhanika
to discuss something,Okuhanuura
I discuss something,Nhanuura
he/she discuss somethings,Ahanuura
I have discuss somethinged,Nhanuuzire
discuss something!,Hanuura
I don't discuss something,Tinhanuura
to defaecate,Okuhanvuura
I defaecate,Nhanvuura
he/she defaecates,Ahanvuura
I have defaecated,Nhanvuuzire
defaecate!,Hanvuura
I don't defaecate,Tinhanvuura
(of animals) to feed,Okuhanza
I (of animals) to feed,Nhanza
he/she (of animals) to feeds,Ahanza
I have (of animals) to feeded,Nhanzire
(of animals) to feed!,Hanza
I don't (of animals) to feed,Tinhanza
to scratch,Okuhara
I scratch,Nhara
he/she scratches,Ahara
I have scratched,Nhazire
scratch!,Hara
I don't scratch,Tinhara
to play about,Okuharaatwa
I play about,Nharaatwa
he/she play abouts,Aharaatwa
I have play abouted,Nharaatwire
play about!,Haraatwa
I don't play about,Tinharaatwa
to make someone restless,Okuharahaaza
I make someone restless,Nharahaaza
he/she make someone restlesses,Aharahaaza
I have make someone restlessed,Nharahaazire
make someone restless!,Harahaaza
I don't make someone restless,Tinharahaaza
to make an attempt,Okuharahara
I make an attempt,Nharahara
he/she make an attempts,Aharahara
I have make an attempted,Nharahazire
make an attempt!,Harahara
I don't make an attempt,Tinharahara
to do shoddy work,Okuharambura
I do shoddy work,Nharambura
he/she do shoddy works,Aharambura
I have do shoddy worked,Nharambuzire
do shoddy work!,Harambura
I don't do shoddy work,Tinharambura
to crave for something,Okuharira
I crave for something,Nharira
he/she crave for somethings,Aharira
I have crave for somethinged,Nharizire
crave for something!,Harira
I don't crave for something,Tinharira
to compete,Okuhayana
I compete,Nhayana
he/she competes,Ahayana
I have competed,Nhayanire
compete!,Hayana
I don't compete,Tinhayana
to be disobedient,Okuhaza
I be disobedient,Nhaza
he/she be disobedients,Ahaza
I have be disobediented,Nhazire
be disobedient!,Haza
I don't be disobedient,Tinhaza
to stammer,Okuhebeba
I stammer,Nhebeba
he/she stammers,Ahebeba
I have stammered,Nhebebire
stammer!,Hebeba
I don't stammer,Tinhebeba
to woo a woman,Okuheeheeta
I woo a woman,Nheeheeta
he/she woo a womans,Aheeheeta
I have woo a womaned,Nheeheesire
woo a woman!,Heeheeta
I don't woo a woman,Tinheeheeta
to kill a person,Okuheekuura
I kill a person,Nheekuura
he/she kill a persons,Aheekuura
I have kill a personed,Nheekuuzire
kill a person!,Heekuura
I don't kill a person,Tinheekuura
to give,Okuheereza
I give,Nheereza
he/she gives,Aheereza
I have gived,Nheerezire
give!,Heereza
I don't give,Tinheereza
to serve,Okuheereza
I serve,Nheereza
he/she serves,Aheereza
I have served,Nheerezire
serve!,Heereza
I don't serve,Tinheereza
to become stunted,Okuhempura
I become stunted,Nhempura
he/she become stunteds,Ahempura
I have become stunteded,Nhempuzire
become stunted!,Hempura
I don't become stunted,Tinhempura
to be embarassed,Okuhemuka
I be embarassed,Nhemuka
he/she be embarasseds,Ahemuka
I have be embarasseded,Nhemukire
be embarassed!,Hemuka
I don't be embarassed,Tinhemuka
to embarrass someone,Okuhemura
I embarrass someone,Nhemura
he/she embarrass someones,Ahemura
I have embarrass someoned,Nhemuzire
embarrass someone!,Hemura
I don't embarrass someone,Tinhemura
to be a disgrace,Okuhemurana
I be a disgrace,Nhemurana
he/she be a disgraces,Ahemurana
I have be a disgraced,Nhemuranire
be a disgrace!,Hemurana
I don't be a disgrace,Tinhemurana
to break something,Okuhenda
I break something,Nhenda
he/she break somethings,Ahenda
I have break somethinged,Nhendire
break something!,Henda
I don't break something,Tinhenda
to get broken,Okuhendeka
I get broken,Nhendeka
he/she get brokens,Ahendeka
I have get brokened,Nhendekire
get broken!,Hendeka
I don't get broken,Tinhendeka
to insult someone,Okuhenduura
I insult someone,Nhenduura
he/she insult someones,Ahenduura
I have insult someoned,Nhenduuzire
insult someone!,Henduura
I don't insult someone,Tinhenduura
to fall over something,Okuhenengera
I fall over something,Nhenengera
he/she fall over somethings,Ahenengera
I have fall over somethinged,Nhenengezire
fall over something!,Henengera
I don't fall over something,Tinhenengera
to laugh excessively,Okuhenuza
I laugh excessively,Nhenuza
he/she laugh excessivelies,Ahenuza
I have laugh excessivelied,Nhenuzire
laugh excessively!,Henuza
I don't laugh excessively,Tinhenuza
to scold someone,Okuhera
I scold someone,Nhera
he/she scold someones,Ahera
I have scold someoned,Nhezire
scold someone!,Hera
I don't scold someone,Tinhera
to insult one another,Okuhesurana
I insult one another,Nhesurana
he/she insult one anothers,Ahesurana
I have insult one anothered,Nhesuranire
insult one another!,Hesurana
I don't insult one another,Tinhesurana
to support,Okuhigika
I support,Nhigika
he/she supports,Ahigika
I have supported,Nhigikire
support!,Higika
I don't support,Tinhigika
to grunt,Okuhigima
I grunt,Nhigima
he/she grunts,Ahigima
I have grunted,Nhigimire
grunt!,Higima
I don't grunt,Tinhigima
to hunt,Okuhiiga
I hunt,Nhiiga
he/she hunts,Ahiiga
I have hunted,Nhiigire
hunt!,Hiiga
I don't hunt,Tinhiiga
to persecute,Okuhiiganisa
I persecute,Nhiiganisa
he/she persecutes,Ahiiganisa
I have persecuted,Nhiiganisire
persecute!,Hiiganisa
I don't persecute,Tinhiiganisa
to be lucky,Okuhiirwa
I be lucky,Nhiirwa
he/she be luckies,Ahiirwa
I have be luckied,Nhiirwire
be lucky!,Hiirwa
I don't be lucky,Tinhiirwa
to get something right,Okuhika
I get something right,Nhika
he/she get something rights,Ahika
I have get something righted,Nhikire
get something right!,Hika
I don't get something right,Tinhika
to be righteous,Okuhikiirira
I be righteous,Nhikiirira
he/she be righteouses,Ahikiirira
I have be righteoused,Nhikiirizire
be righteous!,Hikiirira
I don't be righteous,Tinhikiirira
to fulfil,Okuhikiiriza
I fulfil,Nhikiiriza
he/she fulfils,Ahikiiriza
I have fulfiled,Nhikiirizire
fulfil!,Hikiiriza
I don't fulfil,Tinhikiiriza
to be a victim,Okuhikirwa
I be a victim,Nhikirwa
he/she be a victims,Ahikirwa
I have be a victimed,Nhikirwire
be a victim!,Hikirwa
I don't be a victim,Tinhikirwa
to praise,Okuhimbisa
I praise,Nhimbisa
he/she praises,Ahimbisa
I have praised,Nhimbisire
praise!,Himbisa
I don't praise,Tinhimbisa
to change,Okuhinduka
I change,Nhinduka
he/she changes,Ahinduka
I have changed,Nhindukire
change!,Hinduka
I don't change,Tinhinduka
to convert,Okuhinduka
I convert,Nhinduka
he/she converts,Ahinduka
I have converted,Nhindukire
convert!,Hinduka
I don't convert,Tinhinduka
to dig or cultivate,Okuhinga
I dig or cultivate,Nhinga
he/she dig or cultivates,Ahinga
I have dig or cultivated,Nhingire
dig or cultivate!,Hinga
I don't dig or cultivate,Tinhinga
to exchange,Okuhingaana
I exchange,Nhingaana
he/she exchanges,Ahingaana
I have exchanged,Nhingaanire
exchange!,Hingaana
I don't exchange,Tinhingaana
to over-lap,Okuhingikana
I over-lap,Nhingikana
he/she over-laps,Ahingikana
I have over-laped,Nhingikanire
over-lap!,Hingikana
I don't over-lap,Tinhingikana
to register,Okuhingiza
I register,Nhingiza
he/she registers,Ahingiza
I have registered,Nhingizire
register!,Hingiza
I don't register,Tinhingiza
make someone pass something,Okuhinguza
I make someone pass something,Nhinguza
he/she make someone pass somethings,Ahinguza
I have make someone pass somethinged,Nhinguzire
make someone pass something!,Hinguza
I don't make someone pass something,Tinhinguza
to gush out,Okuhinintuka
I gush out,Nhinintuka
he/she gush outs,Ahinintuka
I have gush outed,Nhinintukire
gush out!,Hinintuka
I don't gush out,Tinhinintuka
to fall down,Okuhirima
I fall down,Nhirima
he/she fall downs,Ahirima
I have fall downed,Nhirimire
fall down!,Hirima
I don't fall down,Tinhirima
to make something roll,Okuhiringisa
I make something roll,Nhiringisa
he/she make something rolls,Ahiringisa
I have make something rolled,Nhiringisire
make something roll!,Hiringisa
I don't make something roll,Tinhiringisa
to roll,Okuhiringita
I roll,Nhiringita
he/she rolls,Ahiringita
I have rolled,Nhiringisire
roll!,Hiringita
I don't roll,Tinhiringita
to make something roll,Okuhiringuza
I make something roll,Nhiringuza
he/she make something rolls,Ahiringuza
I have make something rolled,Nhiringuzire
make something roll!,Hiringuza
I don't make something roll,Tinhiringuza
to invoke evil spirits,Okuhiriza
I invoke evil spirits,Nhiriza
he/she invoke evil spiritses,Ahiriza
I have invoke evil spiritsed,Nhirizire
invoke evil spirits!,Hiriza
I don't invoke evil spirits,Tinhiriza
to become very soft,Okuhoha
I become very soft,Nhoha
he/she become very softs,Ahoha
I have become very softed,Nhohire
become very soft!,Hoha
I don't become very soft,Tinhoha
to plaster,Okuhoma
I plaster,Nhoma
he/she plasters,Ahoma
I have plastered,Nhomire
plaster!,Homa
I don't plaster,Tinhoma
to shrivel up,Okuhombanya
I shrivel up,Nhombanya
he/she shrivel ups,Ahombanya
I have shrivel uped,Nhombanyire
shrivel up!,Hombanya
I don't shrivel up,Tinhombanya
to undress in public,Okuhompoora
I undress in public,Nhompoora
he/she undress in publics,Ahompoora
I have undress in publiced,Nhompoozire
undress in public!,Hompoora
I don't undress in public,Tinhompoora
(of cereals) to overgrow,Okuhona
I (of cereals) to overgrow,Nhona
he/she (of cereals) to overgrows,Ahona
I have (of cereals) to overgrowed,Nhonire
(of cereals) to overgrow!,Hona
I don't (of cereals) to overgrow,Tinhona
to hit or knock,Okuhonda
I hit or knock,Nhonda
he/she hit or knocks,Ahonda
I have hit or knocked,Nhondire
hit or knock!,Honda
I don't hit or knock,Tinhonda
to pound,Okuhonda
I pound,Nhonda
he/she pounds,Ahonda
I have pounded,Nhondire
pound!,Honda
I don't pound,Tinhonda
to oversleep,Okuhondeeza
I oversleep,Nhondeeza
he/she oversleeps,Ahondeeza
I have oversleeped,Nhondeezire
oversleep!,Hondeeza
I don't oversleep,Tinhondeeza
"to hug, to embrace",Okuhoobeera
"I hug, to embrace",Nhoobeera
"he/she hug, to embraces",Ahoobeera
"I have hug, to embraced",Nhoobeezire
"hug, to embrace!",Hoobeera
"I don't hug, to embrace",Tinhoobeera
to pay tax,Okuhoora
I pay tax,Nhoora
he/she pay taxs,Ahoora
I have pay taxed,Nhoozire
pay tax!,Hoora
I don't pay tax,Tinhoora
to revenge,Okuhoora-enzigu
I revenge,Nhoora-enzigu
he/she revenges,Ahoora-enzigu
I have revenged,Nhoora-enziguire
revenge!,Hoora-enzigu
I don't revenge,Tinhoora-enzigu
roaring,Okuhoorera
to cool,Okuhora
I cool,Nhora
he/she cools,Ahora
I have cooled,Nhozire
cool!,Hora
I don't cool,Tinhora
panting,Okuhorogoma
to lose weight,Okuhoroota
I lose weight,Nhoroota
he/she lose weights,Ahoroota
I have lose weighted,Nhoroosire
lose weight!,Horoota
I don't lose weight,Tinhoroota
moral decay,Okuhota
to twist,Okuhotora
I twist,Nhotora
he/she twists,Ahotora
I have twisted,Nhotozire
twist!,Hotora
I don't twist,Tinhotora
to return something,Okuhotora
I return something,Nhotora
he/she return somethings,Ahotora
I have return somethinged,Nhotozire
return something!,Hotora
I don't return something,Tinhotora
to be greedy,Okuhuba
I be greedy,Nhuba
he/she be greedies,Ahuba
I have be greedied,Nhubire
be greedy!,Huba
I don't be greedy,Tinhuba
to be greedy,Okuhugusa
I be greedy,Nhugusa
he/she be greedies,Ahugusa
I have be greedied,Nhugusire
be greedy!,Hugusa
I don't be greedy,Tinhugusa
to clarify something,Okuhuguura
I clarify something,Nhuguura
he/she clarify somethings,Ahuguura
I have clarify somethinged,Nhuguuzire
clarify something!,Huguura
I don't clarify something,Tinhuguura
to wheeze restlessly,Okuhujeera
I wheeze restlessly,Nhujeera
he/she wheeze restlesslies,Ahujeera
I have wheeze restlesslied,Nhujeezire
wheeze restlessly!,Hujeera
I don't wheeze restlessly,Tinhujeera
to become blind,Okuhuma
I become blind,Nhuma
he/she become blinds,Ahuma
I have become blinded,Nhumire
become blind!,Huma
I don't become blind,Tinhuma
to become a leper,Okuhumaana
I become a leper,Nhumaana
he/she become a lepers,Ahumaana
I have become a lepered,Nhumaanire
become a leper!,Humaana
I don't become a leper,Tinhumaana
to close one's eyes,Okuhumagiza
I close one's eyes,Nhumagiza
he/she close one's eyeses,Ahumagiza
I have close one's eyesed,Nhumagizire
close one's eyes!,Humagiza
I don't close one's eyes,Tinhumagiza
to gather wild berries,Okuhumba
I gather wild berries,Nhumba
he/she gather wild berrieses,Ahumba
I have gather wild berriesed,Nhumbire
gather wild berries!,Humba
I don't gather wild berries,Tinhumba
to swarm around,Okuhumbata
I swarm around,Nhumbata
he/she swarm arounds,Ahumbata
I have swarm arounded,Nhumbasire
swarm around!,Humbata
I don't swarm around,Tinhumbata
to resurrect,Okuhumbuuka
I resurrect,Nhumbuuka
he/she resurrects,Ahumbuuka
I have resurrected,Nhumbuukire
resurrect!,Humbuuka
I don't resurrect,Tinhumbuuka
to pray for someone,Okuhumbya
I pray for someone,Nhumbya
he/she pray for someones,Ahumbya
I have pray for someoned,Nhumbyire
pray for someone!,Humbya
I don't pray for someone,Tinhumbya
to wink eyes,Okuhumbya
I wink eyes,Nhumbya
he/she wink eyeses,Ahumbya
I have wink eyesed,Nhumbyire
wink eyes!,Humbya
I don't wink eyes,Tinhumbya
to close on's eyes,Okuhumiriza
I close on's eyes,Nhumiriza
he/she close on's eyeses,Ahumiriza
I have close on's eyesed,Nhumirizire
close on's eyes!,Humiriza
I don't close on's eyes,Tinhumiriza
to close the eyes,Okuhumiza
I close the eyes,Nhumiza
he/she close the eyeses,Ahumiza
I have close the eyesed,Nhumizire
close the eyes!,Humiza
I don't close the eyes,Tinhumiza
to open eyes,Okuhumuura
I open eyes,Nhumuura
he/she open eyeses,Ahumuura
I have open eyesed,Nhumuuzire
open eyes!,Humuura
I don't open eyes,Tinhumuura
to decorate,Okuhunama
I decorate,Nhunama
he/she decorates,Ahunama
I have decorated,Nhunamire
decorate!,Hunama
I don't decorate,Tinhunama
to grow thin,Okuhundama
I grow thin,Nhundama
he/she grow thins,Ahundama
I have grow thined,Nhundamire
grow thin!,Hundama
I don't grow thin,Tinhundama
to cause starvation,Okuhundika
I cause starvation,Nhundika
he/she cause starvations,Ahundika
I have cause starvationed,Nhundikire
cause starvation!,Hundika
I don't cause starvation,Tinhundika
to lose lusture,Okuhunduuka
I lose lusture,Nhunduuka
he/she lose lustures,Ahunduuka
I have lose lustured,Nhunduukire
lose lusture!,Hunduuka
I don't lose lusture,Tinhunduuka
to make something fade,Okuhunduura
I make something fade,Nhunduura
he/she make something fades,Ahunduura
I have make something faded,Nhunduuzire
make something fade!,Hunduura
I don't make something fade,Tinhunduura
to renovate,Okuhunduuza
I renovate,Nhunduuza
he/she renovates,Ahunduuza
I have renovated,Nhunduuzire
renovate!,Hunduuza
I don't renovate,Tinhunduuza
to wander,Okuhungungwa
I wander,Nhungungwa
he/she wanders,Ahungungwa
I have wandered,Nhungungwire
wander!,Hungungwa
I don't wander,Tinhungungwa
to shake the buttocks,Okuhungura
I shake the buttocks,Nhungura
he/she shake the buttockses,Ahungura
I have shake the buttocksed,Nhunguzire
shake the buttocks!,Hungura
I don't shake the buttocks,Tinhungura
to lose some senses,Okuhungutuka
I lose some senses,Nhungutuka
he/she lose some senseses,Ahungutuka
I have lose some sensesed,Nhungutukire
lose some senses!,Hungutuka
I don't lose some senses,Tinhungutuka
to have a nap,Okuhunjagara
I have a nap,Nhunjagara
he/she have a naps,Ahunjagara
I have have a naped,Nhunjagazire
have a nap!,Hunjagara
I don't have a nap,Tinhunjagara
to flee from danger,Okuhunyahunya
I flee from danger,Nhunyahunya
he/she flee from dangers,Ahunyahunya
I have flee from dangered,Nhunyahunyire
flee from danger!,Hunyahunya
I don't flee from danger,Tinhunyahunya
to listen,Okuhurikiza
I listen,Nhurikiza
he/she listens,Ahurikiza
I have listened,Nhurikizire
listen!,Hurikiza
I don't listen,Tinhurikiza
to hear,Okuhurira
I hear,Nhurira
he/she hears,Ahurira
I have heared,Nhurizire
hear!,Hurira
I don't hear,Tinhurira
to keep in touch,Okuhurizana
I keep in touch,Nhurizana
he/she keep in touches,Ahurizana
I have keep in touched,Nhurizanire
keep in touch!,Hurizana
I don't keep in touch,Tinhurizana
to move secretly,Okuhurubuka
I move secretly,Nhurubuka
he/she move secretlies,Ahurubuka
I have move secretlied,Nhurubukire
move secretly!,Hurubuka
I don't move secretly,Tinhurubuka
to grow thin,Okuhururuka
I grow thin,Nhururuka
he/she grow thins,Ahururuka
I have grow thined,Nhururukire
grow thin!,Hururuka
I don't grow thin,Tinhururuka
to starve,Okuhururura
I starve,Nhururura
he/she starves,Ahururura
I have starved,Nhururuzire
starve!,Hururura
I don't starve,Tinhururura
to be in pain,Okuhururwa
I be in pain,Nhururwa
he/she be in pains,Ahururwa
I have be in pained,Nhururwire
be in pain!,Hururwa
I don't be in pain,Tinhururwa
to happen very fast,Okuhuruutuka
I happen very fast,Nhuruutuka
he/she happen very fasts,Ahuruutuka
I have happen very fasted,Nhuruutukire
happen very fast!,Huruutuka
I don't happen very fast,Tinhuruutuka
to rush,Okuhuruutuka
I rush,Nhuruutuka
he/she rushes,Ahuruutuka
I have rushed,Nhuruutukire
rush!,Huruutuka
I don't rush,Tinhuruutuka
to scare someone,Okuhuruutura
I scare someone,Nhuruutura
he/she scare someones,Ahuruutura
I have scare someoned,Nhuruutuzire
scare someone!,Huruutura
I don't scare someone,Tinhuruutura
to be injured,Okuhutaara
I be injured,Nhutaara
he/she be injureds,Ahutaara
I have be injureded,Nhutaazire
be injured!,Hutaara
I don't be injured,Tinhutaara
to swing,Okuhuuba
I swing,Nhuuba
he/she swings,Ahuuba
I have swinged,Nhuubire
swing!,Huuba
I don't swing,Tinhuuba
to feel dizzy,Okuhuugiza
I feel dizzy,Nhuugiza
he/she feel dizzies,Ahuugiza
I have feel dizzied,Nhuugizire
feel dizzy!,Huugiza
I don't feel dizzy,Tinhuugiza
to hide,Okuhuugiza
I hide,Nhuugiza
he/she hides,Ahuugiza
I have hided,Nhuugizire
hide!,Huugiza
I don't hide,Tinhuugiza
to blow,Okuhuuha
I blow,Nhuuha
he/she blows,Ahuuha
I have blowed,Nhuuhire
blow!,Huuha
I don't blow,Tinhuuha
to chase something away,Okuhuuha
I chase something away,Nhuuha
he/she chase something aways,Ahuuha
I have chase something awayed,Nhuuhire
chase something away!,Huuha
I don't chase something away,Tinhuuha
to gulp,Okuhuukura
I gulp,Nhuukura
he/she gulps,Ahuukura
I have gulped,Nhuukuzire
gulp!,Huukura
I don't gulp,Tinhuukura
to eat food greedily,Okuhuukura
I eat food greedily,Nhuukura
he/she eat food greedilies,Ahuukura
I have eat food greedilied,Nhuukuzire
eat food greedily!,Huukura
I don't eat food greedily,Tinhuukura
to hoot,Okuhuuma
I hoot,Nhuuma
he/she hoots,Ahuuma
I have hooted,Nhuumire
hoot!,Huuma
I don't hoot,Tinhuuma
to retire someone,Okuhuumuza
I retire someone,Nhuumuza
he/she retire someones,Ahuumuza
I have retire someoned,Nhuumuzire
retire someone!,Huumuza
I don't retire someone,Tinhuumuza
to grunt,Okuhuuna
I grunt,Nhuuna
he/she grunts,Ahuuna
I have grunted,Nhuunire
grunt!,Huuna
I don't grunt,Tinhuuna
to grunt in bewilderment,Okuhuunagira
I grunt in bewilderment,Nhuunagira
he/she grunt in bewilderments,Ahuunagira
I have grunt in bewildermented,Nhuunagizire
grunt in bewilderment!,Huunagira
I don't grunt in bewilderment,Tinhuunagira
to thresh,Okuhuura
I thresh,Nhuura
he/she threshes,Ahuura
I have threshed,Nhuuzire
thresh!,Huura
I don't thresh,Tinhuura
to confuse two things,Okuhuurikana
I confuse two things,Nhuurikana
he/she confuse two thingses,Ahuurikana
I have confuse two thingsed,Nhuurikanire
confuse two things!,Huurikana
I don't confuse two things,Tinhuurikana
to get finished,Okuhwa
I get finished,Nhwa
he/she get finisheds,Ahwa
I have get finisheded,Nhwire
get finished!,Hwa
I don't get finished,Tinhwa
to be completely finished,Okuhwaho
I be completely finished,Nhwaho
he/she be completely finisheds,Ahwaho
I have be completely finisheded,Nhwahoire
be completely finished!,Hwaho
I don't be completely finished,Tinhwaho
to be amnihilated,Okuhwaho
I be amnihilated,Nhwaho
he/she be amnihilateds,Ahwaho
I have be amnihilateded,Nhwahoire
be amnihilated!,Hwaho
I don't be amnihilated,Tinhwaho
to hesitate,Okuhwama
I hesitate,Nhwama
he/she hesitates,Ahwama
I have hesitated,Nhwamire
hesitate!,Hwama
I don't hesitate,Tinhwama
to get finished,Okuhwamu
I get finished,Nhwamu
he/she get finisheds,Ahwamu
I have get finisheded,Nhwamuire
get finished!,Hwamu
I don't get finished,Tinhwamu
to be separated,Okuhwanaho
I be separated,Nhwanaho
he/she be separateds,Ahwanaho
I have be separateded,Nhwanahoire
be separated!,Hwanaho
I don't be separated,Tinhwanaho
to lose concentration,Okuhwaziira
I lose concentration,Nhwaziira
he/she lose concentrations,Ahwaziira
I have lose concentrationed,Nhwaziizire
lose concentration!,Hwaziira
I don't lose concentration,Tinhwaziira
to whisper to somebody,Okuhwehura
I whisper to somebody,Nhwehura
he/she whisper to somebodies,Ahwehura
I have whisper to somebodied,Nhwehuzire
whisper to somebody!,Hwehura
I don't whisper to somebody,Tinhwehura
to dose,Okuhwekera
I dose,Nhwekera
he/she doses,Ahwekera
I have dosed,Nhwekezire
dose!,Hwekera
I don't dose,Tinhwekera
to help or assist,Okuhwera
I help or assist,Nhwera
he/she help or assists,Ahwera
I have help or assisted,Nhwezire
help or assist!,Hwera
I don't help or assist,Tinhwera
to be destroyed completely,Okuhwerekerera
I be destroyed completely,Nhwerekerera
he/she be destroyed completelies,Ahwerekerera
I have be destroyed completelied,Nhwerekerezire
be destroyed completely!,Hwerekerera
I don't be destroyed completely,Tinhwerekerera
to dissolve,Okuhwerera
I dissolve,Nhwerera
he/she dissolves,Ahwerera
I have dissolved,Nhwerezire
dissolve!,Hwerera
I don't dissolve,Tinhwerera
to die down,Okuhwerera
I die down,Nhwerera
he/she die downs,Ahwerera
I have die downed,Nhwerezire
die down!,Hwerera
I don't die down,Tinhwerera
to wear out,Okuhwerera
I wear out,Nhwerera
he/she wear outs,Ahwerera
I have wear outed,Nhwerezire
wear out!,Hwerera
I don't wear out,Tinhwerera
to be dispersed,Okuhwerera
I be dispersed,Nhwerera
he/she be disperseds,Ahwerera
I have be disperseded,Nhwerezire
be dispersed!,Hwerera
I don't be dispersed,Tinhwerera
to grow very old,Okuhwita
I grow very old,Nhwita
he/she grow very olds,Ahwita
I have grow very olded,Nhwisire
grow very old!,Hwita
I don't grow very old,Tinhwita
to spread about,Okujaakara
I spread about,Njaakara
he/she spread abouts,Ajaakara
I have spread abouted,Njaakazire
spread about!,Jaakara
I don't spread about,Tinjaakara
to wander,Okujaayana
I wander,Njaayana
he/she wanders,Ajaayana
I have wandered,Njaayanire
wander!,Jaayana
I don't wander,Tinjaayana
to do something haphazzardly,Okujabajaba
I do something haphazzardly,Njabajaba
he/she do something haphazzardlies,Ajabajaba
I have do something haphazzardlied,Njabajabire
do something haphazzardly!,Jabajaba
I don't do something haphazzardly,Tinjabajaba
to make untidy,Okujabanga
I make untidy,Njabanga
he/she make untidies,Ajabanga
I have make untidied,Njabangire
make untidy!,Jabanga
I don't make untidy,Tinjabanga
to be shabby,Okujabiirira
I be shabby,Njabiirira
he/she be shabbies,Ajabiirira
I have be shabbied,Njabiirizire
be shabby!,Jabiirira
I don't be shabby,Tinjabiirira
to walk in water,Okujabuza
I walk in water,Njabuza
he/she walk in waters,Ajabuza
I have walk in watered,Njabuzire
walk in water!,Jabuza
I don't walk in water,Tinjabuza
to be hairly,Okujagaata
I be hairly,Njagaata
he/she be hairlies,Ajagaata
I have be hairlied,Njagaasire
be hairly!,Jagaata
I don't be hairly,Tinjagaata
to have many leaves,Okujagaata
I have many leaves,Njagaata
he/she have many leaveses,Ajagaata
I have have many leavesed,Njagaasire
have many leaves!,Jagaata
I don't have many leaves,Tinjagaata
to be restless,Okujagajaga
I be restless,Njagajaga
he/she be restlesses,Ajagajaga
I have be restlessed,Njagajagire
be restless!,Jagajaga
I don't be restless,Tinjagajaga
to be excited,Okujagarara
I be excited,Njagarara
he/she be exciteds,Ajagarara
I have be exciteded,Njagarazire
be excited!,Jagarara
I don't be excited,Tinjagarara
to notch the ear,Okujagura
I notch the ear,Njagura
he/she notch the ears,Ajagura
I have notch the eared,Njaguzire
notch the ear!,Jagura
I don't notch the ear,Tinjagura
to celebrate,Okujaguza
I celebrate,Njaguza
he/she celebrates,Ajaguza
I have celebrated,Njaguzire
celebrate!,Jaguza
I don't celebrate,Tinjaguza
to feel comfortable,Okujajama
I feel comfortable,Njajama
he/she feel comfortables,Ajajama
I have feel comfortabled,Njajamire
feel comfortable!,Jajama
I don't feel comfortable,Tinjajama
to do things haphazardly,Okujajura
I do things haphazardly,Njajura
he/she do things haphazardlies,Ajajura
I have do things haphazardlied,Njajuzire
do things haphazardly!,Jajura
I don't do things haphazardly,Tinjajura
to snatch,Okujandura
I snatch,Njandura
he/she snatches,Ajandura
I have snatched,Njanduzire
snatch!,Jandura
I don't snatch,Tinjandura
take something by surprise,Okujanduura
I take something by surprise,Njanduura
he/she take something by surprises,Ajanduura
I have take something by surprised,Njanduuzire
take something by surprise!,Janduura
I don't take something by surprise,Tinjanduura
to spread,Okujanjaara
I spread,Njanjaara
he/she spreads,Ajanjaara
I have spreaded,Njanjaazire
spread!,Janjaara
I don't spread,Tinjanjaara
(of flowers) to unfold,Okujanjamura
I (of flowers) to unfold,Njanjamura
he/she (of flowers) to unfolds,Ajanjamura
I have (of flowers) to unfolded,Njanjamuzire
(of flowers) to unfold!,Janjamura
I don't (of flowers) to unfold,Tinjanjamura
to loiter,Okujarajara
I loiter,Njarajara
he/she loiters,Ajarajara
I have loitered,Njarajazire
loiter!,Jarajara
I don't loiter,Tinjarajara
to disobey,Okujeema
I disobey,Njeema
he/she disobeys,Ajeema
I have disobeyed,Njeemire
disobey!,Jeema
I don't disobey,Tinjeema
to be loose,Okujega
I be loose,Njega
he/she be looses,Ajega
I have be loosed,Njegire
be loose!,Jega
I don't be loose,Tinjega
to become sodden,Okujenga
I become sodden,Njenga
he/she become soddens,Ajenga
I have become soddened,Njengire
become sodden!,Jenga
I don't become sodden,Tinjenga
to tie something loosely,Okujenjereka
I tie something loosely,Njenjereka
he/she tie something looselies,Ajenjereka
I have tie something looselied,Njenjerekire
tie something loosely!,Jenjereka
I don't tie something loosely,Tinjenjereka
to weave neatly,Okujerenga
I weave neatly,Njerenga
he/she weave neatlies,Ajerenga
I have weave neatlied,Njerengire
weave neatly!,Jerenga
I don't weave neatly,Tinjerenga
to be very angry,Okujiriiza
I be very angry,Njiriiza
he/she be very angries,Ajiriiza
I have be very angried,Njiriizire
be very angry!,Jiriiza
I don't be very angry,Tinjiriiza
to dilute a drink,Okujojora
I dilute a drink,Njojora
he/she dilute a drinks,Ajojora
I have dilute a drinked,Njojozire
dilute a drink!,Jojora
I don't dilute a drink,Tinjojora
to become very soft,Okujongoma
I become very soft,Njongoma
he/she become very softs,Ajongoma
I have become very softed,Njongomire
become very soft!,Jongoma
I don't become very soft,Tinjongoma
to piss,Okujoroga
I piss,Njoroga
he/she pisses,Ajoroga
I have pissed,Njorogire
piss!,Joroga
I don't piss,Tinjoroga
knee,Okuju
to fish,Okujuba
I fish,Njuba
he/she fishes,Ajuba
I have fished,Njubire
fish!,Juba
I don't fish,Tinjuba
to pay bride price,Okujuga
I pay bride price,Njuga
he/she pay bride prices,Ajuga
I have pay bride priced,Njugire
pay bride price!,Juga
I don't pay bride price,Tinjuga
to charge something dearly,Okujugisa
I charge something dearly,Njugisa
he/she charge something dearlies,Ajugisa
I have charge something dearlied,Njugisire
charge something dearly!,Jugisa
I don't charge something dearly,Tinjugisa
to make fire,Okujugutirira
I make fire,Njugutirira
he/she make fires,Ajugutirira
I have make fired,Njugutirizire
make fire!,Jugutirira
I don't make fire,Tinjugutirira
to grow very fat,Okujujuuka
I grow very fat,Njujuuka
he/she grow very fats,Ajujuuka
I have grow very fated,Njujuukire
grow very fat!,Jujuuka
I don't grow very fat,Tinjujuuka
to compete,Okujukaana
I compete,Njukaana
he/she competes,Ajukaana
I have competed,Njukaanire
compete!,Jukaana
I don't compete,Tinjukaana
to insult,Okujuma
I insult,Njuma
he/she insults,Ajuma
I have insulted,Njumire
insult!,Juma
I don't insult,Tinjuma
to discover,Okujumbura
I discover,Njumbura
he/she discovers,Ajumbura
I have discovered,Njumbuzire
discover!,Jumbura
I don't discover,Tinjumbura
to testify,Okujurira
I testify,Njurira
he/she testifies,Ajurira
I have testified,Njurizire
testify!,Jurira
I don't testify,Tinjurira
to appeal,Okujurira
I appeal,Njurira
he/she appeals,Ajurira
I have appealed,Njurizire
appeal!,Jurira
I don't appeal,Tinjurira
to be naive,Okujuumagira
I be naive,Njuumagira
he/she be naives,Ajuumagira
I have be naived,Njuumagizire
be naive!,Juumagira
I don't be naive,Tinjuumagira
to be overturned,Okujuumara
I be overturned,Njuumara
he/she be overturneds,Ajuumara
I have be overturneded,Njuumazire
be overturned!,Juumara
I don't be overturned,Tinjuumara
to do something haphazardly,Okujuyajuya
I do something haphazardly,Njuyajuya
he/she do something haphazardlies,Ajuyajuya
I have do something haphazardlied,Njuyajuyire
do something haphazardly!,Juyajuya
I don't do something haphazardly,Tinjuyajuya
to disorganise,Okujuyanga
I disorganise,Njuyanga
he/she disorganises,Ajuyanga
I have disorganised,Njuyangire
disorganise!,Juyanga
I don't disorganise,Tinjuyanga
to bleed,Okujwa
I bleed,Njwa
he/she bleeds,Ajwa
I have bleeded,Njwire
bleed!,Jwa
I don't bleed,Tinjwa
to shine,Okujwa
I shine,Njwa
he/she shines,Ajwa
I have shined,Njwire
shine!,Jwa
I don't shine,Tinjwa
to separate,Okujwagura
I separate,Njwagura
he/she separates,Ajwagura
I have separated,Njwaguzire
separate!,Jwagura
I don't separate,Tinjwagura
to mix,Okujwanga
I mix,Njwanga
he/she mixs,Ajwanga
I have mixed,Njwangire
mix!,Jwanga
I don't mix,Tinjwanga
to represent,Okujwekera
I represent,Njwekera
he/she represents,Ajwekera
I have represented,Njwekezire
represent!,Jwekera
I don't represent,Tinjwekera
to rustle,Okukaabuuza
I rustle,Nkaabuuza
he/she rustles,Akaabuuza
I have rustled,Nkaabuuzire
rustle!,Kaabuuza
I don't rustle,Tinkaabuuza
to be strong,Okukaakaara
I be strong,Nkaakaara
he/she be strongs,Akaakaara
I have be stronged,Nkaakaazire
be strong!,Kaakaara
I don't be strong,Tinkaakaara
to move slowly,Okukaanyuka
I move slowly,Nkaanyuka
he/she move slowlies,Akaanyuka
I have move slowlied,Nkaanyukire
move slowly!,Kaanyuka
I don't move slowly,Tinkaanyuka
to compel,Okukaka
I compel,Nkaka
he/she compels,Akaka
I have compeled,Nkakire
compel!,Kaka
I don't compel,Tinkaka
to become rough,Okukamba
I become rough,Nkamba
he/she become roughs,Akamba
I have become roughed,Nkambire
become rough!,Kamba
I don't become rough,Tinkamba
to camp,Okukambiika
I camp,Nkambiika
he/she camps,Akambiika
I have camped,Nkambiikire
camp!,Kambiika
I don't camp,Tinkambiika
to lose roof,Okukambuka
I lose roof,Nkambuka
he/she lose roofs,Akambuka
I have lose roofed,Nkambukire
lose roof!,Kambuka
I don't lose roof,Tinkambuka
to become emanciated,Okukambuka
I become emanciated,Nkambuka
he/she become emanciateds,Akambuka
I have become emanciateded,Nkambukire
become emanciated!,Kambuka
I don't become emanciated,Tinkambuka
to demolish a structure,Okukambuura
I demolish a structure,Nkambuura
he/she demolish a structures,Akambuura
I have demolish a structured,Nkambuuzire
demolish a structure!,Kambuura
I don't demolish a structure,Tinkambuura
to be partially dry,Okukamuuka
I be partially dry,Nkamuuka
he/she be partially dries,Akamuuka
I have be partially dried,Nkamuukire
be partially dry!,Kamuuka
I don't be partially dry,Tinkamuuka
to breath with difficulties,Okukanagira
I breath with difficulties,Nkanagira
he/she breath with difficultieses,Akanagira
I have breath with difficultiesed,Nkanagizire
breath with difficulties!,Kanagira
I don't breath with difficulties,Tinkanagira
to hit repeatedly,Okukananga
I hit repeatedly,Nkananga
he/she hit repeatedlies,Akananga
I have hit repeatedlied,Nkanangire
hit repeatedly!,Kananga
I don't hit repeatedly,Tinkananga
to knead with hands,Okukanda
I knead with hands,Nkanda
he/she knead with handses,Akanda
I have knead with handsed,Nkandire
knead with hands!,Kanda
I don't knead with hands,Tinkanda
to be startled,Okukangarana
I be startled,Nkangarana
he/she be startleds,Akangarana
I have be startleded,Nkangaranire
be startled!,Kangarana
I don't be startled,Tinkangarana
to chew something,Okukanjakanja
I chew something,Nkanjakanja
he/she chew somethings,Akanjakanja
I have chew somethinged,Nkanjakanzire
chew something!,Kanjakanja
I don't chew something,Tinkanjakanja
to dismember,Okukankabura
I dismember,Nkankabura
he/she dismembers,Akankabura
I have dismembered,Nkankabuzire
dismember!,Kankabura
I don't dismember,Tinkankabura
to shout,Okukankama
I shout,Nkankama
he/she shouts,Akankama
I have shouted,Nkankamire
shout!,Kankama
I don't shout,Tinkankama
to sign one's name,Okukaraga
I sign one's name,Nkaraga
he/she sign one's names,Akaraga
I have sign one's named,Nkaragire
sign one's name!,Karaga
I don't sign one's name,Tinkaraga
to tickle,Okukaragata
I tickle,Nkaragata
he/she tickles,Akaragata
I have tickled,Nkaragasire
tickle!,Karagata
I don't tickle,Tinkaragata
to repeat a performance,Okukarangura
I repeat a performance,Nkarangura
he/she repeat a performances,Akarangura
I have repeat a performanced,Nkaranguzire
repeat a performance!,Karangura
I don't repeat a performance,Tinkarangura
to snap,Okukatuka
I snap,Nkatuka
he/she snaps,Akatuka
I have snaped,Nkatukire
snap!,Katuka
I don't snap,Tinkatuka
to take a detour,Okukiikama
I take a detour,Nkiikama
he/she take a detours,Akiikama
I have take a detoured,Nkiikamire
take a detour!,Kiikama
I don't take a detour,Tinkiikama
to mock,Okukimba
I mock,Nkimba
he/she mocks,Akimba
I have mocked,Nkimbire
mock!,Kimba
I don't mock,Tinkimba
to be sarcastic,Okukiniika
I be sarcastic,Nkiniika
he/she be sarcastics,Akiniika
I have be sarcasticed,Nkiniikire
be sarcastic!,Kiniika
I don't be sarcastic,Tinkiniika
to consume everything,Okukinura
I consume everything,Nkinura
he/she consume everythings,Akinura
I have consume everythinged,Nkinuzire
consume everything!,Kinura
I don't consume everything,Tinkinura
to kill suddenly,Okukinura
I kill suddenly,Nkinura
he/she kill suddenlies,Akinura
I have kill suddenlied,Nkinuzire
kill suddenly!,Kinura
I don't kill suddenly,Tinkinura
to give birth,Okukira
I give birth,Nkira
he/she give births,Akira
I have give birthed,Nkizire
give birth!,Kira
I don't give birth,Tinkira
to survive narrowly,Okukiriirira
I survive narrowly,Nkiriirira
he/she survive narrowlies,Akiriirira
I have survive narrowlied,Nkiriirizire
survive narrowly!,Kiriirira
I don't survive narrowly,Tinkiriirira
to recover from sickness,Okukiruuka
I recover from sickness,Nkiruuka
he/she recover from sicknesses,Akiruuka
I have recover from sicknessed,Nkiruukire
recover from sickness!,Kiruuka
I don't recover from sickness,Tinkiruuka
to break into pieces,Okukocakocora
I break into pieces,Nkocakocora
he/she break into pieceses,Akocakocora
I have break into piecesed,Nkocakocozire
break into pieces!,Kocakocora
I don't break into pieces,Tinkocakocora
to snatch,Okukohekana
I snatch,Nkohekana
he/she snatches,Akohekana
I have snatched,Nkohekanire
snatch!,Kohekana
I don't snatch,Tinkohekana
to cause shriveling,Okukokoosa
I cause shriveling,Nkokoosa
he/she cause shrivelings,Akokoosa
I have cause shrivelinged,Nkokoosire
cause shriveling!,Kokoosa
I don't cause shriveling,Tinkokoosa
to make backcloth,Okukomaga
I make backcloth,Nkomaga
he/she make backcloths,Akomaga
I have make backclothed,Nkomagire
make backcloth!,Komaga
I don't make backcloth,Tinkomaga
to shrivel,Okukombatana
I shrivel,Nkombatana
he/she shrivels,Akombatana
I have shriveled,Nkombatanire
shrivel!,Kombatana
I don't shrivel,Tinkombatana
to originate from somewherey,Okukomooka
I originate from somewherey,Nkomooka
he/she originate from somewhereys,Akomooka
I have originate from somewhereyed,Nkomookire
originate from somewherey!,Komooka
I don't originate from somewherey,Tinkomooka
to blink,Okukomya
I blink,Nkomya
he/she blinks,Akomya
I have blinked,Nkomyire
blink!,Komya
I don't blink,Tinkomya
to weaken,Okukondaharira
I weaken,Nkondaharira
he/she weakens,Akondaharira
I have weakened,Nkondaharizire
weaken!,Kondaharira
I don't weaken,Tinkondaharira
to swing or dangle,Okukondakonda
I swing or dangle,Nkondakonda
he/she swing or dangles,Akondakonda
I have swing or dangled,Nkondakondire
swing or dangle!,Kondakonda
I don't swing or dangle,Tinkondakonda
to move very slowly,Okukootooka
I move very slowly,Nkootooka
he/she move very slowlies,Akootooka
I have move very slowlied,Nkootookire
move very slowly!,Kootooka
I don't move very slowly,Tinkootooka
to imitate or copy,Okukopa
I imitate or copy,Nkopa
he/she imitate or copies,Akopa
I have imitate or copied,Nkopire
imitate or copy!,Kopa
I don't imitate or copy,Tinkopa
to be employed,Okukora
I be employed,Nkora
he/she be employeds,Akora
I have be employeded,Nkozire
be employed!,Kora
I don't be employed,Tinkora
to disapoint someone,Okukoraho
I disapoint someone,Nkoraho
he/she disapoint someones,Akoraho
I have disapoint someoned,Nkorahoire
disapoint someone!,Koraho
I don't disapoint someone,Tinkoraho
to touch on there,Okukoraho
I touch on there,Nkoraho
he/she touch on theres,Akoraho
I have touch on thered,Nkorahoire
touch on there!,Koraho
I don't touch on there,Tinkoraho
to chip in,Okukorobora
I chip in,Nkorobora
he/she chip ins,Akorobora
I have chip ined,Nkorobozire
chip in!,Korobora
I don't chip in,Tinkorobora
to cause to cough,Okukoroza
I cause to cough,Nkoroza
he/she cause to coughs,Akoroza
I have cause to coughed,Nkorozire
cause to cough!,Koroza
I don't cause to cough,Tinkoroza
to make someone cough,Okukoroza
I make someone cough,Nkoroza
he/she make someone coughs,Akoroza
I have make someone coughed,Nkorozire
make someone cough!,Koroza
I don't make someone cough,Tinkoroza
to unfold something,Okukubuura
I unfold something,Nkubuura
he/she unfold somethings,Akubuura
I have unfold somethinged,Nkubuuzire
unfold something!,Kubuura
I don't unfold something,Tinkubuura
to cause to return,Okukubuura
I cause to return,Nkubuura
he/she cause to returns,Akubuura
I have cause to returned,Nkubuuzire
cause to return!,Kubuura
I don't cause to return,Tinkubuura
to win territory miltary,Okukubuura
I win territory miltary,Nkubuura
he/she win territory miltaries,Akubuura
I have win territory miltaried,Nkubuuzire
win territory miltary!,Kubuura
I don't win territory miltary,Tinkubuura
to walk majestically,Okukumba
I walk majestically,Nkumba
he/she walk majesticallies,Akumba
I have walk majesticallied,Nkumbire
walk majestically!,Kumba
I don't walk majestically,Tinkumba
to protect,Okukumira
I protect,Nkumira
he/she protects,Akumira
I have protected,Nkumizire
protect!,Kumira
I don't protect,Tinkumira
to defraud,Okukumpanya
I defraud,Nkumpanya
he/she defrauds,Akumpanya
I have defrauded,Nkumpanyire
defraud!,Kumpanya
I don't defraud,Tinkumpanya
to team up,Okukungika
I team up,Nkungika
he/she team ups,Akungika
I have team uped,Nkungikire
team up!,Kungika
I don't team up,Tinkungika
to exaggulate,Okukuriiriza
I exaggulate,Nkuriiriza
he/she exaggulates,Akuriiriza
I have exaggulated,Nkuriirizire
exaggulate!,Kuriiriza
I don't exaggulate,Tinkuriiriza
to bring together,Okukwatanisa
I bring together,Nkwatanisa
he/she bring togethers,Akwatanisa
I have bring togethered,Nkwatanisire
bring together!,Kwatanisa
I don't bring together,Tinkwatanisa
to wean a baby,Okumogora
I wean a baby,Nmogora
he/she wean a babies,Amogora
I have wean a babied,Nmogozire
wean a baby!,Mogora
I don't wean a baby,Tinmogora
to lose something,Okunaga
I lose something,Nnaga
he/she lose somethings,Anaga
I have lose somethinged,Nnagire
lose something!,Naga
I don't lose something,Tinnaga
to throw arms about,Okunaga-omukono
I throw arms about,Nnaga-omukono
he/she throw arms abouts,Anaga-omukono
I have throw arms abouted,Nnaga-omukonoire
throw arms about!,Naga-omukono
I don't throw arms about,Tinnaga-omukono
to run so fast,Okunanuura
I run so fast,Nnanuura
he/she run so fasts,Ananuura
I have run so fasted,Nnanuuzire
run so fast!,Nanuura
I don't run so fast,Tinnanuura
to feel zealous,Okunihiira
I feel zealous,Nnihiira
he/she feel zealouses,Anihiira
I have feel zealoused,Nnihiizire
feel zealous!,Nihiira
I don't feel zealous,Tinnihiira
to pluk tea leaves,Okunoga
I pluk tea leaves,Nnoga
he/she pluk tea leaveses,Anoga
I have pluk tea leavesed,Nnogire
pluk tea leaves!,Noga
I don't pluk tea leaves,Tinnoga
to make clay pots,Okunogoora
I make clay pots,Nnogoora
he/she make clay potses,Anogoora
I have make clay potsed,Nnogoozire
make clay pots!,Nogoora
I don't make clay pots,Tinnogoora
to beat,Okunona
I beat,Nnona
he/she beats,Anona
I have beated,Nnonire
beat!,Nona
I don't beat,Tinnona
to hit something sharply,Okunona
I hit something sharply,Nnona
he/she hit something sharplies,Anona
I have hit something sharplied,Nnonire
hit something sharply!,Nona
I don't hit something sharply,Tinnona
to taste awful,Okunungurirwa
I taste awful,Nnungurirwa
he/she taste awfuls,Anungurirwa
I have taste awfuled,Nnungurirwire
taste awful!,Nungurirwa
I don't taste awful,Tinnungurirwa
to sustain an abrasion,Okunuubuka
I sustain an abrasion,Nnuubuka
he/she sustain an abrasions,Anuubuka
I have sustain an abrasioned,Nnuubukire
sustain an abrasion!,Nuubuka
I don't sustain an abrasion,Tinnuubuka
to smell badly,Okunuuka
I smell badly,Nnuuka
he/she smell badlies,Anuuka
I have smell badlied,Nnuukire
smell badly!,Nuuka
I don't smell badly,Tinnuuka
to walk away shamelessly,Okunyaanyuka
I walk away shamelessly,Nnyaanyuka
he/she walk away shamelesslies,Anyaanyuka
I have walk away shamelesslied,Nnyaanyukire
walk away shamelessly!,Nyaanyuka
I don't walk away shamelessly,Tinnyaanyuka
to cane repeatedly,Okunyabangura
I cane repeatedly,Nnyabangura
he/she cane repeatedlies,Anyabangura
I have cane repeatedlied,Nnyabanguzire
cane repeatedly!,Nyabangura
I don't cane repeatedly,Tinnyabangura
to whip or lash,Okunyabura
I whip or lash,Nnyabura
he/she whip or lashes,Anyabura
I have whip or lashed,Nnyabuzire
whip or lash!,Nyabura
I don't whip or lash,Tinnyabura
to improve a little,Okunyangara
I improve a little,Nnyangara
he/she improve a littles,Anyangara
I have improve a littled,Nnyangazire
improve a little!,Nyangara
I don't improve a little,Tinnyangara
to snatch,Okunyankura
I snatch,Nnyankura
he/she snatches,Anyankura
I have snatched,Nnyankuzire
snatch!,Nyankura
I don't snatch,Tinnyankura
to be deliberately unaudible,Okunyanyaata
I be deliberately unaudible,Nnyanyaata
he/she be deliberately unaudibles,Anyanyaata
I have be deliberately unaudibled,Nnyanyaasire
be deliberately unaudible!,Nyanyaata
I don't be deliberately unaudible,Tinnyanyaata
to shake something lightly,Okunyeenya
I shake something lightly,Nnyeenya
he/she shake something lightlies,Anyeenya
I have shake something lightlied,Nnyeenyire
shake something lightly!,Nyeenya
I don't shake something lightly,Tinnyeenya
to go a slope,Okunyegera
I go a slope,Nnyegera
he/she go a slopes,Anyegera
I have go a sloped,Nnyegezire
go a slope!,Nyegera
I don't go a slope,Tinnyegera
to move slowly,Okunyimbuka
I move slowly,Nnyimbuka
he/she move slowlies,Anyimbuka
I have move slowlied,Nnyimbukire
move slowly!,Nyimbuka
I don't move slowly,Tinnyimbuka
to pay attention,Okunyohoka
I pay attention,Nnyohoka
he/she pay attentions,Anyohoka
I have pay attentioned,Nnyohokire
pay attention!,Nyohoka
I don't pay attention,Tinnyohoka
to have goose-flesh,Okunyohwa
I have goose-flesh,Nnyohwa
he/she have goose-fleshes,Anyohwa
I have have goose-fleshed,Nnyohwire
have goose-flesh!,Nyohwa
I don't have goose-flesh,Tinnyohwa
to crawl,Okunyongota
I crawl,Nnyongota
he/she crawls,Anyongota
I have crawled,Nnyongosire
crawl!,Nyongota
I don't crawl,Tinnyongota
to pull,Okunyurura
I pull,Nnyurura
he/she pulls,Anyurura
I have pulled,Nnyuruzire
pull!,Nyurura
I don't pull,Tinnyurura
to make friends,Okunywana
I make friends,Nnywana
he/she make friendses,Anywana
I have make friendsed,Nnywanire
make friends!,Nywana
I don't make friends,Tinnywana
to score a goal,Okunyweisa
I score a goal,Nnyweisa
he/she score a goals,Anyweisa
I have score a goaled,Nnyweisire
score a goal!,Nyweisa
I don't score a goal,Tinnyweisa
to guess,Okupaaza
I guess,Mpaaza
he/she guesses,Apaaza
I have guessed,Mpaazire
guess!,Paaza
I don't guess,Timpaaza
to pile,Okupanga
I pile,Mpanga
he/she piles,Apanga
I have piled,Mpangire
pile!,Panga
I don't pile,Timpanga
to investigate,Okupeerereza
I investigate,Mpeerereza
he/she investigates,Apeerereza
I have investigated,Mpeererezire
investigate!,Peerereza
I don't investigate,Timpeerereza
to shiver,Okupiipa
I shiver,Mpiipa
he/she shivers,Apiipa
I have shivered,Mpiipire
shiver!,Piipa
I don't shiver,Timpiipa
to refuse,Okupinga
I refuse,Mpinga
he/she refuses,Apinga
I have refused,Mpingire
refuse!,Pinga
I don't refuse,Timpinga
to be proud,Okuponga
I be proud,Mponga
he/she be prouds,Aponga
I have be prouded,Mpongire
be proud!,Ponga
I don't be proud,Timponga
to stab,Okupukura
I stab,Mpukura
he/she stabs,Apukura
I have stabed,Mpukuzire
stab!,Pukura
I don't stab,Timpukura
to make a will,Okuraama
I make a will,Ndaama
he/she make a wills,Araama
I have make a willed,Ndaamire
make a will!,Raama
I don't make a will,Tindaama
to brag,Okuraata
I brag,Ndaata
he/she brags,Araata
I have braged,Ndaasire
brag!,Raata
I don't brag,Tindaata
(slang for) to beat,Okuraatuura
to indulge in prostitution,Okuraaya
I indulge in prostitution,Ndaaya
he/she indulge in prostitutions,Araaya
I have indulge in prostitutioned,Ndaayire
indulge in prostitution!,Raaya
I don't indulge in prostitution,Tindaaya
to fallow,Okuraaza entabire
I fallow,Ndaaza entabire
he/she fallows,Araaza entabire
I have fallowed,Ndaaza entabireire
fallow!,Raaza entabire
I don't fallow,Tindaaza entabire
to put off fire,Okuraaza
I put off fire,Ndaaza
he/she put off fires,Araaza
I have put off fired,Ndaazire
put off fire!,Raaza
I don't put off fire,Tindaaza
to host a visitor,Okuraaza
I host a visitor,Ndaaza
he/she host a visitors,Araaza
I have host a visitored,Ndaazire
host a visitor!,Raaza
I don't host a visitor,Tindaaza
to postpone an action,Okuraaza
I postpone an action,Ndaaza
he/she postpone an actions,Araaza
I have postpone an actioned,Ndaazire
postpone an action!,Raaza
I don't postpone an action,Tindaaza
to go via,Okuraba
I go via,Ndaba
he/she go vias,Araba
I have go viaed,Ndabire
go via!,Raba
I don't go via,Tindaba
to faint,Okuraba
I faint,Ndaba
he/she faints,Araba
I have fainted,Ndabire
faint!,Raba
I don't faint,Tindaba
to pass through,Okurabamu
I pass through,Ndabamu
he/she pass throughs,Arabamu
I have pass throughed,Ndabamuire
pass through!,Rabamu
I don't pass through,Tindabamu
passing each other inadvertently,Okurabanaho-empyor
to bid farewel,Okuraga
I bid farewel,Ndaga
he/she bid farewels,Araga
I have bid fareweled,Ndagire
bid farewel!,Raga
I don't bid farewel,Tindaga
Usage: Ankole. See:okWEZIRIKURURA,Okwezirikura
I usage: ankole. see:okwezirikurura,Nezirikura
he/she usage: ankole. see:okwezirikururas,Aezirikura
I have usage: ankole. see:okwezirikururaed,Nezirikuzire
usage: ankole. see:okwezirikurura!,Ezirikura
I don't usage: ankole. see:okwezirikurura,Tinezirikura
to walk around. Var:okwezigurusa,Okwezigurusa
I walk around. var:okwezigurusa,Nezigurusa
he/she walk around. var:okwezigurusas,Aezigurusa
I have walk around. var:okwezigurusaed,Nezigurusire
walk around. var:okwezigurusa!,Ezigurusa
I don't walk around. var:okwezigurusa,Tinezigurusa
to turn around. See:okUZEngeRERA,Okwezengereza
I turn around. see:okuzengerera,Nezengereza
he/she turn around. see:okuzengereras,Aezengereza
I have turn around. see:okuzengereraed,Nezengerezire
turn around. see:okuzengerera!,Ezengereza
I don't turn around. see:okuzengerera,Tinezengereza
to yawn,Okweyayamura
I yawn,Neyayamura
he/she yawns,Aeyayamura
I have yawned,Neyayamuzire
yawn!,Eyayamura
I don't yawn,Tineyayamura
to introduce oneself. See:okWANJURA,Okweyanjura
I introduce oneself. see:okwanjura,Neyanjura
he/she introduce oneself. see:okwanjuras,Aeyanjura
I have introduce oneself. see:okwanjuraed,Neyanjuzire
introduce oneself. see:okwanjura!,Eyanjura
I don't introduce oneself. see:okwanjura,Tineyanjura
See: okWETUMIRIZA,Okwetumisiriza
I see: okwetumiriza,Netumisiriza
he/she see: okwetumirizas,Aetumisiriza
I have see: okwetumirizaed,Netumisirizire
see: okwetumiriza!,Etumisiriza
I don't see: okwetumiriza,Tinetumisiriza
to shake oneself,Okwetigita
I shake oneself,Netigita
he/she shake oneselfs,Aetigita
I have shake oneselfed,Netigisire
shake oneself!,Etigita
I don't shake oneself,Tinetigita
to understand each other,Okwetegerezana
I understand each other,Netegerezana
he/she understand each others,Aetegerezana
I have understand each othered,Netegerezanire
understand each other!,Etegerezana
I don't understand each other,Tinetegerezana
See: okWETEGUURA,Okwetebeekanisa
I see: okweteguura,Netebeekanisa
he/she see: okweteguuras,Aetebeekanisa
I have see: okweteguuraed,Netebeekanisire
see: okweteguura!,Etebeekanisa
I don't see: okweteguura,Tinetebeekanisa
to mix,Okwetabura
I mix,Netabura
he/she mixs,Aetabura
I have mixed,Netabuzire
mix!,Etabura
I don't mix,Tinetabura
praising oneself. See:okUSINGIZA,Okwesingiza
I praising oneself. see:okusingiza,Nesingiza
he/she praising oneself. see:okusingizas,Aesingiza
I have praising oneself. see:okusingizaed,Nesingizire
praising oneself. see:okusingiza!,Esingiza
I don't praising oneself. see:okusingiza,Tinesingiza
to pull oneself,Okwesika
I pull oneself,Nesika
he/she pull oneselfs,Aesika
I have pull oneselfed,Nesikire
pull oneself!,Esika
I don't pull oneself,Tinesika
[okwesisibaniza] v. See:okWESISIBANISA,Okwesiisibiriza
to boast of something,Okwesiimirana
I boast of something,Nesiimirana
he/she boast of somethings,Aesiimirana
I have boast of somethinged,Nesiimiranire
boast of something!,Esiimirana
I don't boast of something,Tinesiimirana
See: okusweKA,Okweshweka
I see: okusweka,Neshweka
he/she see: okuswekas,Aeshweka
I have see: okuswekaed,Neshwekire
see: okusweka!,Eshweka
I don't see: okusweka,Tineshweka
to enjoy oneself,Okwesemeza
I enjoy oneself,Nesemeza
he/she enjoy oneselfs,Aesemeza
I have enjoy oneselfed,Nesemezire
enjoy oneself!,Esemeza
I don't enjoy oneself,Tinesemeza
to bandage oneself. See:okuseMBA,Okwesemba
I bandage oneself. see:okusemba,Nesemba
he/she bandage oneself. see:okusembas,Aesemba
I have bandage oneself. see:okusembaed,Nesembire
bandage oneself. see:okusemba!,Esemba
I don't bandage oneself. see:okusemba,Tinesemba
to pay oneself. See:okusasura,Okwesasura
I pay oneself. see:okusasura,Nesasura
he/she pay oneself. see:okusasuras,Aesasura
I have pay oneself. see:okusasuraed,Nesasuzire
pay oneself. see:okusasura!,Esasura
I don't pay oneself. see:okusasura,Tinesasura
to find room,Okwesanja
I find room,Nesanja
he/she find rooms,Aesanja
I have find roomed,Nesanzire
find room!,Esanja
I don't find room,Tinesanja
to be disgusted,Okwesaanya
I be disgusted,Nesaanya
he/she be disgusteds,Aesaanya
I have be disgusteded,Nesaanyire
be disgusted!,Esaanya
I don't be disgusted,Tinesaanya
to make yourself clean,Okweringirika
I make yourself clean,Neringirika
he/she make yourself cleans,Aeringirika
I have make yourself cleaned,Neringirikire
make yourself clean!,Eringirika
I don't make yourself clean,Tineringirika
to come voluntarily,Okwereeta
I come voluntarily,Nereeta
he/she come voluntarilies,Aereeta
I have come voluntarilied,Nereesire
come voluntarily!,Ereeta
I don't come voluntarily,Tinereeta
to water,Okwereera
I water,Nereera
he/she waters,Aereera
I have watered,Nereezire
water!,Ereera
I don't water,Tinereera
to catch a glance,Okwerabwa
I catch a glance,Nerabwa
he/she catch a glances,Aerabwa
I have catch a glanced,Nerabwire
catch a glance!,Erabwa
I don't catch a glance,Tinerabwa
to be ripe,Okwera
I be ripe,Nera
he/she be ripes,Aera
I have be riped,Nezire
be ripe!,Era
I don't be ripe,Tinera
to pour half way,Okwenyungutuka
I pour half way,Nenyungutuka
he/she pour half ways,Aenyungutuka
I have pour half wayed,Nenyungutukire
pour half way!,Enyungutuka
I don't pour half way,Tinenyungutuka
To squeeze oneself through,Okwenyigiriza
I squeeze oneself through,Nenyigiriza
he/she squeeze oneself throughs,Aenyigiriza
I have squeeze oneself throughed,Nenyigirizire
squeeze oneself through!,Enyigiriza
I don't squeeze oneself through,Tinenyigiriza
See: okWENAAMUURA,Okwenootoora
I see: okwenaamuura,Nenootoora
he/she see: okwenaamuuras,Aenootoora
I have see: okwenaamuuraed,Nenootoozire
see: okwenaamuura!,Enootoora
I don't see: okwenaamuura,Tinenootoora
to escape,Okweniaguriza
I escape,Neniaguriza
he/she escapes,Aeniaguriza
I have escaped,Neniagurizire
escape!,Eniaguriza
I don't escape,Tineniaguriza
to over rippen,Okwengerera
I over rippen,Nengerera
he/she over rippens,Aengerera
I have over rippened,Nengerezire
over rippen!,Engerera
I don't over rippen,Tinengerera
to spread,Okwemereza
I spread,Nemereza
he/she spreads,Aemereza
I have spreaded,Nemerezire
spread!,Emereza
I don't spread,Tinemereza
to have pheumonia,Okwemererwa
I have pheumonia,Nemererwa
he/she have pheumonias,Aemererwa
I have have pheumoniaed,Nemererwire
have pheumonia!,Emererwa
I don't have pheumonia,Tinemererwa
to sweet talk someone,Okwekuringirira
I sweet talk someone,Nekuringirira
he/she sweet talk someones,Aekuringirira
I have sweet talk someoned,Nekuringirizire
sweet talk someone!,Ekuringirira
I don't sweet talk someone,Tinekuringirira
to be selfish,Okwekunda
I be selfish,Nekunda
he/she be selfishes,Aekunda
I have be selfished,Nekundire
be selfish!,Ekunda
I don't be selfish,Tinekunda
rolling one self,Okwekunangura
I rolling one self,Nekunangura
he/she rolling one selfs,Aekunangura
I have rolling one selfed,Nekunanguzire
rolling one self!,Ekunangura
I don't rolling one self,Tinekunangura
See: okWEKUBA,Okwekubirana
I see: okwekuba,Nekubirana
he/she see: okwekubas,Aekubirana
I have see: okwekubaed,Nekubiranire
see: okwekuba!,Ekubirana
I don't see: okwekuba,Tinekubirana
to fold oneself,Okwekuba
I fold oneself,Nekuba
he/she fold oneselfs,Aekuba
I have fold oneselfed,Nekubire
fold oneself!,Ekuba
I don't fold oneself,Tinekuba
to dress smartly,Okwekoma
I dress smartly,Nekoma
he/she dress smartlies,Aekoma
I have dress smartlied,Nekomire
dress smartly!,Ekoma
I don't dress smartly,Tinekoma
to compesate oneself. See:okUKEITA,Okwekeita
I compesate oneself. see:okukeita,Nekeita
he/she compesate oneself. see:okukeitas,Aekeita
I have compesate oneself. see:okukeitaed,Nekeisire
compesate oneself. see:okukeita!,Ekeita
I don't compesate oneself. see:okukeita,Tinekeita
to emphasise,Okwekambiika
I emphasise,Nekambiika
he/she emphasises,Aekambiika
I have emphasised,Nekambiikire
emphasise!,Ekambiika
I don't emphasise,Tinekambiika
to use something,Okwejunisa
I use something,Nejunisa
he/she use somethings,Aejunisa
I have use somethinged,Nejunisire
use something!,Ejunisa
I don't use something,Tinejunisa
to get annoyed quickly,Okwejugumbura
I get annoyed quickly,Nejugumbura
he/she get annoyed quicklies,Aejugumbura
I have get annoyed quicklied,Nejugumbuzire
get annoyed quickly!,Ejugumbura
I don't get annoyed quickly,Tinejugumbura
to remind oneself. See:okWIJUKA,Okweijusa
I remind oneself. see:okwijuka,Neijusa
he/she remind oneself. see:okwijukas,Aeijusa
I have remind oneself. see:okwijukaed,Neijusire
remind oneself. see:okwijuka!,Eijusa
I don't remind oneself. see:okwijuka,Tineijusa
to roll oneself. See:okUHIRINGISA,Okwehiringisa
I roll oneself. see:okuhiringisa,Nehiringisa
he/she roll oneself. see:okuhiringisas,Aehiringisa
I have roll oneself. see:okuhiringisaed,Nehiringisire
roll oneself. see:okuhiringisa!,Ehiringisa
I don't roll oneself. see:okuhiringisa,Tinehiringisa
to praise oneself. See:okUHIMBISA,Okwehimbisa
I praise oneself. see:okuhimbisa,Nehimbisa
he/she praise oneself. see:okuhimbisas,Aehimbisa
I have praise oneself. see:okuhimbisaed,Nehimbisire
praise oneself. see:okuhimbisa!,Ehimbisa
I don't praise oneself. see:okuhimbisa,Tinehimbisa
to squeeze oneself,Okwehigika
I squeeze oneself,Nehigika
he/she squeeze oneselfs,Aehigika
I have squeeze oneselfed,Nehigikire
squeeze oneself!,Ehigika
I don't squeeze oneself,Tinehigika
to punish oneself,Okwehena
I punish oneself,Nehena
he/she punish oneselfs,Aehena
I have punish oneselfed,Nehenire
punish oneself!,Ehena
I don't punish oneself,Tinehena
See: okWEHAGANYURA,Okwehanduura
I see: okwehaganyura,Nehanduura
he/she see: okwehaganyuras,Aehanduura
I have see: okwehaganyuraed,Nehanduuzire
see: okwehaganyura!,Ehanduura
I don't see: okwehaganyura,Tinehanduura
to have oneself registered,Okwehandiikisa
I have oneself registered,Nehandiikisa
he/she have oneself registereds,Aehandiikisa
I have have oneself registereded,Nehandiikisire
have oneself registered!,Ehandiikisa
I don't have oneself registered,Tinehandiikisa
to register oneself,Okwehandiika
I register oneself,Nehandiika
he/she register oneselfs,Aehandiika
I have register oneselfed,Nehandiikire
register oneself!,Ehandiika
I don't register oneself,Tinehandiika
See: okWEHAGANYURA,Okwehakuura
I see: okwehaganyura,Nehakuura
he/she see: okwehaganyuras,Aehakuura
I have see: okwehaganyuraed,Nehakuuzire
see: okwehaganyura!,Ehakuura
I don't see: okwehaganyura,Tinehakuura
to endure a condition,Okwegumya
I endure a condition,Negumya
he/she endure a conditions,Aegumya
I have endure a conditioned,Negumyire
endure a condition!,Egumya
I don't endure a condition,Tinegumya
See:okUGONOOZA,Okwegonooza
I see:okugonooza,Negonooza
he/she see:okugonoozas,Aegonooza
I have see:okugonoozaed,Negonoozire
see:okugonooza!,Egonooza
I don't see:okugonooza,Tinegonooza
to favour oneself,Okwegombeza
I favour oneself,Negombeza
he/she favour oneselfs,Aegombeza
I have favour oneselfed,Negombezire
favour oneself!,Egombeza
I don't favour oneself,Tinegombeza
See: okWEGANDA,Okweganya
I see: okweganda,Neganya
he/she see: okwegandas,Aeganya
I have see: okwegandaed,Neganyire
see: okweganda!,Eganya
I don't see: okweganda,Tineganya
to report oneself,Okwegamba
I report oneself,Negamba
he/she report oneselfs,Aegamba
I have report oneselfed,Negambire
report oneself!,Egamba
I don't report oneself,Tinegamba
to humble oneself,Okwecwendeeka
I humble oneself,Necwendeeka
he/she humble oneselfs,Aecwendeeka
I have humble oneselfed,Necwendeekire
humble oneself!,Ecwendeeka
I don't humble oneself,Tinecwendeeka
to divide into groups,Okwecwamu
I divide into groups,Necwamu
he/she divide into groupses,Aecwamu
I have divide into groupsed,Necwamuire
divide into groups!,Ecwamu
I don't divide into groups,Tinecwamu
to abuse your body,Okwecuukuura
I abuse your body,Necuukuura
he/she abuse your bodies,Aecuukuura
I have abuse your bodied,Necuukuuzire
abuse your body!,Ecuukuura
I don't abuse your body,Tinecuukuura
to be work hard,Okwecurenga
I be work hard,Necurenga
he/she be work hards,Aecurenga
I have be work harded,Necurengire
be work hard!,Ecurenga
I don't be work hard,Tinecurenga
behave childly,Okwecamura
I behave childly,Necamura
he/she behave childlies,Aecamura
I have behave childlied,Necamuzire
behave childly!,Ecamura
I don't behave childly,Tinecamura
to forget,Okwebwa
I forget,Nebwa
he/she forgets,Aebwa
I have forgeted,Nebwire
forget!,Ebwa
I don't forget,Tinebwa
to hide yourself,Okwebisa
I hide yourself,Nebisa
he/she hide yourselfs,Aebisa
I have hide yourselfed,Nebisire
hide yourself!,Ebisa
I don't hide yourself,Tinebisa
See: okWEBIRIKA,Okwebiringita
I see: okwebirika,Nebiringita
he/she see: okwebirikas,Aebiringita
I have see: okwebirikaed,Nebiringisire
see: okwebirika!,Ebiringita
I don't see: okwebirika,Tinebiringita
to be helpless,Okwayaya
I be helpless,Nayaya
he/she be helplesses,Aayaya
I have be helplessed,Nayayire
be helpless!,Ayaya
I don't be helpless,Tinayaya
to loot or plunder,Okwaya
I loot or plunder,Naya
he/she loot or plunders,Aaya
I have loot or plundered,Nayire
loot or plunder!,Aya
I don't loot or plunder,Tinaya
to hatch the chicks,Okwatura
I hatch the chicks,Natura
he/she hatch the chickses,Aatura
I have hatch the chicksed,Natuzire
hatch the chicks!,Atura
I don't hatch the chicks,Tinatura
to be audible,Okwatuka
I be audible,Natuka
he/she be audibles,Aatuka
I have be audibled,Natukire
be audible!,Atuka
I don't be audible,Tinatuka
to cut open,Okwatirira
I cut open,Natirira
he/she cut opens,Aatirira
I have cut opened,Natirizire
cut open!,Atirira
I don't cut open,Tinatirira
See: okWAKA,Okwatayata
I see: okwaka,Natayata
he/she see: okwakas,Aatayata
I have see: okwakaed,Natayasire
see: okwaka!,Atayata
I don't see: okwaka,Tinatayata
to be divided,Okwatana
I be divided,Natana
he/she be divideds,Aatana
I have be divideded,Natanire
be divided!,Atana
I don't be divided,Tinatana
to disclose secrets,Okwata-amabanga
I disclose secrets,Nata-amabanga
he/she disclose secretses,Aata-amabanga
I have disclose secretsed,Nata-amabangire
disclose secrets!,Ata-amabanga
I don't disclose secrets,Tinata-amabanga
to hatch out,Okwaruka
I hatch out,Naruka
he/she hatch outs,Aaruka
I have hatch outed,Narukire
hatch out!,Aruka
I don't hatch out,Tinaruka
to slap someone heavilly,Okwanura
I slap someone heavilly,Nanura
he/she slap someone heavillies,Aanura
I have slap someone heavillied,Nanuzire
slap someone heavilly!,Anura
I don't slap someone heavilly,Tinanura
to open something widely,Okwanjuruza
I open something widely,Nanjuruza
he/she open something widelies,Aanjuruza
I have open something widelied,Nanjuruzire
open something widely!,Anjuruza
I don't open something widely,Tinanjuruza
to finish grinding,Okwanjura
I finish grinding,Nanjura
he/she finish grindings,Aanjura
I have finish grindinged,Nanjuzire
finish grinding!,Anjura
I don't finish grinding,Tinanjura
to spread something,Okwanja
I spread something,Nanja
he/she spread somethings,Aanja
I have spread somethinged,Nanzire
spread something!,Anja
I don't spread something,Tinanja
to declare publically,Okwanika
I declare publically,Nanika
he/she declare publicallies,Aanika
I have declare publicallied,Nanikire
declare publically!,Anika
I don't declare publically,Tinanika
to do something hurriedly,Okwangusa
I do something hurriedly,Nangusa
he/she do something hurriedlies,Aangusa
I have do something hurriedlied,Nangusire
do something hurriedly!,Angusa
I don't do something hurriedly,Tinangusa
to gilter,Okwangaasana
I gilter,Nangaasana
he/she gilters,Aangaasana
I have giltered,Nangaasanire
gilter!,Angaasana
I don't gilter,Tinangaasana
to dry up,Okwanduuka
I dry up,Nanduuka
he/she dry ups,Aanduuka
I have dry uped,Nanduukire
dry up!,Anduuka
I don't dry up,Tinanduuka
to walk hurriedly,Okwandaguza
I walk hurriedly,Nandaguza
he/she walk hurriedlies,Aandaguza
I have walk hurriedlied,Nandaguzire
walk hurriedly!,Andaguza
I don't walk hurriedly,Tinandaguza
to start flowering,Okwana
I start flowering,Nana
he/she start flowerings,Aana
I have start floweringed,Nanire
start flowering!,Ana
I don't start flowering,Tinana
to shout loudly,Okwamuza
I shout loudly,Namuza
he/she shout loudlies,Aamuza
I have shout loudlied,Namuzire
shout loudly!,Amuza
I don't shout loudly,Tinamuza
to stop raining,Okwamuuka
I stop raining,Namuuka
he/she stop rainings,Aamuuka
I have stop raininged,Namuukire
stop raining!,Amuuka
I don't stop raining,Tinamuuka
See: okUTAKIIRIRWA,Okwakiirirwa
I see: okutakiirirwa,Nakiirirwa
he/she see: okutakiirirwas,Aakiirirwa
I have see: okutakiirirwaed,Nakiirirwire
see: okutakiirirwa!,Akiirirwa
I don't see: okutakiirirwa,Tinakiirirwa
to begin to graze,Okwahukira
I begin to graze,Nahukira
he/she begin to grazes,Aahukira
I have begin to grazed,Nahukizire
begin to graze!,Ahukira
I don't begin to graze,Tinahukira
to sit at ease,Okwagagara
I sit at ease,Nagagara
he/she sit at eases,Aagagara
I have sit at eased,Nagagazire
sit at ease!,Agagara
I don't sit at ease,Tinagagara
to complain,Okwabaaba
I complain,Nabaaba
he/she complains,Aabaaba
I have complained,Nabaabire
complain!,Abaaba
I don't complain,Tinabaaba
to burst,Okwaba
I burst,Naba
he/she bursts,Aaba
I have bursted,Nabire
burst!,Aba
I don't burst,Tinaba
to shake something. Var:okujunguza,Okuzunguza
I shake something. var:okujunguza,Nzunguza
he/she shake something. var:okujunguzas,Azunguza
I have shake something. var:okujunguzaed,Nzunguzire
shake something. var:okujunguza!,Zunguza
I don't shake something. var:okujunguza,Tinzunguza
the act of reconciling,Okuziruura
I the act of reconciling,Nziruura
he/she the act of reconcilings,Aziruura
I have the act of reconcilinged,Nziruuzire
the act of reconciling!,Ziruura
I don't the act of reconciling,Tinziruura
to deter a taboo,Okuzirura
I deter a taboo,Nzirura
he/she deter a taboos,Azirura
I have deter a tabooed,Nziruzire
deter a taboo!,Zirura
I don't deter a taboo,Tinzirura
to be undecided,Okuzirazira
I be undecided,Nzirazira
he/she be undecideds,Azirazira
I have be undecideded,Nzirazizire
be undecided!,Zirazira
I don't be undecided,Tinzirazira
to become paralyzed,Okuzingama
I become paralyzed,Nzingama
he/she become paralyzeds,Azingama
I have become paralyzeded,Nzingamire
become paralyzed!,Zingama
I don't become paralyzed,Tinzingama
to attack. See: okUTAAHIRIRA,Okuzinda
I attack. see: okutaahirira,Nzinda
he/she attack. see: okutaahiriras,Azinda
I have attack. see: okutaahiriraed,Nzindire
attack. see: okutaahirira!,Zinda
I don't attack. see: okutaahirira,Tinzinda
deep underground,Okuzimu
to become problematic,Okuzimbagarira
I become problematic,Nzimbagarira
he/she become problematics,Azimbagarira
I have become problematiced,Nzimbagarizire
become problematic!,Zimbagarira
I don't become problematic,Tinzimbagarira
to overcharge,Okuzimba
I overcharge,Nzimba
he/she overcharges,Azimba
I have overcharged,Nzimbire
overcharge!,Zimba
I don't overcharge,Tinzimba
to become very dirty,Okuzika
I become very dirty,Nzika
he/she become very dirties,Azika
I have become very dirtied,Nzikire
become very dirty!,Zika
I don't become very dirty,Tinzika
to overgrow,Okuzika
I overgrow,Nzika
he/she overgrows,Azika
I have overgrowed,Nzikire
overgrow!,Zika
I don't overgrow,Tinzika
to strangle something,Okuzigirira
I strangle something,Nzigirira
he/she strangle somethings,Azigirira
I have strangle somethinged,Nzigirizire
strangle something!,Zigirira
I don't strangle something,Tinzigirira
to paint something black,Okuziga
I paint something black,Nziga
he/she paint something blacks,Aziga
I have paint something blacked,Nzigire
paint something black!,Ziga
I don't paint something black,Tinziga
to sit vagarantly,Okuzeetama
I sit vagarantly,Nzeetama
he/she sit vagarantlies,Azeetama
I have sit vagarantlied,Nzeetamire
sit vagarantly!,Zeetama
I don't sit vagarantly,Tinzeetama
phr. to cause trouble,Okuzaara-akantu
to return from exile,Okuzaahuuka
I return from exile,Nzaahuuka
he/she return from exiles,Azaahuuka
I have return from exiled,Nzaahuukire
return from exile!,Zaahuuka
I don't return from exile,Tinzaahuuka
to get disorganised,Okuzaagarara
I get disorganised,Nzaagarara
he/she get disorganiseds,Azaagarara
I have get disorganiseded,Nzaagarazire
get disorganised!,Zaagarara
I don't get disorganised,Tinzaagarara
to become morning,Okuyangayanga
I become morning,Nyangayanga
he/she become mornings,Ayangayanga
I have become morninged,Nyangayangire
become morning!,Yangayanga
I don't become morning,Tinyangayanga
to be a hooligan,Okuyaayuuka
I be a hooligan,Nyaayuuka
he/she be a hooligans,Ayaayuuka
I have be a hooliganed,Nyaayuukire
be a hooligan!,Yaayuuka
I don't be a hooligan,Tinyaayuuka
to disorganise things. See:okUVURUGA2,Okuvuyanga
I disorganise things. see:okuvuruga2,Nvuyanga
he/she disorganise things. see:okuvuruga2s,Avuyanga
I have disorganise things. see:okuvuruga2ed,Nvuyangire
disorganise things. see:okuvuruga2!,Vuyanga
I don't disorganise things. see:okuvuruga2,Tinvuyanga
to dilute something concentrated,Okuvunuura
I dilute something concentrated,Nvunuura
he/she dilute something concentrateds,Avunuura
I have dilute something concentrateded,Nvunuuzire
dilute something concentrated!,Vunuura
I don't dilute something concentrated,Tinvunuura
to beg for alcohol,Okuvumba
I beg for alcohol,Nvumba
he/she beg for alcohols,Avumba
I have beg for alcoholed,Nvumbire
beg for alcohol!,Vumba
I don't beg for alcohol,Tinvumba
to fill to capacity,Okuviigiiza
I fill to capacity,Nviigiiza
he/she fill to capacities,Aviigiiza
I have fill to capacitied,Nviigiizire
fill to capacity!,Viigiiza
I don't fill to capacity,Tinviigiiza
See: okUTWARIRANA,Okutwaririra
I see: okutwarirana,Ntwaririra
he/she see: okutwariranas,Atwaririra
I have see: okutwariranaed,Ntwaririzire
see: okutwarirana!,Twaririra
I don't see: okutwarirana,Tintwaririra
to become pregnant,Okutwara
I become pregnant,Ntwara
he/she become pregnants,Atwara
I have become pregnanted,Ntwazire
become pregnant!,Twara
I don't become pregnant,Tintwara
to move while bending,Okutuutuuba
I move while bending,Ntuutuuba
he/she move while bendings,Atuutuuba
I have move while bendinged,Ntuutuubire
move while bending!,Tuutuuba
I don't move while bending,Tintuutuuba
See: okUTUUNAGIRA,Okutuunagurikwa
I see: okutuunagira,Ntuunagurikwa
he/she see: okutuunagiras,Atuunagurikwa
I have see: okutuunagiraed,Ntuunagurikwire
see: okutuunagira!,Tuunagurikwa
I don't see: okutuunagira,Tintuunagurikwa
See: okUTURIZA. Var:okuturiza,Okuturubiza
I see: okuturiza. var:okuturiza,Nturubiza
he/she see: okuturiza. var:okuturizas,Aturubiza
I have see: okuturiza. var:okuturizaed,Nturubizire
see: okuturiza. var:okuturiza!,Turubiza
I don't see: okuturiza. var:okuturiza,Tinturubiza
"to mixSee: KUJWAnza, KUCANGANYA",Okuturaniza
"I mixsee: kujwanza, kucanganya",Nturaniza
"he/she mixsee: kujwanza, kucanganyas",Aturaniza
"I have mixsee: kujwanza, kucanganyaed",Nturanizire
"mixsee: kujwanza, kucanganya!",Turaniza
"I don't mixsee: kujwanza, kucanganya",Tinturaniza
to accuse,Okutura
I accuse,Ntura
he/she accuses,Atura
I have accused,Ntuzire
accuse!,Tura
I don't accuse,Tintura
See: okUTUBURA,Okutunuura
I see: okutubura,Ntunuura
he/she see: okutuburas,Atunuura
I have see: okutuburaed,Ntunuuzire
see: okutubura!,Tunuura
I don't see: okutubura,Tintunuura
to have fever,Okutungura
I have fever,Ntungura
he/she have fevers,Atungura
I have have fevered,Ntunguzire
have fever!,Tungura
I don't have fever,Tintungura
to be steep,Okutungama
I be steep,Ntungama
he/she be steeps,Atungama
I have be steeped,Ntungamire
be steep!,Tungama
I don't be steep,Tintungama
to tie tightly,Okutunenga
I tie tightly,Ntunenga
he/she tie tightlies,Atunenga
I have tie tightlied,Ntunengire
tie tightly!,Tunenga
I don't tie tightly,Tintunenga
to sell. Etym: [<Luganda.okutunda>],Okutunda
I sell. etym: [<luganda.okutunda>],Ntunda
he/she sell. etym: [<luganda.okutunda>]s,Atunda
I have sell. etym: [<luganda.okutunda>]ed,Ntundire
sell. etym: [<luganda.okutunda>]!,Tunda
I don't sell. etym: [<luganda.okutunda>],Tintunda
to become fat,Okutunatuna
I become fat,Ntunatuna
he/she become fats,Atunatuna
I have become fated,Ntunatunire
become fat!,Tunatuna
I don't become fat,Tintunatuna
to move while naked,Okutumbuza
I move while naked,Ntumbuza
he/she move while nakeds,Atumbuza
I have move while nakeded,Ntumbuzire
move while naked!,Tumbuza
I don't move while naked,Tintumbuza
to swell,Okutumba
I swell,Ntumba
he/she swells,Atumba
I have swelled,Ntumbire
swell!,Tumba
I don't swell,Tintumba
See: okUTUKURA,Okutukurinkana
I see: okutukura,Ntukurinkana
he/she see: okutukuras,Atukurinkana
I have see: okutukuraed,Ntukurinkanire
see: okutukura!,Tukurinkana
I don't see: okutukura,Tintukurinkana
to be sharp,Okutugunjuka
I be sharp,Ntugunjuka
he/she be sharps,Atugunjuka
I have be sharped,Ntugunjukire
be sharp!,Tugunjuka
I don't be sharp,Tintugunjuka
to stagger,Okusibaaza
I stagger,Nsibaaza
he/she staggers,Asibaaza
I have staggered,Nsibaazire
stagger!,Sibaaza
I don't stagger,Tinsibaaza
to undertake birth control,Okusiba
I undertake birth control,Nsiba
he/she undertake birth controls,Asiba
I have undertake birth controled,Nsibire
undertake birth control!,Siba
I don't undertake birth control,Tinsiba
to plait hair,Okusiba
I plait hair,Nsiba
he/she plait hairs,Asiba
I have plait haired,Nsibire
plait hair!,Siba
I don't plait hair,Tinsiba
See: okWENIAGURIZA,Okutoroka
I see: okweniaguriza,Ntoroka
he/she see: okweniagurizas,Atoroka
I have see: okweniagurizaed,Ntorokire
see: okweniaguriza!,Toroka
I don't see: okweniaguriza,Tintoroka
to subtract from,Okutoora
I subtract from,Ntoora
he/she subtract froms,Atoora
I have subtract fromed,Ntoozire
subtract from!,Toora
I don't subtract from,Tintoora
to trap an animal,Okutoora
I trap an animal,Ntoora
he/she trap an animals,Atoora
I have trap an animaled,Ntoozire
trap an animal!,Toora
I don't trap an animal,Tintoora
to dress finely,Okutoora
I dress finely,Ntoora
he/she dress finelies,Atoora
I have dress finelied,Ntoozire
dress finely!,Toora
I don't dress finely,Tintoora
to make dry,Okutoonyoka
I make dry,Ntoonyoka
he/she make dries,Atoonyoka
I have make dried,Ntoonyokire
make dry!,Toonyoka
I don't make dry,Tintoonyoka
to drizzle: rain lightly,Okutoonyerera
I drizzle: rain lightly,Ntoonyerera
he/she drizzle: rain lightlies,Atoonyerera
I have drizzle: rain lightlied,Ntoonyerezire
drizzle: rain lightly!,Toonyerera
I don't drizzle: rain lightly,Tintoonyerera
to feel sorrow,Okutonza
I feel sorrow,Ntonza
he/she feel sorrows,Atonza
I have feel sorrowed,Ntonzire
feel sorrow!,Tonza
I don't feel sorrow,Tintonza
"to ooze, usually blood",Okutonyogoka
"I ooze, usually blood",Ntonyogoka
"he/she ooze, usually bloods",Atonyogoka
"I have ooze, usually blooded",Ntonyogokire
"ooze, usually blood!",Tonyogoka
"I don't ooze, usually blood",Tintonyogoka
See: okUTONTOMA,Okutontomera
I see: okutontoma,Ntontomera
he/she see: okutontomas,Atontomera
I have see: okutontomaed,Ntontomezire
see: okutontoma!,Tontomera
I don't see: okutontoma,Tintontomera
failure to hatch,Okutontoheza
I failure to hatch,Ntontoheza
he/she failure to hatches,Atontoheza
I have failure to hatched,Ntontohezire
failure to hatch!,Tontoheza
I don't failure to hatch,Tintontoheza
to form a foetus,Okutonda
I form a foetus,Ntonda
he/she form a foetuses,Atonda
I have form a foetused,Ntondire
form a foetus!,Tonda
I don't form a foetus,Tintonda
to dirten something,Okutokooza
I dirten something,Ntokooza
he/she dirten somethings,Atokooza
I have dirten somethinged,Ntokoozire
dirten something!,Tokooza
I don't dirten something,Tintokooza
to be understanding,Okutojoka
I be understanding,Ntojoka
he/she be understandings,Atojoka
I have be understandinged,Ntojokire
be understanding!,Tojoka
I don't be understanding,Tintojoka
to make something wet,Okutobya
I make something wet,Ntobya
he/she make something wets,Atobya
I have make something weted,Ntobyire
make something wet!,Tobya
I don't make something wet,Tintobya
See: okUTOBERA,Okutobeka
I see: okutobera,Ntobeka
he/she see: okutoberas,Atobeka
I have see: okutoberaed,Ntobekire
see: okutobera!,Tobeka
I don't see: okutobera,Tintobeka
to make a bridge,Okutinda
See: okUTIMBUURA,Okutimbuuka
I see: okutimbuura,Ntimbuuka
he/she see: okutimbuuras,Atimbuuka
I have see: okutimbuuraed,Ntimbuukire
see: okutimbuura!,Timbuuka
I don't see: okutimbuura,Tintimbuuka
to dig up holes,Okutimba
I dig up holes,Ntimba
he/she dig up holeses,Atimba
I have dig up holesed,Ntimbire
dig up holes!,Timba
I don't dig up holes,Tintimba
to shake,Okutibita
I shake,Ntibita
he/she shakes,Atibita
I have shaked,Ntibisire
shake!,Tibita
I don't shake,Tintibita
to be very soft,Okutibagana
I be very soft,Ntibagana
he/she be very softs,Atibagana
I have be very softed,Ntibaganire
be very soft!,Tibagana
I don't be very soft,Tintibagana
to fall,Okutereburuka
I fall,Ntereburuka
he/she falls,Atereburuka
I have falled,Ntereburukire
fall!,Tereburuka
I don't fall,Tintereburuka
to loose hope,Okuterebuka
I loose hope,Nterebuka
he/she loose hopes,Aterebuka
I have loose hoped,Nterebukire
loose hope!,Terebuka
I don't loose hope,Tinterebuka
to grind millet badly,Okutera-embari
I grind millet badly,Ntera-embari
he/she grind millet badlies,Atera-embari
I have grind millet badlied,Ntera-embariire
grind millet badly!,Tera-embari
I don't grind millet badly,Tintera-embari
to shake something repeatedly,Okutenzatenza
I shake something repeatedly,Ntenzatenza
he/she shake something repeatedlies,Atenzatenza
I have shake something repeatedlied,Ntenzatenzire
shake something repeatedly!,Tenzatenza
I don't shake something repeatedly,Tintenzatenza
to shake,Okutenganya
I shake,Ntenganya
he/she shakes,Atenganya
I have shaked,Ntenganyire
shake!,Tenganya
I don't shake,Tintenganya
(for kings) to sleep,Okutemba
I (for kings) to sleep,Ntemba
he/she (for kings) to sleeps,Atemba
I have (for kings) to sleeped,Ntembire
(for kings) to sleep!,Temba
I don't (for kings) to sleep,Tintemba
See: okWANZIRIRA,Okuteganguza
I see: okwanzirira,Nteganguza
he/she see: okwanziriras,Ateganguza
I have see: okwanziriraed,Nteganguzire
see: okwanzirira!,Teganguza
I don't see: okwanzirira,Tinteganguza
to listen,Okutega okutu
I listen,Ntega okutu
he/she listens,Atega okutu
I have listened,Ntega okutuire
listen!,Tega okutu
I don't listen,Tintega okutu
to be joined together,Okuteeranizibwa
I be joined together,Nteeranizibwa
he/she be joined togethers,Ateeranizibwa
I have be joined togethered,Nteeranizibwire
be joined together!,Teeranizibwa
I don't be joined together,Tinteeranizibwa
to guess. See: okUTEEBEREZA,Okuteeba
I guess. see: okuteebereza,Nteeba
he/she guess. see: okuteeberezas,Ateeba
I have guess. see: okuteeberezaed,Nteebire
guess. see: okuteebereza!,Teeba
I don't guess. see: okuteebereza,Tinteeba
to refuse something completely,Okutaraiga
I refuse something completely,Ntaraiga
he/she refuse something completelies,Ataraiga
I have refuse something completelied,Ntaraigire
refuse something completely!,Taraiga
I don't refuse something completely,Tintaraiga
to pay a fine,Okutanga
I pay a fine,Ntanga
he/she pay a fines,Atanga
I have pay a fined,Ntangire
pay a fine!,Tanga
I don't pay a fine,Tintanga
to make something horizontal,Okutandaara
I make something horizontal,Ntandaara
he/she make something horizontals,Atandaara
I have make something horizontaled,Ntandaazire
make something horizontal!,Tandaara
I don't make something horizontal,Tintandaara
See: okURYA,Okutamira
I see: okurya,Ntamira
he/she see: okuryas,Atamira
I have see: okuryaed,Ntamizire
see: okurya!,Tamira
I don't see: okurya,Tintamira
to start grinding millet,Okutamika
I start grinding millet,Ntamika
he/she start grinding millets,Atamika
I have start grinding milleted,Ntamikire
start grinding millet!,Tamika
I don't start grinding millet,Tintamika
to abuse without cause,Okutambara
I abuse without cause,Ntambara
he/she abuse without causes,Atambara
I have abuse without caused,Ntambazire
abuse without cause!,Tambara
I don't abuse without cause,Tintambara
to interfere. See:okUTAMBAARIRA,Okutamba-ikono
I interfere. see:okutambaarira,Ntamba-ikono
he/she interfere. see:okutambaariras,Atamba-ikono
I have interfere. see:okutambaariraed,Ntamba-ikonoire
interfere. see:okutambaarira!,Tamba-ikono
I don't interfere. see:okutambaarira,Tintamba-ikono
to offer sacrifice,Okutamba
I offer sacrifice,Ntamba
he/she offer sacrifices,Atamba
I have offer sacrificed,Ntambire
offer sacrifice!,Tamba
I don't offer sacrifice,Tintamba
to write without aim,Okutamaga
I write without aim,Ntamaga
he/she write without aims,Atamaga
I have write without aimed,Ntamagire
write without aim!,Tamaga
I don't write without aim,Tintamaga
to be mad temporarily,Okutabuka
I be mad temporarily,Ntabuka
he/she be mad temporarilies,Atabuka
I have be mad temporarilied,Ntabukire
be mad temporarily!,Tabuka
I don't be mad temporarily,Tintabuka
to make water dirty,Okutabangura
I make water dirty,Ntabangura
he/she make water dirties,Atabangura
I have make water dirtied,Ntabanguzire
make water dirty!,Tabangura
I don't make water dirty,Tintabangura
to scramble for something,Okutabana
I scramble for something,Ntabana
he/she scramble for somethings,Atabana
I have scramble for somethinged,Ntabanire
scramble for something!,Tabana
I don't scramble for something,Tintabana
to get spoilt,Okutabakara
I get spoilt,Ntabakara
he/she get spoilts,Atabakara
I have get spoilted,Ntabakazire
get spoilt!,Tabakara
I don't get spoilt,Tintabakara
to hurry,Okutabaguza
I hurry,Ntabaguza
he/she hurries,Atabaguza
I have hurried,Ntabaguzire
hurry!,Tabaguza
I don't hurry,Tintabaguza
to disorganise,Okutabagura
I disorganise,Ntabagura
he/she disorganises,Atabagura
I have disorganised,Ntabaguzire
disorganise!,Tabagura
I don't disorganise,Tintabagura
to go to war,Okutabaara
I go to war,Ntabaara
he/she go to wars,Atabaara
I have go to wared,Ntabaazire
go to war!,Tabaara
I don't go to war,Tintabaara
to visit,Okutaayaaya
I visit,Ntaayaaya
he/she visits,Ataayaaya
I have visited,Ntaayaayire
visit!,Taayaaya
I don't visit,Tintaayaaya
to scatter,Okutaataana
I scatter,Ntaataana
he/she scatters,Ataataana
I have scattered,Ntaataanire
scatter!,Taataana
I don't scatter,Tintaataana
See: BUTANDU,Okutaara
I see: butandu,Ntaara
he/she see: butandus,Ataara
I have see: butandued,Ntaazire
see: butandu!,Taara
I don't see: butandu,Tintaara
See: okUTAANA,Okutaanuuka
I see: okutaana,Ntaanuuka
he/she see: okutaanas,Ataanuuka
I have see: okutaanaed,Ntaanuukire
see: okutaana!,Taanuuka
I don't see: okutaana,Tintaanuuka
to enter into something,Okutaahira
I enter into something,Ntaahira
he/she enter into somethings,Ataahira
I have enter into somethinged,Ntaahizire
enter into something!,Taahira
I don't enter into something,Tintaahira
to go deep,Okutaaha
I go deep,Ntaaha
he/she go deeps,Ataaha
I have go deeped,Ntaahire
go deep!,Taaha
I don't go deep,Tintaaha
to go home,Okutaaha
I go home,Ntaaha
he/she go homes,Ataaha
I have go homed,Ntaahire
go home!,Taaha
I don't go home,Tintaaha
to tear,Okutaagura
I tear,Ntaagura
he/she tears,Ataagura
I have teared,Ntaaguzire
tear!,Taagura
I don't tear,Tintaagura
to get torn,Okutaaguka
I get torn,Ntaaguka
he/she get torns,Ataaguka
I have get torned,Ntaagukire
get torn!,Taaguka
I don't get torn,Tintaaguka
See: okUTAAGATAAGA,Okutaagiira
I see: okutaagataaga,Ntaagiira
he/she see: okutaagataagas,Ataagiira
I have see: okutaagataagaed,Ntaagiizire
see: okutaagataaga!,Taagiira
I don't see: okutaagataaga,Tintaagiira
to cry for help,Okutaaga
I cry for help,Ntaaga
he/she cry for helps,Ataaga
I have cry for helped,Ntaagire
cry for help!,Taaga
I don't cry for help,Tintaaga
to run very fast,Okusora
I run very fast,Nsora
he/she run very fasts,Asora
I have run very fasted,Nsozire
run very fast!,Sora
I don't run very fast,Tinsora
to underlook someone,Okusomooza
I underlook someone,Nsomooza
he/she underlook someones,Asomooza
I have underlook someoned,Nsomoozire
underlook someone!,Somooza
I don't underlook someone,Tinsomooza
to advise someone,Okusaha
I advise someone,Nsaha
he/she advise someones,Asaha
I have advise someoned,Nsahire
advise someone!,Saha
I don't advise someone,Tinsaha
(of rain) to stop,Okusa
I (of rain) to stop,Nsa
he/she (of rain) to stops,Asa
I have (of rain) to stoped,Nsire
(of rain) to stop!,Sa
I don't (of rain) to stop,Tinsa
to favour someone,Okusosora
I favour someone,Nsosora
he/she favour someones,Asosora
I have favour someoned,Nsosozire
favour someone!,Sosora
I don't favour someone,Tinsosora
to weed,Okusoorera
I weed,Nsoorera
he/she weeds,Asoorera
I have weeded,Nsoorezire
weed!,Soorera
I don't weed,Tinsoorera
See: okusoRA,Okusoora
I see: okusora,Nsoora
he/she see: okusoras,Asoora
I have see: okusoraed,Nsoozire
see: okusora!,Soora
I don't see: okusora,Tinsoora
See: okusokA,Okusooka
I see: okusoka,Nsooka
he/she see: okusokas,Asooka
I have see: okusokaed,Nsookire
see: okusoka!,Sooka
I don't see: okusoka,Tinsooka
to cool temperature,Okusiza
I cool temperature,Nsiza
he/she cool temperatures,Asiza
I have cool temperatured,Nsizire
cool temperature!,Siza
I don't cool temperature,Tinsiza
to pin something,Okusita
I pin something,Nsita
he/she pin somethings,Asita
I have pin somethinged,Nsisire
pin something!,Sita
I don't pin something,Tinsita
to move downwards,Okusirimuka
I move downwards,Nsirimuka
he/she move downwardses,Asirimuka
I have move downwardsed,Nsirimukire
move downwards!,Sirimuka
I don't move downwards,Tinsirimuka
to keep quiet,Okusirika
I keep quiet,Nsirika
he/she keep quiets,Asirika
I have keep quieted,Nsirikire
keep quiet!,Sirika
I don't keep quiet,Tinsirika
to wrestle,Okusiriitana
I wrestle,Nsiriitana
he/she wrestles,Asiriitana
I have wrestled,Nsiriitanire
wrestle!,Siriitana
I don't wrestle,Tinsiriitana
to run very quickly,Okusiributuka
I run very quickly,Nsiributuka
he/she run very quicklies,Asiributuka
I have run very quicklied,Nsiributukire
run very quickly!,Siributuka
I don't run very quickly,Tinsiributuka
to feel hungry,Okusiraara
I feel hungry,Nsiraara
he/she feel hungries,Asiraara
I have feel hungried,Nsiraazire
feel hungry!,Siraara
I don't feel hungry,Tinsiraara
to sit indecently,Okusinura
I sit indecently,Nsinura
he/she sit indecentlies,Asinura
I have sit indecentlied,Nsinuzire
sit indecently!,Sinura
I don't sit indecently,Tinsinura
to wake up,Okusinsimuka
I wake up,Nsinsimuka
he/she wake ups,Asinsimuka
I have wake uped,Nsinsimukire
wake up!,Sinsimuka
I don't wake up,Tinsinsimuka
See: okUSIITIRIRA,Okusingirira
I see: okusiitirira,Nsingirira
he/she see: okusiitiriras,Asingirira
I have see: okusiitiriraed,Nsingirizire
see: okusiitirira!,Singirira
I don't see: okusiitirira,Tinsingirira
to stand on toes,Okusingiisira
I stand on toes,Nsingiisira
he/she stand on toeses,Asingiisira
I have stand on toesed,Nsingiisizire
stand on toes!,Singiisira
I don't stand on toes,Tinsingiisira
to bring ill luck,Okusindirira
I bring ill luck,Nsindirira
he/she bring ill lucks,Asindirira
I have bring ill lucked,Nsindirizire
bring ill luck!,Sindirira
I don't bring ill luck,Tinsindirira
to push forward,Okusindikiriza
I push forward,Nsindikiriza
he/she push forwards,Asindikiriza
I have push forwarded,Nsindikirizire
push forward!,Sindikiriza
I don't push forward,Tinsindikiriza
to fall on something,Okusindama
I fall on something,Nsindama
he/she fall on somethings,Asindama
I have fall on somethinged,Nsindamire
fall on something!,Sindama
I don't fall on something,Tinsindama
to control running stool,Okusina
I control running stool,Nsina
he/she control running stools,Asina
I have control running stooled,Nsinire
control running stool!,Sina
I don't control running stool,Tinsina
to lift the foot,Okusimbuza
I lift the foot,Nsimbuza
he/she lift the foots,Asimbuza
I have lift the footed,Nsimbuzire
lift the foot!,Simbuza
I don't lift the foot,Tinsimbuza
to stand stiff,Okusimbarara
I stand stiff,Nsimbarara
he/she stand stiffs,Asimbarara
I have stand stiffed,Nsimbarazire
stand stiff!,Simbarara
I don't stand stiff,Tinsimbarara
to be smart,Okusimantura
I be smart,Nsimantura
he/she be smarts,Asimantura
I have be smarted,Nsimantuzire
be smart!,Simantura
I don't be smart,Tinsimantura
to slide off,Okusimaatuka
I slide off,Nsimaatuka
he/she slide offs,Asimaatuka
I have slide offed,Nsimaatukire
slide off!,Simaatuka
I don't slide off,Tinsimaatuka
to be abusive,Okusikora
I be abusive,Nsikora
he/she be abusives,Asikora
I have be abusived,Nsikozire
be abusive!,Sikora
I don't be abusive,Tinsikora
to beg persistently,Okusikora
I beg persistently,Nsikora
he/she beg persistentlies,Asikora
I have beg persistentlied,Nsikozire
beg persistently!,Sikora
I don't beg persistently,Tinsikora
to bring ill luck,Okusikirira
I bring ill luck,Nsikirira
he/she bring ill lucks,Asikirira
I have bring ill lucked,Nsikirizire
bring ill luck!,Sikirira
I don't bring ill luck,Tinsikirira
to inherit,Okusikira
I inherit,Nsikira
he/she inherits,Asikira
I have inherited,Nsikizire
inherit!,Sikira
I don't inherit,Tinsikira
to fight for something,Okusikasikana
I fight for something,Nsikasikana
he/she fight for somethings,Asikasikana
I have fight for somethinged,Nsikasikanire
fight for something!,Sikasikana
I don't fight for something,Tinsikasikana
to pull something violently,Okusikankura
I pull something violently,Nsikankura
he/she pull something violentlies,Asikankura
I have pull something violentlied,Nsikankuzire
pull something violently!,Sikankura
I don't pull something violently,Tinsikankura
to kneel,Okusikamiriza
I kneel,Nsikamiriza
he/she kneels,Asikamiriza
I have kneeled,Nsikamirizire
kneel!,Sikamiriza
I don't kneel,Tinsikamiriza
to take forcefully,Okusikambura
I take forcefully,Nsikambura
he/she take forcefullies,Asikambura
I have take forcefullied,Nsikambuzire
take forcefully!,Sikambura
I don't take forcefully,Tinsikambura
to get spoilt,Okusiisikara
I get spoilt,Nsiisikara
he/she get spoilts,Asiisikara
I have get spoilted,Nsiisikazire
get spoilt!,Siisikara
I don't get spoilt,Tinsiisikara
to rub off something,Okusiimuura
I rub off something,Nsiimuura
he/she rub off somethings,Asiimuura
I have rub off somethinged,Nsiimuuzire
rub off something!,Siimuura
I don't rub off something,Tinsiimuura
to delay somewhere,Okusiibayo
I delay somewhere,Nsiibayo
he/she delay somewheres,Asiibayo
I have delay somewhered,Nsiibayoire
delay somewhere!,Siibayo
I don't delay somewhere,Tinsiibayo
to spend a day,Okusiiba
I spend a day,Nsiiba
he/she spend a days,Asiiba
I have spend a dayed,Nsiibire
spend a day!,Siiba
I don't spend a day,Tinsiiba
to say good bye,Okusibuura
I say good bye,Nsibuura
he/she say good byes,Asibuura
I have say good byed,Nsibuuzire
say good bye!,Sibuura
I don't say good bye,Tinsibuura
to walk while staggering,Okusibukana
I walk while staggering,Nsibukana
he/she walk while staggerings,Asibukana
I have walk while staggeringed,Nsibukanire
walk while staggering!,Sibukana
I don't walk while staggering,Tinsibukana
to be married,Okuswerwa
I be married,Nswerwa
he/she be marrieds,Aswerwa
I have be marrieded,Nswerwire
be married!,Swerwa
I don't be married,Tinswerwa
See: okusuUKURA,Okuswekura
I see: okusuukura,Nswekura
he/she see: okusuukuras,Aswekura
I have see: okusuukuraed,Nswekuzire
see: okusuukura!,Swekura
I don't see: okusuukura,Tinswekura
to be a shamed,Okuswara
I be a shamed,Nswara
he/she be a shameds,Aswara
I have be a shameded,Nswazire
be a shamed!,Swara
I don't be a shamed,Tinswara
SW. treating the mumps,Okusuyuura
SW. See:okusuURUURA,Okusuukuura
SW. to wrap,Okusubika
I sw. to wrap,Nsubika
he/she sw. to wraps,Asubika
I have sw. to wraped,Nsubikire
sw. to wrap!,Subika
I don't sw. to wrap,Tinsubika
SW. to tell lies,Okusubagura
I sw. to tell lies,Nsubagura
he/she sw. to tell lieses,Asubagura
I have sw. to tell liesed,Nsubaguzire
sw. to tell lies!,Subagura
I don't sw. to tell lies,Tinsubagura
to be straight,Okusororoka
I be straight,Nsororoka
he/she be straights,Asororoka
I have be straighted,Nsororokire
be straight!,Sororoka
I don't be straight,Tinsororoka
to pay tax,Okusora
I pay tax,Nsora
he/she pay taxs,Asora
I have pay taxed,Nsozire
pay tax!,Sora
I don't pay tax,Tinsora
"to contribute, to solicit",Okusonda
"I contribute, to solicit",Nsonda
"he/she contribute, to solicits",Asonda
"I have contribute, to solicited",Nsondire
"contribute, to solicit!",Sonda
"I don't contribute, to solicit",Tinsonda
to abuse someone,Okusomera
I abuse someone,Nsomera
he/she abuse someones,Asomera
I have abuse someoned,Nsomezire
abuse someone!,Somera
I don't abuse someone,Tinsomera
to move slowly,Okusombooka
I move slowly,Nsombooka
he/she move slowlies,Asombooka
I have move slowlied,Nsombookire
move slowly!,Sombooka
I don't move slowly,Tinsombooka
to be well educated,Okusoma
I be well educated,Nsoma
he/she be well educateds,Asoma
I have be well educateded,Nsomire
be well educated!,Soma
I don't be well educated,Tinsoma
to pull out threds,Okusohoorora
I pull out threds,Nsohoorora
he/she pull out thredses,Asohoorora
I have pull out thredsed,Nsohoorozire
pull out threds!,Sohoorora
I don't pull out threds,Tinsohoorora
to sneak out,Okusohooroka
I sneak out,Nsohooroka
he/she sneak outs,Asohooroka
I have sneak outed,Nsohoorokire
sneak out!,Sohooroka
I don't sneak out,Tinsohooroka
to catch fish,Okusoha
I catch fish,Nsoha
he/she catch fishes,Asoha
I have catch fished,Nsohire
catch fish!,Soha
I don't catch fish,Tinsoha
to make a mistake,Okusobya
I make a mistake,Nsobya
he/she make a mistakes,Asobya
I have make a mistaked,Nsobyire
make a mistake!,Sobya
I don't make a mistake,Tinsobya
to be sarcastic,Okusinyooka
I be sarcastic,Nsinyooka
he/she be sarcastics,Asinyooka
I have be sarcasticed,Nsinyookire
be sarcastic!,Sinyooka
I don't be sarcastic,Tinsinyooka
to commit a sin,Okusiisa
I commit a sin,Nsiisa
he/she commit a sins,Asiisa
I have commit a sined,Nsiisire
commit a sin!,Siisa
I don't commit a sin,Tinsiisa
to waste,Okusiisa
I waste,Nsiisa
he/she wastes,Asiisa
I have wasted,Nsiisire
waste!,Siisa
I don't waste,Tinsiisa
to make porridge,Okusigisa
I make porridge,Nsigisa
he/she make porridges,Asigisa
I have make porridged,Nsigisire
make porridge!,Sigisa
I don't make porridge,Tinsigisa
SW. to collect firewood,Okusenya
I sw. to collect firewood,Nsenya
he/she sw. to collect firewoods,Asenya
I have sw. to collect firewooded,Nsenyire
sw. to collect firewood!,Senya
I don't sw. to collect firewood,Tinsenya
SW. to flow gently,Okuseneneka
I sw. to flow gently,Nseneneka
he/she sw. to flow gentlies,Aseneneka
I have sw. to flow gentlied,Nsenenekire
sw. to flow gently!,Seneneka
I don't sw. to flow gently,Tinseneneka
SW. See: okuseNDekeREZA,Okusendekeza
SW. to attract,Okusendasenda
I sw. to attract,Nsendasenda
he/she sw. to attracts,Asendasenda
I have sw. to attracted,Nsendasendire
sw. to attract!,Sendasenda
I don't sw. to attract,Tinsendasenda
to operate on someone,Okusemeza
I operate on someone,Nsemeza
he/she operate on someones,Asemeza
I have operate on someoned,Nsemezire
operate on someone!,Semeza
I don't operate on someone,Tinsemeza
SW. to be pleasant,Okusemera
I sw. to be pleasant,Nsemera
he/she sw. to be pleasants,Asemera
I have sw. to be pleasanted,Nsemezire
sw. to be pleasant!,Semera
I don't sw. to be pleasant,Tinsemera
to dress a wound,Okusemba
I dress a wound,Nsemba
he/she dress a wounds,Asemba
I have dress a wounded,Nsembire
dress a wound!,Semba
I don't dress a wound,Tinsemba
SW. to be open,Okuseesura
I sw. to be open,Nseesura
he/she sw. to be opens,Aseesura
I have sw. to be opened,Nseesuzire
sw. to be open!,Seesura
I don't sw. to be open,Tinseesura
SW. to collect firewood,Okuseenya
I sw. to collect firewood,Nseenya
he/she sw. to collect firewoods,Aseenya
I have sw. to collect firewooded,Nseenyire
sw. to collect firewood!,Seenya
I don't sw. to collect firewood,Tinseenya
SW. to sprout again,Okusebuka
I sw. to sprout again,Nsebuka
he/she sw. to sprout agains,Asebuka
I have sw. to sprout agained,Nsebukire
sw. to sprout again!,Sebuka
I don't sw. to sprout again,Tinsebuka
SW. to split,Okusatura
I sw. to split,Nsatura
he/she sw. to splits,Asatura
I have sw. to splited,Nsatuzire
sw. to split!,Satura
I don't sw. to split,Tinsatura
SW. to be numb,Okusarara
I sw. to be numb,Nsarara
he/she sw. to be numbs,Asarara
I have sw. to be numbed,Nsarazire
sw. to be numb!,Sarara
I don't sw. to be numb,Tinsarara
SW. to enlarge,Okusanjuura
I sw. to enlarge,Nsanjuura
he/she sw. to enlarges,Asanjuura
I have sw. to enlarged,Nsanjuuzire
sw. to enlarge!,Sanjuura
I don't sw. to enlarge,Tinsanjuura
SW. to be found,Okusangwa
I sw. to be found,Nsangwa
he/she sw. to be founds,Asangwa
I have sw. to be founded,Nsangwire
sw. to be found!,Sangwa
I don't sw. to be found,Tinsangwa
SW. to commit adultery,Okusambana
I sw. to commit adultery,Nsambana
he/she sw. to commit adulteries,Asambana
I have sw. to commit adulteried,Nsambanire
sw. to commit adultery!,Sambana
I don't sw. to commit adultery,Tinsambana
SW. to catch something,Okusamata
I sw. to catch something,Nsamata
he/she sw. to catch somethings,Asamata
I have sw. to catch somethinged,Nsamasire
sw. to catch something!,Samata
I don't sw. to catch something,Tinsamata
SW. to starve,Okusamaara
I sw. to starve,Nsamaara
he/she sw. to starves,Asamaara
I have sw. to starved,Nsamaazire
sw. to starve!,Samaara
I don't sw. to starve,Tinsamaara
SW. to make noise,Okusabagiza
I sw. to make noise,Nsabagiza
he/she sw. to make noises,Asabagiza
I have sw. to make noised,Nsabagizire
sw. to make noise!,Sabagiza
I don't sw. to make noise,Tinsabagiza
to labour for nothing,Okuseera-aha-muyaga
I labour for nothing,Nseera-aha-muyaga
he/she labour for nothings,Aseera-aha-muyaga
I have labour for nothinged,Nseera-aha-muyagire
labour for nothing!,Seera-aha-muyaga
I don't labour for nothing,Tinseera-aha-muyaga
to walk slowly,Okusaarumba
I walk slowly,Nsaarumba
he/she walk slowlies,Asaarumba
I have walk slowlied,Nsaarumbire
walk slowly!,Saarumba
I don't walk slowly,Tinsaarumba
to cut off something,Okuryebura
I cut off something,Ndyebura
he/she cut off somethings,Aryebura
I have cut off somethinged,Ndyebuzire
cut off something!,Ryebura
I don't cut off something,Tindyebura
to be lustful,Okuruuza
I be lustful,Nduuza
he/she be lustfuls,Aruuza
I have be lustfuled,Nduuzire
be lustful!,Ruuza
I don't be lustful,Tinduuza
to gather things together,Okurundaana
I gather things together,Ndundaana
he/she gather things togethers,Arundaana
I have gather things togethered,Ndundaanire
gather things together!,Rundaana
I don't gather things together,Tindundaana
to block view,Okurumbaara
I block view,Ndumbaara
he/she block views,Arumbaara
I have block viewed,Ndumbaazire
block view!,Rumbaara
I don't block view,Tindumbaara
to stand out,Okurumbaara
I stand out,Ndumbaara
he/she stand outs,Arumbaara
I have stand outed,Ndumbaazire
stand out!,Rumbaara
I don't stand out,Tindumbaara
to bulge,Okurumbaara
I bulge,Ndumbaara
he/she bulges,Arumbaara
I have bulged,Ndumbaazire
bulge!,Rumbaara
I don't bulge,Tindumbaara
See: okURosoORA,Okurosora
I see: okurosoora,Ndosora
he/she see: okurosooras,Arosora
I have see: okurosooraed,Ndosozire
see: okurosoora!,Rosora
I don't see: okurosoora,Tindosora
to suck dry,Okurongooza.
I suck dry,Ndongooza.
he/she suck dries,Arongooza.
I have suck dried,Ndongooza.ire
suck dry!,Rongooza.
I don't suck dry,Tindongooza.
to feel nausea,Okurokombwa
I feel nausea,Ndokombwa
he/she feel nauseas,Arokombwa
I have feel nauseaed,Ndokombwire
feel nausea!,Rokombwa
I don't feel nausea,Tindokombwa
See: okUROFAHARA,Okurofakara
I see: okurofahara,Ndofakara
he/she see: okurofaharas,Arofakara
I have see: okurofaharaed,Ndofakazire
see: okurofahara!,Rofakara
I don't see: okurofahara,Tindofakara
to neighbour with someone,Okuriraana
I neighbour with someone,Ndiraana
he/she neighbour with someones,Ariraana
I have neighbour with someoned,Ndiraanire
neighbour with someone!,Riraana
I don't neighbour with someone,Tindiraana
to make things equal,Okuringaaniza
I make things equal,Ndingaaniza
he/she make things equals,Aringaaniza
I have make things equaled,Ndingaanizire
make things equal!,Ringaaniza
I don't make things equal,Tindingaaniza
to stop guarding something,Okurindura
I stop guarding something,Ndindura
he/she stop guarding somethings,Arindura
I have stop guarding somethinged,Ndinduzire
stop guarding something!,Rindura
I don't stop guarding something,Tindindura
to be totally blind,Okurindagira
I be totally blind,Ndindagira
he/she be totally blinds,Arindagira
I have be totally blinded,Ndindagizire
be totally blind!,Rindagira
I don't be totally blind,Tindindagira
to wait for something,Okurinda
I wait for something,Ndinda
he/she wait for somethings,Arinda
I have wait for somethinged,Ndindire
wait for something!,Rinda
I don't wait for something,Tindinda
to be handled together,Okurimbiika
I be handled together,Ndimbiika
he/she be handled togethers,Arimbiika
I have be handled togethered,Ndimbiikire
be handled together!,Rimbiika
I don't be handled together,Tindimbiika
to trick: being cunning,Okurimanganya
I trick: being cunning,Ndimanganya
he/she trick: being cunnings,Arimanganya
I have trick: being cunninged,Ndimanganyire
trick: being cunning!,Rimanganya
I don't trick: being cunning,Tindimanganya
to hack thoroughly,Okuriituura
I hack thoroughly,Ndiituura
he/she hack thoroughlies,Ariituura
I have hack thoroughlied,Ndiituuzire
hack thoroughly!,Riituura
I don't hack thoroughly,Tindiituura
to court (a girl),Okuriima
I court (a girl),Ndiima
he/she court (a girl)s,Ariima
I have court (a girl)ed,Ndiimire
court (a girl)!,Riima
I don't court (a girl),Tindiima
to be edible,Okuriika
I be edible,Ndiika
he/she be edibles,Ariika
I have be edibled,Ndiikire
be edible!,Riika
I don't be edible,Tindiika
to fbe edible,Okuriija
I fbe edible,Ndiija
he/she fbe edibles,Ariija
I have fbe edibled,Ndiizire
fbe edible!,Riija
I don't fbe edible,Tindiija
to feel abdominal pain,Okuriibwa
I feel abdominal pain,Ndiibwa
he/she feel abdominal pains,Ariibwa
I have feel abdominal pained,Ndiibwire
feel abdominal pain!,Riibwa
I don't feel abdominal pain,Tindiibwa
"to be tired, exhauseted",Okuriha
"I be tired, exhauseted",Ndiha
"he/she be tired, exhauseteds",Ariha
"I have be tired, exhauseteded",Ndihire
"be tired, exhauseted!",Riha
"I don't be tired, exhauseted",Tindiha
See: okUDIBA. Var: okudiba,Okuriba
I see: okudiba. var: okudiba,Ndiba
he/she see: okudiba. var: okudibas,Ariba
I have see: okudiba. var: okudibaed,Ndibire
see: okudiba. var: okudiba!,Riba
I don't see: okudiba. var: okudiba,Tindiba
to float,Okurerema
I float,Nderema
he/she floats,Arerema
I have floated,Nderemire
float!,Rerema
I don't float,Tinderema
to pass on something,Okurenza
I pass on something,Ndenza
he/she pass on somethings,Arenza
I have pass on somethinged,Ndenzire
pass on something!,Renza
I don't pass on something,Tindenza
to exaggerate,Okurenza
I exaggerate,Ndenza
he/she exaggerates,Arenza
I have exaggerated,Ndenzire
exaggerate!,Renza
I don't exaggerate,Tindenza
to dangle something,Okurengeta.
I dangle something,Ndengeta.
he/she dangle somethings,Arengeta.
I have dangle somethinged,Ndengeta.ire
dangle something!,Rengeta.
I don't dangle something,Tindengeta.
to lose hope,Okurengerana
I lose hope,Ndengerana
he/she lose hopes,Arengerana
I have lose hoped,Ndengeranire
lose hope!,Rengerana
I don't lose hope,Tindengerana
to weigh out capacity,Okurenga
I weigh out capacity,Ndenga
he/she weigh out capacities,Arenga
I have weigh out capacitied,Ndengire
weigh out capacity!,Renga
I don't weigh out capacity,Tindenga
See: okUHEMBEKA,Okurembeka
I see: okuhembeka,Ndembeka
he/she see: okuhembekas,Arembeka
I have see: okuhembekaed,Ndembekire
see: okuhembeka!,Rembeka
I don't see: okuhembeka,Tindembeka
SW.Usage: Nkole. See: okUREGEZA,Okuregeza
SW. See: okUREEKA,Okuregeka
to smoke,Okureetsa
I smoke,Ndeetsa
he/she smokes,Areetsa
I have smoked,Ndeetsire
smoke!,Reetsa
I don't smoke,Tindeetsa
to dangle,Okureereeta
I dangle,Ndeereeta
he/she dangles,Areereeta
I have dangled,Ndeereesire
dangle!,Reereeta
I don't dangle,Tindeereeta
to harvest rain water,Okureeka
I harvest rain water,Ndeeka
he/she harvest rain waters,Areeka
I have harvest rain watered,Ndeekire
harvest rain water!,Reeka
I don't harvest rain water,Tindeeka
to be transparent,Okureeberwamu
to fallow,Okuraza
I fallow,Ndaza
he/she fallows,Araza
I have fallowed,Ndazire
fallow!,Raza
I don't fallow,Tindaza
to echo,Okurangaara
I echo,Ndangaara
he/she echos,Arangaara
I have echoed,Ndangaazire
echo!,Rangaara
I don't echo,Tindangaara
to be famous,Okurangaanwa
I be famous,Ndangaanwa
he/she be famouses,Arangaanwa
I have be famoused,Ndangaanwire
be famous!,Rangaanwa
I don't be famous,Tindangaanwa
to bargain or huggle,Okuramuza
I bargain or huggle,Ndamuza
he/she bargain or huggles,Aramuza
I have bargain or huggled,Ndamuzire
bargain or huggle!,Ramuza
I don't bargain or huggle,Tindamuza
See: okURAMUKANISA,Okuramukanya
I see: okuramukanisa,Ndamukanya
he/she see: okuramukanisas,Aramukanya
I have see: okuramukanisaed,Ndamukanyire
see: okuramukanisa!,Ramukanya
I don't see: okuramukanisa,Tindamukanya
See: okURAMATIKA,Okuramatikana
I see: okuramatika,Ndamatikana
he/she see: okuramatikas,Aramatikana
I have see: okuramatikaed,Ndamatikanire
see: okuramatika!,Ramatikana
I don't see: okuramatika,Tindamatikana
to become taller,Okuraiha
I become taller,Ndaiha
he/she become tallers,Araiha
I have become tallered,Ndaihire
become taller!,Raiha
I don't become taller,Tindaiha
to do things quickly,Okurahusa
I do things quickly,Ndahusa
he/she do things quicklies,Arahusa
I have do things quicklied,Ndahusire
do things quickly!,Rahusa
I don't do things quickly,Tindahusa
to move quickly,Okurahuka
I move quickly,Ndahuka
he/she move quicklies,Arahuka
I have move quicklied,Ndahukire
move quickly!,Rahuka
I don't move quickly,Tindahuka
to make incessant demands,Okuragiiza
I make incessant demands,Ndagiiza
he/she make incessant demandses,Aragiiza
I have make incessant demandsed,Ndagiizire
make incessant demands!,Ragiiza
I don't make incessant demands,Tindagiiza
to drop and scatter,Okuragarika
I drop and scatter,Ndagarika
he/she drop and scatters,Aragarika
I have drop and scattered,Ndagarikire
drop and scatter!,Ragarika
I don't drop and scatter,Tindagarika
to bid farewel,Okuraga2.
I bid farewel,Ndaga2.
he/she bid farewels,Araga2.
I have bid fareweled,Ndaga2.ire
bid farewel!,Raga2.
I don't bid farewel,Tindaga2.
to give a present,Okurabira
I give a present,Ndabira
he/she give a presents,Arabira
I have give a presented,Ndabizire
give a present!,Rabira
I don't give a present,Tindabira
See: OBUTURUTURU,Oruturuturu
See: OBUTURUTURUs,Enturuturu
skin rash,Orukuuruuru
skin rashes,Enkuuruuru
illuminations: things that glitter,Omwenge
illuminations: things that glitters,Abenge
See: ABAMBARI,Omwambari
See: ABAMBARIs,Abambari
See: AMAZIGA,Omuziga
See: AMAZIGAs,Abaziga
See: OMUTONEZI,Omutonezi
See: OMUTONEZIs,Abatonezi
See: EKISEREBEGANYI,Omuserebenganyi
See: EKISEREBEGANYIs,Abaserebenganyi
See:ensambani,Omusambani
See:ensambanis,Abasambani
wrought,Omuramuuro
wroughts,Abaramuuro
column,Omugogo
columns,Abagogo
See: KATARA,Omuceeri
See: KATARAs,Abaceeri
silence: being very quite,Omuceceko
silence: being very quites,Abaceceko
See: KABOHE 2,Omubyamo
See: KABOHE 2s,Ababyamo
"in, inside",Omunda
"in, insides",Abanda
cock-crow,Omunkoko
cock-crows,Abankoko
tru native of Tooro,Omutooro kaswa
tru native of Tooros,Abatooro kaswa
to dry,Omya
the whole of something,Ona
"to increase, add, continue",Oogera
"to spin, twist thread",Ongosa
"only, self, selves",Onka
to suckle,Onkya
"vry self, selves",Onyini
See: okWEKUZA,Okwekuriiriza
I see: okwekuza,Nekuriiriza
he/she see: okwekuzas,Aekuriiriza
I have see: okwekuzaed,Nekuriirizire
see: okwekuza!,Ekuriiriza
I don't see: okwekuza,Tinekuriiriza
See: okUROOBA,Okwecenenkuriza
I see: okurooba,Necenenkuriza
he/she see: okuroobas,Aecenenkuriza
I have see: okuroobaed,Necenenkurizire
see: okurooba!,Ecenenkuriza
I don't see: okurooba,Tinecenenkuriza
See: NYABIHeke,Okwa kana
to suffer from ringworms,Okuzomba
I suffer from ringworms,Nzomba
he/she suffer from ringwormses,Azomba
I have suffer from ringwormsed,Nzombire
suffer from ringworms!,Zomba
I don't suffer from ringworms,Tinzomba
See: okUNYUNGURURA,Okuyungurura
I see: okunyungurura,Nyungurura
he/she see: okunyungururas,Ayungurura
I have see: okunyungururaed,Nyunguruzire
see: okunyungurura!,Yungurura
I don't see: okunyungurura,Tinyungurura
See: okUJENGA2,Okuyenga
I see: okujenga2,Nyenga
he/she see: okujenga2s,Ayenga
I have see: okujenga2ed,Nyengire
see: okujenga2!,Yenga
I don't see: okujenga2,Tinyenga
See: okUTUMBIIKA,Okutungeza
I see: okutumbiika,Ntungeza
he/she see: okutumbiikas,Atungeza
I have see: okutumbiikaed,Ntungezire
see: okutumbiika!,Tungeza
I don't see: okutumbiika,Tintungeza
See: okURAARIRIZA,Okutooza
I see: okuraaririza,Ntooza
he/she see: okuraaririzas,Atooza
I have see: okuraaririzaed,Ntoozire
see: okuraaririza!,Tooza
I don't see: okuraaririza,Tintooza
burning heavily,Okutootera
I burning heavily,Ntootera
he/she burning heavilies,Atootera
I have burning heavilied,Ntootezire
burning heavily!,Tootera
I don't burning heavily,Tintootera
See: okURAARIRIZA,Okutoorereza
I see: okuraaririza,Ntoorereza
he/she see: okuraaririzas,Atoorereza
I have see: okuraaririzaed,Ntoorerezire
see: okuraaririza!,Toorereza
I don't see: okuraaririza,Tintoorereza
See: okUHEMBEKA,Okutangiriza
I see: okuhembeka,Ntangiriza
he/she see: okuhembekas,Atangiriza
I have see: okuhembekaed,Ntangirizire
see: okuhembeka!,Tangiriza
I don't see: okuhembeka,Tintangiriza
to be in search,Okutaara
I be in search,Ntaara
he/she be in searches,Ataara
I have be in searched,Ntaazire
be in search!,Taara
I don't be in search,Tintaara
See: okURAAKAARA,Okusaakaara
I see: okuraakaara,Nsaakaara
he/she see: okuraakaaras,Asaakaara
I have see: okuraakaaraed,Nsaakaazire
see: okuraakaara!,Saakaara
I don't see: okuraakaara,Tinsaakaara
a person with authority,Ow'obusoboorozi
on the ground,Owaishe-butaka
sleep,Oturo
to be obedient,Orobera
to soften,Orobya
muddy water,Orwondo
muddy waters,Enondo
a bad scaring eye,Orwiso
bad scaring eyes,Eniso
sturbornness,Orweju
sturbornnesses,Eneju
a long necked gourd,Orutuuha
long necked gourds,Entuuha
a wooden dish,Orutabago
wooden dishes,Entabago
half boiled milk,Orusongosongo
half boiled milks,Ensongosongo
a striped rat,Orurenga-myambi
striped rats,Endenga-myambi
See: EKIBUGA,Orurembo
a fertilised stigma,Orunyoga
fertilised stigmas,Ennyoga
conjuring stick,Orumanyo
conjuring sticks,Enmanyo
See: ORUGUUTO,Orukuuto
See:OMUKURAIJO,Orukuraijo
drizzle.See:ORUHUUNYIRIRA,Orukanga-booro
drizzle.See:ORUHUUNYIRIRAs,Enkanga-booro
drizzle. See: ORUHUUNYIRIRA,Orujurajura
drizzle. See: ORUHUUNYIRIRAs,Enjurajura
drizzle,Oruhuunyirira
drizzles,Enhuunyirira
a bad smell,Oruhurahure
bad smells,Enhurahure
certain swamp grass,Oruhunda.
certain swamp grasses,Enhunda.
food mould. See: ORUHUMBU,Oruhumbwe
food mould. See: ORUHUMBUs,Enhumbwe
pointed iron digging tool,Oruhoso
pointed iron digging tools,Enhoso
a plant species,Oruherere
plant specieses,Enherere
a bushy forest,Oruhenda
bushy forests,Enhenda
area around a homestead,Oruhembo
area around a homesteads,Enhembo
new moon,Oruhembe
new moons,Enhembe
[oruhaburizo]See: ORUHABYO,Oruhaburizo
[oruhaburizo]See: ORUHABYOs,Enhaburizo
See: ORUGEZI,Orugezigezi
See: ORUGOYE,Orugoyi
spiral wire bracelet,Orugaga.
spiral wire bracelets,Engaga.
dust,Orucuucu
dusts,Encuucu
high jumb,Orucurabembe
high jumbs,Encurabembe
mist. See: ORUHO,Orucu
mist. See: ORUHOs,Encu
insolence,Orubwa
insolences,Embwa
tethering-rope,Orububura
tethering-ropes,Embubura
a large milk pot,Orubindi
large milk pots,Embindi
timber used for roofing,Orubazi
timber used for roofings,Embazi
an ancient hero,Orubanda
ancient heros,Embanda
Fire flames,Orubabo
Fire flameses,Embabo
a bundle of firewood,Oruba
bundle of firewoods,Emba
the holy one,Orikwera
holly spirit,Omwoyo-orikwera
holly spirits,Aboyo-orikwera
a poor person,Omworo
poor persons,Aboro
a medicinal tree species,Omwonyo-gwa-muha
medicinal tree specieses,Abonyo-gwa-muha
being naked,Omwonore
being nakeds,Abonore
talent,Omwoga
talents,Aboga
funnel.s,Omwituzi
funnel.ses,Abituzi
a mwiru female person,Omwirukazi
mwiru female persons,Abirukazi
elephant task,Omwino
elephant tasks,Abino
See: okWINARA,Omwinaro
niece. See: OMWIHWA,Omwihwakati
niece. See: OMWIHWAs,Abihwakati
a rat's track,Omweyera
rat's tracks,Abeyera
See: OMWEMAMURO,Omweyayamuro
See: OMWESYAMURO,Omwesamuro
vocation. See: ORWETO,Omweto
vocation. See: ORWETOs,Abeto
an indepent minded person,Omweteyeki
indepent minded persons,Abeteyeki
See: OMWESHUNGI,Omwesungo
See: OMWEHURIRO,Omweryo
See: OMWEGANDE,Omweremwa
a medicinal plant,Omwenyi-musaija
medicinal plants,Abenyi-musaija
See: OMWEHURIRO,Omwemanyo
God parent. See: OMUZAIRE,Omwema
God parent. See: OMUZAIREs,Abema
unnecessary noise,Omweharanganyo
unnecessary noises,Abeharanganyo
See: OMWegeMURE,Omweyenge
a careful person,Omweyenderezi
careful persons,Abeyenderezi
a conceited person,Omwegirage
conceited persons,Abegirage
a lazy person,Omwegande
lazy persons,Abegande
millet or sorghum cake,Omwate
millet or sorghum cakes,Abate
end of an arrow,Omwatangabo
end of an arrows,Abatangabo
instead of,Omwanya
instead ofs,Abanya
period of time,Omwanya
period of times,Abanya
absent minded person,Omwanjuki
absent minded persons,Abanjuki
See: OMWANGANZIMA,Omwangaazimu
untideness,Omwanda
"Mr, master, husband chief",Omwami
"Mr, master, husband chiefs",Abami
new harvest,Omwaka
new harvests,Abaka
a short visit paid,Omuzirimuko
short visit paids,Abazirimuko
banana leaves',Omuzingoonya
banana leaves's,Abazingoonya
king: a traditional ruler,Omuzingangoma
king: a traditional rulers,Abazingangoma
a heap of dung,Omuzindi
heap of dungs,Abazindi
room:one roomed house,Omuzigo
room:one roomed houses,Abazigo
astate of confusion,Omuzambaaro
astate of confusions,Abazambaaro
a tree species,Omuyovu
tree specieses,Abayovu
saliva of the cow,Omuvumba
saliva of the cows,Abavumba
avery tall person,Omutyobero
avery tall persons,Abatyobero
a tree species,Omuturika
tree specieses,Abaturika
plant of passion fruits,Omutunda
plant of passion fruitses,Abatunda
a heap of millet,Omutunda
heap of millets,Abatunda
bean's soup. See: OMUNIINO,Omutoha
bean's soup. See: OMUNIINOs,Abatoha
a brick making tray,Omutiba
brick making trays,Abatiba
cattle disease,Omutara
cattle diseases,Abatara
The usefulness of something,Omutambo
usefulness of somethings,Abatambo
See:OMUHAKO,Omutakaatako
a coffee plant,Omutabungwa
coffee plants,Abatabungwa
spear: a long spear,Omutaari
spear: a long spears,Abataari
tall thorn-tree,Omusaza
tall thorn-trees,Abasaza
dancer: one who dances,Omusoomi
dancer: one who danceses,Abasoomi
a bunch of bananas,Omusisa
bunch of bananases,Abasisa
aplant species,Omusingasinga
aplant specieses,Abasingasinga
newly unbaked pot,Omusinga
newly unbaked pots,Abasinga
alluvial soils,Omusimbi
alluvial soilses,Abasimbi
untrustworthy person,Omusikuzi
untrustworthy persons,Abasikuzi
a grass specie,Omusunguru
grass species,Abasunguru
anus. See: OMWOYO,Omusumiko
anus. See: OMWOYOs,Abasumiko
young millet stalks,Omusooro
young millet stalkses,Abasooro
mistress: a female teacher,Omusomesa-kati
mistress: a female teachers,Abasomesa-kati
plant species,Omusobya
plant specieses,Abasobya
a person who outstays,Omusitamirizi
person who outstayses,Abasitamirizi
thump: a heavy blow,Omusenguro
thump: a heavy blows,Abasenguro
a tree species,Omuseese
tree specieses,Abaseese
See: OMUSA,Omuse
a grass species,Omusarakanda
grass specieses,Abasarakanda
a Kinyarwanda traditional dress,Omusanana
Kinyarwanda traditional dresses,Abasanana
See: EKISAMATO,Omusamato
plant: a tree species,Omusaabo
plant: a tree specieses,Abasaabo
a brand new car,Omuserebende
brand new cars,Abaserebende
alarm. See: OMURANGA,Omuruura
alarm. See: OMURANGAs,Abaruura
shin,Omurundi
shins,Abarundi
multiplication table,Omurundi
multiplication tables,Abarundi
the duck's excrets,Omuroba
duck's excretses,Abaroba
name of a comet,Omureetsa.
name of a comets,Abareetsa.
being curious,Omureebuuzo
being curiouses,Abareebuuzo
something done very quickly,Omuraso
something done very quicklies,Abaraso
a tree specie,Omurangara
tree species,Abarangara
passion fruits,Omurande
passion fruitses,Abarande
something very long,Omurambuure.
See:EMIRAMBI,Omurambi
See: EMIRABANAMU,Omurabanamu
See: MINZAANI,Omunzaani
See:OMUNYORORO,Omunyururu
earth warm,Omunyongororwa
earth warms,Abanyongororwa
See: OMUNYANA,Omunyoma
accacia tree,Omunyinya
accacia trees,Abanyinya
smashed food especially bananas,Omunyige
smashed food especially bananases,Abanyige
to walk slowly,Omunyigimbo
pins and needles,Omunyegezi
pins and needleses,Abanyegezi
premature bunch of matooke,Omunyara
premature bunch of matookes,Abanyara
See: OMUNYAMUKAGO,Omunyaruganda
See:OMUNYANZIGU,Omunyanziika
someone who likes revenging,Omunyanzigu
someone who likes revengings,Abanyanzigu
indigenous person. See: OMUTAKA,Omunyansi
indigenous person. See: OMUTAKAs,Abanyansi
premature bunch of matooke,Omunyangara
premature bunch of matookes,Abanyangara
See:OMUNYAMURURU,Omunyanda
See:OMUNYABWANGU,Omunyabwira
basket fibre,Omunya
basket fibres,Abanya
the person who dislikes,Omunugi
person who dislikeses,Abanugi
See:OMUNAFU,Omunoofooki
a certain grass specie,Omumbya
certain grass species,Abambya
[omukebezi]: See:OMUGOROZi,Omukebezi
[omukebezi]: See:OMUGOROZis,Abakebezi
[omukwodyo]: a tactiful person,Omukwodyo
[omukwodyo]: a tactiful persons,Abakwodyo
muddy sediments in beer,Omukunyu
muddy sediments in beers,Abakunyu
a grass specie,Omukungasebeya
grass species,Abakungasebeya
half cooked or ripe,Omukooto
half cooked or ripes,Abakooto
a prickly shrub,Omukongorani
prickly shrubs,Abakongorani
a tree specie,Omukobe
tree species,Abakobe
participant in the meeting,Omukiiki
participant in the meetings,Abakiiki
See:OMUJWIGA,Omukankaana
at home,Omuka
at homes,Abaka
a piece of stick,Omujuguto
piece of sticks,Abajuguto
"long-nosed, long-tailed rat",Omuhuuhe
"long-nosed, long-tailed rats",Abahuuhe
pure liquid,Omuhuuhe
pure liquids,Abahuuhe
milk with no froth,Omuhuhe
milk with no froths,Abahuhe
someone who offers sacrifices,Omuhongi
someone who offers sacrificeses,Abahongi
a medicinal tree specie,Omuhingura
medicinal tree species,Abahingura
a blade of spear,Omuhimba
blade of spears,Abahimba
one who blesses people,Omuhiire
one who blesses peoples,Abahiire
See: RWEBANDIRA,Omuheekera
a medical plant,Omuhe
medical plants,Abahe
a sharp long object,Omugeto
sharp long objects,Abageto
See: OMUGWEZI. Pl: abaguruzi,Omuguruzi
cowpea leaves,Omugobe
cowpea leaveses,Abagobe
Minister,Omugatwa
Ministers,Abagatwa
wild plant,Omugarura
wild plants,Abagarura
protected spring,Omugano
protected springs,Abagano
bundle e.g of firewood,Omuganda
bundle e.g of firewoods,Abaganda
a tree species,Omufa-igesa
tree specieses,Abafa-igesa
fatility loose of anything,Omucuku
fatility loose of anythings,Abacuku
sauce,Omucu n. Sauce.
sauces,Abacu n. Sauce.
pimple,Omububuuro
pimples,Ababubuuro
flesh alcohol,Omubire
flesh alcohols,Ababire
a medicinal plant specie,Omubimba-ifuro
medicinal plant species,Ababimba-ifuro
very young maize,Omubeya
very young maizes,Ababeya
flute,Omubanda
flutes,Ababanda
a new blandy car,Omubanda
new blandy cars,Ababanda
a decoration,Omubabo
decorations,Abababo
CELEBRATIONS,Okwotera
to soften something,Okworobya
I soften something,Norobya
he/she soften somethings,Aorobya
I have soften somethinged,Norobyire
soften something!,Orobya
I don't soften something,Tinorobya
to add on something,Okwongesereza
I add on something,Nongesereza
he/she add on somethings,Aongesereza
I have add on somethinged,Nongeserezire
add on something!,Ongesereza
I don't add on something,Tinongesereza
to be burnt completely,Okwongotoka
I be burnt completely,Nongotoka
he/she be burnt completelies,Aongotoka
I have be burnt completelied,Nongotokire
be burnt completely!,Ongotoka
I don't be burnt completely,Tinongotoka
to grow thin,Okwongoboka
I grow thin,Nongoboka
he/she grow thins,Aongoboka
I have grow thined,Nongobokire
grow thin!,Ongoboka
I don't grow thin,Tinongoboka
SLAVERY,Okwongoboka
to witness falsely,Okwomeka
I witness falsely,Nomeka
he/she witness falselies,Aomeka
I have witness falselied,Nomekire
witness falsely!,Omeka
I don't witness falsely,Tinomeka
OWNERSHIP,Okwomankana
to weld a metal,Okwokera
I weld a metal,Nokera
he/she weld a metals,Aokera
I have weld a metaled,Nokezire
weld a metal!,Okera
I don't weld a metal,Tinokera
to be upset,Okwohoka
I be upset,Nohoka
he/she be upsets,Aohoka
I have be upseted,Nohokire
be upset!,Ohoka
I don't be upset,Tinohoka
to pass through something,Okwoga
I pass through something,Noga
he/she pass through somethings,Aoga
I have pass through somethinged,Nogire
pass through something!,Oga
I don't pass through something,Tinoga
to abuse someone severely,Okwoboora
I abuse someone severely,Noboora
he/she abuse someone severelies,Aoboora
I have abuse someone severelied,Noboozire
abuse someone severely!,Oboora
I don't abuse someone severely,Tinoboora
that way,Okwo
to be killed,Okwitwa
I be killed,Nitwa
he/she be killeds,Aitwa
I have be killeded,Nitwire
be killed!,Itwa
I don't be killed,Tinitwa
meet,Okwitirana
to eat unsatisfactorily,Okwita-omwaku
I eat unsatisfactorily,Nita-omwaku
he/she eat unsatisfactorilies,Aita-omwaku
I have eat unsatisfactorilied,Nita-omwakuire
eat unsatisfactorily!,Ita-omwaku
I don't eat unsatisfactorily,Tinita-omwaku
SUPPORTERS,Okwirukirira
[okwirukanga]RUNNING,Okwirukanga
to run,Okwiruka
I run,Niruka
he/she runs,Airuka
I have runed,Nirukire
run!,Iruka
I don't run,Tiniruka
to extend further,Okwirirayo
I extend further,Nirirayo
he/she extend furthers,Airirayo
I have extend furthered,Nirirayoire
extend further!,Irirayo
I don't extend further,Tinirirayo
to make something dirty,Okwiraguza
I make something dirty,Niraguza
he/she make something dirties,Airaguza
I have make something dirtied,Niraguzire
make something dirty!,Iraguza
I don't make something dirty,Tiniraguza
OPTIONAL,Okwinuka
to tell ancient stories,Okwinikiza
I tell ancient stories,Ninikiza
he/she tell ancient storieses,Ainikiza
I have tell ancient storiesed,Ninikizire
tell ancient stories!,Inikiza
I don't tell ancient stories,Tininikiza
to stand upright,Okwinamuka
I stand upright,Ninamuka
he/she stand uprights,Ainamuka
I have stand uprighted,Ninamukire
stand upright!,Inamuka
I don't stand upright,Tininamuka
to retire from work,Okwinamuka
I retire from work,Ninamuka
he/she retire from works,Ainamuka
I have retire from worked,Ninamukire
retire from work!,Inamuka
I don't retire from work,Tininamuka
to do baby sitting,Okwikaza
I do baby sitting,Nikaza
he/she do baby sittings,Aikaza
I have do baby sittinged,Nikazire
do baby sitting!,Ikaza
I don't do baby sitting,Tinikaza
to wrestle down someone,Okwikarira
I wrestle down someone,Nikarira
he/she wrestle down someones,Aikarira
I have wrestle down someoned,Nikarizire
wrestle down someone!,Ikarira
I don't wrestle down someone,Tinikarira
DETERMINATION,Okwikaara
to serve someone food,Okwihurira
I serve someone food,Nihurira
he/she serve someone foods,Aihurira
I have serve someone fooded,Nihurizire
serve someone food!,Ihurira
I don't serve someone food,Tinihurira
to serve food,Okwihura
I serve food,Nihura
he/she serve foods,Aihura
I have serve fooded,Nihuzire
serve food!,Ihura
I don't serve food,Tinihura
to pay a debt,Okwihura
I pay a debt,Nihura
he/she pay a debts,Aihura
I have pay a debted,Nihuzire
pay a debt!,Ihura
I don't pay a debt,Tinihura
See: okWIGIRA. Learning,Okwigirira
I see: okwigira. learning,Nigirira
he/she see: okwigira. learnings,Aigirira
I have see: okwigira. learninged,Nigirizire
see: okwigira. learning!,Igirira
I don't see: okwigira. learning,Tinigirira
"badness, bad behaviour, ill-motive",Obubi
"weakness, sickness",Obuceke
foolishness,Obudoma
laziness,Obugara
width,Obugazi
party,Obugenyi
"sisal thread, sisal plant",Obugoigo
shortness,Obugufu
"barrenness, sterility",Obugumba
"patience, perseverance",Obugumiisiriza
"hardness, firmness, strength",Obugumu
"wealth, richness, riches",Obuguuda
options,Obugyo
service,Obuheereza
"shame, disgrace",Obuhemu
"scabies, skin rash",Obuhere
"corruption, extortion, cheating, plundering",Obuhoogozi
left over food,Obuhoro
obedience,Obuhulizi
millions and millions,Obuhumbe
resting place,Obuhuumurro
"evidence, witnessing",Obujulizi
"sorrow, sadness",Obujune
ankles,Obuwarro bw'enkwanzi
kingdom,Obukama
fewness,Obuke
"babyhood, earliest infancy",Obukerembe
the left side,Obukiizi bwemoso
relationship through marriage,Obuko
"help, assistance",Obukoonyezi
"skill, experience, knowledge",Obukugu
"black jack, seeds",Obukurra
relationship,Obukwataine
"formal message, apostle ship",Obukwenda
"problem, difficulty, challenge",Obulemeezi
"rule, administration, leadership, governance",Obulemi
"war, battle, a fight",Obulemu
thin legs,Obulenge
"cultivation, agriculture, farming",Obulimi
"care, guardianship, protection",Obulinzi
right hand / side,Oburyo
"experience, knowledge, skills",Obumanyirizi
"braverly, courage, boldness, valour",Obumanzi
"unity,singular",Obumu
"may be, sometimes",Obundi
from time to time,Obundi n'obundi
toes,Obunkenke
small inedible white ants,Obunkoohooho
"length, height",Obura
"length, height",Oburaira
millet,Oburo
usefulness,Oburyo
animal dung,Obusa
"pain, bitterness, sorrow, grief",Obusaalizi
"spleen,bow",Obuta
trillions,Obutabarwa
warmth,Obutagasi
drunkenness,Obutamiizi
accident,Obutandwa
slippery ground,Obuterre
"cowardice, timidity",Obutiitiizi
"childhood, youth",Obuto
passion juice,Obutunda
small grey edible mushrooms,Obutyabiri
"aid, assistance",Obuyambi
"neatness, smartness, cleanliness",Obuyonjo
"support, assistance",Obusagiki
the Trinity,Obusatu
immoral talk,Obuseegu
"drizzle, little rain",Obusesega
Islam,Obusiraamu
forehead,Obuso
"authority, powers, ability",Obusobozi
"theft, being a robber",Obusuma
"time, period",Obusumi
sexual organs,Obusura
"period after birth, parenthood",Obuzaire
"traditional, inheritance",Obuzarraanwa
evidence,Obwakaiso
mine,Obwange
"neatness, smartness, cleanliness",Obwecumi
level of education attained,Obwegese
"hard work, determination, zeal",Obwekambi
generosity,Obwenda
"rebelliousness, disobedience",Obwereme
"trustworthiness, confidence, inspiring",Obwesige
cave,Obwingira
"life, health",Obwomeezi
officer,Ofiisa
office,Ofiisi
mine,Ogwange
oil lubricant,Oiro
fuck,Okucuga
to kill,Okuheekura
I kill,Nheekura
he/she kills,Aheekura
I have killed,Nheekuzire
kill!,Heekura
I don't kill,Tinheekura
cacophony,Okuhuma
"to show, exhibit",Oleka
move purposefully,Okutalika
"to rustle (asgras, reeds)",Omba
"to build, perform",Ombeka
to weed,Ombera
both,Ombi
to rustle or rattle,Ombya
"alive, strong, well",Omeezi
to be constipated,Omerenva
"to convict, falsely accuse",Omereza
to dry thoroughly,Omesereza
"eater, devourer",Omuli
"eater, devourers",Abali
prince,Omubiito
princes,Ababiito
princess,Omubiitokati
princesses,Ababiitokati
long hair generally curled,Omucucu
long hair generally curleds,Abacucu
quiet person,Omuculeezi
quiet persons,Abaculeezi
"a cook, baker",Omucumbi
"cook, bakers",Abacumbi
"orange fruit, orange",Omucunguuha
"orange fruit, oranges",Abacunguuha
orange,Omucunguuwa
oranges,Abacunguuwa
"liberator, saviour",Omucunguzi
"liberator, saviours",Abacunguzi
"a cute, cunning person",Omucwacwa
"cute, cunning persons",Abacwacwa
"gravy, stew from meat",Omucwe
"gravy, stew from meats",Abacwe
tracker in hunting,Omucwi
tracker in huntings,Abacwi
"ba magistrate, judge",Omucwi w'emisango
"ba magistrate, judges",Abacwi w'emisango
embroiderer,Omudalizi
embroiderers,Abadalizi
drunkard,Omudanguzi
drunkards,Abadanguzi
deacon,Omudiikoni
deacons,Abadiikoni
foolish person,Omudomadoma
foolish persons,Abadomadoma
"jug, gun-barrel",Omuduma
"jug, gun-barrels",Abaduma
"interpreter, commander",Omuduumi
"interpreter, commanders",Abaduumi
commander,Omuduumizi
commanders,Abaduumizi
liar,Omuduupi
liars,Abaduupi
mattress,Omufaalisi
mattresses,Abafaalisi
Pharisee,Omufalisaayo
Pharisees,Abafalisaayo
reckless,Omufu w'omutima
recklesses,Abafu w'omutima
deaf person,Omufu w'amatu
deaf persons,Abafu w'amatu
dumb person,Omufu w'omunwa
dumb persons,Abafu w'omunwa
wrestler,Omufukaani
wrestlers,Abafukaani
jealous husband or wife,Omufuuhi
jealous husband or wifes,Abafuuhi
bread,Omugaati
breads,Abagaati
"a generous, bountiful person",Omugabi
"generous, bountiful persons",Abagabi
share,Omugabo
shares,Abagabo
rich person,Omugaiga
rich persons,Abagaiga
"speaker, preacher",Omugambizi
"speaker, preachers",Abagambizi
a native of Buganda,Omuganda
native of Bugandas,Abaganda
cerebro-spinal mening it is,Omugangamo
cerebro-spinal mening it ises,Abagangamo
"friendship, intimacy",Omuganjano
"friendship, intimacies",Abaganjano
mourner,Omuganyi
mourners,Abaganyi
pitiful. merciful person,Omuganyizi
pitiful. merciful persons,Abaganyizi
"feeble, weak, lazy person",Omugara
"feeble, weak, lazy persons",Abagara
king's or chiefs servant,Omugaragara
king's or chiefs servants,Abagaragara
thorny tree,Omugarama
thorny trees,Abagarama
"illness, laziness, reluctance",Omugayaaro
"illness, laziness, reluctances",Abagayaaro
"scorn, contempt, cynicism,despising others",Omugayangano
"scorn, contempt, cynicism,despising otherses",Abagayangano
"docile, obedient person",Omugayuki
"docile, obedient persons",Abagayuki
"a visitor, guest, stranger",Omugenyi
"visitor, guest, strangers",Abagenyi
wanderer,Omugenzigenzi
wanderers,Abagenzigenzi
"custom, way, tradition",Omugenzo
"custom, way, traditions",Abagenzo
small river,Omugera
small rivers,Abagera
a kick,Omugere
kicks,Abagere
"sharp, clever, crafty person",Omugezigezi
"sharp, clever, crafty persons",Abagezigezi
catechism instructions before confirmation,Omugigi
catechism instructions before confirmations,Abagigi
a Queen-consort,Omugo
Queen-consorts,Abago
"a betrayer, traitor, deceiver",Omugobeza
"betrayer, traitor, deceivers",Abagobeza
"hypocrite, deceiver, cheat",Omugobya
"hypocrite, deceiver, cheats",Abagobya
stem of a banana,Omugogo
stem of a bananas,Abagogo
bride or bridegroom,Omugole
bride or bridegrooms,Abagole
drummer,Omugoma
drummers,Abagoma
a bolt,Omugombole
bolts,Abagombole
chief of a sub-county,Omugomborozi
chief of a sub-counties,Abagomborozi
back,Omugongo
backs,Abagongo
"crease, fold",Omugonya
"crease, folds",Abagonya
mad person,Omuguwiraro
mad persons,Abaguwiraro
patient person,Omugumiisiriza
patient persons,Abagumiisiriza
an old man,Omugurusi
old mans,Abagurusi
"Pl: emigusa, sorghum",Omugusa
"Pl: emigusa, sorghums",Abagusa
a rich person,Omuguuda
rich persons,Abaguuda
buyer,Omuguzi
buyers,Abaguzi
"tupid, halfwitted person",Omugwagwa
"tupid, halfwitted persons",Abagwagwa
trumpeter,Omugwara
trumpeters,Abagwara
a root,Omuhama
roots,Abahama
general term for charms,Omuhambo
general term for charmses,Abahambo
"path, road, way, track",Omuhanda
"path, road, way, tracks",Abahanda
"writer, clerk, scribe, secretary",Omuhandiiki
"writer, clerk, scribe, secretaries",Abahandiiki
a rainbow,Omuhangazima
rainbows,Abahangazima
"counsellor, advisor",Omuhanuuzi
"counsellor, advisors",Abahanuuzi
"daughter, girl",Omuhara
"daughter, girls",Abahara
"rival, competitor",Omuharani
"rival, competitors",Abaharani
"a stammerer, stutterer",Omuhebebezi
"stammerer, stutterers",Abahebebezi
"smith, blacksmith",Omuheesi
"smith, blacksmiths",Abaheesi
slanderer,Omuhenderezi
slanderers,Abahenderezi
"number, price, value, amount",Omuhendo
"number, price, value, amounts",Abahendo
"copper, iron, bracelet",Omuherre
"copper, iron, bracelets",Abaherre
backbiter,Omuhesi
backbiters,Abahesi
a sluggard,Omuhetezi
sluggards,Abahetezi
"the giver, donor",Omuhi
"giver, donors",Abahi
persecutor,Omuhiiganizi
persecutors,Abahiiganizi
the brewer,Omuhiisa
brewers,Abahiisa
prime minister,Omuhikirwa
prime ministers,Abahikirwa
"great joy, gladness, pleasure",Omuhimbo
"great joy, gladness, pleasures",Abahimbo
"convert, prosely",Omuhinduki
"convert, proselies",Abahinduki
"interpreter, translator",Omuhinduzi
"interpreter, translators",Abahinduzi
"a passer-by, way-farer",Omuhinguzi
"passer-by, way-farers",Abahinguzi
illness like sleeping sickness,Omuhinyo
illness like sleeping sicknesses,Abahinyo
"tribulation, weariness, suffering",Omuhito
"tribulation, weariness, sufferings",Abahito
cassava,Omuhogo
cassavas,Abahogo
salt,Omuhonde
salts,Abahonde
"disobedient, insolent, quarrelsome person",Omuhoole
"disobedient, insolent, quarrelsome persons",Abahoole
tree resembling wild fig,Omuhora
tree resembling wild figs,Abahora
"absent-minded, inattentive person",Omuhugutani
"absent-minded, inattentive persons",Abahugutani
unhealthy fatness,Omuhuhuru
unhealthy fatnesses,Abahuhuru
"spendthrift, wasted, good-for nothing",Omuhungu
"spendthrift, wasted, good-for nothings",Abahungu
"a passer-by, visitor",Omuhunguki
"passer-by, visitors",Abahunguki
"distaste, disgust, abhorrence",Omuhuro
"distaste, disgust, abhorrences",Abahuro
pestle,Omuhurunguso
pestles,Abahurunguso
the one who hums,Omuhuumi
one who humses,Abahuumi
"bachelor, spinster, abandoned husband",Omuhuuru
"bachelor, spinster, abandoned husbands",Abahuuru
a destroyer,Omuhwerekereza
destroyers,Abahwerekereza
"shameless, insolent person",Omuhwiw'ensoni
"shameless, insolent persons",Abahwiw'ensoni
"traitor, deceitful",Omuhyangya
"traitor, deceitfuls",Abahyangya
"grumbler, murmurer",Omuhyemi
"grumbler, murmurers",Abahyemi
knife,Omuhyo
knifes,Abahyo
african bassil,Omujaaja
african bassils,Abajaaja
the eve to Empango,Omujato
eve to Empangos,Abajato
"wanderer, loafer",Omujanjaazi
"wanderer, loafers",Abajanjaazi
a hungry person,Omujara
hungry persons,Abajara
"wanderer, vagabond",Omujeezi
"wanderer, vagabonds",Abajeezi
a blower of bellows,Omujugusi
blower of bellowses,Abajugusi
one who makes charcoal,Omujugusi w'amakara
one who makes charcoals,Abajugusi w'amakara
"witness, martyr",Omujulizi
"witness, martyrs",Abajulizi
"abuser, railer, blasphemer",Omujumi
"abuser, railer, blasphemers",Abajumi
the one who accuses,Omujunaani
one who accuseses,Abajunaani
"a White man, European",Omujungu
"White man, Europeans",Abajungu
saviour,Omujuni
saviours,Abajuni
flower of maize,Omujuuli
flower of maizes,Abajuuli
tired person,Omujwahi
tired persons,Abajwahi
coronet wearer,Omujwaara kondo
coronet wearers,Abajwaara kondo
"apparel, clothing",Omujwaro
"apparel, clothings",Abajwaro
prince,Omusuga
princes,Abasuga
princess,Omujwera
princesses,Abajwera
"heathen, pagan",Omukaafiiri
"heathen, pagans",Abakaafiiri
"six, dowry",Omukaaga
"six, dowries",Abakaaga
"a interrogator, examiner",Omukaguzi
"interrogator, examiners",Abakaguzi
at night fall,Omukairirizi
at night falls,Abakairirizi
"a martyr, witness",Omukaiso
"martyr, witnesses",Abakaiso
stalk of millet,Omukaka
stalk of millets,Abakaka
daughter-in-law,Omukamwana
daughter-in-laws,Abakamwana
dried meat,Omukaro
dried meats,Abakaro
"woman, wife",Omukazi
"woman, wifes",Abakazi
"steward, treasurer",Omukeeto
"steward, treasurers",Abakeeto
"selfish, disagreeable, unkind person",Omukiinuuki
"selfish, disagreeable, unkind persons",Abakiinuuki
butcher,Omukinjaagi
butchers,Abakinjaagi
son-in-law,Omuko
son-in-laws,Abako
a tall timber tree,Omukogoto
tall timber trees,Abakogoto
glutton,Omukoizi
gluttons,Abakoizi
beater in hunting,Omukokozi
beater in huntings,Abakokozi
"arm, handwriting",Omukono
"arm, handwritings",Abakono
"helper, supporter, benefactor",Omukoonyezi
"helper, supporter, benefactors",Abakoonyezi
the king's milk man,Omukoroogi
king's milk mans,Abakoroogi
"overseer, headman",Omukoza
"overseer, headmans",Abakoza
"maker, workman, labourer",Omukozi
"maker, workman, labourers",Abakozi
border,Omukugiro
borders,Abakugiro
expert,Omukugu
experts,Abakugu
pig iron,Omukulingo
pig irons,Abakulingo
keeper,Omukumirizi
keepers,Abakumirizi
navel,Omukundi
navels,Abakundi
loud cry,Omukungo
loud cries,Abakungo
wild fig tree,Omukungu
wild fig trees,Abakungu
lover,Omukunzi
lovers,Abakunzi
track,Omukurundizo
tracks,Abakurundizo
"tell tale, mischief-maker",Omukurungutaniza
"tell tale, mischief-makers",Abakurungutaniza
mahogany tree,Omukusu
mahogany trees,Abakusu
"sodomite, homesexual",Omukuuhya
"sodomite, homesexuals",Abakuuhya
guardian,Omukuza
guardians,Abakuza
pledge,Omukwatirizo
pledges,Abakwatirizo
"prisoner, captive",Omukwatwa
"prisoner, captives",Abakwatwa
rat truck,Omukwebebe
rat trucks,Abakwebebe
"bringer, proposer, author",Omuleesi
"bringer, proposer, authors",Abaleesi
"accuser, talebearer",Omulegi
"accuser, talebearers",Abalegi
beard,Omuleju
beards,Abaleju
freed man,Omulekerwa
freed mans,Abalekerwa
"lame person, cripple, disabled",Omulema
"lame person, cripple, disableds",Abalema
ruler,Omulemi
rulers,Abalemi
applaud of happiness,Omulera
applaud of happinesses,Abalera
a tree fernl,Omulere
tree fernls,Abalere
"babysitter, nurse of child",Omulezi
"babysitter, nurse of childs",Abalezi
"greedy, selfish person",Omuliiririzi
"greedy, selfish persons",Abaliiririzi
"sailor, fisherman",Omulimba
"sailor, fishermans",Abalimba
brass,Omulinga
brasses,Abalinga
"kind sort, species",Omulingo
"kind sort, specieses",Abalingo
"guard, keeper, guardian",Omulinzi
"guard, keeper, guardians",Abalinzi
rope for catching animals,Omuliti
rope for catching animalses,Abaliti
one who weeps,Omulizi
one who weepses,Abalizi
"defrauder, cheat",Omuryakuzi
"defrauder, cheats",Abaryakuzi
"doorway, entrance",Omuryango
"doorway, entrances",Abaryango
one million,Omuryoni gumu
one millions,Abaryoni gumu
"infront of, ahead",Omumaiso
"infront of, aheads",Abamaiso
"truly, infact",Omumananu
"truly, infacts",Abamananu
"gobbler, fast eater",Omumizi
"gobbler, fast eaters",Abamizi
net for catching fish,Omumogo
net for catching fishes,Abamogo
king's executioner,Omumogoro
king's executioners,Abamogoro
torch bearer,Omumuliki
torch bearers,Abamuliki
barber,Omumwi
barbers,Abamwi
stinging-nettle,Omumya
stinging-nettles,Abamya
eight,Omunaana
eights,Abanaana
"tower, flagstaff",Omunaara
"tower, flagstaffs",Abanaara
guide of the blind,Omunanasi
guide of the blinds,Abananasi
"trustworthy, faithful person",Omunanu
"trustworthy, faithful persons",Abananu
date-palm,Omunazi
date-palms,Abanazi
anything very cold,Omuneno
anything very colds,Abaneno
self-sown plant or tree,Omuniibwanyonyi
self-sown plant or trees,Abaniibwanyonyi
"pleasure, gladness, rejoicing",Omuniiniiro
"pleasure, gladness, rejoicings",Abaniiniiro
earthworm,Omuniongorozi
earthworms,Abaniongorozi
earth worm,Omuniongorro
earth worms,Abaniongorro
"person, man",Omuntu
"person, mans",Abantu
"redeemer, saviour",Omununuzi
"redeemer, saviours",Abanunuzi
"mouth, lip opening, beak",Omunwa
"mouth, lip opening, beaks",Abanwa
"a man of, native",Omunya
"man of, natives",Abanya
lizard,Omunyaa
lizards,Abanyaa
"pricking, tingling sensation",Omunyaalizi
"pricking, tingling sensations",Abanyaalizi
"spoil, plunder, booty",Omunyago
"spoil, plunder, booties",Abanyago
captive,Omunyagwa
captives,Abanyagwa
debtor,Omunyarbanja
debtors,Abanyarbanja
one of another nation,Omunyaihanga
one of another nations,Abanyaihanga
thirsty person,Omunyairoho
thirsty persons,Abanyairoho
headman,Omunyampara
headmans,Abanyampara
hungry person,Omunyanjara
hungry persons,Abanyanjara
prisoner,Omunyankomo
prisoners,Abanyankomo
"enemy, adversary",Omunyanzigwa
"enemy, adversaries",Abanyanzigwa
broken or jagged surface,Omunyarra
broken or jagged surfaces,Abanyarra
"adolescent, the youth",Omunyeeto
"adolescent, the youths",Abanyeeto
"accuser, complainant, prosecutor",Omunyegerezi
"accuser, complainant, prosecutors",Abanyegerezi
mongoose,Omunyerre
mongooses,Abanyerre
bulrush,Omunyiri
bulrushes,Abanyiri
tiny water-worm,Omunyole
tiny water-worms,Abanyole
"cured hide, leather",Omunyuke
"cured hide, leathers",Abanyuke
friend,Omunywani
friends,Abanywani
drinker,Omunywi
drinkers,Abanywi
"hired workman, porter",Omupagasa
"hired workman, porters",Abapagasa
"ball, rubber, rain-coat",Omupiira
"ball, rubber, rain-coats",Abapiira
tall person,Omuraiha
tall persons,Abaraiha
a thief,Ow'omukono mura
lightning,Omurabyo gw'enkuba
lightnings,Abarabyo gw'enkuba
"instructor, commander",Omuragirizi
"instructor, commanders",Abaragirizi
"promise, covenant",Omurago
"promise, covenants",Abarago
inspector,Omurambuzi
inspectors,Abarambuzi
worshipper,Omurami
worshippers,Abarami
brother or sister -in-law,Omuramu
brother or sister -in-laws,Abaramu
an illness like sleepingsickness,Omurandabaro
illness like sleepingsicknesses,Abarandabaro
"announcer, prophet",Omurangi
"announcer, prophets",Abarangi
"a spendthrift, prodigal",Omurarangi
"spendthrift, prodigals",Abararangi
copper,Omurasagaaju
coppers,Abarasagaaju
"archer, rifleman",Omurasi
"archer, riflemans",Abarasi
"slovenly, dirty person",Omurofu
"slovenly, dirty persons",Abarofu
Bishop.COU,Omuroleerezi
Bishop.COUs,Abaroleerezi
"overseer, inspector, guardian",Omurolerezi
"overseer, inspector, guardians",Abarolerezi
"mast, flag-staff",Omurongooti
"mast, flag-staffs",Abarongooti
tracker,Omuronzi
trackers,Abaronzi
loin cloth,Omuroobe
loin cloths,Abaroobe
fire,Omurro
fires,Abarro
shrub which cures cough,Omumbata
shrub which cures coughs,Abambata
stone hammer,Omurubiko
stone hammers,Abarubiko
sub-parish,Omuruka
sub-parishes,Abaruka
"weaver, spinner, knitter",Omuruki
"weaver, spinner, knitters",Abaruki
"heap, mass",Omurundo
"heap, masses",Abarundo
"good, beautiful person",Omurungi
"good, beautiful persons",Abarungi
"pilot, steersman",Omurungiki
"pilot, steersmans",Abarungiki
soldier of king Kabalega,Omurusuura
soldier of king Kabalegas,Abarusuura
"copper, sulphate, bluestone",Omuruturutu
"copper, sulphate, bluestones",Abaruturutu
"patient, a sick person",Omurwaire
"patient, a sick persons",Abarwaire
"fighter, warrior",Omunvani
"fighter, warriors",Abanvani
at night fall,Omurwiririzi
at night falls,Abarwiririzi
"shore, bank",Omusa
"shore, banks",Abasa
"wage, salary",Omusaara
"wage, salaries",Abasaara
beater,Omusagasi
beaters,Abasagasi
supporter,Omusagiki
supporters,Abasagiki
sticks of bedstead,Omusago
sticks of bedsteads,Abasago
"man, husband",Omusaija
"man, husbands",Abasaija
a cross,Omusaraba
crosses,Abasaraba
"crack, cut",Omusale
"crack, cuts",Abasale
"kicker, football player",Omusambi
"kicker, football players",Abasambi
maker of barkcloth mallets,Omusami
maker of barkcloth malletses,Abasami
"day light, sunlight",Omusana
"day light, sunlights",Abasana
wild rubber tree,Omusanda
wild rubber trees,Abasanda
"joker, jester, humorous person",Omusandaazi
"joker, jester, humorous persons",Abasandaazi
ivory,Omusanga
ivories,Abasanga
"tall, hollow-stemmed grass",Omusanja
"tall, hollow-stemmed grasses",Abasanja
seven,Omusanju
sevens,Abasanju
"carver, engraver",Omusaruzi
"carver, engravers",Abasaruzi
one who cuts,Omusazi
one who cutses,Abasazi
poor person,Omuseege
poor persons,Abaseege
one who collects firewood,Omuseenyi
one who collects firewoods,Abaseenyi
bamboo,Omuseke
bamboos,Abaseke
"entertaining, amusing person",Omusekesa
"entertaining, amusing persons",Abasekesa
"stupid, ignorant person, fool",Omusema
"stupid, ignorant person, fools",Abasema
one who serves food,Omusembezi
one who serves foods,Abasembezi
"cleaner, refiner,surgeon",Omusemezi
"cleaner, refiner,surgeons",Abasemezi
"outcast, exile",Omusendwa
"outcast, exiles",Abasendwa
"filter, strainer",Omusengijo
"filter, strainers",Abasengijo
sand,Omusenyi
sands,Abasenyi
"young man, youth",Omusigazi
"young man, youths",Abasigazi
"adulterer, fornicator",Omusiihani
"adulterer, fornicators",Abasiihani
"sinner, transgressor",Omusiisi
"sinner, transgressors",Abasiisi
member of Basiita clan,Omusiita
member of Basiita clans,Abasiita
ruled line,Omusiitale
ruled lines,Abasiitale
"unbaked pot, pig-iron",Omusinga
"unbaked pot, pig-irons",Abasinga
sweeper,Omusingolezi
sweepers,Abasingolezi
"the conquered one, captive",Omusingurwa
"conquered one, captives",Abasingurwa
"the conqueror, victor, winner",Omusinguzi
"conqueror, victor, winners",Abasinguzi
clitoris,Omusino
clitorises,Abasino
earthquake,Omusisa
earthquakes,Abasisa
very large calabash,Omusisi
very large calabashes,Abasisi
incense tree,Omusizi
incense trees,Abasizi
transgressor,Omusobya
transgressors,Abasobya
castor-oil plant,Omusoga
castor-oil plants,Abasoga
a fisherman,Omusohi
fishermans,Abasohi
marrow,Omusoina
marrows,Abasoina
tax collector,Omusorooza
tax collectors,Abasorooza
"edible rat, cane-rat",Omusu
"edible rat, cane-rats",Abasu
candle,Omusubbaaho
candles,Abasubbaaho
young banana tree,Omusugusa
young banana trees,Abasugusa
"thrifty, economical, careful person",Omusulirizi
"thrifty, economical, careful persons",Abasulirizi
"thief, greedy person",Omusuma
"thief, greedy persons",Abasuma
"nail,screw",Omusumaali
"nail,screws",Abasumaali
leech,Omusundo
leeches,Abasundo
inner husk of millet,Omusunga
inner husk of millets,Abasunga
common horn-bill,Omusuraibaaga
common horn-bills,Abasuraibaaga
tail of a bird,Omusuti
tail of a birds,Abasuti
"rader, merchant, business person",Omusuubuzi
"rader, merchant, business persons",Abasuubuzi
"exile, refugee",Omusuuhuuki
"exile, refugees",Abasuuhuuki
mocker,Omuswahirizi
mockers,Abaswahirizi
raffia palm,Omuswale
raffia palms,Abaswale
"fever, malaria",Omuswija
"fever, malarias",Abaswija
"neighbour, fellow, companion",Omutaahi
"neighbour, fellow, companions",Abataahi
mixer,Omutabi
mixers,Abatabi
neighbour,Omutahi
neighbours,Abatahi
drunkard,Omutamizi
drunkards,Abatamizi
"fine, propitiatory gift",Omutango
"fine, propitiatory gifts",Abatango
irreplaceable thing,Omutasumbuuswa
irreplaceable things,Abatasumbuuswa
"preacher, evangelist",Omutebezi
"preacher, evangelists",Abatebezi
"iron bar, crow-bar",Omuteehimbwa
"iron bar, crow-bars",Abateehimbwa
"heap, pile, share, part",Omuteeko
"heap, pile, share, parts",Abateeko
peacemaker,Omuteeranizi
peacemakers,Abateeranizi
mottled pink bean,Omuteesweka
mottled pink beans,Abateesweka
"striker, player",Omuteezi
"striker, players",Abateezi
gambler,Omuteezi w'ejaara
gamblers,Abateezi w'ejaara
"trouble, worry",Omutegaine
"trouble, worries",Abategaine
business,Omutegano
businesses,Abategano
"peddler, merchant",Omutembeeya
"peddler, merchants",Abatembeeya
"climber, rider",Omutembi
"climber, riders",Abatembi
feller of trees,Omutemi w'emiti
feller of treeses,Abatemi w'emiti
"instructor, teacher, initiator",Omutendeki
"instructor, teacher, initiators",Abatendeki
tail of a sheep,Omutere
tail of a sheeps,Abatere
"tree, piece of wood",Omuti
"tree, piece of woods",Abati
"stubborn, obstinate, person",Omutigi
"stubborn, obstinate, persons",Abatigi
coward,Omutiini
cowards,Abatiini
tiny brown bird,Omutiiri
tiny brown birds,Abatiiri
lender,Omutiizi
lenders,Abatiizi
salt water,Omutimba
salt waters,Abatimba
barkcloth tree,Omutoma
barkcloth trees,Abatoma
"advocate, intercessor, pleader",Omutonganirizi
"advocate, intercessor, pleaders",Abatonganirizi
creditor,Omutongi
creditors,Abatongi
debtor,Omutongwa
debtors,Abatongwa
"a mean, stingy person",Omutulika
"mean, stingy persons",Abatulika
"heart, mind",Omutuma
"heart, minds",Abatuma
"corpse, carcass",Omutumbi
"corpse, carcasses",Abatumbi
"messenger, apostle",Omutumwa
"messenger, apostles",Abatumwa
trouble causer,Omutuntuzi
trouble causers,Abatuntuzi
"copper sulphate, bluestone",Omuturuturu
"copper sulphate, bluestones",Abaturuturu
"voracity, greed",Omutuubo
"voracity, greeds",Abatuubo
"heap, pile",Omutuumo
"heap, piles",Abatuumo
"bundle, ten thousand",Omutwaro
"bundle, ten thousands",Abatwaro
"favouritism, partiality",Omutyagiro
"favouritism, partialities",Abatyagiro
salt,Omuunyo
salts,Abaunyo
good white salt,Omuunyu
good white salts,Abaunyu
driver,Omuvugi
drivers,Abavugi
partly dried things,Omuyaajwa
partly dried thingses,Abayaajwa
pleura-pneumonia,Omuyebe
pleura-pneumonias,Abayebe
mango fruit/tree,Omuyembe
mango fruit/trees,Abayembe
a Greek,Omuyonaani
Greeks,Abayonaani
"female slave, servant, maid",Omuzaana
"female slave, servant, maids",Abazaana
"game, amusement, sport, play",Omuzaano
"game, amusement, sport, plays",Abazaano
habit,Omuze
habits,Abaze
olive tree,Omuzeituni/omuzaituuni
olive trees,Abazeituni/omuzaituuni
first born child,Omuzigaijo
first born childs,Abazigaijo
drum stick,Omuzigiso
drum sticks,Abazigiso
swimmer,Omuzihi
swimmers,Abazihi
one who buries another,Omuziiki
one who buries anothers,Abaziiki
"dancer, singer",Omuzini
"dancer, singers",Abazini
collector of market dues,Omuzinisa
collector of market dueses,Abazinisa
"raider, murderer",Omuzinzi
"raider, murderers",Abazinzi
fragile thing,Omuzirakugwa
fragile things,Abazirakugwa
back tendon,Omuzisa
back tendons,Abazisa
large pumpkin,Omuzizima
large pumpkins,Abazizima
at their place,Omwabo
at their places,Ababo
at their place,Omwabyo
at their places,Ababyo
at its place,Omwagwo
at its places,Abagwo
tiny bunch of bananas,Omwahuko
tiny bunch of bananases,Abahuko
"clergyman,'pastor, priest C.O.U",Omwahule
"clergyman,'pastor, priest C.O.Us",Abahule
year,Omwaka
years,Abaka
at its place,Omwako
at its places,Abako
unbaked cooking-pot,Omwali
unbaked cooking-pots,Abali
at its place,Omwaryo
at its places,Abaryo
"arrow, cartridge",Omwambi
"arrow, cartridges",Abambi
ferryman,Omwambuzi
ferrymans,Abambuzi
the king's laundry-man,Omwamura
king's laundry-mans,Abamura
"idler, loiterer",Omwandaazi
"idler, loiterers",Abandaazi
flat stone or rock,Omwandara
flat stone or rocks,Abandara
"ravine, deep valley",Omwanga
"ravine, deep valleys",Abanga
house without partitions,Omwangaara
house without partitionses,Abangaara
at my place,Omwange
at my places,Abange
"quick, rash person",Omwanguhi
"quick, rash persons",Abanguhi
coffee shrub or berry,Omwani
coffee shrub or berries,Abani
"space, room, opportunity, leisure",Omwanya
"space, room, opportunity, leisures",Abanya
at your place,Omwanyu
at your places,Abanyu
at their place,Omwatwo
at their places,Abatwo
at your place,Omwawe
at your places,Abawe
"marauder, raider, petty thief",Omwayi
"marauder, raider, petty thiefs",Abayi
at its place,Omwayo
at its places,Abayo
at their place,Omwazo
at their places,Abazo
at his place,Omwe
at his places,Abe
"guide, leader",Omwebembezi
"guide, leaders",Abebembezi
"learner, beginner",Omwega
"learner, beginners",Abega
careful person,Omwegendereza
careful persons,Abegendereza
"cloak, robe",Omwegereko
"cloak, robes",Abegereko
teacher,Omwegesa
teachers,Abegesa
"learner, pupil, disciple, scholar",Omwegesibwa
"learner, pupil, disciple, scholars",Abegesibwa
clown,Omwegingi
clowns,Abegingi
"boaster, braggart, selfish",Omwehaahizi/ omwepanki
"boaster, braggart, selfishes",Abehaahizi/ omwepanki
"proud person, conceited person",Omwehulizi
"proud person, conceited persons",Abehulizi
"diligent person, hard working",Omwekambi
"diligent person, hard workings",Abekambi
"girdle, belt",Omweko
"girdle, belts",Abeko
"pilferer, thief",Omwekomakomi
"pilferer, thiefs",Abekomakomi
"proud, scornful person",Omwekuniki
"proud, scornful persons",Abekuniki
"rebel, traitor",Omwemi
"rebel, traitors",Abemi
"oppressor, bully",Omwendereza
"oppressor, bullies",Abendereza
"boaster, one who appreciates",Omwenyumirizi
"boaster, one who appreciateses",Abenyumirizi
sex minded person; lustful,Omwenzi
sex minded person; lustfuls,Abenzi
bishop,Omwepiskopi
bishops,Abepiskopi
"rebel, disobedient person",Omwereme
"rebel, disobedient persons",Abereme
"bullying, scornful person",Omwerengerezi
"bullying, scornful persons",Aberengerezi
"bullying, ill treatment",Omwerengerro
"bullying, ill treatments",Aberengerro
"modest, careful, sober-minded person",Omwerinzi
"modest, careful, sober-minded persons",Aberinzi
"plenty, abundance, cheapness",Omweru/omwero
"plenty, abundance, cheapnesses",Aberu/omwero
suppliant,Omwesengerezi
suppliants,Abesengerezi
self styled tenant,Omwesengeze
self styled tenants,Abesengeze
"faithful, trustworthy person",Omwesigwa
"faithful, trustworthy persons",Abesigwa
boardgame with beads,Omweso
boardgame with beadses,Abeso
"intruder, interloper",Omwetaahirizi
"intruder, interlopers",Abetaahirizi
"busy body, interfering person",Omwetabi
"busy body, interfering persons",Abetabi
"good-natured, easy-going person",Omwetebeekezi
"good-natured, easy-going persons",Abetebeekezi
sash or belt,Omweteegero
sash or belts,Abeteegero
sensible person,Omwetegereza
sensible persons,Abetegereza
a handy person,Omwetoozitoozi
handy persons,Abetoozitoozi
"carrier, porter",Omwetweki
"carrier, porters",Abetweki
one who shows off,Omweyoleki
one who shows offs,Abeyoleki
round about,Omwezigorro
round abouts,Abezigorro
harvest big harvest,Omwezo
harvest big harvests,Abezo
"thief, robber",Omwibi
"thief, robbers",Abibi
salt water,Omwifooro
salt waters,Abifooro
deaf person,Omwigazi w'amatu
deaf persons,Abigazi w'amatu
rain-maker,Omwigi w'enjura
rain-makers,Abigi w'enjura
"stick, walking-stick, rod",Omwigo
"stick, walking-stick, rods",Abigo
first born,Omwiguranda
first borns,Abiguranda
"satisfaction, repletion",Omwiguto
"satisfaction, repletions",Abiguto
toothless person,Omwihuki w'amaino
toothless persons,Abihuki w'amaino
"descendant, grandchild",Omwijukuru
"descendant, grandchilds",Abijukuru
the one who reminds,Omwijukya
one who remindses,Abijukya
"deluge, flood",Omwijuzo
"deluge, floods",Abijuzo
"smoke, air, gas, breath",Omwika
"smoke, air, gas, breaths",Abika
the one who outstays,Omwikalirizi
one who outstayses,Abikalirizi
"miserly, selfish, grudging person",Omwimi
"miserly, selfish, grudging persons",Abimi
agitator,Omwimukirizi
agitators,Abimukirizi
"darkness, problems",Omwirima
"darkness, problemses",Abirima
"servant, peasant",Omwiru
"servant, peasants",Abiru
"bondservant, slave",Omwirurubaale
"bondservant, slaves",Abirurubaale
"runner, fugitive",Omwiruki
"runner, fugitives",Abiruki
"a killer, a murderer",Omwisi
"killer, a murderers",Abisi
"fordable river, landing-place, harbour",Omwogo
"fordable river, landing-place, harbours",Abogo
one who roasts; incendiary,Omwoki
one who roasts; incendiaries,Aboki
"show, exhibition",Omwoleko
"show, exhibitions",Aboleko
metal bar,Omwoma
metal bars,Aboma
"disobliging, disagreeable person",Omwomi
"disobliging, disagreeable persons",Abomi
"spirit, soul",Omwoyo
"spirit, souls",Aboyo
hailstone,Orubaale
hailstones,Embaale
banana leaf,Orubabi
banana leafs,Embabi
hot thing,Orubabu
hot things,Embabu
side,Orubaju
sides,Embaju
"elephant grass, Pennisetum-Purpureum",Orubingo
"elephant grass, Pennisetum-Purpureums",Embingo
hot spring,Orubiga
hot springs,Embiga
German language,Orudaaki
German languages,Endaaki
French language,Orufaransa
French languages,Enfaransa
proverb,Orufumo
proverbs,Enfumo
spiral wire bracelet,Orugagara
spiral wire bracelets,Engagara
"rumours, baseless talk",Orugambo
"rumours, baseless talks",Engambo
"a story, a tale",Oruganikyo
"story, a tales",Enganikyo
umbilical,Orulera
umbilicals,Endera
"couch grass, guinea grass",Orumbugu
"couch grass, guinea grasses",Enmbugu
English language,Orungereza
English languages,Enngereza
tomato,Orunyaanya
tomatos,Ennyaanya
language of the Banyankore,Orunyankore
language of the Banyankores,Ennyankore
language of the Banyoro,Orunyoro
language of the Banyoros,Ennyoro
paper,Orupapura
papers,Empapura
"journey, trip",Orugendo
"journey, trips",Engendo
joint,Orugingo
joints,Engingo
ankle bell,Orujogera
ankle bells,Enjogera
a banana plantation,Orugonjo
banana plantations,Engonjo
water reed,Orugoro
water reeds,Engoro
cloth,Orugoye
cloths,Engoye
piece of broken pot,Oruguhyo
piece of broken pots,Enguhyo
bladder,Oruhago
bladders,Enhago
journey,Oruhanda
journeys,Enhanda
skull,Oruhanga
skulls,Enhanga
bald head,Oruhara
bald heads,Enhara
public labour in shifts,Oruharo
public labour in shiftses,Enharo
red ant,Oruhazi
red ants,Enhazi
Hebrew,Oruheeburaniya
Hebrews,Enheeburaniya
"grain,bead for rosary",Oruheke
"grain,bead for rosaries",Enheke
language of the Bahima,Oruhitna
language of the Bahimas,Enhitna
mist,Oruho
mists,Enho
language of the Bahororoai,Oruhororo
language of the Bahororoais,Enhororo
"skin, hide leather",Oruhu
"skin, hide leathers",Enhu
mould,Oruhumbo
moulds,Enhumbo
swamp grass,Oruhunda
swamp grasses,Enhunda
German language,Orujamani
German languages,Enjamani
Japanese language,Orujapaani
Japanese languages,Enjapaani
grey hair,Oruju
grey hairs,Enju
thicket with thorns,Orukaiga
thicket with thornses,Enkaiga
line,Orukarra
lines,Enkarra
language of the Bakiga,Orukiga
language of the Bakigas,Enkiga
curtain,Orukingi
curtains,Enkingi
"belt, rubber straps",Orukoba
"belt, rubber strapses",Enkoba
eye-lash,Orukohe
eye-lashes,Enkohe
eye-lash,Orukohi
eye-lashes,Enkohi
fence,Orukomera
fences,Enkomera
type of pea,Orukoole
type of peas,Enkoole
big black ant,Orukorooto
big black ants,Enkorooto
stick of firewood,Oruku
stick of firewoods,Enku
finger,Orukumu
fingers,Enkumu
"meeting, council",Orukurato
"meeting, councils",Enkurato
permission,Orukusa
permissions,Enkusa
pigeon pea,Orukuuku
pigeon peas,Enkuuku
millet grain,Oruro
millet grains,Endo
permission,Orusa
permissions,Ensa
backyard of the house,Orusansabagi
backyard of the houses,Ensansabagi
"sucking vessel, straw",Oruseke
"sucking vessel, straws",Enseke
measles,Oruseru
measleses,Enseru
inner room,Orusiika
inner rooms,Ensiika
castor oil tree,Orusoga
castor oil trees,Ensoga
school term,Orusoma
school terms,Ensoma
"hill, mountain",Orusozi
"hill, mountains",Ensozi
roof,Orusu
roofs,Ensu
altar,Orutaali
altars,Entaali
stride. step,Orutambo
stride. steps,Entambo
curtain,Orutimbe
curtains,Entimbe
language of the Batooro,Orutooro
language of the Batooros,Entooro
Greek,Oruyonaani
Greeks,Enyonaani
Hebrew,Oruyudaaya
Hebrews,Enyudaaya
"birth, getting children, production",Oruzaaro
"birth, getting children, productions",Enzaaro
locust,Oruzige
locusts,Enzige
a maggot,Oruzito
maggots,Enzito
"lowers, flowering stage",Orwakyo
"lowers, flowering stages",Enakyo
mine,Orwange
mines,Enange
presence of many people,Orwato/orwatu
presence of many peoples,Enato/orwatu
familiarity,Orwemanyiisirize
familiarities,Enemanyiisirize
living room,Orwemo
living rooms,Enemo
"plain place, clear ground",Orwerere
"plain place, clear grounds",Enerere
vocation,Orweto
vocations,Eneto
"bountiful harvest, fertility",Orwezo
"bountiful harvest, fertilities",Enezo
door,Orwigi
doors,Enigi
Italian language,Orwitale
Italian languages,Enitale
burning embers,Orwogootooto
burning emberses,Enogootooto
goodbye,Otaasane
thank yuo very much,Otyo muno!
tell me,Otyo!
"wise, cleverperson",Owaamagezi
"wonder-worker, conjurer, magician",Owaamasano
poor person,Owaamaseege
deep down,Owalegalege
brother or sister,Owanyina
placenta after birth,Owaanyuma
"cattle keeper, herdsman",Owente
jelous/bad hearted,Owihali
debtor,Owibanja
county chief,Owiisaza
"marksman, goodshot",Owiltomo
city dweller,Owoomurubuga
"relation, kinsman",Owoomuruganda
parish chief,Owoomuruka
citizen,Owoomwihanga
walking hurriedly and excitedly,Otakincwa
prime minister,Owekitinisa
sub-county chief,Ow'igomborra
county chief,Ow'isaza
parish chief,Ow'omuruka
a clans person,Ow'oruganda
pope,Paap
intensive with,Paapai
"to chatter, speak carelessly",Paipya
to work for wages,Pakasa
See: MAISHO-ANA,Pukonyo
a sip of something,Poosi
hinge,Pata
cotton,Pamba
"to deny, refuse",Pampa
to meet unexpectedly,Pamparana
"to rent, hire",Pangisa
quickly and roughly,Paku
quickly roughly,Pakupaku
"to flap wings, flutter",Papamuka
chisel,Pataasi
to be very bitter,Peepeepe
"to gnaw, crunch",Pekenya
to fan,Piipiza
"to measure, weigh",Pima
"to shake, shiver, tremble",Pipira
pepper,Piripiri
police,Poliisi
post office,Poositoofiisi
food/ maize flour,Poso
"unaware, suddenly unexpectedly",Puku
unexpected visitor,Pukunapuku
intensive with,Pukupuku
"fright, terror, panic",Pumpu
to pluck,Puucura
petrol,Peterooli
motorcycle,Piki-piki
barrel,Pipa
enchery dark,Poopoopo
plan,Puraani
at once and unexpected,Puku na puku
see.omubara,Ibura
elephant grass. Pennies-Wm purpureum,Kibiogo
"-, papyrus. Cyp erusÂ·papyn",Kifunj
otnugeye,Mucence
Acacia stenoca1pa. See orugaodo,Mugando
large thorny tree,Mugarama
Fagara spp. See omutatembwa,Mugwamabere
omunywamaizi,Mubangabagenzi
cassava,Muhogo
", a forest tree",Muhorro
teganotaenia ara!Tacea. See omultamagwenjojo,Mubotora
Chrysosphyllum albidum. See onmruuru,Muhumburya
a tree resembling omubimba,Mujana
Hymenocardia acida. See omutabwankubebe,Mukanaga
Borassus tlabellifer,Mukooga
Pterygota.sp. See omukoko,Mukogoto
Desplatzia sp.(undescribed). Glyphana lateriflora,Mukoma
", =fo reg",Mukomakahanga
Balanites Wilsoniana. See orukoyo,Mukunga
Mahogany. Entandrophragma angolense,Mukusu
tree fem. Cyathea dregei,Mulere
Mimusops sp,Muma
Symphonia gabonensis.See cnkwasi,Munyankwasi
bamboo. Arudianaria alpina,Museke
raffia palm,Muswale
wild coffee. Coffea eugniodes.C.Rubusta,Mwani
any long straigbt-spined acacia,Mweramaino
Mahogany.Enrandraphragma cylindrium,Mwikalirwangeye
to live on,Raagira
leave a curse,Raaka
"to sit on(eggs), brood",Raara
come to an end,Raaruka
pound (pound),Raatiri
"track to lair, reconnoitre",Raaza
"to be sharp, smart",Rabukya
"to covenant together, agree",Ragaana
"to promise, covenant with",Raganiza
"to drop, fall",Ragara
to sound,Raha
"to swear, vow",Rahira
to do very quickly,Rahukiriza
to provoke,Rabura
"to be high, tall",Raiba
long,Raira
lick,Ramba
to attack,Rambaara
to lie down,Rambiira
stretch out,Rambuura
"to salute, greet",Ramukya
to spin out,Randagataniza
"to be torn, broken",Randuka
to knock over,Rangaalika
spread,Rangaana
"colour, dye, paint",Rangi
to announce to,Rangira
to tear,Ranjura
to look up,Rarama
to scatter.waste,Rarangya
; to be independent,Raruka
"to draw bow,shoot at",Rasa
to see far off,Leeba
"to unstring, get loose",Leeguka
to shine,Leenya
"so, now, well",Hati
to accuse secretly,Lega
"fix, ready for grinding",Legeka
to compensate,Lehera
to fine,Lehesa
"to be equal, draw",Lemagana
"to comfort, soothe",Lembeerra
to make heavy burden,Lemeeza
to compare with,Lengasiniza
"to be suspended, hang",Lengiija
dangle,Lengiiza
pass. of lenga,Lengwa
to be turned up,Lerembuka
to turn up,Lerembura
to be satsified,Lerembya
"to trample, tread",Libatiira
to lick,Ligasa
"to play, frolic, spar",Liikana
"to share, be partners",Liraine
silk,Liri
"to feed, herd",Liisa
creator,Liiso likooto
"to dig, to cultivate",Lima
"to cover up, protect",Liroba
"to find out, discover",Limbuura
to wait for,Lindiirra
"to keep waiting, wait",Lindiriza
"to peep, peer",Linguza
weep over,Liriira
to make weep,Liza
scared royal spear,Rihango
"dove, pigeon",Riiba
"den, hole",Riina
tooth,Riino
iziga,Riizi
"dirty, filthy",Rofu
"to gossip, chatter",Rogoisibwa
to be quenched,Rohooka
to quench (thirst),Roboora
to choke,Rokana
"gaze, stare",Roleereza
to be visible,Roleka
to be transparent,Rolekana
grow,Romba
"to blame unceasingly, quarrelsome",Ronda
to walk wanderingly,Rondogora
to gossip,Rondogorwa
to follow a trail,Ronza
to pulsate,Rooka
lorry,Roole
"to be clear, transparent",Roorraana
to dream,Roota
"to see, behold, find",Rora
to be left alone,Roronga
to tatse,Roza
"to weep, cry",Rra
ramrod,Rubaasi
plantain leaf,Rubab
side rib,Rubaju
the mucwezi oftwins,Rubanga
"conversation, speech",Rubazo
"board, plank,desk",Rubbaaho
"lower milestone, grand stoe",Rubengo
water of bot spring,Rubiga
new house,Rubiika
"reed, elephant grass",Rubingo
black he-goat,Rubogo
small packet (of salt.),Ruboho
a tum,Rubu
"stubble, straw of oburo",Rububa
cream on scalded milk,Rububi
barkcloth,Rubugo
requent and unauthorized vists,Rubungo
light- grey bull,Rubuubi
"multitude, abundance, great quantity",Rucaca
rheeumatism,Ruceenyo
"young locust, hopper",Rucencede
a skin disease,Rucooli
handful,Rucumite
a couch creeping grass,Rucwamba
salivation,Rucwanta
long legged lanky person,Rudengadenga
death,Rufu
"wise saying, parable, proverb",Rufumo
papyrus,Rufunjo
thick wire bracelet,Rufuruuto
See: GAAJU,Rugaaju
cathedral,Rugaatwa
"weaker, tray for winnowing",Rugali
"rumour, chatter, empty talk",Rugambo
"tribe, clan, family",Ruganda
razor,Rugembo
rat track,Rugendero
"juorney, voyage, march",Rugendo
reaping-knife,Rugeso
joint,Rugiga
wooden charm,Rugisa
lesser bustard,Rugobante
packet containing medicine,Rugogo
something very big,Rugogoma
garden of plantains,Rogonjo
"potsherd, crock",Rugubyo
clocynth,Rugusuuru
"main road, street",Ruguudo
"to become exhausted, faint",Ruha
species of edible termite,Ruhaho
seed of gourd(pumpkin),Ruhambo
"advise, counsel, conference",Ruhanuura
baldness,Ruhara
forked iron stick,Ruhaso
see kihiihi,Ruhiihi
grass fire,Ruhiira
divining rod,Ruhimbo
"needle, bodkin, pipe cleaner",Rubindo
"mottled, goal",Rubinduki
change,Ruhindura
"stretcher, litter, bier",Ruhinyo
haze,Ruho
reddish brown bull,Ruhogo
"talk rapidly, successively; chatter",Ruhonderaniize
but for goats,Ruhongole
"skin, hide",Ruhu
very small white worm,Rubuka
"shamelessness, carelessness, rudeness",Ruhule
"mould, mouldness",Ruhumbo
black bull or ram,Rukara
to hand on traditon,Rukaruka
pinkish-coloured bull,Rukerenge
"curtain, diaphragm",Rukingyo
spinal cord,Rukizi
cluster of plantains,Ruko
eyelash,Rukohi
"fence, barricade",Rukomera
species of euphorbia,Rukoni
"slope of hill, descend",Rukonkomoko
very strong tobacco,Rukoroza
a tall flowering grass,Rukozi
"stick of firewood, logs",Ruku
packet (tired round.),Rukube
"fold, pleat",Rukubo
very stout person,Rukujajara
"roughness, erecthair or bristles",Rukujuju
grain of millet,Rubuule
mottled grey bull,Rubuura
light of patch skin,Ruhyora
egg plant,Rujai
very hairy ram,Rujagaate
continous ram,Rujegeju
"chain, fetter",Rujegere
white ram,Rujeru
name given to chatterbox,Rujogeza
grey hair,Ruju
european language,Rujungu
"to weave, plait, knit",Ruka
six hundred,Rukaaga
species of reed,Rukaaka
"line, row, verse",Rukaarra
"scabies, dry skin rush",Rukaca
nearly ripe pod,Rukaiga
dewlap,Rukanaakana
"camp, booth",Rukande
rake,Rukanduzo
work of the house,Rukanga
mange (of dogs),Rukuuku
euphorbia,Rukukuuru
"finger, small potatoes",Rukumu
bull with no horns,Rukungu
"coucil, assembly, committee, conference",Rukurato
potters polisher,Rukuubiso
passage,Rukuubo
sorrel,Rukuunya munzigu
road,Rukuute
very severe scabies,Rukwakwa
early morning,Rukyakya
potter's polisher,Rulebuzo
"measurement, size",Rulengo
umbilical cord,Rulera
"tongue, language, accent",Rulimi
"wire, bracelet",Rulinga
meal,Rurya
"tribe, lineage",Ruryo
bite,Ruma
dragon fly,Rumaga
"to be overgrown, attack",Rumba
nightjar,Rumboto
couch grass,Rumbugu
bleed by cupping,Rumika
to be gritty (food),Rumira
giagantic,Rumooma
reed torch,Rumuli
to give antidote,Rumura
eight hundred,Runaana
; stinging centipede,Runaku
reach out to,Runduka
"English, language",Rungereza
"anchor to steer, pilot",Rungika
"beak, bill",Runwa
tomato,Runyaanya
honey guide,Runyamarya
"large bird, peacock",Runyonyi
glowing embers,Runyota
drinking place for cattle,Runywero
"paper, page",Rupapura
"rupee, florin",Rupiya
small intestine,Rura
yam,Ruyuni
"expedition, campaign, pilgrimage",Ruramago
to rush together,Rurumuka
to be greedy,Rurunkana
"salivation, watering of mouth",Rurusu
side of house,Rusabazi
"bush, shrub",Rusaka
metal tray,Rusaniya
seven hundred,Rusanja
"cut, rank (soldiers)",Rusaro
"cheek, jaw",Rusaya
edible grasshopper,Rusenene
species of termite,Ruseizere
"pipe, tube",Ruseke
fetter of reeds,Rusengo
scrotum,Rusense
"sandy, plain, gravel",Rusenyi
measles,Ruseru
"wall, reed partition",Rusiika
brown bull,Rusiina
unripe ear of millet,Rusinsa
term,Rusoma
rain is drizzling,Rusondoigo
new moon,Rusooga
species of termite,Rusooro
"hill, mountain",Rusozi
odour of the body,Rusu
whistle,Rusurrzo
see kisungu,Rusungu
"crest, comb (of cock)",Rusunsu
skin,Rususu
wildcat,Rusuzi
dusk,Rusweko
vegetable,Ruswiga
"expedition,journey; see tabaara",Rutabaaro
white termtes,Rutaiki
nightjar(bird),Rutambaisiga
"Lamp wick, tape",Rutambi
species of flying termites,Rutenga
dark brown bull,Rutimba
bridge,Rutindo
a tall flowering grass,Rutumbwa
"tuft, crest",Rotunda
puddle pool,Rutunga
bird with long neck,Rutuuha
gooseberry,Rutuutu
handle of shield,Rutwango
ear of millet,Rutwe
to mix,Ruuba
ruler,Ruura
pearl,Ruuru
female kid or lamb,Ruusi
a spotted bull,Ruyenje
kind of song,Ruyumbu
pubic hair,Ruza
See: OruZAARO,Ruzaaro
locusts,Ruzige
early start on ajourney,Ruzinduko
"cripple, stunted person",Ruzingo
large winged ant,Rwabya
lanky person,Rwadoka
inferior salt,Rwa hyomere
inferior salt,Rwakaarraamire
God: the almighty,Rugaba
dark brown he-goat,Ruhinda
six hundred,Rukaaga num
the naked one,Rukidi
greater than all men,Rukirabasaija
long line of animals,Rukoroto
one thousand two hundred,Rukumi n'ebibiri
one thousand one hundred,Rukumi n'ekikumi
one thousand and one,Rukumi n'emu
one thousand: 1000,Rukumi
attacker of nations,Rumoma mahanga
when,Ryari
thorn apple,Rweziringa
a very big thing,Rweiguuga
rebel. See: OMUHEEKYERA,Rwebandira
See: ENJUBU,Rwanyamusanda
a serious cattle disease,Rwakipumpuru
See: KIBIKINDI,Rwakibikindi
God forbid,Rwaheeru
which one,Ruuha
one who perseveres,Rutaromba
a cautious person,Rutanyohoka
phr. a lazy person,Rutangirira-bagyenyi
a large burrowing beetle,Rutahikwa-mutozo
a molar tooth,Rutahikwa-mutoozo
See: RITAARI,Rutaari
See: KASHAMAITU,Rusamaitu
that over there,Ruriiya
See: MAHUMAHU,Ruraka
a habitual thief,Runkunku
one who gossips,Runcumite
a hornless bull,Rukungu
nasal bleeding,Rujwa-mireju
Adam's apple,Rujuga
a slow lazy person,Ruhondeeza
a grasshopper specie,Ruhima-rwa-ndongo
abuses which include curses,Ruhenure
famine,Ruhega
a male goat,Ruhaya
one who plays about,Ruharaatwa
finger millet specie,Ruhamireeka
an old monkey,Ruhaata
See: AKAHIMBA,Rugungu
a shiny person,Rucunya
a controversial figure,Rucumu
coffee specie,Rubosta
something very big,Rubarara
His magesty,Rubambansi
the other one,Riya
altar: a holy table,Ritaari
it's there,Rimu
it is there,Riho
then/so that,Reero
long,Raingwa
a part time job,Raijaraija
where?,Rahi
mountians of the moon,Ruwenzori
large spieces of locust,Rwakacaanya
disease of cattle,Rwakipumpuli
blood of dead animals,Rwamba
"to fight, struggle, contend",Rwana
house without partitions,Rwangaara
clear open space,Rwanganga
open space,Rwangaratete
to tight for,Rwaniirra
in public,Rwanjale
kind of dance,Rwanyamurabya
bull with white forehead,Rwasa
"crack, crevice",Rwatika
afternoon,Rwebagyo
third finger,Rwegati
familiarity,Rwemanyisirizo
Masindi Port,Rwempondo
four hundred,Rwenda
"repugnance, antipathy, disgust",Rwetamo
door,Rwigi
pipe cleaner,Rwiguzo
fee given to soothsayer,Rwinamo
wooden basin,Rwoho
burn,Rwokyo
wire,Rwoma
barren ground,Rwomere
silence,Rworo
"steam, breath, air, perspiration",Rwoya
"to cheat, defraud",Ryakura
irritate,Ryaryata
"to entice, persuade",Ryesaryesa
self-standing pron. for nouns,Ryo
"store, treasury, granary",Ryahuurro
ford,Ryambukiro
insolence;cheek,Ryana
airing-ground,Ryaniko
"canoe, boat",Ryato
"class, school",Ryegero
class,Ryegesezo
biding-place,Ryesereko
"washing-pl ace, bathroom",Ryogero
oven,Ryokezo
edible gourd,Ryozi
the scourge of nations,Rwitamahanga
mud,Saabu
to remain over,Saagiira
spread,Saagya
to clear jungle,Hunjya
", black jacl.enyabarasana",Saaka
"make ensaamo (barkcloth, mallets)",Saama
to patch old clothes,Saaniika
to be bitter,Saara
"to cut off, prune",Saarra
shirt,Saati
"to ask for, pray",Saba
target mark,Sabbaabo
soap,Sabbuuni
"to beg, pester, bother",Sabiriza
saucepan,Safuliya
to make rustle,Saganiza
"to support, steady",Sagika
"plate, dish",Sahaani
nothing as a reward,Sai
"barren cow,etc",Sajwa
thatch,Sakaara
to take off thatch,Sakambura
to come off (thatch),Sakurruuka
"to unthatch, strip",Sakuurra
to treat unjustly,Saruriza
o be cracked (skin),Salika
to bleed,Sama
to kick ooe another,Sambagana
"to root up, stubble",Sambura
"unravel,unpick",Sambuorra
"to become undone,unraveled",Sambuuruuka
"to sport, frolic,jest,joke",Sandaara
"to tease,joke with",Sandaaza
to cover,Sangiirra
to scatter,Sansara
solve string trick,Sanuurra
"hat, helmet",Sapeeho
rosary,Sapuli
to cut,Sara
"carve, engrave",Sarura
"to smash, bruise, crumble",Sasangura
"to repay, compensate",Sasura
three,Satu
to gnaw,Satura
barley,Sayiri
to be smashed up,Sebenguka
to become well off,Seeguruka
to collect firewood,Seenya
"float, hover",Seereera
to fall gently (rain),Seesega
drive (cattle) to pasture,Seetura
vulture,Sega
divining-rod,Segeeto
mash,Segenyuka
"to move away,push along",Segya
to act as midwife,Sehenya
to jest,Sekeerraana
"pond, crush",Sekura
calico (second quality),Semaaniini
"to uncover, undo,unwind",Sembuurra
to engage (a servant),Sengesa
"to strain, filter",Sengiija
"to smash, beat hard",Sengujura
migrate,Senguka
to take away captive,Sengura
to tear into strips,Sensebura
money,Sente
"wag (tongue), shuffie(feet)",Seraseza
to overcook,Serebeza
European drum,Serumbeeti
"to retch, feel sick",Sesemwa
"evil spirit, demon",Setaani
; to tether,Sibika
to untether,Sibuurra
beer three days old,Sibwa
to use for tying,Sibya
"to refuse, grudge",Sigaza
break a fast,Siiburuka
to entreat,Siigasiiga
to commit adultery,Siibana
to cause to fade,Siihura
to fry,Siika
"to be stubborn, obstinate",Siikooma
make walls or partitions,Siikura
"be rough (lake, sea)",Slikuuka
"to scorch, char, burn",Siiriiza
"to do wrong, sin;spoil",Siisa
extremely black,Siisiisi
to become spoiled,Siisikara
scarf,Sikaafu
hiccup,Sikina
"to shake about, waggle",Sikinyiza
to attack again. recur,Sikira
turkey,Sikoko
to be pulled forcibly,Sikuka
to pull forcibly,Sikura
to beckon,Sima
to leave with (pledge),Simbira
"push, send away",Sindika
to be uprooted,Sinduka
honour,Singa
to wear many necklaces,Singisa
to overcome,Singura
"to fail, be defeated",Singwa
to tum to Mohammedan,Siraamoka
slasher,Siraasa
"to rub hard, press",Siriita
to prevent,Sirika
to descend,Sirimuka
"to lower, bring down",Sirimura
"to liken to, compare",Sisaniza
"to scrape, cure (hides)",Sisiima
"to awake, recover consciousness",Sisiimuka
"to waken, rouse",Sisiimura
"round about, junction",Sitenseni
to break out (rash),Situka
cool,Siza
"to be wrong, defective",Soba
"to baffle, perplex",Sobera
(pf.soberaniize); = foreg,Soberaniza
"perplex, disappoint",Sobeza
"to be possible, manageable",Soboka
to enable,Sobozesa
sit down comfortably,Sodooka
"to urge on, incite",Sokasoka
socks,Sokisi
"to wrangle, henpeck",Somangana
to go in crowds,Sombooka
"to repair, thatch",Someekeerra
"to insert, slip in",Someka
"to teach, conduct service",Somesa
bear fruits (beans),Somoorra
to drink with accompanment,Somya
"to weaken, sap strength",Sondera
"to disturb,worry, bully",Sondokora
to chop up,Sonjoora
to creep away,Soobooka
to be insolent,Sookooma
with no horns (animal),Soomi
"to do slowly, persuade",Soonereza
to take away quietly,Soonoora
"to assemble, gather together",Soorrookana
to walk single file,Soronga
"to collect, gather together",Sorooza
to collect taxes,Soza
"to imitate, mimic",Subiiriza
"impoverish, degrade",Suka
sugar/sweet banana,Sukaali
to be angry,Sukirana
to knock out,Sukuma
"to be lonely, solitary",Sukumara
Christmas day,Sukuukuru
to have swollen cheeks,Sukuunira
to whistle,Suliza
herd cattle (for wages),Sumba
"to open, unlock, unie",Sumuurra
to pinch,Suna
to gaze at longingly,Sungamiriza
to toss,Sunsa
"to make ill, demoralize",Sununura
soup,Supu
pick axe,Suruuru
to peel off(eg skin.),Sosuuka
exile,Suugisa
"to uncover, revealed, open",Suukuka
"to uncover, expose, reveal",Suukura
"to dangle, hang, suspend",Suuleeba
uncover,Suurra
pass form. suuswa,Suusa
foetal dung(of animals.),Suusi
to be suspended,Suusuuba
your paternal aunt,Swenkati
marry,Swera
to marry,Swerana
marry (of two people),Swerangana
to be married,Swerwa
to cause to marry,Sweza
day of worship,Sabbiiti
Sunday,Sande
cement,Seminti
dark brown,Siina
"banana, red in color",Siira
Christmas,Sikuukururu
cinema,Sineema
shilling,Siringi
a pole placed across,Sirupande
a very black colour,Sirisiri
very black,Siriri
See: NOHIRI,Sikuukuru
very black,Siisi
refering to many,Soimwe
may be,Sinta
a banana specie,Semba obureku
may be or perhaps,Shana
See: KASHAMAITU,Samaitu
See: SENTURUMA,Senturumwa
See: NSEERI-MAYANJA,Seeri-mayanja
See: NSEERI,Seeri
sweet,Switi
tobacco,Taaba
"to tear inpieces, devour",Taagataagura
"be sulky, sullen",Taabirirwa
to have guests/visitors,Taahirwa
to tear,Taamura
five,Taano
"lantern, lamp",Taara
to fetch,Tabaarra
welcome,Tabaarukya
to mix together,Tabanganiza
"; to mix,join together",Tabika
to create a wrangle,Tabya
small kerosene lamp,Tadooba
"to be happy, carefree",Taga
"to be frolicsome, gay",Tagaija
"to beat, warm up",Tagasa
to go many times,Taiga
small,Taito
to be busy,Taliga
stride,Tambikiza
"drunkenness,intoxication",Tamiro
to vomit,Tanaka
inconvincible,Tananuka
to spread (e.g. cement),Tandaaza
"to stand astride,kneel withlegsapart",Tandama
"to forbid, stop, prevent",Tangs
to meet,Tangaana
to pick a quarrel,Tanukiira
to stagger,Tarantuka
to trip up,Taruka
to spy on,Tata
"hox, call without reason",Teba
"to inform, tell, preach",Tebeza
"converse, narrate, tell news",Tebya
"to guess, speculate",Teebeereza
be confinned (church rite),Teebwa
to gird(another),Teega
"to prepare, make ready",Teekaniza
to sharpen {knife),Teekera
"to think, consider, suppose",Teekereza
to beat one another,Teerangana
stir up urge,Teereerra
"to deny, oppose, contradict",Teerereza
lemon grass,Teete
to make an attempt,Tegeekaniza
to grow luxuriantly,Tegeijuka
to wait for expectantly,Tegereza
"to be level, straight",Teka
television,Televizoni
to tear to pieces,Tematemura
to accuse falsely,Tembeeka
"; to steady, balance",Tengeneka
to roll,Tenta
"level, smooth, straight,flat",Tereekeriire
"to be straight, flat,level",Tereekeerra
to make level,Tereekereza
"to lie, talk deceitfully",Terenganiza
very slippery,Teruteru
to give,Tetera
to tickle,Tigita
to grow tired of,Tiikuruka
"chop small, mince",Tiima
"to cheep, twitter",Tiitiira
"very small, wee",Tiitiiro
"to lend, borrow (notmoney)",Tiiza
to beat,Timbun
"to shake about, waddle",Tintima
to frighten,Tintimya
water(as potatoes.),Tira
"play, gamble, caper",Tiriiha
"speak irrationally, talk randomly",Toboka
to walk about naked,Togatoga
to speak incoberently,Togolekwa
"to crush, squash",Togonyora
to bubble (when boiling),Togota
till,Toija
to shout,Toka
to shout,Toko
bubble with beat,Tokomera
"to explain, tell all",Tondera
"split open (beans, peas)",Tondooka
to plead for another,Tonganiirra
"dive, down, descend",Tontera
"to gmmble, murmur",Tontorrooma
to drizzle,Toonyeerra
"to weed (bean, millet)",Toorra
"to be lewd, lascivious",Toorwa
still-born child or animal,Toroogo
stand erect,Torotoro
"to relapse, grow weak",Totatota
to protrude,Tugunduka
to be squashed,Tugunjuka
"to tread on, squash",Tugunya
"to defame, run down",Tuka
"to pester, importune",Tukiriza
sister to a chief,Tooro
only us,Twenka
all of us,Twena
those ones,Turiya
a certain plant specie,Tubura
birds sound/singing,Tsoi-tsoi
not so?,Tikwo
to be ready,Tayaari
parrot 's taH,Tuku
"to tremble, shiver",Tukuma
shiver particularly of fever,Tukumira
to be red,Tukura
to lie,Tulingika
"to send,send for",Tuma
cause to rise,Tumbisa
to keep on sending,Tumiriiza
to stretch(e.g. limbs),Tuna
to sell,Tunda
"tarpaulin, ground sheet",Tundubaale
";to protrude, stick out",Tunduka
to grow tall,Tunguka
to taste sour,Tungununa
"to shake, wooble",Tunguuta
to perspire,Tunguutana
to grow very fast,Tuntumuka
"to gaze at, behold",Tunuurra
to pass right through,Turuukana
to swell when soaked,Tutubara
"to be gluttonous, voracious",Tuuba
"to undo (beadwork), untie",Tuukuurra
to heap up,Tuumma
ascend (smoke),Tuumuuka
to infect,Tuurra
"sweat, perspiration",Tuutu
to sweat,Tuuya
to die,Tuuza
to conceive (by fornication),Twekwa
to brandish,Tyangya
"to cut, tear",Tyetyemura
indicates an affirmative response,Uuh
fork,Uma
relative,Waabu
moster,Waizikya
chwezi god for plenty,Wamara
accomplished,Wamara
thank you,Webare
your relative,Waanyu
"cotton plant, raw cotton",Waaro
beer four days old,Wadibu
viper,Wabimbiri
very large carrion-eating bird,Waiburu
"pangolin, scaly ant eater",Wakonga
the alphabet,Walifu
to bring to nothing,Warairaha
"wwell done, thank you",Weebale
you there,Weewe
that was the truth,Weza
"so, that is it",Wezaakwo
"colonialist, parish chief",Wiitwale
member of the clan,Wooruganda
undiluted banana juice,Wiidi
big and not shaped,Wandandara
a shrub,Wambuba
See: AKAME,Wakame
week,Wiiki
"to help, aid",Yamba
south wind,Yangoromora
Jesus,Yesu
clean,Yonjo
the Jewish Temple,Yekaru
grass,Yoojwa
to go all together,Yooka
to become loose,Yuga
to join together,Yunganiza
to play,Zaana
to have common percentage,Zaaranwa
psalm,Zabbuli
"to beat, flog",Zaitura
to be spoilt,Zamba
to stagger about,Zengazenga
"to be dizzy,giddy",Zengeerra
to shut (eyes),Zibiiriza
"regain sight, open (eyes)",Zibuurra
to bear the first-born,Zigaija
courtyard compound,Zigati
rub,Zigiisiirra
to be black,Zigi zigi
to swing around,Zigusura
"to put round, surround",Ziguza
to swim be deep,Ziha
;to bury,Ziika
to bury (beer),Ziikiira
"to dig up, exhume",Ziikura
leer at,Zisuura
"to sing, dance",Zina
"to untwist, unwind, unroll",Zinguurra
woe unto thee! curse,Zirikubona
"; to wind'eyes,sticks)",Ziringitiirra
throw(in wrestling),Ziringura
"to beat, flog",Zirwaitura
to enclose,Zitira
"to feel sick, retch",Zizambuka
"to make sick, nauseate",Zizimbura
a leather bag,Zibure-nkurye
these ones,Zinu
all of them,Zoona
amatu g 'embuzi,"The goat's ears. -ga, tense suffix put at the end of a verb stem to suggest the prolongation or duration of action e.g. Okukoraga, to do something habitually, or ((Ir a time. Llis usually used in the present, future and the past tenses. Emikago yatambiraga abantu, Blood brotherhood used to save people from trouble"
gaabatanuka,", greyish colored salt"
gaaju,Reddish brown.
ekitabu kye nkimugaruiiire; akaba ayangire,I have returned his/her book to him/ her; he/she had refused to return it but his/her father forced him/ her to return it
gaasa,To flatten dead meat.
gaaya,"To walk slowly and feebly, saunter, lose one's strength"
gaba,To come into breasts (milk)
tosobora kukama ente amabeere gatakagabire,You cannot milk a cow unless milk comes into its udder
gaba,"To contribute,give away,give in marriage,send army"
Omukama agabire ilte; ebintu bye abigabira abanaku,The king has sent out an army; He/she gives his/her belongings to the poor
gabaituka,To walk hurriedly and sorrowfully
akaba naagabaituka kugya kurora omwana we omunkomo; enaku nizo zaamugabaitukize,He/she was walking hurriedly and sorrowfully to go and see his/her child in prison; It is sorrow that made him/her walk hurriedly and sorrowfully
gabana,"To distribute among selves, share out, get shares"
ensimbi ezigabainwe nizihikya emitwaro makumi asafu,"At the end of each year, members of a cooperative society share their divides; The money that has been shared amounts to three hundred thousand shillings only"
gabisa,To have plenty of milk in the udder or breasts
-muhara we akamugabisa enyana,-he gave away his daughter with a heifer when she was getting married
gabuka,"(of a bride), to come to the house of a bride groom and get married"
Lidiya akagabukira Kampala,Lydia entered the home of her husband in Kampala
gabura,"To marry (of bride groom), receive a bride and marry"
ira omwojo yagabuurraga omunju ya ise,Long ago a boy got married in his father's house
gada,"To pine away, languish, suffer"
nkasiiba ningada izooba lyona,I suffered all the day long
gadlsa,To torment
omulemi mubi agadisa abantu be; haihi buli muntu agadisibwa it11ngo,A bad ruler torments his people; Nearly every one is bothered by possessions
gadya,"To trouble, worry, bother, afflict"
gagara,To decorate house for a wedding
gahiiraha,Crested eagle
gaigai,"Intensive with verbs of walking, talking (=fast)"
gaita,"To join together, add spell"
om11ntu ohangiriize obuakuronganisaakakusingaomugaita,If the person you have slandered pleads against you successfully you pay damages to him/her
gaituurra,"To spell letters or syllables, pronounce."
galihya,"To make wide, widen, broaden."
akasanga ebyoku/ya bye bigalikirwe hameeza,He found his food uncovered on the table and as a result he refused to eat it
gamba,Speak or say
Yesu akagambisa abafu b'eminwa; kikagambwa ira obu anvana tibaramura,Jesus made the dumb speak; It was said of him/ her long ago that when he/she begins to fight no one can stop him/her
gambiirra,"To exhort, warn,say something on behalf of someone."
baamugambiirraaga buli kintu kyona eki yagonzaaga kugamba,Someone would speak for him/her whenever be/ she wanted to say something
gambira,To tell or say something
"-gambira haiguru,",-cry aloud.
gambirana,"To tell one another, conspire against"
gambisibwa,Talk no sense
-omuhara nagambisibwa munonga,-the girl speaks a lot of no sense.
gana,To sing tales
-nyinenkuru nyowe natugana.,-my grandmother sings for us tales of long ego.
ganagana,"To grow large, to spread, branch freely, grow busby, spread out, bring forth (fruit, leave), increase in riches"
gandaara,"To rest after meals, take a siesta"
otalibona igandaire okagira itiinire,Never come out with the conclusion that they are afraid of each other when you see them preparing for a charge
ganga,"To spread, grow (e.g. Branches)"
-omuntu kayaganga kubi,There is a sacculating rumor that we are going back into qulantine.
ganga,"To give medicine to, prescribe for"
-omuanga teyeganga,"-however experienced a doctor may be,he/she can't prescribe treatment for himself/herself when ill."
gangaara,"To go astray, leave home, be mad"
gangaijuka,To walk along weeping towards place where a relative has died· run along lowing (cattle)
gangalika,To throw out. Throw about
gangura,"To beat, flog"
ganikya,To tell stories.
ganja,Be in favor
ganura,"To eat or wear something for the first time, gather the first fruits"
ganya,"To be sorrowful, be troubled for a fault lament;"
-naaganya omwana wa nyina,-he/she is lamenting his/her sister/brother
ganyisa,To cause grief
-;ekirukumuganyisa kiti kiki?,-What makes her so sorrowful?
garaamiirra,Throw the head back
garaata,"To walk or talk idly, drawl."
garagara,To mourn for the dead
garaiha,"To sit lazily, be idle."
garamya,"Tilt backwards, make one lie on the back"
garangatana,"Clash together, clatter"
garuka,Return
garukamu,"Answer, reply, do again."
garukira,"To keep on doing (of illness), relapse"
garukiza,To accompany someone and stop at
akasendekereza munywani we yamugarukiza omwirembo /y 'owaabu,He/she accompanied bis/her friend and left him/her at the gateway of his/her home
garuliza,To do over again
garuukiirrana,"To keep on returning, do repeatedly, mend fences"
garuurra,"To bring back to(or for),recompense"
gasira,"To be worth to, be good for"
gaya,"To despise, scorn"
gayaara,"To dawdle, loiter"
gazihya,To widen.
mmurozirege nvebagyo,-I saw him/her yesterday evening
gegeerra,To carry in the arms
gegya,"To come unwanted, bring something unexpected"
ebintu bakaba bafantkwe taaga. bakaija kurora omuguwiraro agegeze nabyo. abiresire,"To their surprise, things they djd not want were brought by a lunatic"
gejageja,"To persuade by unfair means, fool"
gema,To immunize
gema,"To bend, curve, force, compel"
gemba,To shave
gemura,"To send or take food or any thing eatable to someone's home, present or offer by taking to."
gendeerra,"To do intentionally, go with purpose of; slowly slip or slide out of position"
gendekeerra,To go for good
gendesa,"Make to go, drive"
amaju,Crawl
genya,"To frown, be wrinkled"
gera,To flow; become weak
gereerra,"Ooze, trickle"
gereka,Place on top of
akamusaba kumugerekera enswiga ze habyok11/ya ebi akaba naacumba,He asked her to put his green vegetable on top of the food she was cooking (but see below)
gerekera,To bring forth first leaves (beans)
gerckerana,To pile one on top of another
gesa,"To reap, harvest"
geya,"To backbite, slander, gossip about"
gezihara,"To become wise.,"
"- Ente bamazire ira kugibaaga, Enyama yayo bagyokeze twagbya","- they have already finished skinnin the cow, The last vowel changes into before the vowels, they roasted its meat and we have eaten it"
giga,"To cut round, eaten off and all around"
orukumo rugigire nk 'oruracwekaho,The finger joint was eaten round as if it would fall off
gimba,"To row, punt, propel (boat)."
gira,"To do, act etc."
bagira omwana omu; akugiriire itima,They have one child; He/she has refused intentionally to help you
giza,To cause to do
kiki ekikugirize kiti?,"Cause shame to someone, treat shamefully. Go, self-standing pronoun."
goba,"To steal milk from (cow, etc.)"
gobamu,"To make profit out of, gain"
gobeka,"To mate with (female dog, cat, etc.)"
gobeza,"To defraud, betray"
goboorra,To double one's profit
gobya,To act hypocritically
goda,To bend curve
godya,To walk with difficulty
gogereza,Supplement on what has already been talked about
gogolekaoa,To clatter (as gourds knocking together)
gogoma,"To lean over, bend (as a tree), fall with a crash"
- omuti gugwa ha gugogomiire,- a tree falls towards the direction it is leaning.
gogoro,Talk through the nose
goma,"To meet together, form a group, stand still."
gomeza,"To make to stand at, moor (boat)"
gomoka,"To grow fat, be luxuriant"
gona,"To snore, purr"
gondesa,To make to love.
gondeza,"To love or choose for another, make choice for, make preference for another, wish for"
gondora,To dance vigorously
gongonoka,"To become feeble, be emaciated"
gongoorra,"To strip, (plantain stem)"
gooba,"To interlace (e.g. Reeds), bind round, encircle"
goofu,Golf (game)
gooka,"To be maimed, have a blemish, be out of favor."
gooleekwa,To be good for nothing
gooleekwa,"Disease that turns a person useless, good for nothing."
goonya,"To lodge, sleep one night on a journey"
goora,"To maim, damage, disparage"
gooro,. Goal
gooroobya,Terminate
goorrooka,"To be stretched out, get straight, be unraveled"
Goorrooka Nzaire,"Said to the Kings of Tooro and Bunyoro, when they stand to walk away."
goromoka,"To go right away for good, fall in danger"
goromora,"To take or send far away, exile, get rid of, put into great danger."
gorooba,To decline (sun)
gosa,To mount (cock or male bird) for the purpose of mating
gota,"To fall upon, attack, surround, besiege"
goya,To paddle a canoe
gugumuka,"To be scared off, go off with a rush, stampede"
gugumura,"To cause panic, be scared off, go off with a rush or stampede"
guguna,To gnaw
guha,-to fetch (fire)
gujura,To gobble
gulika,To be piled up
gulika,"To pile up; cast a spell on, bewitch"
gulikuurrra,Remove a spell
guliza,To sell for another
guma,"Be hard, firm, steady, patient, keep on, be alive, be fit"
omutima,"Pick up courage. -., barren"
gumirirwa,"Jr.,, constipation"
gungumara,"To be sorrowful, be lonely, wait in vain"
gunguru,"Utter, slander about"
gunguuza,"To go off by oneself, be independent, rebellious"
gunura,"To stare at, gaze fixedly at."
ekibanja kye kikagurwa munyaanya,Her plot was bought by her brother. '
guruba,"• to run or dance heavily by pounding with the feet, stamp, gallop;"
guruka,"To jump, pass over, By"
abasaija 11ubo baagurukiraga ekikarabo,"It was the men who used to jump high up for a handful l of grass fastened to the framework of a house in the sitting room, but see also below"
gurukibwa,"To miss, fail to get, be omitted"
guruklza,To drive away flies from (cow) when being milked
gurukyagurukya,"To be doubtful, waver, hesitate"
gurumbuka,To go all together (a crowd)
gurusa,To grow old (people).
guurruuma,"To mutter, mumble; grow very slowly, be stunted (child);"
- enda nenguurnwma,- my stomach is bubbling.
guza,"To make to buy, sell to"
ente,Borrow and pay back calf etc
gwa,To fall
amabeere; g. ensimbo; g.omugoro,"(of girl) grow flabby breasts after puberty age; Suffer from epilepsy; Be worn out (cloth, etc.)"
gwaga,To become immoral
gwagahara,"To become foolish (bad sense), become immoral"
gwagwana,"To quieten down, cool down, relax"
gwagwahara,To be filthy immortal
gwera,"To fall upon, jump upon a person and get hold of him/her, lie in, wait for"
abaisi be baka11111gwereerra om11m11handa,His murderers got him on the way
gwerekeerra,"To fall down dead; welcome heartily, rejoice over."
gwerekererwa,To be susceptible
gwereza,To take on board
gwerra,To start to cross a swamp or river
omubwato,"Go aboard, embark"
gwerwa,"To be cast down, be sad, morose"
omusango,"Become guilty of a fault, incur a judgement"
gweta,To choose the heir.
ebintu; ebint11 bye akabigwetera mukazi we,Mention the person who will administer your estate when you die; He bequeathed his property to his wife
gwibwa,"Finally succumb to advice, be satisfied after getting proof or realizing"
gwija,To behave foolishly
gwijagira,To sleep
gwisa,"To cause to fall, drop"
gwisaniza,To take by surprise
gya,To go (an indefinite word)
gyam11 orofe ekirumu,Get into and see what is there
kihoire,It is finished
ha-,"Formative prefix, making the nouns and pronominal roots to which it is added acquire the status of adverb of place or tjme and thereby being referred to as adverbial nouns and adverbial pronouns respectively"
ekinyonyi kyemeriire hanjwerug11r11; ekinyonyi kiri hamuti,A bird is standing right on top of the house. Sometimes it is referred to as a join. Particle; The bird is on the tree
ha,Give
taata ampaire ewe; abantu be bakamuhayo; engeso mmgi nizo zihaisa omuntu ekitinisa; ekitiinisa okiheebwa abarufwkugonza; ha yagenzire akarugayo hyoisai; hanu tibalwsemiize kunmgi; nihairagura,"My father has given me a cow; His subjects delivered him up; It is good manners that make a person respectable; It is those people who love you that give you respect. Ha, obj. Relative concord of place; He/she did not get anything from tbe place he/ she went to. Ha-, subj., cone. Prefix for adverbial nouns or pronouns; Thjs part is not well cleaned."
haaga,"To be satisfied, replete"
ekyanzi kihaagire; Ente zihaagire; omwana ahaagize,The wooden vessel is full of milk; Cows have already been milked; The herdsman has finished milking
haagisa,Satiate
haagura,To satisfy (thirst)
haaba,Take for granted
haahaara,"Run away in fright, lose heart."
haahira,"To praise, flatter"
haabiriza,"Praise, extol"
haahura,"Rub smooth, polish;"
haata,Peel.
akahabisibwa omwoleki,He/she was misled by a guider.
habangana,To part company.
habiri,In two
"-kicwemu habiri,",-cut it into two equal parts
habisa,"To mislead, lead astray"
habuka,To turn back into the path
omumutima,"Grow wise, sensible, comprehend"
habulyo,"On the righthand side, correct line of thinking or action"
habumoso,"Left hand side. Mouthful, to the brim."
naarra habwa nyina kwabaho,He/she is crying because of the absence of his/her mother
habwaki,Why.
hadadika,"Clamor, force something against one's will."
haga,"To be distended, swell;"
omuntu akira kuhaga hamaiso,A person usually swells at the face
haga,"To distend, inflate"
-. omupiira,-inflate the football bladder
hagamara,"Colossal., frighten away, drive away by ill tremetol"
hagana,To jostle one another
haganiza,To force a way through
hagara,"To be bad, have tapeworms (in entrails)"
hagara,"To tie up (dog, goat) by the neck in the house"
hagatl,"In the middle, center"
hagatlra,"To carry like a satchel, shoulder"
hagika,"To prop up, support, put posts in a house"
haguka,"To come off, be defected from"
hagura,"To push through the jungle, force a way through"
haha,To become a prostitute
hahaaza,"To frighten away, drive away by ill treatment"
hahamuka,"To runoff in a flight, flee"
hahamura,To frighten away
haiga,To dig up (potatoes etc.)
haiguru,"Up above., adv., near, close"
haima,To flit about (bees)
haingi,In many places
haisa,"To make to receive, praise, give"
haisaniza,"To express admiration, adulation, praise."
haka,To be with young (of cows near time of calving)
hakana,"To deny, dispute, argue, compute, renounce, play a match"
hakaniza,To contradict.
hakura,"To draw out, draw up forcibly"
-enjoki,-A good question can draw out their real opinion.
hakuurra,"To dig out, empty, excavate., join. Word, to, towards, away from (according to the verb employed), against"
hali omugonzebwa wange Kusemererwa,To my beloved Kusemererwa
halika,To trap with a pointed stick or spear stuck in the ground obliquely
haliza,"To spoil by tracking, bring bad lack to"
hama,"Deep, take root"
iziba /ihamire,The well is deep
hamaituka,"Start, be taken by surprise"
hamanga,"Grope, feel about in the dark. Ham"
hambaatira,Cling to
hambiirra,"To support for a long time, sustain, cling to"
hambiriza,"To compel, urge, vehemently accuse"
hambuka,"To elope, leave home and live with a man or girl"
hambura,Run off with
hambwa,"To be a nuisance, insist on, bother, worry"
hambya,"To chase, run after"
bamira,"To muzzle (calf). Deep, sleep (downwards)"
hamu,"Adv., in one place, together"
hamusago,"Adv., on, upon the pillow or at the pillow side"
hamya,"Deepen. Strengthen. Forbid, rebuke, give advice to"
handama,Stretch out hand to take (when silting or kneeling)
handi,"Adv., elsewhere. To write, enroll"
handuka,"To be coarsely ground, to ground coarsely. To grow fat and strong. -tall and big"
hangn,To shine at midday(sun). Create
amaiso; h.amaino,"The sun will shine at midday, so bring sunscreen to the hike."
hangaara,To live Jong
hangaaza,"To collect (herbs etc.) from field after harvest, pick (vegetables) here and there"
hangahanga,"To invent, be creative"
hangalikwa,To stand motionless
hangama,To bold off (of rain)
haogiirra,"To accuse falsely, slander, calumnate"
hangiriza,To live long (King)
- Hangiriza Aguiamba,- King of Tooro and Bunyoro when he stands up after he has given a title.
hangiza,"To support (house) with posts, prop up"
hanguba,"To become wide, grow fat"
hanguka,To come out of framework or handle
bangura,To take out of handle
hanguuka,"To happen suddenly, fall unexpectedly (rain)"
hanguura,"To bring suddenly or unexpectedly (e.g. Rain), give medicine to induce pregnancy"
bangya,"= forge, to be double tongued"
baniirra,To warn against
hanika,To hang up
hansi,"Adv., on the ground, below"
hantu,"Adv., anywhere"
hanu,"Adv., here"
hanuura,"To take down (anything hung up) Breathe deeply after being frightened or worried, sigh"
omutima,Can you take down that old poster before we paint the wall.
hanuura,"To take counsel, debate discuss, relate tradition or history to."
hanya,To go about naked
banyuma,"Adv., afterwards, presently, finally"
akaija,He/she came after his/her brother/sister
hara,"Adv., far away"
hara,To cough (leopard)
engaro z 'abalimi enyingi zihara,Hands of most cultivators are rough.
haraatwa,"To be cheeky, play about, joke, play pranks"
harabana,"To scramble up, try to reach the top"
haragata,To scrape
haramba,"To clamber up, scramble up"
harana,"To dispute, compete negatively, to rival"
barangana,"To squabble, provoke"
harara,"0111111ima, restless. Haroho, there is. There are. Harubaju,adv.. On. At the side. Haruguru,adv.. Above"
( p f. haraire),"To be weary, tired, be restless"
haruza,To scrape out with
eny1111g11 y 'oburo bagihantza ekiharuzo,The earthenware pot for cooking millet is scraped out with a flower pot scraper that is made from the flower of a palm tree
harwa,To have pain during monthly period
hasana,", to grow together (e.g. Twin plantains), be superfluous"
haswa,Have pain in the side(pneumonia)
bata,"To vex, be spiteful to"
akamuhatira busa atabe 1111weayasiisire motokaye,"He/she vexed him/her for nothing, be/she was not the one who damaged his/her car"
hatana,To pick a quarrel
hataniza,"To press hard, squash"
hati,"Adv., to-day"
hatika,To stick up
bawa-,"For adv., nouns of place, added to possessive roots and self standing pronouns to express the possessor of a place. Hawange, at my place"
haya,To be given
beeka,"To carry on the back, pick-a-back"
beekuka,To slip off the back
heekura,To put down off the back
beera,"To pay wages, hire"
akabanyegeerra habw 'okumuheera embwa ekamun,"Ma, he/she accused them of setting a dog on him/her that bit him/her."
hayana,"To rival, with"
hayira,"To hate, threaten to kill"
haza,"To cause to scratch, etc., to cry lusty (children)"
bebebera,"To stammer, stutter"
bedya,To attend on a bride
heebwa,"To pass on from one to another to adjoin, be near, be adjacent, be in order, be next to"
beerraaniza,"To bring near arrange order,pass along"
beesa,"To forge iron, work in metal, fabricate"
beha,"To clean (a baby),rid a place of human feces"
hebeera,"To be soft, smooth, supple, delicate"
hebeeza,To soften
hehema,"To be blown about, wave about (e.g. Long hair)"
hebemukya,"To winnow, fan"
hehemura,To winnow by the beep of the wind
hema,"To make motion of scorn behind back, or over head"
hemba,"To blow up a fire, kindle a fire. Bemba, to take present to, or show to (a superior)"
hembera,To put dry cowdung on grass which is on fire for cattle through out the night
ogu obu abaza tahembya; munywa11i waawe ab1hemukira obu akusiga om11muha11da onvaire akagenda,"When that man talks he does not end, to act shamelessly, go to the bad; Your friend leaves you in the lurch when be/she finds you on the way ill and then goes away without assisting you"
bemura,"To put to shame, disrepute, disgrace, disappoint"
henangwa,To ache bruise (limbs)
omuhanda; h.ekimasa,Beat out a path in the jungle with sticks; Clear grave or grave side of weeds (last funeral rites)
bendeerra,To condemn hastily without good cause
bendeka,To become broken or sprained
omugongo,"Start monthly periods (girl), first menstruation"
heodera,To make a path for
hendcza,To give poison to
hengeka,"To tHt. Henuka, ko-, oko-, v.i"
benura,"To pull up (clothes), turn back (eyelid)."
hera,"To be no more (of a person dead and buried), be lost. To be near, close to"
hereeruka,To be last
Abalroma Abatembuzi aba Kitara bahereerokira ha/i Isaza Nyakikooto Rugambanaabato,The Abatembuzi Kings of the dynasty of Kitara ended with Isaza Nyakikooto Rugambanaabato
herceza,"To bring near, being close to"
hereka,"To entrust, leave in charge (esp. Cattle)"
ahereka ataswire bamwetera emiguta,He who entrusts his cattle to another person without monitoring them will only come to collect their hides. \
higa,"To push along, push aside, part, move out of the way of"
higiikiriza,To place near together
bjgika,"To put on one side, stuffing or cushioning"
higika,"To support,"
hlgiza,"To make room for (to pass), give way"
hiiga,"To hunt., to dislike, persecute"
hiiganiza,To persecute
herekuurra,To herekurwire)
berikopita,"Cl.9a,,owl. Zaaherikopita)"
besa,", to backbite. Threaten"
beta,"To tum (a comer}, bend (e.g. Hoop)"
motoka akagihetera omurubaju orutali rwe,He/ she drove and turned the corner on the side that be/she was not supposed to drive on. See also below
hetera,"To oversleep, be a sluggard"
heza,"To bury, make to disappear, lose completely. Bring the goats home it is threatening to rain"
hilmiikwa,"· to be about to cry, look angry,, fresh beer"
biira,"To give useful thing to, give a fortune"
hikra,To make sound of rushing wind or water
biirwa,{pf. -hiiriirwe)
biisa,To finish cooking
hiitana,To surpass one another
bika,"To arrive, reach"
okuhika hati; tuhikire owait11; anjumire kuhikya ajwahire,Until now; We have arrived at our home; He/she scolded me until he/she got tired
bikaana,"To meet, be in accord"
hikaaniza,To bring up to full measure
hikiirra,"To be complete, fulfilled, perfect,righteous"
hikya,"To cause to arrive, make complete, to e correct or right, take gifts to a a superiir"
okuhikya nkaha? How long? Okuhikya obu aliija; omukama bakamuhikiza ente; tohikize kulya okaima omwihwa,Until he comes; They presented a cow to the King; You have done wrong to eat and fail to give part of what you ate to your nephew or niece
hima,To become dark or coarse(of skin)
himba,To lift
himbaara,"To grow dim (sight), become blind"
himbisa,"To help one lift something, lift with, make pleasant"
ekihimbisa omuzini kasaatu kiba ha kibunu,It is the skin that a dancer wears at her/his bottom that helps her/him wriggle
binda,"To thunder, threaten (rain)"
hinda,"To prevent, hinder"
bindabinduka,To be changeable
binduka,"To turn, change, be converted"
bindura,"To tum, change, convert"
binga,"Exchange, barter"
bingama,"To bend, lean over, roll (in walking)"
bingika,To pile up
ekifuba,Be ful-chested
hingisa,To biogisibwa hoisa eitcbange
hiogisibwa,"To bechanged. Binguliri.za, ku-, oku-, v.tr"
hioguraoa,To pass one another
Woguraniza,"To go too far with, prolong, eitceed. Hinguza, ku-,cku-, v.c"
hinjura,To chop into
binya,To shrink (generally used of inanimate objects)
binyahinya,"To fold up, crumple up"
hinyiirra,"To pull up (clothes), roll up (trousers)"
birilta,"To breathe hard, wheeze, purr"
hiriitira,To whiz
hiringisa,To make roll
hiringita,"To berolledalong, run(wheel)"
biriza,"To push along forcibly, roll along the ground. Wriz"
hita,To have diarrhea
hitana,Roc
hoha,"To wither (gourds, shrink"
hohooka,To slough
bohoora,"To strip off (bark), skjn. Bobwa,e-,n., cl.9"
hoibwa,Of hwa
hoiga,"To burn to ashes, burn down (fire). Hoigoka,.ku-,oku-, v.i"
boihoorra,To tum over in mouth (bot food)
nikikwasa enso11i omuntu kuhoihoorra ebyokulya,It is shameful for a person to turn over food in his/her mouth
hoijahoija,To be in the last stage of exhaustion
hoima,"To fit about (bees),"
hoisa,Lo go dry (cow)
homooka,"To come off, break away (e.g. Plaster)"
hornoora,To pick earth or plaster off a wall
hona,To glide along (snakes etc.)
honda,"To thresh, pound, crush"
hondera,"To folJow after. Bondo,e-, n.cl.9"
honera,To chip off (salt from block)
honga,"To offer a sacrifice or offering to deity, appease with a gift. Bongo, e-,n.cl. 9"
hongoijora,Dig over lightly
hongoka,To be partly broken (e.g. Pot. Tooth)
hongomeerra,"Foreg, look vacant"
hongora,"To fasten with a stick, bar doorway."
honoka,To graze the skin
honongera,"To be sleepy, sleep very heavily"
hononoka,To fill with tears (eyes)
hooga,To peel forcibly
hoogoka,"To be broken off, stripped off"
hoogora,"To take by force, extort"
boora,"Enzigu, take revenge (by killing)"
hoora,To pay market dues
hongoorra,To fasten
hooza,To levy dues or customs
hogoorra,To take by force
hora,To grow cool
hora,To lend (money)
horahoza,To cool
horobera,To fall into a pit
horobokwa,To speak many words carelessly
horomoka,To talk loudly or at random
horonga,To cry(beast)
horongoka,"To be hollow. Horon gora,"
horoota,"To grow thin, be emaciated"
horoza,"To be empty-headed, be deserted"
hota,"To twist up (papryus, etc.) into a rope"
hotoka,"To dry up, wither"
hotoorra,To rub (body). Massage
hotora,"Twist, mingle"
hoza,To cause to grow cold
hubiirra,"To be small, undersized"
hubya,Ostrich
huga,"To be crooked, awry"
omutima,"Be forgetful, delicious"
hugahuga,To be inattentive
huguka,"To recall wandering attention, tum out of the way, be removed from proper place, be dislocated"
huguka,To put on one side
hugura,To take out of tbe way
huguta,To draw at a pipe
hugutana,"To be distracted, be absent-minded"
hugutaniza,To distract
huhuma,"To grow fat, bloated, swell(body)"
Huhura,To smoothen
hukura,To be eaten by insects or weevil
hukura,To dig sideways
hulegeza,"To try to get food in other people 's houses, sponge"
huliirikana,"To hear only part of what is said, hear incorrectly"
hulliriza,Listen carefully
huliza,To wait for the out come
bulyahulya,To be careless of one's appearance.
humba,"To glean, gather leftover grain after a harvest"
humbiika,"To bake food., in a leaf"
humbisa,To make moud1y
humbubara,"To be out of sorts, feel miserable, remain motionless"
humbuuka,To rise from the dead.
huna,"To be very silent, be awesome, speechless"
hunama,To talk very little
hunanara,To be stupid
hunda,To cover with bead-work
Lr,-bunzire
hundukuurra,To bear many children
To bear many children,- hundukuuliire
hunduuka,To be very thin and bad coloured
hunduurra,"To take off beads, undo beadwork"
bunga,To wave about
naahungahunga nk 'omuyaga,He/she is waving about like wind
hunga,To catch (locusts or grasshoppers)
hungiirra,To become weak (sick person or flowers)
hungira,"To be drowsy, doze, slumber"
hunguhara,"To be disrespectful to superiors, have bad manners, detoriorate in self-respect"
hunguka,"To turn aside, branch off"
hungura,"To cast, throw"
hungya,"To wave to and fro, swing"
omutwe,Shake the head
huniirra,"To be surprised, astonished, marvelled."
huninikaka,-to hypnotize
huniriza,To make to marve astonish.
hunyahunya,"To sniff about, nose out"
hunyira,To be feeble
hura,"To have no appetite,be faddy about food"
hurubura,To pull Forcibly
akamuhurubura hantebe yamuteera hansi,He/she forcibly pulled him/ber off the chair onto the ground
huruguma,"To roar, murmur, grumble."
burugusa,To intrude
huruguta,To rot (gourds)
hurumuka,To slip off
hurumura,To flog/ strip off
hururwa,Severe body pain
hururwa,Be in Agony
huruutuka,"To run very fast, beat fast (heart)"
huruutura,"Strip off, pull undo"
huruza,To set on (dogs)
hutaara,"To be wounded, injured"
akahutaarra omumuhiigo; akamuhutaaza eriiso; akahutaazibwa ente obu bakaba nibazileera enkinzo,He got wounded during a hunt; He injured his eye; He was wounded by cattle when they were inoculating them
hutaazangana,"To hurt each other, cause injury"
abaana abo nibaija kuhuutaazangana,Those children are going to hurt one another
huuha,To blow
huuhiirra,To drizzle
huuhuuka,"To float, disperse (vapour, etc.), be blown away"
huuhuura,To blow away.
huukeera,To walk aimlessly
huulika,"To burst through, explode, happen"
"-okufa okwo""okuhuulika",-sudden death
buulikya,"To cause to burst, strike dead, carry off"
huuma,"To whirr, buzz, whistle (wind), rumble"
huumira,"To run into accidentally, butt"
huumirana,To collide
huumiza,"To cause to butt, knock against"
huumura,To rest
huuna,To give a little grunt in speaking
huunisa,"To put, in or in front of another consonant in speaking or writing as a necessity e.g, to kick"
huunuuka,Make a grunt of denial or anger
huura,"To thrush com, throw violently, raid cattle"
ekigwo,Burled down
huurra,To give pain (abscess)
huurra,"To hear, obey"
Ebigambo nkabanza kubihuliirra omba Biribonwoho,I first beard of those matters while I was at Biriboowoba's;
huurruuka,Fly
huuta,To sip noisily
omucwe bagulwutira omubbakuli; abantu aba biro binu omucwe bag11huusa ekigiiko,People sip soup from a bowl; People nowadays sip soup with a spoon
huutiirra,To blow hard
hwa,"To come to an end, be finished"
amaanva gahoiremu; ag 'okukuhwera,No more beer in it; instead of you getting worn out your attendant should be
hwanguka,To go fast
hwangura,"To snatch, grab"
hwankana,To eat gluttonously
hwehwerra,To whisper
hwehweta,To whisper.
ebitaine kirolererwa bihwereerra,Unattended things come absolutely to an end gradually
hwerekerra,To be destroyed
hwerekereza,To destroy
bwereza,Dissolve
hwerra,To come absolutely
hwerwa,To be bereaved of all
hwetukahwetuka,To walk slowly and shamefacedly
hweza,See clearly
hwezeka,To be in place with a clear view
hwezeka,"Seen, viewed,visible"
hwezesa,"To make one see clearly, enlighten"
hwilhwil,Expressing extent of pain caused by abscess
hwibaara,To be ill at ease
hwihwi,A person with harelip
hwibwisa,"To be inquisitive, nose about"
hwita,Grow old and feeble
hwitira,Severe pain caused by abscess
hwituka,"To understand thoroughly, be convinced"
hya,"To get cooked, get ripe, be scalded, burn (oneself) met., be dressed up"
hebimata,"Be alarmed, agitated, on tenterhooks"
hyabiriza,"To go very quickly, hurry"
hyabyana,"To fidget, be restless, be undecided"
hyabyaniza,To move about
hyanga,"To stir, mix"
omubazi yanywire bakaguhyangira omumaarwa,The medicine he/she drunk was mixed in beer
hyangaturana,To pour from one vessel to another
hyangya,To tell lies about a person persistently
hyanirwa,To be jealous
byema,"To grumble, complain, hesitate"
hyera,Creak
hyoka,"Sprained, dislocated"
hyongya,"Steer, punt"
hyora,"Sharpen, whet, grind (teeth)"
egi pa ey 'Abasambu bazira; obu baamubikiire omunyabuzale we,"That word (spoken about), to me is like epa the totem of the Basambu. Paapaara, ku-1 oku -,v.i; Yapaapaara atarukumanya 11 'omuhanda ogu akwasire, when they announced the death of his/her relative be/she dashed out without knowing which way to take"
paapaata,"Feel with the hands, grope about"
paasi,Iron
-Nkagoora n'epaasi y'amasanyarazi.,-I used a flat iron to iron
paatiika,"Patch, hence to accuse falsely"
empale ye yoona agipaatiikire ebyapa; nyineeka akagya kupagasa; ira bu/i kintu omunju /.y. apagaswaga (pagasibwaga in case of v.i.) nyineeka,"He has patched the whole of his pair of shorts; The head of the household went to work for a wage; In days gone by everything m a home was brought about by the labour of the head of the house. Paipya, ku-, oku, v.i"
pakasa,Work for wages
-Mpakasa owa mulirwana wange.,-I work at my neighbors place.
pakuka,"Flicker, palpitate, walk very fast"
-kanopapuka nogyaha?,- You are walking very fast where are you going?
pamba,"Cotton, cotton wool"
pa mba ekaba eri emu ha birimwa ebikuru eby'ensimbi ebya Uganda,Cotton was one of the major economic crops of uganda
pampa,"To deny, refuse"
omusaija apampire n'ekitabu kyange; ekimupampize n 'ekitabu Jcyange tinkimanyire; obu akaba naalcyahika omuruguudo ati mpampara na uwe; abantu ba biro binu bamanyire kupankapanka bagenzi baabo,"The man has refused to give me back my book; I do not know why be/she has denied me my book? Pamparana, adv., to meet unexpectedly; He/she met him/ pamu Pi111a her unexpectedly ashe/shereached the kairuka kaagenda, the small b road. Got out of bis/her hand and flew 0 pamu, (pamupamu ), ideo., heavily throw down from head mercilessly; People of these days know how to play pranks on their fellow country men"
papamuka,"Flap wings, flutter;"
enkokoromi kwija kukooka ebanza kupapamukya amapapa gaayo,Before it crows a cock will flap its wings
papira,"To flap wings, flutter, be in a hurry, be excited"
nibapapira kusanga abagole batakateeraniziibwe,They are in a hurry Jest the bride and the bride groom get united in marriage in their absence
pata,Hinge.
pe,"Intensive with, too bitter"
-nikisaarra pe,-it's very bitter
pekenya,"To gnaw, crunch"
peregecu,"Very dry parched place, desert"
-sahara Irungu perugecu.,-sahara is a dry desert
piipiza,To fan
Omubutagasi obwingi omuntu ayepiipiza nukwo atunge embeho erukufuka,A person feeling great heat will fan him/herself so as to drive cool air around himself
pikipiki,Motorcycle
-ntemba pikipiki buli nyenkyakara.,-I use a motorcycle every morning.
pima,"Measure, weigh"
pipira,"Shake, shiver"
pipiza,Make shiver. Tremble.
egi po niyo etakira,That is chronic ulcer that does not get cured
poliisi,Poliisi
omwirima gutiire poopoopo,The night is extremely dark
poositoofiisi,Post office
poso,Maize flour
puku,"Adv., unaware, suddenly unexpectedly"
pukumuka,"(of water, liquid), gush out, to be poured out of container with narrow mouth"
puresa,Blood pressure
Ogu murwaire wa puresa,That person is a patient of pressure
puucura,Pluck
yamba,"To help, aid, succor"
abatemi b 'emiti beeyambisa endemu kugitema,Tree fellers use axes to fell trees
yayuuka,To be thin and insubstantial (as cloth)
kalituusi yo teegwire; Ente bagireesire yonka Jiizire na nyana; Emili yoona egwire; emiti yombi egwire; niinyenda embuziyoonyini,"As for eucalyptus trees, they did not fall; They have brought the cow without a calf; All the trees have fallen down; Both trees have fallen down; I want a real goat. -yo, suffix, there"
yogoora,"Disperse, melt a way (crowd)"
yonda,To plait strands together (rope)
yoora,"To gather, together in hands, scoop up"
yuga,To become loose
yuguruka,"To get loose, expand, have room to move (after being crowded)"
yuguura,To come to an end (feast)
yuoga,"To join, splice, set, (broken limb)"
obu yahendekere okuguru bakamutwarra yunganiza zaagurukana omubuyi kumuyunga,"When he/she broke his/her leg, they took him/her to a bone- setter for settong"
yunganiza,To join together
yungayunga,Collect false evidence
ebigambo,That girl had false evidence
yungukira,To overlap and bind together
omwaana ekiba ky 'en/cu obu kyamulemere kwetweka,"When the bundle of fire wood proved too heavy for the child, his father removed it from him and overlapped it to his own"
yunguura,Lr
