Runyoro,English
nambere orukuhika kukora ruho orukuhika kugoborra,"The more you practice, the better you get."
omukazi aija kukora omukeeto kumara emyaka nyingi atakafokere CFO,She will work in the accounting department for years before she became CFO.
enkoragana empyaka eyobusubuzi ekaimukya ebitundwa ye bw'obulimi aheru yihanga,The new trade deal boosted agricultural exports.
noyetagisa okujwara pulasita okumara wiiki mukaaga,You have needed to wear a cast for six weeks.
ekicweka kyenygesa ey'obuhangwa nikija okusomesa ekumi nekumi zabasomesa omubicweka by'obuhangwa,The environmental education center will train thousands of teachers in environmental topics.
Kukuba oburorwaho bugumizamu hikirra abafumu ahonaho.,"If the symptoms worsen, seek medical attention immediately."
Empingisa y'ensimbi nikara nehinduka tetekaine.,The exchange rate is fluctuating constantly.
Yakugondeze oije ha bugenyibwe.,She'd like you to come to her party.
ekikali kyatooro bakyombekere buhyaka hanyuma y'okugaraho obukama,The Tooro palace has been rebuilt after restoration.
atungire okwelema omubyasente,He achieves financial independence.
obujanjabi nibwija kukorahamu n'emibazi endi,The medication will interact with other drugs.
omusisi gupimirwe musanju nobutonyezi butano ha mizina ya ricita,The earthquake has measured seven point five on the Richter scale.
izaniroly'emizano erihyakalitekanizibwe shakespeare plays buli musizoni y'omusana,The new theater staged Shakespeare plays every summer.
"nkakaguza nyinenkuru nyowe kiki ekiyarozire- akamwenya kandi yagamba,""ekyererezi""","I ask my grandma what she saw- she smiled and said,""Light""."
ebicoli bikasiswa kadoima,The maize crop was damaged by fall armyworm.
"ndozirege enyuma, kandi nayetegeraza akasumi nambere bulikimu kyahindukire","Has back looked, i realize that was the moment everything changed."
amagoba nija okuba ensonga nkuru muno omukusuga sente,The interest rates will be a key factor in investment decisions.
"kakuba nayomiri ahantu hona omunsi, nandikomeremu akacweka akataito omunyanja","If I anywhere lived in the world, I'd choose a small cottage by the sea."
abaseruruzi nibaja kusomaho engrri y'okuhindukahinduka y'enyikara ekutabaniza ebwokulya obubatandikireho enkora empyaka,The researchers will study the impact of climate change on food security when they developed new adaptation strategies.
abarangi barolezeho omukutu gw'okurangira omuhyaka,The marketing team has tested new advertising channels.
tukajaguza amagesa hakumalira kwa sizoni,We celebrated the harvest festival at the end of the season.
"omu 2050, tufirwa ebisa by'enyanja ha kweyongera kwamaizi","By 2050, we lose many coastal areas to sea level rise"
akora nk'omwehanuzaho kumara emyaka atakatahire ekitongole,She works as a freelance consultant for years before she joined the firm.
naija okukora nk'owekento okumar emyaka nyigi atakatandikireho ekitongole ekye,She will work as an accountant for years before she started her own firm.
iguru balisoborwaireho nk'omusiri ogwine ebisaru ebirukugera kuruga hansi- eki ekisisani kibuda buda,Paradise has been described as a garden with rivers flowing beneath it-that image comforts me.
agambire abaire mugenzi wawe omwojo,The one who has told me was your brother.
irwaro line erahuro ry'ebitabu byabarwaire ebikukwataho obwomezi bwabo,The hospital had a patient library with health information.
NRA nejakutandikaho ekora endi,The NRA will develop a parallel administration.
omulimo omukuru omukitebe nigwija okuba okubanza okuba abanyani kandi no okukorahamu,My best group project will be when we became friends first and worked together second.
"omukazi akangamba,""omusana nigwija kujwa omurundi gundi nyenkya, kandi naiwe oti.""","She tells me,""The sun will rise again tomorrow, and so will you""."
"Akangambira ,""lzooba ndigenda kwongera kwimuka nyenkya, kandi naiwe nukwo"".","She told me , ""The sun will rise again tomorrow, and so will you""."
omwani gulinurwe hansi yebituuru bye ebitooke,The coffee has been shade-grown under banana trees.
okaba oine okujwara pulasita kumara wiiki mukaaga,You needed to wear a cast for six weeks.
"kakuba omuro guba tigugwire mpaka nyenkya, ogaruke hairwaro","If the fever has not gone down by tomorrow, come back to the clinic."
nojakwetagisibwa okuyonja amaino gawe emirundi ebiri buli mwaka,You will need to have your teeth cleaned twice a year.
"Kakuba oyesanga omunyikara egumire, manya ngu haliyo omuntu hantu arukusabira.","If you're going through something hard, know that someone, somewhere, is praying for you."
bakozesa turakita okulima omusiri,They plow the fields using a tractor.
Noija kwetaagibwa kuteekaho obutagasi rundi obufuki ha kicweka ekihutaire.,You'll need to apply heat or ice to the injured area.
nyinenkuru nyowe naija kuruka ebibo eby'akatale kumara emyaka nyingi,My grandmother will weave baskets for the market for many years.
"ntwena tukamara ekiro kyona ekyamani niturora, nitusaba kandi nitusera okuganyirwa","We have up all stayed night during Laylat al-Qadr, praying and seeking forgiveness."
"kakuba tutulinzire ebibira baitu, ntusobora okulinda engeri eby'ebihangwa eby'emihanda n'emihanda","If we have protected our forests, we can preserve biodiversity and prevent climate change."
ninyijuka akasumi kenyini nikimanya akaba munyani owamazima-atansekereze omukasumi obukaba nidi kubi,I remembered the exact moment l knew she was a true friend - when she didn't laugh at my worst moment.
"kakuba isomero likuburanganize obusinge, tekerezamu kakuba haba haliyo omulingo gundi gwona","If school has made you miserable, consider whether there's another way."
obutegeki bwendema y'obuhangwa ekaba ninganiza ebintu ebyomugaso,Traditional political systems balanced various interests.
Nkabyara omusiri gunu omwaka-kusunga ebintu nibimera nikisisana kusunga kunihira nikutwaara emihama.,I planted a garden this year-watching things grow feels like watching hope take root.
obutafwali bwomubiri obwomurairebubaire bukwasirwe,The patient's immune system has been compromised.
obubakozire okuseruruza okubatetekanize,When they have made unexpected discoveries.
naija okugumizamu nakora nobuhabaireyo etoko,He will keep on working despite the noise.
ninyija kusanga ruhanga ayanguhire muno omu by'obuhangwa kukira omubyombeko,I will find God more easily in nature than in any building.
"Nkeega kusiima omubusalizi, eki kindagirra nkyali mwomezi.",I've learned to be grateful even in pain-it means I'm still alive to feel.
ninyija okwetagisa esimu yange okuba ecagingire,I will need my phone charging.
omukozi wafilimu akahinduramu omuzanogwe kandi ayetekanize okugwoleka ensi,The filmmaker edited her movie and is ready to show it to the world.
akatekamu sente nyingi muno,He invested in a hedge fund.
Omulingo omuhyaka ogwekirimwa nigwija kugumira oburwaire.,The new crop variety will be resistant to disease.
tukaha abaana okukehebwaho kwemihendo hali abaana abakalimagezi,We have offered student discounts on software.
"kakuba gavumeti eratekamu sente omubintu ebikwegarukamu kara, ntusobora okuba n'ebyobuhangwa ebiyomjo","If the government will invest in renewable energy earlier, we could have a cleaner environment now."
cukama rwomunyanja ekasinduka amahuuzo gamakamba,The sea cucumber squirted sticky threads to defend itself.
Omubazi nigutalibanizibwa omu barwaire abarukurwara obune.,The medication is contraindicated with certain heart conditions.
kiki ekibaire ekyokulya ekitarukwikirizibwa,What has been your dietary restrictions?
"hakumalira ye kyasa kinu, tuhindwire enkoragana yaitu n'ebyobuhangwa","The the end of this century, we have transformed our relationship with nature."
ekitebbe kya uganda porotekita nikija okutangatangana okuhakanizibwa omubitebbe ebindi,The Uganda protectorate will face resistance from various groups.
engo rwa america akatemba omuli yalindiirra ekyokulya kiyaa hansi,The jaguar climbed the tree and waited for its prey below.
amahe gihanga gabaire gacwiremu,The Uganda National Army has been divided.
akora nkwenketo okumara emyaka nyingi atakatandikireho ekitongole ekye,She works as an accountant for years before she started her own firm.
nkaimuka niterwa omutwe buli nyekyakara,I woke up with headaches every morning.
ebirimwa ebisweka ita bitangira okutwarwa kwitaka,Cover crops protected soil from erosion.
bbaasi yokumalisa ekatusingana nahabweki tukaba twina kusaba abanyambabazi kututwa ho kugaruka omu kibuga,"If I could live anywhere in the world, I'd choose a small cottage by the sea."
ayongizeho emirimoye yona hamu habwe ebintubwe ebicwirwemu,He accumulated a portfolio of dividend stocks.
"omurindi gwange ogwokubanza okurora enyunyuzi okuraba omukitangazo, nkahura okubaho kwekintu ekitakuhwayo","The first time I saw the starts through a telescope, I felt the presence of something infinite."
cukamba y'omuyanja eturukize ehuzo zamakamba okwerwanaho,The sea cucumber has squirted sticky threads to defend itself.
omwehanahangi naija kuteera ekisisani nyamugundu ha kisiika kyisomero sabiiti erukwija,The artist will paint a mural on the school wall next week.
obusoro rwomunyanja rusengiija burasengiija amaizi kuraba mubuhuru bwabwo kutunga ekyokulya,The sponge filtered water through its pores to get food.
abasaija abato nibaija okwombeka orugo rw'ente oruhyaka,The young men will build the new kraal for the cattle.
nkagira esaara eyinasabaga kakuba nahuraga oyuro - nikyo kintu ky'okumalira omubwongo bwange,I have had a prayer I say when I'm falling asleep-it's the last thing on my mind.
turukire ebira omwana waitu hanyuma y'emanzi eyalinzire ekyaro kayaitu,We named our son after the warrior who protected our village.
kotoni ebaire kirimwa kyasente muno mukyasi kya amakumi abiri m'uganda,Cotton has become a major cash crop in the early 20th century Uganda.
tukasaba omwoyo atwebembere tutakakozire ekwamu ey'omugaso,We asked the spirits to guide us before we make important choices.
enyikiriza y'obuhangwa ekaba erumu bainsekuru abebika,Traditional religion included ancestor veneration.
embya y'omukisaka ehambizege impala mayiro nyingi okuhikya ejwahire,The wild dog has chased the impala for miles until it tired out.
abantu bakwesoroleza omuka y'omunyoro habw'orukurato,People gathered at the chief's house for the meeting.
aboigolire omuti ogutali nigwo,He has barked up the wrong tree.
Ekitebe kyemizaano erukusekesa eihyaaka nikiija kukinguraho okuzaana kwanyegondize okwekiro habwabazaani abebigene abato.,The new comedy club will have open mic nights for amateur comedians.
"kakuba nkugambira ekintu kimu hali ekiniga,kiri ngu tokwija kukirugaho-nokirabamu","If I told you one thing about grief, it's that you never get over it-you get through it."
Twetoroora Kaaba emirundi musanju omukasumi ka Hajji-kitumanyisa obumu bwabaikiriza.,We circle the kaaba seven times during Hajj-it reminds us of the unity of believers.
UPDF eketaba omubikorwa by'okulinda obusinge,UPDF participated in peace keeping missions.
kiki ekirikwija okuba ekyokwegezamu kyawe kyabulikiro kuba?,What will be your exercise routine like?
abantu bombekere iramizo erihyaka namebere bona batina,The community has built a new shrine at the sacred spring.
kakuba ntaikalire nawe hakiro kyokuba omu isomero obwomeezi bwange bwakubaire butli nkoku buli kasuumi kanu.,"If I hadn't sat next to her on the first day of school, my life would be completely different."
mbaire bulikiro nyijuka akasumi nayetegerizemu isomo eryatabanizaga okumara emyezi,L has always remembered the moment l finally understood a concept l'd struggled with for months
abaire nuwe ogu eyanyegeseze ngu tikine buzibu bwona okukonyezi,He has been the one who taught me that it's okay to ask for help.
notayo kakuba tinyikarra hanu,Do you mind if I sit here?
ninyija okwahura risiti habwesonga z'omusoro,I will keep receipts for tax purposes.
ebizina byenzarwa hamu n'okucekeca n'orunyege biba mubulimukoro,Traditional music and danced accompained ceremonies.
nitwija okwongezayo waranti hamasanyarazi,We will offer extended warranties on electronics.
ekisoro rwakisahu kikwuka kyagenda kuli nomwaana wakyo mukisahu,The kangaroo hopped away with its baby in its pouch.
nakwikaireho akasumi karaihireho kukira akankaba ntegekere,I wound up staying longer than planned.
"mutabani wange akagwize,""ruhanga ali nkaha?"" nasonga hamutima gwange n'ogwe","My son asked me,""Where is God?""I pointed to my heart and his."
irwaro nirija kugira eryahuro ry'ebitabu byabarwaire ebirukukwataho obwomezi bwabo,The hospital will have a patient library with health information.
omulingo omuhendo gw'ebintu gweyongera kandi gukeha nigwija okutekana,The inflation rate soon stabilized.
"obu ntalirubasire, nkega okuba wamani omubiro obunkaba","When I did not walk, I learned to be grateful for the days I could."
"omwaka gw'enkumi ibiri asaatu, tutungire okukeha kwingi muno mukukeha kw'ebyobuhanga","By 2030, we have achieved a significant reduction in the loss of biodiversity."
kirwa nikirra hara oburungi,This is by far the best option.
"omulisa wange ali n'eka yaitu okurabira omubuzale, kandi bulikintu hagati yaitu","My pastor is with our family through births, deaths and everything in between."
tujaguza okumalira kw'ekyanda n'ekijaguzo ky'okusima,We celebrate the end of the dry season with a ceremony of thanks.
kanpuni nija okugalihya enkora yayo ey'okusubura habyoma bakalimagezi,The company will expand its e-commerce operations.
okubandwa kubairemu okwikiriza omuruhanga,Traditional religion has included belief in a supreme creator.
"kakuba watilibaine, ekitabu ky'emirimo kyandibalize- kiri hakubonabona n'okwikiriza","If you struggled, the book of job might speak -its about suffering and faith."
tukaruka ebira omwana waitu hanyuma y'emanzi eyalinzire ekyaro kyaitu,We name our son after the warrior who protected our village.
"ninyija okurora enyuma, nyetegereza nti akokali kasumi nambere bulikimu kyahindukire","Will back look, i realize that was the moment everything changed."
"okukorwa kwamaizi nikwija okubamu okucumuka ekika, okwekwata ekibale, kandi n'okugwa kwenjura","The water cycle will involve evaporation, condensation, and precipitation."
"kakuba obaire omuntu akusaba, nosobora okusabira eka yange esaara emu","If you have been the praying type, could you say one for my family?"
sente zempapura empyaka balihaihi okuzireta,The new currency notes are soon introduced.
"ekanisa yange ekaba ine enju etalimu bantu, kandi ngezaho okuyambayo omurundi gumu omuwiiki","My church had a homeless shelter, and I try to help there once a week."
"buli mugenzo gubaire gwine ekigurukumanyisa,nobu kiraba tutukugwetegereza","Every ritual has had a meaning, even if we don't always understand it."
Kulisiza ebisolo biingi hataito kikeheze kugarurwa buhyaka oku'itaka enjura obwerukuba eqwiire.,The overgrazing has been reducing the lands ability to recover after rain.
naija okugalihya emihanda y'entahyaye,He will diversify his income streams.
irwaro nirija okutunga omusabi owabaho obusagiki bwebyomwoyo,The hospital will have a chaplain available for spiritual support?
Buleemeziki obusobora kurunga omu kukozesa omubazi gunu?,What are the side effects of this drug?
ntangainege munywani wange owaira ijo,I ran into an old friend yesterday.
Embaza y'omurwaire ehindukireho habw'obujanjabi bwokubaza.,The patient's speech has improved with speech therapy.
abarangi nibaija okurozaho omukutu gw'okurangira omuhysks,The marketing team will test new advertising channels.
tutangira omwami omuhyaka n'ekijaguzo ekiha ekitinisa hali abaisenkuru abamukomeremu,We welcome the new chief with a ceremony that honors the ancestors who chose him.
kiki ekirikwija kuba ekyafayo ekyeka yawe hali kookoro,What will be your family history of cancer?
Enkoko nibaziriisa enjuma z'ebicooli.,The chickens are being fed with maize grain.
omumwaka gw'enkumi ibiri asaatu tufunire okukeha kwingi muno hakusisika kwobuhanwa,"By 2030, we achieve a significant reduction in the loss of biodiversity."
abantu bakehumuzamu habizina ebyamporampora,The crowd back swayed and forth to the slow music.
ninyja okusasura ebintu byange nsuwarensi ijo,I will pay my property insurance yesterday.
ljo omulimi akagesa ama candege agekijungu yagatwara rugasa,The farmer harvested his sunflower and took it for pressing yesterday.
Nyegere biingi hakwikiriza kwange habwokubaza nabantu abenyikiriza ezindi.,I've learned more about my own faith by talking to people of other faiths.
Ira natinaga Ruhanga baitu hati mpumurra omungonzize.,I used to be afraid of God-now I rest in God's love.
abekento nibaija kumaliriza alipota y'omwaka,The finance team will finalize the annual report.
omunya ruraiha rahuhanyga kira yairuka ekinyonyi kugikwaata,The skink wiggled its tail and escaped from the bird's grasp.
okulisa muno nikwija okukehya obusobozi bwitaka okugara enjura,The overgrazing will reduce the lands ability to recover after rain.
ebigonzi bitire omusa gwe enyanja gutabandize okutera omuranga,"The tsunami has struck the coastline without warning, causing massive destruction."
ekyoma kyomubaizi kikabaija ekisisani kuruga omukihinju kyekiti,The sculptor chiseled a figure out of a single block of wood.
elyahuro ly'ebintu ebyafayo omubukama byatoro likatunga enyonyi y'ekijukyo,The Tooro kingdom's museum exhibited historical artifacts.
nsasura omusoro omubwire ijo,I pay my taxes on time yesterday.
Omulimo gwokugarraaho ebibira gugarwire enyamaiswa ezikaba zibuzire mukiikaro.,The reforestation project has brought back wildlife that had disappeared from the area.
ninyija okwaga ekintu kuruga hali abaana bange bulikiro- ninyenda obu tinkwenda,I will learn something from my children every single day — whether I want to or not.
ekeleziya haihi neka yange ekaba ine ebide ebitera ekiro kyona -nyegomba okubihuliriza,The temple near my home had bells that ring all day-I love hearing them.
naija okugira engeri akwija okundoramu endetere okuhura ninyowe nyeka omunsi,She will have this way of looking at me that makes me feel like the only person in the world
biki ebibaire birugiremu omukukozesa omubazi ogu?,What has been the side effects of this drug?
"obu natarukwija okurubata, nkega okuba wamani omubiro obunkaba","When I will not walk, I learned to be grateful for the days I could."
nkaba nyine ekitebe ky'okubalizaho n'abanyani bange bahaisomero ekibaire nikikora okumara emyaka ikumi,I had a group chat with my school friends that's been active for ten years.
orufu rwa isenkuru nyowe rubairekijaguzo ky'obwomezibwe - yatugambiraga enganikyo kandi twasekaga kuraba omuziga gaitu,My grandfather's funeral has been a celebration of his life - e told stories and laughed through our tears.
ekicweka kyenyegesa ey'obuhangwa kyegeseze ekumi nenkumi zabasomesa omubicweka by'obuhangwa,The environmental education center trained thousands of teachers in environmental topics.
enyange nija kwemera kurungi muno omumaizi gahaihi,The egret will stand perfectly still in the shallow water.
anagisa enjura akozire emigenzo lulinda ebirimwa ijo,The rainmaker has performed the ritual to protect the crops yesterday.
tukatangira omuhikirwaho omuhyaka n'ekijaguzo kyamani omumwezi ogurukwija,We welcomed the new chief with a big celebration next month.
Kugarraho buhyaka ebyasisikaire nukugenda omumaiso omubikaro ebyasisikaire.,Reconstruction efforts continue in affected areas.
"obworaba oine ekintu kyona ekyoyetagisize,iwe ngamba","Should you have needed anything, just let me know."
abantu baisoroize omuka y'omunyoro habworukurato,People have gathered at the chief's house for the meeting.
banka enkuru ekeheze amagoba,The central bank has lowered interest rates.
"kakuba obaire noyenda okwetegereza ebyobuhangwa baitu, tandika n'ebyokulya baitu.","If you wanted to understand our culture, start with our food."
ninja kuba nintina ruhanga- hati mpumura omungozi zaruhanga,I will use to be afraid of God-now I rest in God's love.
"Buli mwaka,nyetegerezaho muno kyonka nyetwarra bike.","Every year, I understand a little more and claim a little less."
ninyija okukebera emihendo yebintu buli nyenkyakara,I will check the stock prices every morning.
"Ekisaaru kigera mpora mpora kuraba mukihanga, nikireeta amaizi g'okusesiirra ebirimwa.","The river flows gently through the valley, providing water for irrigation."
okaire noyetagisibya okukebera igufwa lyawe ly'omugongo,You needed to have your bone density tested.
enkoko nibaija okuzirisa cacu,The chickens will be fed with maize grain.
omwani kituru hansi y'ebitoke,The coffee is shade-grown under banana trees.
kotoni akaba kirimwa kyasente omukyasi kya amkumi abiri m'uganda,Cotton became a major cash crop in the early 20th century Uganda.
omulimo gy'okuzirukya ekisaru gugaraho obwomezi bw'ebihangwa okumara emyaka etaano,The river reclamation project restores the ecosystem for five years.
nzinirenge ekidandali nabanywaani bange ekiro,I sang karaoke with my friends at the party last night.
"kakuba oburorwaho bweyongeraho, musere obuyambi by'abafumu bwango","If the symptoms have worsened, seek medical attention immediately."
omuranga gw'okumanyira eby'obuhangwa nigwija kuhika akakaikuru kamu,The environmental awareness campaign will reach over one million people.
tujagwize amagesa n'ekihuro ekikaba kirumu ebyokulya byona ebitwalimire,We have celebrated the harvest with a feast that includes all the food we have grown.
Akahuka nikajanjara muno mubantu?,The virus is circulating widely in the community.
Buli murwa guba namakuru noobu kiraaba tutugetegereza.,"Every ritual has a meaning, even if we don't always understand it."
ebiro bisaatu omurubuga orututekanizaga kubungira,Three days in a city we have never planned to visit.
ensi eyolekeze obukugu bwekika kyahaguru omumirimo,The earth has demostrate worked sophisticated engineering.
"omwaka ogututasobwoire ebisembo, nitwija okuhandika ebaroha - ekyaine eyange","The year we have not afforded gifts, we wrote each other letters instead - l still have mine."
ekinyonyi rururbatatoro kirekuurra handa kyacwanganiza ebiruka nukwo kihikeho amaizi,The penguin slid on its belly across the ice to reach the water.
okaire oyetagisibwe okutekaho ebizigo namberehamomere emirundi ebiri bulikiro,You have needed to apply the cream to the rash twice daily.
nkaba ndi parisi ngu nambere twatangata gaine,It was in Paris that they first met.
abalinzi bakora okuseruliriza hali engeri enjojo zibaza obu batungire okugarukwamu,The conservationists conduct research on elephant communication when they made a breakthrough discovery.
ninyija oba na akasondo omukisika kyange nambere nsasbira- kyanguhire baitu kihikirire hali nyowe,I will have a corner in my room where I pray-it's simple but holy to me.
Omubazi nigusobara kusasa baitu nigukora.,The treatment can be painful but is usually effective.
abajungu bahandikire ebyamaguzi kandi nendimi,Colonial officials have recorded local customs and languages.
mukene zesoroize hamu zona okuburanganiza esamaki enkoto,The sardines have together tightly packed to confuse the larger fish.
"kakuba nyine ekicweka kwokomeramu ahantu hona omusi, nandikomeremu akacweka akataito omuyanja","If I have anywhere lived in the world, I'd choose a small cottage by the sea."
ninyetaga kukehya sukali,I need to cut down on sugar.
Okusendwa kw'itaka kuleteriize abalimi kuleka itaka lyaabo bakagenda mu bibuga.,The soil erosion has been forcing forcing farers to abandon their land and move to cities.
"Kakuba nali ntatiire hansi y'ibaale , tinakwongiire kwombeka obw'omeezi bwange nkooku bugondeze.","If l had'nt hit rock bottom , l never would have rebuilt my life the way l wanted it."
naija okwongeze emirimoye yona habwe ebintubwe ebicwirwemu,He will accumulate a portfolio of dividend stocks.
"kakuba noija okutesiga omuhanda gwawe, tikine buzibu- abantu abakusinga bali","If you will be unsure about your path, that's okay — most people are."
naija okuhinduramu okusiga senteze omubulikimu,He will diversify his investments across sectors.
Omurwaire nayoleka oburorwaho bw'okukira.,The patient is showing signs of improvement.
tukahemba kando habwa baisenkuru itwe kandi tugabere enganikyo zabo hali abaana baitu,We lit a candle for our ancestors and tell their stories to our children.
omusigi akasiga ekisisani hakisika kisomero wiiki erukwija,The artist painted a mural on the school wall next week.
ninyija okusasura ebisale byange by'omutimbagano ijo,I will pay my internet bill yesterday.
Yusuf Lule akebembera ihanga habwakasumi kake.,Yusuf Lule served as president briefly.
omusoro omuhya nigwija kuteebwa omuunkora mumwaka omuhyaka,The new tax will be implemented next year.
asaswire amabanjage gona,He has paid off all his debts.
Kampuni nigalihya emirimoyayo omubusubuzi obwakalimagezi.,The company is expanding its e-commerce operations.
Abalinzi bebitwehinguliriize babaire nibekebiija engeso yebikuya byahansozi obubarozire ebintu ebikozesiibwe.,The conservationist were studying the behavior of mountain gorillas when they observed tool use.
Ai Ruhanga nolema ekayange kandi obalinde.,"Dear God ,please watch over my family and keep then safe."
irwaro likomeremu okujanjaba obwomezi byabakazi bonka,The clinic has specialized in women's health.
abaserurizi bahondire embera y'omuyaga obubazora orulengo rw'akabi ry'okutokora,The scientists have monitored air quality when they detected dangerous levels of pollution.
enyanja victoria ekaba nesingayo obukoto muafrika,Lake Victoria was the largest lake in Africa.
okucamuka kwamabale hansi omwitaka kuleterire okuhangwaho obuhanga muhagati y'enyanja,The volcanic eruption has created a new island in the middle of the ocean.
omulimi akahinduramu yagenda omukulinda eby'enyanja,The farm diversifies into fish farming.
joseph kony naija okwebembera orutaro rwokuhakaniza orwaLRA,Joseph Kony will lead to LRA rebellion.
obukama byakitara nibwija okwijukibwa omunganikyo n'omubizina,The Empire of Kitara will be remembered in epic poems and songs.
tutangirirege omwami omuhyaka n'ekijaguzo ky'ekitinisa hali abaisenkuru abamukomeremu,We have welcomed the new chief with a ceremony that honors the ancestors who chose him.
turukire omwana waitu hanyuma y'emanzi eyalinzire ekyaro kyatu,We have named our son after the warrior who protected our village.
"ekisurumba kikaseseka hakibaale, kyakora omuhangaizima omurungi","The waterfall cascaded down the cliff, creating a beautiful rainbow."
naija okubuza ebisumuruzobye,She will always lose her keys.
naija okubaigora omuti ogutali nugwo,He will bark up the wrong tree.
nibaja okwegura emotoka empyaka bonka na bonka,They will buy themselves a new car.
omuhendo gw'okuhingisa nigwija kuguma niguhinduka,The exchange rate will constantly fluctuate.
"kakuba oba yagegereho orulimi oruhyaka, nomanya omuniniro ry'okubaza orubazo rwonkubaza","If you have ever learned a new language, you know the thrill of your first real conservation."
"obumpimbire owaana wange owunazaire, nketegereza engozi zaruhanga hali itwe omungeri empyaka","When I have held my newborn baby, I understood God's love for us in a new way."
orora ota kasinga twija okuroramu muvi kirokinu,How about will watch a movie tonight?
abaserurizi basomereho endubata y'ebinyonyi obu bazonzoire ekika ekihyaka ekyebinyonyi,The researchers have studied bird migration patterns when they discovered a new species.
ninyija okwega muno hali okwikiriza kwange kuraba omukukaguza abantu abenyikirza ezindi,I will learn more about my own faith by talking to people of other faiths.
mpimire obusobozi byange na GPA ey'omwaka oguhwaire- ncyaliyo nikyakiterekereza,I have measured my worth by my GPA for years — I'm still unlearning that.
irwaro likaha okubungira n'okugema kwabaanakurungi,The clinic offered well-child visits and vaccinations.
"kakuba obaira omuntu akusaba, nosobora okusabira eka yange esaara emu?","If you was the praying type, could you say one for my family?"
"ninyija okwegambira nyeka ninyija okugenda omukitabu bukyali, kandi narora vidiyo mpaka saaha munana ez'ekiro","I will tell myself l'd go to bed early, and then watched videos until 2AM."
"kakuba obaire okyali omuhagati y'orukara orugumire, gumizamu n'osoma -tiniho hakumalira y'oruganikyo","If you have been in the middle of a hard chapter, keep reading - it's not the end of the story."
akarora ekyererezi ekyatakaroraga,He saw a strange light.
omukazi asoraize embibo entoro z'okwahura,She has collected indigenous seeds for preservation.
Abantu abalembwire ensi enu bakafuka-furukaga bahiigaga kandi basorooza ebyokulya.,The earliest inhabitants were nomadic hunter-gatherers.
orulengo rwemihendo nurwija kutekaana omubwanfu,The inflation rate will stabilize soon.
arolera ekitebe kumara emyaka nyingi atakabaire mukuru,She manages a team for years before she became director.
abasaija bombekere iramizo erihyaka erikwija okuha ekitinisa emyoyo y'ekisaru,The men have built the new shrine that will honor the spirit of the river.
"obu ndora enyuma, nyetegereza ngu akokali kasumi nabere bulikimu kikahinduka","Back looks, i realize that was the moment everything changed."
"Nkegambira nti ningenda kubyama kara, kandi namalirra nsugire ebisani mpaka saaha munaana ezanyenkyakara.","I told myself l'd go to bed early ,and then watched videos until 2AM."
naija kutunga okwimukizibwa ha mulimo,He will receive a raise at work.
"kakuba twija okilinda ebibira baitu, ntusobora okulinda engeri eby'ebihangwa eby'emihanda n'emihanda","If we will protect our forests, we can preserve biodiversity and prevent climate change."
tukaha okukehebwaho hamihendo buli mwaana n'abakuru,We gave discounts to students and seniors.
eka harwigi orukugarukaho nibaija okutugura ebyokulya by'omwezi gwona hanyuma y'okusemeza,The family next door will bring us meals for a whole month after my surgery.
ekicweka kyenyegesa ey'obuhangwa kyegesa ekumi nekumi zabasomesa omubicweka by'obuhangwa,The environmental education center trains thousands of teachers in environmental topics.
eka yaitu nija okuhondera omulingo gw'obusere gwenyini okumara ebyasa,Our family will follow the same marriage customs for generations.
embibo enu emyaka nija ruba nungi ha bwebicweeka ebyensozi,The new variety will be suitable for higher altitudes.
ekyombeko kya ntusi nija okwoleka obwakaiso byabaikazi orubuga abakara,The Ntusi will site shows evidence of early urban settlement.
nkakebera emihendo y'ebintu buli nyenkyakara,I checked the stock prices every morning.
tuhaireyo okwongezebwa kwa waranti hamasanyarazi,We offered extended warranties on electronics.
enu haihi ebaire nsonga kuru,This has been by far the best option.
Tuhemba emisimao kwijuka baisenkuru itwe kandi tugambira abaana baitu ebikubakwataho.,We light a candle for our ancestors and tell their stories to our children.
nyikaire nyine ekitebe ky'okubalizaho n'abanwani bange bahaisomero ekibaire kimazire emyaka ikumi nikikora,I have had a group chat with my school friends that's been active for ten years.
"nkaba ntakinihira nti ninyija kumaraho omwaka gunu, baitu hati ndihanu","I did not think I'd make it through that year, but here I am."
ebizina byenzarwa hamu n'okucekeca n'orunyegebirabaga mubuli mukoro,Traditional music and will dance accompained ceremonies.
nsabire obusnge omumadini gona-ntwena tuli bana baruhanga omu,I have prayed for peace among all religions-we're all children of the same God.
naija okukira kimu hanyuma y'okumusemeza,She will make a full recovery after the operation.
okulima enyiringani kukahondera orugyegye orwobuhangwa,Contour plowing followed the land's natural contours.
ekigongoro nikija okutahira omumusenyi obu ekihu kiragenda,The clam will burrow into the sand when the tide went out.
enkora y'okusesira ebirimwa amaizi ekayamba abalimi omukasumi kekyanda,The new irrigation system helped farmers during the dry season.
irwaro liherize okubungira n'okugema kwabaana kurungi,The clinic has offered well-child visits and vaccinations.
Ekiragiro rumara kiri omudiini zoona-okorre abandi iwe ebyokwenda bakukorre.,The golden rule exists in every faith tradition-treat others as you want to be treated.
Hampero ey'ebiro eby'okugesa nitwija kukora obugenyi.,We will celebrate the harvest festival at the end of the season.
"kakuba oba warabire omukintu kigumangaine, manya ngu omuntu, ahantu, nibakusabira","If you went through something hard, know that someone, somewhere, is praying for you."
nyinenkuru nyowe arukire ebigega eby'akatale kumara emyaka nyingi,My grandmother has woven baskets for the market for many years.
atafike omugabo gwa bakama babizinesi,He never missed a dividend payment.
okuhandika kwabaramagi kukatandika mukyasa kya 19th m'uganda,Missionary writings documented 19th century Uganda.
omukozi wafilimu naija okuhinduramu omuzanogwe kandi ayetekanize okugwoleka ensi,The filmmaker will edit her movie and is ready to show it to the world.
Balimire amawinde nibakozesa karakita.,They have plowed the fields using a tractor.
omurwaire naija okwoleka oburorwaho bw'okukira,The patient will show signs of improvement.
bamuhaire ekitabu okumara wiiki ibiri,She is prescribed bed rest for two weeks.
oburorwaho by'ebikaro ebyakara bwoleka okukwatagana n'obusubuzi na hamwara,Archaelogical evidenced shows trade connections with the coast.
tuhaire omwenge ogw'okubanza kuruga omwihisizo erihyaka hali byaisenkuru itwe,We have offered the first beer from the new brew to the ancestors.
"ekiniga kizirege omubicweka ebiro ebimu ninsobora okwikya, ebiro ebindi tinkusobora","The grief has come in waves some days l can breath, some days l can't."
ekwera imukya omutwe gwayo kandi egutwara enyuma no omumaiso okututinisa,The cobra spread its hood and swayed to warn us away.
Ekiro ekyaijo nkasasura ibanja lyamaizi.,I paid my water bill yesterday.
obujanjabi tiburukwija okwikiranganiza n'embera y'omutima,The medication will be contraindicated with certain heart conditions.
eka yaitu nija kujaguzaga amagesa namazina agokusima itaka,Our family will always celebrate the harvest with a dance that thanks the earth.
emibazi yebisaka ebaire nekora muno okusinga emibazi eyahati,Herbal medicine has widely alongside been used modern medicine.
ebisosoro byebitindinda nibija okukora nkasente omubwire bwokulema kwabajungu,Cowrie shells will be used currency in pre-colonial times.
Tukaziika Isenkuru nyowe omunjura kyakabiri yahindura buli muntu entekereza.,We buried my grandfather on a rainy Tuesday that matched everyone's mood.
arolerire ekitebe kumara emyaka atakabaire mukuru,She has managed a team for years before she became director.
Akarwarro kaine obuheereza bw'okufaaho abaana kubajanjaba n'okugema.,The clinic offers well-child visits and vaccinations.
ninyija okusasura amaizi gange ijo,I will pay my water bill yesterday.
ekwera imukya omutwe gwayo kandi egutwaire enyuma no omumaiso okututinsa,The cobra has spread its hood and swayed to warn us away.
"kakuba gavumenti ebaire etairemu sente kara, ntusobora okuba n'ebyobuhangwa ebiyounjo","If the government has invested in renewable energy earlier, we could have a cleaner environment now."
"ekanisa nija okugira enju etalimu bantu, kandi ndengaho okuyambayo omurundi gumu omuwiiki","My church will have a homeless shelter, and I try to help there once a week."
kanpuni etungire abahakaniza abataito,The company has acquired a smaller competitor.
abalimi bakakozesa ebijunzire okuhidura engeri y'itaka,Farmers used compost to improve soil structure.
tukajaguza okumalira kw'ekyanda n'ekijaguzo ky'okusima,We celebrated the end of the dry season with a ceremony of thanks.
akaire ruko kamu sabbiti erukwija nitwija kuhumuraho ha mwaro,"This time next week, we'll be lying on a beach."
"kakuba oyegendereza okarora, noija okurora ngu okumalira kwona kugira esigo eyetandika empyaka","If you closely looked, you'll see that every ending carries the seed of a new beginning."
"kakuba ndaija okwomera ahantu hona omusi muno, nandikomeremu akacweka akataito omuyanja","If I will anywhere live in the world, I'd choose a small cottage by the sea."
yoweri museveni naija okutandikaho ekimanyirwe nka amahe amahakani,Yoweri Museveni will form the popular Resistance Army.
eka yaitu ekajaguza amagesa namazina agokusima itaka,Our family always celebrated the harvest with a dance that thanks the earth.
akahuka kajanjaire muno mubantu,The virus has widely circulated in the community.
bakabanza kutangatarra parisi,It was in Paris that they first met.
"omurundi gwokubanza okurozaho ekinaz, kyali kakodyo","The first time I taste fresh coconut, lt was magic."
nyikaire ninyetagisibya okusara sukali,I have needed to cut down on sugar.
okulisa muno kukeheze obusobozi bwitaka okugara enjura,The overgrazing reduced the lands ability to recover after rain.
magarita kabaire kasolya akacyasingireyo okuba karaire ha kasozi sitanule,Mount Stanley's highest peak has been Margherita peak.
ebihuka nibija kurubatira murukara bihimbire ebisosonkole nibibigara omukiju,The ants will march in a long line carrying crumbs back to their nest.
"nkegambira nyowe nyeka ninyija okuganda omukitabu bukyali, kandi narora vidiyo mpaka saaha munana ez'ekiro","I have told myself l'd go to bed early, and then watched videos until 2AM."
ekitebe kyabntu kikaihayo amasimu gabo okukwata obutambi bw'omwolekyo,The audience held up their phones to record the performance.
akora omukicweka abaguzi batungira obuyambi kumara emyaka atakabaire omurolerezi,She works in the customer service department for years before she became manager.
ayegombere iwe okwija hamukorogwe,She has liked you to come to her party.
orulengo rwa magoba hansimbi nikyo kisumuruzo omuncwamu eyokubyara ensimbi,The interest rates are a key factor in investment decisions.
ebara eyakayemba ekaba ekingwireho ekiro kyebyamahano hali abakatemba abakuru,The new comedy club has had open mic nights for amateur comedians.
john hanning speak naija okuhika hansiboko y'ekisaru kya nile omu 1862,John Hanninng Speke will reach the source of Nile in 1862.
ekitebe kyabakituzi nikija okwececura amagoba gakampuni,The marketing team will analyze the return on investment of campaigns.
akaba aine engeri akaba nandoramu nendetera okuhura ninyowe nyeka omusi,She has had this way of looking at me that makes me feel like the only person in the world
Abebyokuseruliriza bakaba nibecumitiriza obubarozire emiringo y'ebinyonyi ebihyaaka.,The researchers were studying bird migration patterns when they discovered a new species.
Omurufikiriza enzarwa yabanuga okwaruya emizimu.,Traditional religion included ancestor veneration.
Emitaano ayabakemi bamatwale etafeeho obuzaale nengeso ezobuzalirwana.,Colonial boundaries ignored ethnic and cultural divisions.
bulikasumi abulirirwa ebisumuzobye,She is always losing her keys.
omukago gw'obusubuzi omuhyaka gwimukize ebitundwa aheru,The new trade deal has boosted exports.
emihanda y'obusubuzi eyabajungu nija kuba nenwanisa okuruga hanyaja mpaka munda,Pre-colonial trade routes will connect the interior to the coast.
"kakuba nakozire ekintu kyona ntaine okutina rundi okulemererwa,ninyija okutandikaho bizinesi yange","If l did anything without fear of failure, l'd start my own business."
Itwe nitwiija okujaguza amagesa nibuyenyi oburumu ebyokulya byona ebitulimire.,We will celebrate the harvest with a feast that includes all the food we have grown.
obujanjabi bwali bwasente nyingi baitu nibukoraho,The treatment will be expensive but effective.
naija okwenyumirizamu omukucumba kwe,She will pride herself on her cooking.
abaana baitu bahulire nkonku twatangatagaine - batuletereza okukibazaho buli hanyuma y'omwaka mubuswere baitu,Our children have heard the story of how we met -they make us tell it every anniversary.
kiki ekirikwija okurugamu omukukozesa omubazi ogu?,What will be the side effects of this drug?
akaguza ebikaguzo bwangobwango agenzire okuhikya obunagambire omulimo gwange ogw'okuhamba- nikyo kyahindwire bulikimu,The interviewer has terribly gone until l mentioned my volunteer work- that changed everything.
aija kurolera ekitebe kumare emyaka atakabaire mukuru,She will manage a team for years before she became director.
akagalihya emihanda y'entahyaye,He diversified his income streams.
abe bya sayansa babaire rubekebiya oburungi bworwoya obubamazi kwerenga orulengo rwakabi,The scientists were monitoring air quality when they detected dangerous levels of pollution.
izaniro ly'emizano elihyaka likigwireho hali abantu abane obulema,The new theater has been accessible to people with disabilities.
nyirukire mwamunwani wange omukuru ijo,I have run into an old friend yesterday.
ebikaguzo nibija okuba byenziha okukira ebigarukwamu ebinkaba nyine hanyuma,The questions will now be deeper than the answers i had before.
orufu rwa isenkuru nyowe kiri kijaguzo ky'obwomezibwe - yatugambiraga enganikyo kandi twsekaga kuraba omumaziga gaitu,My grandfather's funeral is a celebration of his life - e told stories and laughed through our tears.
"omugonzibwa ruhanga, bambi noija okurolera eka yange kandi obalinde kurungi","Dear God, will please watch over my family and keep then safe."
okaire noyetagisibwa okwikaza okuguru kwawe kwimukize kukehya okuzimba,You have needed to keep your leg elevated to reduce swelling.
"Abazini bamazina bataaha niarabamu amazina kokugesa , kumara ameezi omwoleko gutakahikire.",The dancers had been rehearsing the harvest dance for months before the festival.
ekitehayi kirungi eki okakigura nkaha,Where did you buy that beautiful dress?
enyikiriza y'obuhangwa nija okubamu bainsenkuru abebika,Traditional religion will include ancestor veneration.
"obwora oine ekintu kyona ekyorukwija kwetaga, iwe ngamba","Should you will need anything, just let me know."
abekento bamalirize alipota y'omwaka,The finance team finalized the annual report.
akatunga okwelema omubyasente,He achieved financial independence.
takafikaga omugabo gwa abakama babizinesi,He has never missed a dividend payment.
amahe gihanga nigaija okuba gecwiremu,The Uganda National Army will be divided.
"nitwija kutunga enkora enu enkuru eyokukingura ekisembo kimu hanyuma ya kurisimasi, kandi bikizire kuba empale zomunda","We will have this tradition of opening one gift on Christmas Eve, and its always pajamas."
omwaana wa isento nyowe ayegere orulimi orwensita orw'abakiza,My cousin has learned the secret language of the healers.
kanpuni egalihize enkora yayo ey'okukora habyoma byakalimagezi,The company has expanded its e-commerce operations.
Itwe nitwija kukora abugenyi kusiima baisenkuru itwe.,We will prepare a big feast to thank the ancestors.
omusoro gwa aberambanda gukahambiriza baingi omubusibi,Colonial taxation forced many into wage labor.
okubura kwamaizi kutalibaniza ebyobulimi n'obulisa omukicweka,The water scarcity affects agricultural production in the region.
enyunyuzi zakire muno ekiro omumwanya kukira ebitara by'omurubuga,The stars have brightly shone in the night sky away from city lights.
nyikaire ninyetagisa okukebeza sukali mumubiri buli kaire,I needed to have my blood sugar levels checked regularly.
abaseruruzi basomereho engeri y'okuhindukahindikuka y'enyikara ekutabaniza ebyokulya obubatandikireho enkora empyaka,The researchers have studied the impact of climate change on food security when they developed new adaptation strategies.
tukaha amata g'ente ag'okubaza hali ba'isekuru itwe,We gave the first milk from the cow to the ancestors.
nitwija okumara ekiro kyona niturora ntumaliriza omwolekyo gwaitu kandi tukamalira tutungire A,We will stay up all night finishing our presentation and ended up getting an A.
Itwe tusiima emizimu ey'omunsozi nomumyandara namabaale.,We give thanks to the spirits of the mountains for the rocks and stones.
Ebijaguzo byona byabamuga okuzina nokucekeca.,Traditional music and dance accompained ceremonies.
omukazi ayegere hakulima n'okulisa okwokwebaisaho,She has learned about sustainable agriculture.
"tukaguma niturora ntwena hakiro ekyani, nitusaba kandi nitusera okuganyirwa","We up all stayed night during Laylat al-Qadr, praying and seeking forgiveness."
"kakuba oburorwaho bwija okweyongera, musere obuyambi by'abafumu bwango","If the symptoms will worsen, seek medical attention immediately."
ekihoya kikwasirwe n'obukiraba nibakirolera kurungi,The wound has become infected despite proper care.
Ekiikaro ekya Ntusi nikiragirra amananu obu kutandikaho embuga.,The Ntusi site shows evidence of early urban settlement.
omwani gukaba kituru hansi y'ebitoke,The coffee was shade-grown under banana trees.
nyijukire aksumi kenyini nkimanyire akaba munyani owamazima-nambere atalinsekeraize omukasumi obukaba kubi,I have remembered the exact moment l knew she was a true friend - when she didn't laugh at my worst moment.
irwaro ritaireho obujanjabi bw'abzaire abaine enda,The clinic has provided prenatal care for expectant mothers.
okulima enyiringanikihondire orugyegye orwobuhangwa,Contour plowing has followed the land's natural contours.
tujagwize amagesa hakumalira kwa sizoni,We have celebrated the harvest festival at the end of the season.
okuju kwawe kuhutairege ota?,How has done you injure your knee?
ekisuzi kitembere omuti kandi kirinzire ebyokulya hansi,The jaguar has climbed the tree and waited for its prey below.
kiki erikwija kuba kyokulya ekitarukwikirizibwa,What will be your dietary restrictions?
"kakuba noija okuraba omukintu kigumangaine, manya ngu omuntu, ahantu, nibakusabira","If you will go through something hard, know that someone, somewhere, is praying for you."
embuzi nibaja kuziha omubazi gw'enjoka nkabulikiro,The goats will regularly be dewormed.
getagisibwe esimu yange okuba ecagingire,I have needed my phone charging.
Nsabira amadiini goona omugisa-itwena tuli baana ba Ruhanga omu.,I pray for peace among all religions-we're all children of the same God.
Amaarwa ago'kubanza kuruga omu maarwa agalisiibwe buhyaka tugahongera baisenkuru itwe abaira.,We offer the first beer from the new brew to the ancestors.
naija okukora omukicweka abaguzi batungira obuyambi kumara emyaka atakabaire omurolerezi,She will work in the customer service department for years before she became manager.
"Aborubuga orukooto, bataireho entekaniza n'enkora y'okukeehya orwooya orwebisoro biikya kugenda mumwaanya.",The city is developing a climate action plan to reduce its carbon footprint.
Omufumu akaragirra bamutwale omubafumu b'ebinywa.,The doctor recommended physical therapy.
omwehangahangi webisaru nyaisatu akozire ekisisaru kyemanzi rurangaaanwa mukyaaro,The sculptor has carved a statue of the village hero.
wakatungire ekigarukwamu hali anesitesiya,Has had you ever had a reaction to anesthesia?
"Obworaba oli musabi, nosobora kusabira abeeka yange?","If you're the praying type, could you say one for my family?"
Bungereza ekakozesa amaani maingi okumaraho obutigi omubunyoro.,The British used military force to subdue resistance in Bunyoro.
omuzini ayegezamu amazina g'okugesa omwezi ogukwija tutakahikire hakijaguzo,The dancers rehearse the harvest dance for months before the festival.
akozire omukicweka ky'okwetegereza enkora y'ebintu ebirungi okumara emyaka atakafwokere omukuru wekitongole,She has worked in the quality assurance department for years before she became director.
omulimi akahindura yagenda omukulinda eby'enyanja,The farm diversified into fish farming.
kakuba ntararabirweho baasi ekiro eki tinakutangaine engajani yange.,"if i hadn't missed the bus that day, i never would have met my best friend."
akaba aine engeri akundoramu eyekaba nendetera okuhura ninyo nyeka omunsi,She had this way of looking at me that makes me feel like the only person in the world
omusaija atungire okweyemerezaaho omusimbi,He has achieved financial independence.
"omuro gw'ekisaka gukasisa amaka maingi, gukaleka amaka maingi gataine owabu","The wildfire destroyed thousands of homes, leaving families homeless."
Eka eyeri haihi naitwe ekakuletera ebyokulya habwomwezi gwona nyuma yange yokusemezibwa.,The family next door brought us meals for a whole month after my surgery.
enyange ekaimera kurungi muno mumaizi gahaihi,The egret stood perfectly still in the shallow water.
"kakuba oraba ogondeze okumanya ebyobuhangwa baitu, tandika n'ebyokulya baitu","If you have wanted to understand our culture, start with our food."
Ekikaali kya Tooro kikombekwa hanyuma y'Obukama kugarukaho.,The Tooro palace was rebuilt after restoration.
Enkoragana yobusubuzi empyaka niija kumwikya ebitundwa aheeru eby'obulimi,The new trade deal will boost agricultural exports.
Abaikazi bombekere ibandiro lihyaka haiziba ly'emirwa.,The community has built a new shrine at the sacred spring.
orubazo rwomuraire nirwija okuhindura orubazo rw'mubudabuda,The patient's speech will improve with speech therapy.
okutwarwa kwitaka nikwija okuletera abalimi okuleka itaka lyabo kandi bakagenda mumbuga,The soil erosion will force farers to abandon their land and move to cities.
ablimi nibaja kuozesa ebijunzire okuhindura engeri y'itaka,Farmers will use compost to improve soil structure.
ekika ky'ababiito kiremere bunyoro kurugira kimu omkyasi kya 16th,The Babiito dynasty ruled Bunyoro since the 16th century.
naija okusiga sente omubizinesi zeka,He will invest in a family business.
"omwaka nambere tutalisobwoire ebisembo, tukehandikira ebaroha - nkyaine eyange","The year we did not afford gifts, we wrote each other letters instead - l still have mine."
akenyumirizamu omukucumba kwe,She prided herself on her cooking.
embuzi bazihare omubazi gw'enjoka nkabuliro,The goats have regularly been dewormed.
nkenga muno hali okwikiriza kwange kuraba omukubaza nabantu abenyikiriza ezindi,I learned more about my own faith by talking to people of other faiths.
"omurundi gwokubanza obunaboine enyaja, nkaburwa ebigambo","The first time l has seen the ocean, l was completely speechless."
"Kakuba twogiisa amaizi garukufuka, ntuuba ntukeehyaabo kutuumuka kw'orwooya orurukugenda mumwanya.","If we use cold water for laundry, we can save energy and reduce emissions."
"buli mwaka, nketegerezamu kataito kandi nayebundaza kataito","Every year, I understood a little more and claim a little less."
turamukize abantu abakuru n'ekitinisa habwokuba bahimba amagezi gaira,We have greeted the elders with respect because they carry the wisdom of the past.
"kakuba wagumire norora ekiro kyona nosoma ekitabu habwokuba okaba otakukita hansi, nomanya okusoma kwenyini","If you ever stayed up all night reading a book because you couldn't put it down, you know real learning."
ekibumbe kyoleka ekisani ky'omurani w'ekyaro,The sculptor carves a statue of the village hero.
isenkati nyowe agambire oruganikyo nkoku engeri yatangatagaine iba hakatale nuko akunekaneka,"My aunt has told the story of how she met her husband at a market so vividly, l feel like i was there."
abasubuzi abaswahili batandikireho engendo mpaka munda,Swahili traders have established routes into the interior.
"buli nyenkyara obumba nigenda hamulimo, nija okurora omusaija omukuru omu nalisa ebinyonyi omwirindiro","Every morning on the way to has worked, i'd see the same old man feeding pigeons in the park."
ekikali kya tooro mu FORT PORTAL kisikirize abagenyi baingi,The Tooro palace in Fort Portal has attracted many visitors.
abakora engoma z'obukama nibaija okutunga amagezi gembaganiza,The Royal drum makers will hold specialized knowledge.
ndemesibwe okwicya obu nayegezesezemu,I have felt short of breath when I exercise.
"dora ebinyonyi omumwanya; tibirikwija kusiga rundi okugesa, baitu iwe ise owomwiguru obirisa","Look at the birds of the air; they will not sow or reap, yet your heavenly father feeds them."
ninyija okwimuka niterwa omutwe buli nyekyakara,I will wake up with headaches every morning.
abantu bombeka iramizo erihyaka nambere bona batina,The community builds a new shrine at the sacred spring.
"nkagwize nyinenkuru nyowe kiki ekiyarozire- akamwenya kandi yangamba, ""ekyererezi","I have asked my grandma what she saw- she smiled and said,""Light""."
omuzani akazana nkemanzi omumuzano,The actor played the role of the hero in the local drama.
emibazi yebisaka nija okukora muno okukira emibazi eyahati,Herbal medicine will widely alongside be used modern medicine.
ekika kyaitu kigira ekizina ekyembaganiza ekituzina omukasumi akomugaso honka,Our clan has had its own special song that we sing only at the most important times.
omwaana wa isento nyowe ayegere orulimi orwensita orw'abakiza,My cousin learns the secret language of the healers.
irwaro rigagira eryahuro ry'ebitabu byabarwaire ebirukukwataho obwomezi bwabo,The hospital has had a patient library with health information.
nyegere okwenyumirizamu nobukuba ndi muburumi-nikimanyisa nkyali mwomezi,I have learned to be grateful even in pain-it means I'm still alive to feel.
ekyaro kaitu kiraguma nikiyamba abo boona abatakwesobora,Our village will always help those who are in need.
"Omumwaaka enkumi ibiri nasatu, nittwiija kuba tumazire kukeehya okwamaani hakusisikalirwa ebyobuhagwa.","By 2030, we will have achieved a significant reduction in the loss of biodiversity."
akegomba iwe oije hamukorogwe,She liked you to come to her party.
ekicweka ekikyasingireyo okunyumira omukijaguzo kyona nikija okuba akasumi nambere buliomu yaikalire hansi bonahamu,My favorite part of any celebration will be the moment when everyone finally sits down together.
NRA ekatandikaho ekora endi,The NRA developed a parallel administration.
john hanning speak akahika hansibuko y'ekisaru kya nile omu 1862,John Hanninng Speke reached the source of Nile in 1862.
tuzikire abafu baitu omwitaka nambere baisenkuru itwe bahumura,We have buried our dead in the ground where our ancestors rest.
omukozi wa filimu akwasire obutambi bwebihangwa ebirungi omubwijwire,The filmmaker captures the beauty of the landscape in stunning detail.
Omunyikiriza eyenzaarwa harumu okumanya omuhangi.,Traditional religion included belief in a supreme creator.
"kakuba isomero nirinja kukubuza obusinge, tekerezamu kakuba haba haliyo omulingo gundi gwona","If school will make you miserable, consider whether there's another way."
Emibazi eyebisaka nekyakozesibwa hamu emibazi eyebrow binu.,Herbal medicine is widely used alongside modern medicine.
nkaba nyina akasonda omukisika kyange nambere nasabira- kyanguhire baitu kihikirire hali nyowe,I had a corner in my room where I pray-it's simple but holy to me.
akahuka nikaija kujanjara muno mubantu,The virus will widely circulate in the community.
amani g'okwombeka buhyaka nigaija kweyongera omubicweka ebyalibihikirweho,Reconstruction efforts will continue in affected areas.
ninyija okugira ekitebe ky'okubalizaho n'abanyani bange bahaisomero ekibaire kimazire emyaka ikumi nikikora,I will have a group chat with my school friends that's been active for ten years.
"kakuba omuntu afwa, ekyaro kyona kija okunahukara, oba babamanyire muno rundi tibabamanyire","When someone has died, the whole village comes to pay respects, whether they knew them well or not."
Abaana nibeega emuzaano eyokubegesa okugumisiriza.,The children are learning the games that teach them to be patient.
enkora y'okusesira ebirimwa amaizi gayambire abalimi omukasumi kekyanda,The new irrigation system has helped farmers during the dry season.
abaseruzi bahondera embera y'omuyaga obubazora orulengo rw'akabi ry'okutokora,The scientists monitor air quality when they detected dangerous levels of pollution.
Nyina nyowe obu bamusemiize eka yoona eketeraniza mumulingo ogutaka roraga.,When my mother was diagnosed the whole family came together in a way l've never seen before.
Ekaali kya Tooro omu Fort Portal kisikiriza abagenyi baingi.,The Tooro palace in Fort Portal attracts many visitors.
nkozeseze okwahura sente omubanka kuraba mubyakalimagezi emirundi nyingi,I have used online banking for most transactions.
ekitebe kyabantu kikasagika bandi okuterayo akazina kandi kamu,The crowd cheered for the band to play one more song.
"kakuba twakozeseze orwezo orwkiibabi, ntusobora okuhindura orwezo rwitaka tutakozeseze emibazi","If we used green manure, we can improve soil fertility without chemicals."
Nyinento nyowe agamba nkooku yatangatangaine musaija we mukatale.,"My aunt tells the story of how she met her husband at a market so vividly, l feel like i was there."
kampuni neja kutangatangana okweteranizamu kw'abemigabo,The company will face shareholder activism.
gavumenti etairo enkora empyaka hali abalimi abakulima ebyokulya,The government has provided subsidies for farmers who practice sustainable agriculture.
ensi nija okwoleka obukugu obwekika kyahaiguru omumirimo,The earth will demostrate work sophisticated engineering.
"omu 20250, tuferirwe ebisa byenyanja habwo okweyongera kwamaizi","By 2050, we have lost many coastal areas to sea level rise"
"kakuba tubaire tukozeseze amaizi agakufuka habwengoye, ntusobora okulinda amasanyarazi kandi tukehye omwika","If we have used cold water for laundry, we can save energy and reduce emissions."
nkakozesa kaliculeta ya abekento okutekaniza nambere nkugenda okusiga sente zange,I used a financial calculator to plan investments.
nzinire karaoke namunyani wange hamukoro ijo ekiro,I have sung karaoke with my friends at the party last night.
Omusaija asoroize omuganda ogwa embaagwa,He has accumulated a portfolio of dividend stocks.
Ninyujuka akasumi akananyiire kimu ngu nuwe nywani owahikire- obwataransekeriize omukasu kange akabi.,I remember the exact moment l knew she was a true friend - when she didn't laugh at my worst moment.
nsangire ruhanga ayanguhire muno omuby'obuhangwa kukira ebyombeko,I found God more easily in nature than in any building.
ebizina byenzarwa hamu n'okucekeca n'orunyege bibaire mokijaguzo,Traditional music and has danced accompained ceremonies.
"kakuba oburorwaho bweyongera, omusere obuyambi by'abafumu bwango","If the symptoms worsened, seek medical attention immediately."
enkwera nija okwimukya omutwe gwayo kandi egutwara enyuma no omumaiso okuttinisa,The cobra will spread its hood and swayed to warn us away.
"oba nocyenda rundi tokucyenda, tugenzire hati","Whether you like it or not, we have now left."
endagano ya uganda ey'omwaka gwa 1900 esigaire kyafayo kyamani,The Uganda Agreement of 1900 has remained historically significant.
Akarwarro kaheereza obuheereza obukwatiraine n'okuzaara.,The clinic provides prenatal care for expectant mothers.
Ekingonza muno mumikoro ekicweka kyabuli omu kumalirra aikahire hansi hamu.,My favorite part of any celebration is the moment when everyone finally sits down together.
beeya nija okukwata esamaki n'ebinono byayo ebikoto,The bear will catch salmon in the river with its huge paws.
naija okutunga okwelema omubyasente,He will achieve financial independence.
eka yaitu ehondera omulingo gw'obuswere gwenyini okumara ebyasa,Our family follows the same marriage customs for generations.
oyetagisize okutekaho okwokya rundi aisi nambere hantungire obuhuta,You have needed to apply heat or ice to the injured area.
Nkatunda emigabo nukwo nyunge ezaburoho.,I sold some shares to raise cash last week.
"obu nacumbire eka yange, nkitekerezaho nkekikorwa ky'engozi- kandi n'okusaba","When I cooked for my family, I think of it as an act of love-and prayer."
"kakuba mba ntakasabaga, hati tinkumanya obunaba nyine okwikiriza","If never quested, then l'm not sure l have faith."
obubarakora okuseruruza okubatetekanize,When they make unexpected discoveries.
Obuguuda bwihanga butungire omurro ogwokutemba okwemihendo.,The economy is facing inflationary pressures.
Ekka yaitu ejaguza amagesa na mazina ag'okusiima ensi.,Our family has always celebrated the harvest with a dance that thanks the earth.
"Omurundi gw'okubanza obu nakozire enyanja eyetahwayo , ebyokubaza bikamburraaho.","The first time l saw the ocean , l was completely speechless."
okuhinduka kwemihendo yebintu kunihirwe okweyongera haiguru,The inflation rate has been expected to rise.
omukazi abaire nakora nka mukuru webyensimbi atakakozire ekitebe ekisubuzi ekye,She had been working as an accountant for years before she started her own firm.
"okukorwa kwamaizi kulimu okucumuka ekika, okwekwata ekibale, kandi n'okugwa kwenjura","The water cycle involved evaporation, condensation, and precipitation."
Obujanjabi nibwetaagisa kukebera esagama yawe kukeberwa buli kaire okwecencura enkora y'obune.,The treament requires regular blood tests to monitor liver function.
abasubuzi abaswahili nibaija okutandikaho engendo mpaka munda,Swahili traders will establish routes into the interior.
ninyija okukozesa kaliculeta ya abekento okutekaniza nambere nkugenda okusiga sente zange,I will use a financial calculator to plan investments.
egali y'omwika eraba aheru y'orubuga ebaire nungi muno nti nkaba ntasobora kubyama ntagirozire,The train ride through the countryside has so been beautiful that i did'nt sleep a wink.
emu iruka okwetorora ekizaniro n'ebikya byayo ebiraihize,The emu runs across the field with its long neck stretched out.
ninyija okugira obuzibu by'okutekana n'okuhuliriza,I will have difficulty concetrating.
irwaro nirija okukomamu okujanjaba obwomezi bya abakazi bonka,The clinic will specialize in women's health.
obutafwali bwomubiri obwomuraire bukwasirwe,The patient's immune system was compromised.
Okwikiriza obukuraba kutarumu kukaguza buli timanyire nyina kwukiriza.,"If faith means never questing , then l'm not sure l have faith."
Nyowe nkatunda emisimbo yange nukwo mbyale omukampuni nyamigabo.,I sold some bonds to reinvest in equities yesterday.
Nyowe Nkatungaho ebinarozire ebintakusoborra nyowe mbyeta by'omwoyo.,"I've had experiences that I can't explain,so I just call them sacred."
akababihabiha baruge omunju nukwo agitunde,He persuaded them out of selling the house.
nyowe ngura ebintu omu duuka etakanizibwe buli wiiki,I buy groceries from the supermarket every week.
Okuswerrana kulesireho okuterana okwamahanga,Intermarriage has created cultural exchange.
"kakuba tukozeseze amaizi agkufuka habwengoye, ntusobara okulinda amasanyarazi kandi tukendeze omwika","If we used cold water for laundry, we can save energy and reduce emissions."
tukaramukya abantu abakuru n'ekitinisa habwokuba bahimba amagezi gaira,We greeted the elders with respect because they carry the wisdom of the past.
omulimi agesire amacande ge kandi yagatwara hakyoma,The farmer has harvested his sunflower and took it for pressing yesterday.
enu haihi nija okuba nsonga nkuru,This will be by far the best option.
Abasubuzi abaswahiri bakatema emihanda kutaaha hagati.,Swahili traders established routes into the interior.
"buli nyekyakara obumba ningenda hamulimo, ndora omusaija omukuru omu nalisa ebinyonyi omwirindiro","Every morning on the way to worked, i'd see the same old man feeding pigeons in the park."
ekiikaro kyokukoorramu emizaano nikiiji kwanguhira naabalema kukutahamu,The new theater will be accessible to people with disabilities.
niyinja okusasura ebintu byange nsuwarensi ijo,I have paid my property insurance yesterday.
Nuwe yangambiire ngu kirungi kusaba obuyambi.,He's the one who taught me that it's okay to ask for help.
"kakuba okaba otakwesiga omuhanda gwawe, tikine buzibu- abantu abakusinga bali","If you was unsure about your path, that's okay — most people are."
abajungu nibaija okuhandika ebyamaguzi kandi nendimi,Colonial officials will record local customs and languages.
nyowe nkozesa kaada -nsimbi habwobusiimo.,I use a credit card for the rewards points.
tutangirirege omuhikirwaho omuhyaka n'ekijaguzo kyamani omumwezi ogurukwija,We have welcomed the new chief with a big celebration next month.
sitage y'ebyemizano empyaka shakespeare azanira buli musizoni youmsana,The new theater stages Shakespeare plays every summer.
"kakuba omuntu afwa, ekyaro kyona kija okunahukara, oba babamanyire muno rundi tibabamanyire","When someone died, the whole village comes to pay respects, whether they knew them well or not."
ayenyumirize omukucumba kwe,She has prided herself on her cooking.
nitwija okuzika isenkuru nyowe kyakabiri omunjura nukwo kikakwataho embera yabuli omu,We will bury my grandfather on a rainy Tuesday that matched everyone's mood.
omusomesa wange owunyenda naija kungamba nkaba nyina ekisembo kyokuhandika ebigambo ebi bikasigara nanye,My favorite teacher will tell me that i had a gift- for writing those words stayed with me.
endagano ya uganda ey'omwaka gwa 1900 nija okusigara kyafayo kyamani,The Uganda Agreement of 1900 will remain historically significant.
obujanjabi nibwija kuba bwoburumi baitu nibukoraho,The treatment will be painful but is usually effective.
"Omulimoyokugarra ebisaaru munsisana, yabyo etaaha neekoraho ebintu ebiina obwomeezi n'ebitaina bwomeezi kumara emyaaka etaano.",The river reclamation project has been restoring the ecosystem for five years.
"kakuba oba otakwesiga omuhanda gwawe, tikine buzibu- abantu abakusinga bali","If you have been unsure about your path, that's okay — most people are."
Noonywa amaarwa agarukwinganaha buli sabbiti?,How much alcohol do you drink per week?
"oba nocyenda rundi tokucyenda, n itwija okugende","Whether you like it or not, we will now leave."
eka yaitu ikaire netangira abanyamahanga omunju yaitu,Our family has always welcomed strangers into our home.
noija kwetagisibya okujwara pulasita okumara wiiki mukaaga,You will need to wear a cast for six weeks.
"omurundi gwokubanza obunarolezeho ekinazi, kyali kadyo","The first time I have tasted fresh coconut, lt was magic."
ekika kyaitu kikaba kine ekizina kyakyo ekyembaganiza ekituzina omukasumi akomugaso honka,Our clan had its own special song that we sing only at the most important times.
omulimi naija okuhinduramu agende omukulinda eby'enyanja,The farm will diversify into fish farming.
embuzi bakaziha omubazi gw'enjoka nkabulikiro,The goats were regularly dewormed.
akizire okubuza ebisumuruzobye,She always lost her keys.
ekikali kyatooro mu FORT PORTAL kikasikiriza abagenyi baingi,The Tooro palace in Fort Portal will attract many visitors.
ayangambire akaba mugenzi wawe omwi,The one who told me was your brother.
buli muntu oratangatangaineho amanyire ekintu ky'otamanyire - nigw'omugisa kukyega,Every person you have met knows something you don't — that's a chance to learn.
anagisa enjura naija okuzina kandi asabe okuleta enjura eyerukwija okwijuza ebisaru ijo,The rainmaker will dance and prayed to bring the rain that would fill the rivers yesterday.
abantu bakatandikaho okulinda ebyobuhangwa okutungamu akasente kandi nokulinda obuhangwa,The community developed an ecotourism project to generate income and protect nature.
"ekisurumba nikija okudedeka hakibaale, kyakora omuhangazima omurungi","The waterfall will cascade down the cliff, creating a beautiful rainbow."
"omulisa wange akaba n'eka yaitu okurabira omubuzale, kandi buli kintu hagati yaitu","My pastor was with our family through births, deaths and everything in between."
"Ha kitebe kyebyenyegesa habwebitwehiliriize, basomeseze enkumi z'abasomsa hamitwe y'ebintu ebitwehinguliriize.",The environmental education center has trained thousands of teachers in environmental topics.
"omulisa wange naija okuba neka yaitu okurabira omubuzale, kandi buli kintu hagati yaitu","My pastor will be with our family through births, deaths and everything in between."
Noija kweetagisibwa amaino gawe kwogebwa omu irwarro emirundi ebiiri omwaka.,You'll need to have your teeth cleaned twice a year.
nitwija kutunda omwenge ogw'okubanza kuruga omwihisizo erihyaka hali byaisenkuru itwe,We will offer the first beer from the new brew to the ancestors.
ebitabu ebihanganzi bihindura engeri y'itaka,Permanent beds improved soil structure.
nyijukire ekiro natungire kadi y'eryahuro ly'ebitabu obujunanizibwa bwingi,L has remembered the day l got my library card so many posibilities
omusaija abyaire omubusubuzi obwa ekka.,He has invested in a family business.
obukama byakitara bukaijukizibwa omunganikyo n'omubizina,The Empire of Kitara was remembered in epic poems and songs.
enyange ekeemerra eterekeriire mumaizi agatahamire,The egret stood perfectly still in the shallow water.
okucwekaho kukarugira omubugwa izoba byakatale,The outbreak originated in a wet market.
ebitabu ebihangazi nibija okuhindura engeri y'itaka,Permanent beds will improve soil structure.
kiki ekibaire kyafayo ekyaka yawe hali kookoro,What was your family history of cancer?
obu lsomero liraaba nirikubuza obusinge tekerezaaho muno obuharaaba hasroho omulingo ogundi,"If school is making you miserable, consider whether there's another way."
tuhembere kando hali bainsekuru baitu kandi tugambire enganikyo zabo hali abaana baitu,We have lighted a candle for our ancestors and tell their stories to our children.
obubarakoradi okuseruruza okubatetekanize,When they will make unexpected discoveries.
akakurato akebyensimbi niketegereza ekitekerezo ekitegekerwe,The finance committee is reviewing the proposal.
abaseruruzi bakasomaho engeri y'okuhinduka hinduka y'enyikara ekutalibaniza ebwokulya obubatandikireho enkora empyaka,The researchers study the impact of climate change on food security when they developed new adaptation strategies.
"kakuba ninyija kukora ekintu kyona ntaine okutina rundi okulemererwa, ninyija kutandikaho bizinesi yange","If l will do anything without fear of failure, l'd start my own business."
amagoba kyali nsonga nkuru muno omusonga y'okusiga sente,The interest rates were a key factor in investment decisions.
akahinduramu okusiga senteze omubulikimu,He diversified his investments across sectors.
nagonzaga obwomumwegesa rundi omusomesa yasomaga bbwa nayatura ebigambo hali itwe nobundaaba nkaaba omu kilassa za haigure omu lsomero,I loved when the teacher would read aloud to us—even in high school.
akirire kimu hanyuma y'okumusemeza,She has made a full recovery after the operation.
okubandwa nikwija kubamu emigenzo y'enjura n'okugesa,Traditional religion will include rituals for rain and harvest.
ebiro bisaatu murubuga orutubaire tutwetekanizi kubungira,Three days in a city we never planned to visit.
"ekanisa ekaba ine inju etalimu bantu, kandi ndengaho okuyambayo omurundi gumu omuwiiki","My church has had a homeless shelter, and I try to help there once a week."
Yozefu Konyi akebembera obwemi.,Joseph Kony led to LRA rebellion.
"okukorwa kwenjura kubairemu okucumuka ekika, okwekwata ekibale, kandi n'okugwa kwenjura","The water cycle has involved evaporation, condensation, and precipitation."
ekihoya kikakwatwa n'obu kiraba nibakirolera kurungi,The wound becomes infected despite proper care.
"hakumulira kw'omulimo guno, twegeseze abalimi omutwaro gumu omukulima ky'owebaisaho","By the end of this project, we have trained ten thousand farmers in sustainable practices."
akaguza ebikaguzo bwangobwango akagenda okuhikya obunagambire omulimo gwange ogw'okuyamba- nikyo kyahindwire bulikimu,The interviewer terribly goes until l mentioned my volunteer work- that changed everything.
ntungire koriyani eyekaba ya isenkuru nyowe- kikaba kimu ekyomuhendo ebyomugwetwa,I have had a Quran that belonged to my great-grandfather -it's one of my most precious possessions.
joseph kony akebembera orutaro rwokuhakaniza orwaLRA,Joseph Kony led to LRA rebellion.
bakitunzi batangatangaine kiguzi omukuru,The sales team has presented to a major client.
"Amaizi agarukwimuka gakoongera gakeebolongosa nka kuli! hanyanja gateeta ekyooya rundi obutagasi omunsi, nigainganainganiza ebyobwire omunsi yoona.","The ocean currents distribute heat around the planet, regulating global climate."
nkazina karaoke namunyani wange hamukoro ijo ekiro,I sang karaoke with my friends at the party last night.
"Obworaaba otarukugumya kurung muhanda orukutoma , tikiri kyawe wenka na abantu abandi baingi nabo nuko bali bati.","If you're unsure about your path, that's okay—most people are."
Omusiri gw'ebicooli gulirwe kandi gwasiswa ihe ly'empuhira.,The maize crop has been damaged by fall armyworm.
Akabagambira nkoku yarozire ekyererezi kyembaganiza.,He reported seeing a strange light.
akandindisa okumara esaha yona,She made me wait for an hour.
okucamuka kwamabale hansi omwitaka kukabaruka kwaletaho okuhangwaho obuhanga muhagati y'enyanja,The volcanic eruption created a new island in the middle of the ocean.
Abalinzi bebitwehingulirize babaire nibaseruliriza ha kurubata kw'enjojo baatunga okuvumbura kwoonyini.,The conservationists were conducting research on elephant communication when they made a breakthrough discovery.
nkasabira obusinge omumadini gona- ntwena tuli baana baruhanga omu,I prayed for peace among all religions-we're all children of the same God.
embante nija okwirukira omukisaru okwejuna entele,The waterbuck will run into the river to escape the lion.
"nambere orakoma okulengaho, niho orakoma oktunga","The more you practice, the better you got."
"abalinzi bakozire okuseruliriza hali engeri enjojo zibazamu obu bantugire okugarukwa,mu",The conservationists have conducted research on elephant communication when they made a breakthrough discovery.
nitwija okusaba omwyo atwebembere tutakakozire ekwamu ey'omugaso,We will ask the spirits to guide us before we make important choices.
emu irukire ekwetorora ekizaniro m'ebikya byayo ebiraihize,The emu has run across the field with its long neck stretched out.
abantu nibaija kwombeka iramizo erihyaka nambere bona batina,The community will build a new shrine at the sacred spring.
ekijumakuiba kikanwa amaizi okuraba omubuhuru bwakyo okutunga eby'okulya,The sponge filtered water through its pores to get food.
nkozeseze kadi yabanka okutunga obugoba,I used a credit card for the rewards points.
embante irukire omukisaru okwejuna entale,The waterbuck has run into the river to escape the lion.
amgaba ebaire nsonga nkuru muno omukusiga sente,The interest rates have been a key factor in investment decisions.
Obuncumbira ekka yange ngitekerezaaho nkekikorwa ekyengonzi kandi okusaba.,"When I cook for my family, I think of it as an act of love-and prayer."
Nitwija kujaguza empero y'ekyanda nomukoro gw'okusiima.,We will celebrate the end of the dry season with a ceremony of thanks.
banka enkuru ekakehya amagoba,The central bank lowered interest rates.
nyegere bingi hali enyikiriza yange omukuraba omukubaza nabantu abenyikiriza ezindi,I have learned more about my own faith by talking to people of other faiths.
ekika kyababiito kilema bunyoro kurugira kimu omukyasa kya 16th,The Babiito dynasty rules Bunyoro since the 16th century.
"buli nyekyakara obumba nigenda omuka, ninyija okurora omusaija omukuru omu nalisa ebinyonyi omwirindiro","Every morning on the way to will work, i'd see the same old man feeding pigeons in the park."
ningozab ombere wamanaru,I need you to be honest with me.
ababihabihire okuruga omunju nukwo agitunde,He has persuaded them out of selling the house.
Omusomesa wange webisisani akangamba tinyine kisembo kyobuhangwa mwolekere nabiiha.,My art teacher told me l had no talent - l proved her wrong.
tukhaire okusima hali emyoyo y'omurusozi habwe emyandara na amabale,We have given thanks to the spirits of the mountains for the rocks and stones.
Tinsobora kutera akasisani kwikara tutaine amasanyarazi.,I can't imagine living without electricity.
omuzini w'okutendereza agambire oruganikyo ry'orutaro orwajunire obukama ijo,The praise singer tells the story of the battle that saved the kingdom yesterday.
anagisa enjura akazina kandi yasaba okuleta enjura eyerukwijuza ebisaru ijo,The rainmaker dances and prayed to bring the rain that would fill the rivers yesterday.
nkapima obusobozi byange na GPA ey'omwaka oguhwairre- ncyaliyo nikyakiterekereza,I measured my worth by my GPA for years — I'm still unlearning that.
Omusaija asaswire amabanjage goona,He has paid off all his debts.
mukene zona zikekwata hamu okuburanganiza esamaki enkoto,The sardines together tightly packed to confuse the larger fish.
nkaba nitina ruhanga -hati npumura omungozi zaruhanga,I used to be afraid of God-now I rest in God's love.
"kakuba mba nkugambire ekintu kimu hali ekiniga, ngu tokwija kukirugaho-nokirabam","If I have told you one thing about grief, it's that you never get over it-you get through it."
nuwe akwija okunyegesa ngu tikine buzibu bwona okusaba obukonyezi,He will be the one who taught me that it's okay to ask for help.
okuhandika kwabaramagi kukatandikwaho omukyasa kya 19th om'uganda,Missionary writings have documented 19th century Uganda.
Kukaba tukozese orweezo kuruga mubinyansi tusobora kwongera orweezo m'itaka tutakozeseze mibazi ngu.,"If we use green manure, we can improve soil fertility without chemicals."
Omuyaga ogwamaani gukasiisa isomero kyonka enkyomugisa abaana bwirobu bakaba batarumu.,"The tornado destroyed the school, but fortunately no children were there at the time."
ngizire akasonda omukisika kyange nambera nsaabira- kyanguhire baitu kihikirire hali nyowe,I have had a corner in my room where I pray-it's simple but holy to me.
emitano yabajungu terukwija okumanyira ebika byabantu nobuhangwa,Colonial boundaries will ignore ethnic and cultural divisions.
kangaroo ekurukire yagenda n'owana gwayo nabere ebyama,The kangaroo has away hopped with its baby in its pouch.
abajungu bakozeseze ekitebe n'amani gamahe okumaraho obuhakani omu bunyoro,The British has used military force to subdue resistance in Bunyoro.
ebihuka bikarubatira hamu murukara bihimbire ebisosonkole nibibigara omukiju,The ants marched in a long line carrying crumbs back to their nest.
"omurundu gwokubanza okurora enyunyuzi okuraba omukitangazo, nkahura okubaho kwenkintu ekitakuhwayo","The first time I have seen the starts through a telescope, I felt the presence of something infinite."
omrwaire naija kwoleka oburorwaho obwokwekengera,The patient will show signs of sepsis.
abarangi bakarozaho omukutu gw'okurangira omuhyaka,The marketing team tested new advertising channels.
abajungu bakahandi ebyamaguzi kandi nendimi,Colonial officials recorded local customs and languages.
nkairukira mwamunwani wange omukuru ijo,I run into an old friend yesterday.
abenkento bakarabyamu amaiso omukihandiko kyentekaniza yaitu,The finance committee reviewed the proposal.
kangaroo ekaguruka yagenda n'owana gwayo nambere ebyama,The kangaroo away hopped with its baby in its pouch.
"kakuba noija okumara ekiro kyona norora nosoma ekitabu habwokuba okaba otakukita hansi, nomanya okusoma kwenyini","If you will ever stay up all night reading a book because you couldn't put it down, you know real learning."
"kakuba gavumenti erakehya omuhendo gwa sola pano, abantu baingi nibaija kutandika kukozesa amasanyarazi","If the government will subsidize solar panels, more people would use renewable energy now."
"Ekanisa yange enyina obugoonyo bwabo abataine hokuraara, kandi nyowe nkonyerayo buli sabbiti.","My church has a homeless shelter, and I try to help there once a week."
"ntumya caayi y'omwani, baitu bakandentera amajani omusobi- kandi nkazonzora ekyokunya kyange kyembaganiza","I order coffee, but they brought me tea by mistake -and l discovered my new favorite drink."
"ekisurumba kisesekere hakibale, kyakora omuhangazima omurungi","The waterfall has cascaded down the cliff, creating a beautiful rainbow."
orubazo rwomuraire ruhindura n'orubazo rwomubudabuda,The patient's speech improves with speech therapy.
Obu nayesangire ntakuurubata nubwo nayegere kusiima ebiro ebinkaba ninsobora.,"When I couldn't walk, I learned to be grateful for the days I could."
"kakuba omuntu afwa omukyaro kyaitu, abantu bona baija kwesoroza baije okusagika eka","When someone die in our village, the whole community has together come to support the family."
ebara eyakatemba ekaba ekingwireho ekiro kyebyamahano hali abakatemba abakuru,The new comedy club had open mic nights for amateur comedians.
ninyija kugira esaara eyinasabaga kakuba mpura oturo - nikyo kintu ky'okumalira omubwongo bwange,I will have a prayer I say when I'm falling asleep-it's the last thing on my mind.
Obworaba nogonza kwetrgereza ebyobuhangi bwaaitu tandika nebyokulya byaitu.,"If you want to understand our culture, start with our food."
naija kubabize nayetekaniriza ebirengeso,She will be busy preparing for her exams.
"kakuba gavumenti eba ekendize omuhendo gwa sola pano, abantu baingi nibaija kutandika kukozesa amasanyarazi","If the government has subsidized solar panels, more people would use renewable energy now."
enguta eyokubanza eya caayi w'omwani gubaire murwa omutaito ogutalyosaga,The first sip of morning coffee has been a small ritual I never skip.
omuhendo gw'okuhingisa gugumire niguhinduka,The exchange rate has constantly fluctuated.
kanpuni etungirege abahakanizi abataito,The company acquired a smaller competitor.
anagisa enjura naija kubanza okukora emigenzo kulinda ebirimwa ijo,The rainmaker will perform the ritual to protect the crops yesterday.
"kakuba omuntu afwa omukyaro kyaitu, abantu bona nibaija kwesoroza baije okusagika eka","When someone die in our village, the whole community will together come to support the family."
banka enkuru ekehya amagoba,The central bank lowers interest rates.
entajumba ekakora omuranga ogurukusandara obu yaboine enjoka,The guinea fowl made a loud chattering sound when it saw the snake.
tuhaire amata g'ent ag'okubanza hali ba'isenkuru itwe,We have given the first milk from the cow to the ancestors.
"nkaba ntakunihira ngu nisobora okugura eka yange, baitu ndi hanu, nitekaho omukono hakipapura wiiki ekwija","I never thought l'd be able to buy mu own home, but here l am, signing the papers next week."
okucamuka kworusozi nikwija kuhambiriza ekuminekumi zabantu okuruga omumaka gabo,The volcanic eruption will force thousands of people to evacuate their homes.
yoweri museveni akatandikaho ekimanyire nka amahe amahakani,Yoweri Museveni formed the popular Resistance Army.
obujanjabi bukaba nibwetagisa okukebera omusahi buli kaire okurora enkora y'obune,The treament required regular blood tests to monitor liver function.
tinadisimire nyina nyowe habwocumba okuhikya obunagenzire natandika okwerisa,"I never have appreciated my mother, s cooking until l moved out and had to feed myself."
"ekiniga kiaizira omubicweka ebiro ebimu nisobora kwikya, ebiro ebindi tinkusobora","The grief came in waves some days l can breath, some days l can't."
omusomesa wange oyokusiga akaba agambire ngu tinyine ekisembo -nkamwoleka nti agwire,My art teacher has told me l had no talent - l proved her wrong.
omuzini ayegezesezemu amazina g'okugesa omuwezi ogukwija tutakahikire hakijaguzo,The dancers have rehearsed the harvest dance for months before the festival.
Ekitongole ky'ebitwehinguliriize nikitendeka abantu bomukucweeka habwebyokulima ebirukwikaraho.,The environmental organization is training community members in sustainable agriculture
nsagikire owmana omwihanga erindi- kirri ngu mulingo omutaito okukora embaganiza,I have sponsored a child in another country-it's a small way to make a difference.
abaserurizi nibaija kusoma endubata y'ebinyonyi obu barazonzora ekika ekihyaka ekyebinyonyi,The researchers will study bird migration patterns when they discovered a new species.
njwaire omusalaba omubikya byange - kijukyo ekogu nambere ngwa,I have worn a cross around my neck-it's a areminder of who i belong to.
"hakumalira y'omusomo gunu, nitwegesa abalimi orukumi rumu omukukozesa orwezo kuruga omubijuzire","By the end of this project, we trained one thousand farmers in organic methods."
itwe tucweraho hali omwegi wobwongo bwa kalimagezi .,We offer student discounts on software.
ekiteteyi kyawe ekirungi okiguzire nkaha,Where has done you buy that beautiful dress?
ntayomere ntaine amasanyarazi,I did not live without electricity.
omutezi wenanga naija kuteranizaho omulere ha bandi,The harmonica player has added a bluesy feel to the band's sound.
"kakuba ntalikwija kwikara nawe ekiro kyokubanza haisomero, obwomezi bwange bwandibaire bwembaganiza muno","If I will not sit next to her on the first day of school, my life would be completely different."
akahuka kabaire komumwanya kandi kajanjaire bwango,The virus has been airborne and spreads easily.
"Obu oraaba wakasindikaga obutamwa otakigreriire ha muntu ou atali nuwe, omanyire ku kana okwahonaaho.",If you've ever accidentally sent a text to the wrong person . you know that immediate panic.
obaire noyenda okutekaho okwokya rundi aisi nambere hatunire obuhuta,You needed to apply heat or ice to the injured area.
akahuka kajanjaire muno mubantu,The virus widely circulated in the community.
"Buli nyenkyara obumba ningenda kukokora, ndora omusaija nuwe omu naaliisa amaiba omu kiikaro kyo'kuhumurraamu.","Every morning on the way to work ,i'd see the same old man feeding pigeons in the park."
enyanja victoria nija okuba nesingayo obukoto mufrica,Lake Victoria will be the largest lake in Africa.
"Enyunyuzi zaaka kukungi obuziba zili haraha ,n'etaara zomwabuga.",The stars shine brightly in the night sky away from city lights.
Ntaaha nyine obuleemezi okutekaho omutiima.,I've been having difficulty concetrating.
tukazika abafu baitu omwitaka nambere baisenkuru itwe bahumura,We buried our dead in the ground where our ancestors rest.
"kakuba omuntu afwa, ekyaro kyona nikija okunahukara, oba babamanyire muno rundi tibabamanyire","When someone will die, the whole village comes to pay respects, whether they knew them well or not."
bulemeziki obwokehezeibwe omwezi oguhaire,How much weight has had you lost in the past month?
tindikwija okusima inyina nyowe habw'okucumba okuhikya obunagezire natandika okwerisa,"I never will appreciate my mother, s cooking until l moved out and had to feed myself."
ekicweka kaitu kirinzire obusinge okuraba omubigambo by'abakuru,Our community has kept the peace through the words of the elders.
"Ebigonzi ebyaleesirwe omusisa ,nekiirro kyahansi y'enyanja bikateera hamyeegeko y'enyanja byaleeta kusisikalirwa kwingi muna.","The tsunami struck the coastline without warning , causing massive destruction."
ndozirege ekituru kyomutini nikyoleka ngu kikagamba oruganikyo orw'omukama owamani ijo,I have watched a shadow puppet show that told the story of a great king yesterday.
nbaire omusiri omwaka gunu- okurolera enbintu nibikura nsana okuhura okunihira nikutunga emihama,I have planted a garden this year-watching things grow feels like watching hope take root.
irwaro nirija kutekaho obujanjabi bw'abazaire abaine enda,The clinic will provide prenatal care for expectant mothers.
okubandwa kubairemu emigenzo y'enjura n'okugesa,Traditional religion has included rituals for rain and harvest.
irwaro rikatekaho obujanjabi bw'abazaire abaine enda,The clinic provided prenatal care for expectant mothers.
abajungu nibaija okukozesa ekitebe n'amani gamahe okumaraho obuhakani omu bunyoro,The British will use military force to subdue resistance in Bunyoro.
nitwija kuha okusima hali emyoyo y'murusozi habwe emyandara na amabale,We will give thanks to the spirits of the mountains for the rocks and stones.
abasaija bombeka iramizo erihyaka erikwija okuha ekitinisa emyoyo y'ekisaru,The men build the new shrine that will honor the spirit of the river.
"Ebirimwa ebibalima kulinda itaka kutatwarwa omugezi, omuyaga nokuletamu orwezo.",Cover crops protect soil from erosion.
Buli nyenkyakara ndora ha mihendo y'ebintu,I check the stock prices every morning.
ekihoya nikija kukwatya n'obukiraba nibakirolera kurungi,The wound will become infected despite proper care.
"kakuba omazire ekiro kyona norora nosoma ekitabu habwokuba okaba otakukita hansi, nomanya okusoma kwenyini","If you have ever stayed up all night reading a book because you couldn't put it down, you know real learning."
omukago gw'obusubuzi omuhyaka gukaimukya ebitundwa aheru,The new trade deal boosted exports.
enkoko bakazirisa cacu,The chickens were fed with maize grain.
ninyija okutunda emigabo okusiga sente omumigabo yakamuni ijo,I will sell some bonds to reinvest in equities yesterday.
okutokora kwamaizi nikwija okutalibaniza obwomezi bwabantu,The water pollution will affect the health of local communities.
"Hakubatizibwa kwamunywani wange, nkabaho nobundaba ntali mukristo baitu gwali mugisa kubaho.",I attended a friend's baptism even though I'm not christian-it was an honor to witness.
"kakuba twalititukeheze okucumurra ekika, ekyanda nikija okweyongera","If we did not reduce our carbon emissions, global warming will get worse."
naija okusasura amabanjage gona,He will pay off all his debts.
ehudu ekakwaata encu eyebiriisa bingi omukisaaru nekiganja kyaayo ekikooto,The bear caught salmon in the river with its huge paws.
ebyafayo eby'okubaza nibija kwoleka okwijuka kw'abantu abakuru,Oral history will project record elders ' memories.
itwe tuha endagaano eraihireho eyokulinda ebyamasanyarazi ebiguzirwe.,We offer extended warranties on electronics.
nyijuka bulikiro akasumi obunayetegerize isomo eryatabanizaga okumara emyezi,L always remembered the moment l finally understood a concept l'd struggled with for months
omusisi gukapimwa musanju nobutonyezi butano ha mizani ya ricita,The earthquake measured seven point five on the Richter scale.
omufumu akakozesa ebisaka n'oburogo,Traditional healers used herbs and spiritual practices.
"kakuba nakugambira ekintu kimu hali ekiniga, kiri ngu tokwija kukirugaho-nokirabamu","If I will tell you one thing about grief, it's that you never get over it-you get through it."
oruganda rwaitu rwina omulingo omutongole nkoku tutagiira omwaka omuhyaka .,Our clan has its own special way of welcoming the new year.
obutafwali bwomubiri obwomuraire nibwija okuba bukwasire,The patient's immune system will be compromised.
tuzikire isenkuru nyowe kyakabiri omunjura nukwo kikakwataho embera yabuli omu,We have buried my grandfather on a rainy Tuesday that matched everyone's mood.
nkaba nyine esaara eyinasabaga kakuba mpura oturo - nikyo kintu ky'okumalira omubwongo bwange,I had a prayer I say when I'm falling asleep-it's the last thing on my mind.
akoleka okugonza okutaha ekitebe,He expressed interest in joining the club.
obujanjabi byasente nyingi baitu nibukoraho,The treatment was expensive but effective.
obujanjabi bukakora hamu n'emibazi endi,The medication interacted with other drugs.
omusaija agalihize emoro ezentahya ye,He has diversified his income streams.
"omuro tigurukwija kugwa mpaka nyekya, ogaruke hairwaro","If the fever will not go down by tomorrow, come back to the clinic."
"buli mwaka, ninyija okwetegerezamu kataito kandi nyebundanze kataito","Every year, I will understand a little more and claim a little less."
ekika kaitu kigira engeri y'okutangira omwaka omuhyaka eyembaganiza,Our clan has had its own special way of welcoming the new year.
tuzika abafu baitu omwitaka nambere baisenkuru itwe bahumura,We bury our dead in the ground where our ancestors rest.
Bakamuragirra kuhumura emirimo kumara sabbiti ibiri.,She was prescribed bed rest for two weeks.
okucwamu okwakakara okw'obuhangwa kwakorwaga omukuru woruganda,Traditional justice is administered by clan elders.
"Omwaka tutarasoboire ebisembo , tukahandikira ngana ebbaruha omukikaro -eyange nkyagiine.","The year we couldn't afford gifts , we wrote each other letters instead - l still have mine."
ekika kaitu kikaba kine engeri y'okutangira omwaka omuhyaka eyembaganiza,Our clan had its own special way of welcoming the new year.
katemba empyaka hativi ekaba ine bulyomu nabaza,The new comedy series on television had everyone talking.
"Abarukuseruliriza bakaba nibecumuliriza habirukubaho habwempinda hinduka y'obwire haby'okulunda ebyokulya ,obubatandukire emihanda y'okulinda empyaaka.",The researchers were studying the impact of climate change on food security when they developed new adaptation strategies.
"omukazi abaire agambire,""izoba nirija kwimuka nyenkya,kandi naiwe oti.""","She has told me,""The sun will rise again tomorrow, and so will you""."
"omuro gw'ekisaka nigwija okusisa amaka maingi, gukaleka amaka maingi gataine owabu","The wildfire will destroy thousands of homes, leaving families homeless."
Nitwija kujaguza okuzaarwa kwomwa omukuha ebisembo hali nyina naise.,We will celebrate the birth of a child with gifts for the mother and father.
ekyomumaizi rwakaako kikafuuha amaizi namaani kulinda omwaanya gwaakyo hamusa,The elephant seal bellowed loudly to defend its territory on the beach.
tukaha okusima hali emyoyo y'omurusozi habwa emyandara na amabale,We gave thanks to the spirits of the mountains for the rocks and stones.
"hakumalira ye kyasa kinu, tukahindura ekoragana yaitu n'byobuhangwa","The the end of this century, we transformed our relationship with nature."
omusomesa wange naija okungamba ngu tinyine ekisembo - nkamwoleka nti agwiri,My art teacher will tell me l had no talent - l proved her wrong.
Ekitongole omubintu kirukukora kyeyongireho nokuliisa encu.,The farm has diversified into fish farming.
"Ekiro ekyaijo, omwigi wenjura akacekeca kandi yasaba nukwo enjura eraijuza ebyambu bijule.",The rainmaker danced and prayed to bring the rain that would fill the rivers yesterday.
nibaija okumuha ekitabu okumara wiiki ibiri,She will be prescribed bed rest for two weeks.
nuwe yanyegeseze ngu tikine buzibu bwona okusaba obukonyezi,He was the one who taught me that it's okay to ask for help.
omukazi nayega kukozesa emirungo nigwija kuba nigukozesa ebyama ebirukumuga sira randi eko bikamanya empindurra hinduka nenyakuli orumwanya nomubwire,She had been learning about sustainable agriculture.
irwaro rikatekaho ekiro eky'okutangatangana abarwaire abali omubwetago bwamani,The clinic offered same-day appointments for urgent cases.
gavumenti eresireho enkora empyaka hali abalimi abakulima ebyokulya,The government provided subsidies for farmers who practice sustainable agriculture.
Nyowe nyahura resiiti habwe kigendererwa eky'omusoro.,I keep receipts for tax purposes.
yoweri museveni atandikireho ekimanyirwe nka amahe amhakani,Yoweri Museveni has formed the popular Resistance Army.
Nyina koran yaisenkuru nyowe omukuru egikintu kyangekyomuhendo.,I have a Quran that belonged to my great-grandfather -it's one of my most precious possessions.
okubyarana kuyamba okukozesa itaka,Has intercroped maximizes land use.
buli muntu orukwija kutangatangana amanyire ekintu ky'otamanyire - nigw'omugisa kukyega,Every person you will meet knows something you don't — that's a chance to learn.
Ekiro ekyaija omufumu akakozesa amaani agabaisenkuru itwe okukiza omurwaire.,The healer used the power of the ancestors to cure the sick man yesterday.
omunya gukacicya omukira gwako kandi katoroka hali ekinyonyi,The skink wiggled its tail and escaped from the bird's grasp.
abantu nibaija kwehumuzamu habizina ebymporampora,The crowd will back sway and forth to the slow music.
abasaija abato bakombekere orugo r'ente oruhyaka,The young men built the new kraal for the cattle.
Akacweka enyugunyu obu yagwire.,She suffered a fractured hip in the fall.
omulimo omukuru omukitebe guli okubanza okuba abanyani kandi no okukorahamu,My best group project is when we became friends first and worked together second.
Omusaija asaswire yamarayo ibanja eryomusimbo.,He has paid off his mortgage.
"nsimire ruhanga bulikiro ntakabyamire, n'omubiro ebigumangaine","I have thanked God every night before sleep, even on the hard days."
"Kakuba ntaratungire obumanzi bw'okubaza nawe eki, twakuferirwe buno obunywani.","If l hadn't mustered the courage to talk to her that day , we would have missed out on this friendship."
"kakuba isomero lyakubulize obusinge, tekerezamu kakuba haba haliyo omulingo gundi gwona","If school made you miserable, consider whether there's another way."
kaliitango y'okwegesa habyobuhangwo ehikireho abantu abarukuhingura mukyaaro,The environmental awareness campaign has reached over one million people.
omutendereza amanyirire abakuru nekizina kye ijo,The praise singer has honored the chief's bravery with his song yesterday.
ningumya kurungi randi mimanya omuhimbo ogwomuntu agira obwaba ayegere orulimi oruhyaka obwaba mabaza namukama worulimi,"If you've ever learned a new language , you know the thrill of your first real conservation."
asaswire ibanja lyabanka,He has paid off his mortgage.
Enguta y'okubanza eya caayi yanyenkyakara nigwo omugenzo oguke ogutagurukaga.,The first sip of morning coffee is a small ritual I never skip.
"kakuba ntatunge okwegaramu obumanzi nkabaza nawe kirokinu, titwanditungire obuyani bunu","If l will not muster the courage to talk to her that day, we would have missed out on this friendship."
abakora engoma z'obukama batungire amagezi gembaganiza,The Royal drum makers have held specialized knowledge.
omufumu akozeseze rbisaka n'oburogo,Traditional healers have used herbs and spiritual practices.
beeya ekakwata esamaki omukyeya n'ebinono byayo ebikoto,The bear caught salmon in the river with its huge paws.
"Omumwaaka enkumi ibuli n'ataano , nitwiija kuba tuferurwe ebicweeka eburi hamyegeego y'eryarya,eburi harulengo orwamaizi orwahansi.","By 2050, we will have lost many coastal areas to sea level rise"
nija kwenda iwe obe wamazima hali nyowe,I will need you to be honest with me.
Omukika kyawe haliyo oburwaire bw'ekookoro?,What's your family history of cancer?
"omurundu gwokubanza obundirora enyanja, ninyija okuburwa ebigambo","The first time l will see the ocean, l was completely speechless."
enkoragana empyaka eyobusubuzi imukya ebitundwa ye bw'obulimi aheru yihanga,The new trade deal boosts agricultural exports.
ninyi okusasura omusoro omubwire ijo,I will pay my taxes on time yesterday.
ninyijuba kurungi omurundi gwange ogwokuba kumuga ekikaasa kyokwetiirizaho ebitabu omulyahurro lyebitabu nkamanyira kimu nti hati emihanda yange nyingi,l remember the day l got my library card so many posibilities
"kakuba mba ntarukwija okusabahoga, hati tinkumanya obunaba nyine okwikiriza","If will never quest, then l'm not sure l have faith."
okubaira emiti nambere ebaire etemerwe kigaraho irindiro lyebisoro by'omukisaka mukicweka nambere byali,The reforestation project brings back wildlife that had disappeared from the area.
arozire ekyererezi ekyatakaroraga,He has seen a strange light.
"hakumalira y'omusomo gunu, ni twija kuba twegeseze abalimi orukumi rumu omukukozesa orwezo kuruga omubijunzire","By the end of this project, we train one thousand farmers in organic methods."
Obwokurorra haihi buli malirra ehimba embibo y'entandikwa ehyaka.,"If you look closely, you'll see that every ending carries the seed of a new beginning."
"tutungire enkora eyokukingura ekisembo kimu hanyuma ya kurisimasi, kandi bikizire kuba empale zomunda","We have had this tradition of opening one gift on Christmas Eve, and its always pajamas."
Osemerire kwikarra kurungi n'okwemerra kurungi nukwe omugongo guleke kusasa.,You should practice good posture to prevent back pain.
Hanyuma kwentegeka enu turaaba tumazire kweegesa abalimi eitwaaro ikumi ha byobulimi ebirukwikaraho.,"By the end of this project, we will have trained ten thousand farmers in sustainable practices."
irwaro nirija okubungira n'okurolera abaana kurungi,The clinic will offer well-child visits and vaccinations.
Omusoro og'wendema eya matwale kukahambiriza baingi kupagasa.,Colonial taxation forced many into wage labor.
"tikatekerezahoga nti ninyija okumaraho omwaka gunu, baitu hati ndihanu","I have not thought I'd make it through that year, but here I am."
"Obworaaba oli hagatinahageti yeki cweka ekigumangaine , lkara nosoma tukuli kumahira kworuganikyo.","If you're in the middle of a hard chapter , keep reading - it's not the end of the story."
irwaro likakomamu okujanjaba obwomezi bya abakaizi bonka,The clinic specialized in women's health.
Okukaguzibwa kukaba kutali kurungi okuhikya obunabalizeeho emirimu ei nakozire niiya-mba buyamba ekyahindwire buli kimu.,The interviewer was going terribly until l mentioned my volunteer work- that changed everything.
abantu batandikireho okulinda eyobuhangwa okutungamu akasente kandi nokulinda obuhangwa,The community has developed an ecotourism project to generate income and protect nature.
Enganaani omubantu zacwibwamuga bakuru b'enganda.,Traditional justice was administered by clan elders.
Orugendo rwegaali y'omwika kuraba omu bugwa izooba rukaba muno habwokuba nta hungi reho kakube kukoimya.,The train ride through the countryside was so beautiful that i did'nt sleep a wink.
Tingaba nukwo bandole baitu habwokuba nyowe nkaheebwa bingi.,I don't give to be seen-I give because I've been given so much.
ijo nkasasura obupangisa bwange,I paid my taxes on time yesterday.
obujanjabi butaikiranganize n'ebera y'omutima,The medication was contraindicated with certain heart conditions.
empangi ekokerege okumanyisa ezindi hali akabi,The crow has loudly cawed to warn the others of danger.
okulisa muno kukehya obusobozi bwitaka okugara enjura,The overgrazing reduces the lands ability to recover after rain.
ekicweka kaitu kikalinda obusinge kuraba omubigambo by'abakuru,Our community kept the peace through the words of the elders.
nkahura nalemesibwa okwicwa obu nyegezamu,I felt short of breath when I exercise.
ninyija okujwara omusalaba omubikya byange -kijukyo ekyogu nambere ngwa,I will wear a cross around my neck-it's a areminder of who i belong to.
ninyija okwijuka ekiro natungire kadi y'erwahuro ly'ebitabu obujunanizibwa bwingi,L will remember the day l got my library card so many posibilities
Kumara emyaka nyingi nyinenkuru nyowe aruka ebiibo eby'akatale.,My grandmother had been weaving baskets for the market for many years.
ekyoma kyomubaizi nikija kubaija ekisisani kuruga omukihinju kyekiti,The sculptor will chisel a figure out of a single block of wood.
John Hanninng Speke akahika handugirro eya Nile 1862.,John Hanninng Speke reached the source of Nile in 1862.
omutezi wenanga akateranizaho omulere ha bandi,The harmonica player added a bluesy feel to the band's sound.
omulimi agesa amacande ge kandi yagatwara hakyoma ijo,The farmer harvests his sunflower and took it for pressing yesterday.
abaana baitu bakahura nkonku twatangatagaine- batuletereza okukibazaho buli hanyuma y'omwaka mubuswere baitu,Our children heard the story of how we met -they make us tell it every anniversary.
"Omuzaano ogworutimbi ourukusekesa buli omu, nagubazaaho.",The new comedy series on television has everyone talking.
niyija okutunga koruyani eyekaba ya isekuru nyowe-kikaba kimu ebyomuhendo ebyomugwetwa,I will have a Quran that belonged to my great-grandfather -it's one of my most precious possessions.
kiki ekibaire kwokwegezamu kyawe kyabulikiro kuba,What has been your exercise routine like?
enkasagika omwana omwihanga elindi- guli omulingo omutaito okukora embaganiza,I sponsored a child in another country-it's a small way to make a difference.
ekiragiro ky'ezaabu kibaho buli nyikiriza eyobuzale abandi nibakyenda nkoku betwaza,The golden rule exists in every faith tradition-treat others as you will want to be treated.
ekika kyabaiito nikija kulema bunyoro kurugira kimu mukyasi kya 16th,The Babiito dynasty will rule Bunyoro since the 16th century.
omuhendo gw'okuhingisa guguma niguhinduka,The exchange rate constantly fluctuated.
ebyefuna nibija okuteberizibwa okukura mpora mpora,The economy will be projected to grow at a moderate pace.
okuju kwawe noija okukuhutaza ota?,How will do you injure your knee?
ekyombeko kya ntusi bolekeseze obwakaiso bwabaikazi murubuga abakaira,The Ntusi has sited shows evidence of early urban settlement.
"omugonzibwa ruhanga, arolerire eka yange kandi obalindi kurungi","Dear God, has pleased watch over my family and keep then safe."
ninyija okupima obusobozi bwange naGPA ey'omwaka oguhwaire- ncyaliyo nikyaketerekereza,I will measure my worth by my GPA for years — I'm still unlearning that.
omukazi naija kusoroza embibo entoro z'okwahura,She will collect indigenous seeds for preservation.
omukazi ataaha naworoza hamu nokulinda,She had been collecting indigenous seeds for preservation.
tujagwize okumalira kw'ekyanda n'ekijaguzo ky'okusima,We have celebrated the end of the dry season with a ceremony of thanks.
omulimi ayombire omusiri gwe gwamuhogo wiiki ehwaire,The farmer has weeded his cassava field last week.
amahe gihanga gecwiremu,The Uganda National Army is divided.
"omuro gutagwe mpaka nyenkya,ogaruke hairwaro","If the fever did not go down by tomorrow, come back to the clinic."
Byokulyaki ebi otasemeriire kutalya.,What are your dietary restrictions?
Aliyo nayetekanizira ebigezo.,She's busy preparing for her exams.
Omurundi gwokubanza nkagenda kutunga obujanjabi ekintu ekibangambiire ekinkaba nsemerire kuzonzora nyowe nyenka.,"The first time I went to therapy, I was terrified of what I might discover about myself."
abaserurizi basoma endubata y'ebinyonyi obu bazonzora ekika ekihyaka ekyebinyonyi,The researchers study bird migration patterns when they discovered a new species.
ninyija kwijuka akasumi kenyini akaba munyani owamazima-nambere atalinsekeraize omukasumi obukaba ndi kubi,I will remember the exact moment l knew she was a true friend - when she didn't laugh at my worst moment.
ekitebe kigwire omu 1977 habw'okwahukana mupolipo,The community has collapsed in 1977 due to political differences.
Bakamuhindura omubazi hanyuma yokutalibanizi yokutunga oburwaire bwomutwe obwokuhumunikwa.,She was prescribed a different antidepressant due to side effects.
omubirri gw'omurwaire tigurukusobora kurwanisa burwaire.,The patient's immune system is compromised.
aboineboine nigufwa ly'enyugunyu eryahendekere omukugwa,She has suffered a fractured hip in the fall.
Emirimo enyakozirwe haitaka neragirra amagezi maingi nobuginga.,The earth works demostrate sophisticated engineering.
nkabyara omusiri gunu omwaka-okurolera enbitu nibikura nikisana nsana okuhura okunihira nikutunga emihama,I planted a garden this year-watching things grow feels like watching hope take root.
tumazire ekiro kyona niturora nitumaliriza omwolekyo gwaitu kandi tukamalira tutungire A,We have stayed up all night finishing our presentation and ended up getting an A.
omulingo omuhyaaka ogwokucungira maizi nigwija ruronyera abalimu mubwire buse kyanda,The new irrigation system will help farmers during the dry season.
tukajaguza amagesa n'ekihuro ekikaba kirumu ebyokulya bwona ebitwalimire,We celebrate the harvest with a feast that includes all the food we have grown.
obuguuda nibwija kugaruka buhyaka omu meezi agarukwiya,The economy will recover in the coming months.
"kakuba orabonabona, ekitabu ky'emirimo kyandibalize- kiri hakubonabona n'okwikiriza","If you will struggle, the book of job might speak -its about suffering and faith."
Okehutaaza ota ha kuju?,How did you injure your knee?
obujanjabi bwali bwoburumi baitu bukakoraho,The treatment was painful but is usually effective.
abaire nayekozusa atakahungire omulimo gwobutoose,She had been working as a freelance consultant for years before she joined the firm.
embuzi nizihebwa omubazi gwenjoka buli kasumi,The goats are being dewormed regularly.
ebicoli bisisirwe kadoima,The maize crop is damaged by fall armyworm.
okugonza nobutagoza ntugenda hatiburu,"Whether you like it or not, we're leaving now."
empangi ekakoka okumanyisa ezindi hali akabi,The crow loudly cawed to warn the others of danger.
abasija abato bombekere orugo rw'ente ouhyaka,The young men have built the new kraal for the cattle.
Mbaire ninyimuka ninteerwa omutwe buli nyenkya.,I've been waking up with headaches every morning.
Abasebeni bakagaruka nentekereza empyaka hamu nokunihira.,Veterans returned with new ideas and expectations.
nyegere ekintu kuruga hali abaana bange bulikiro- oba ninyenda oba tikwenda,I have learned something from my children every single day — whether I want to or not.
eka yaitu nija okutangira abanyamahanga omunju yaitu,Our family will always welcome strangers into our home.
ahinduramu okusiga senteze omubulikimu,He diversifies his investments across sectors.
Kumara emyaka nemyaka ekka yaitu ebaire nehondere emigezo yakuswera erukusisana.,Our family has followed the same marriage customs for generations.
abalimi bakozesaze ebijunzire okuhindura engeri y'itaka,Farmers have used compost to improve soil structure.
agalihya emihanda y'entahyaye,He diversifies his income streams.
encweera ekazimbya ekitwe kyaayo yayehungya kututinisa,The cobra spread its hood and swayed to warn us away.
sente zempapura empyaka zibaire haihi okuturuka,The new currency notes have soon been introduced.
ekyenyanja rulindwa ngamba kikezimbiiko mumusenyi obwe bigonzi byaculiire,The clam burrowed into the sand when the tide went out.
"Omukyaro kyaitu omuntu obwafa ,abasi,bensi boona baterana bazagika abafeerwa.","When someone die in our village , the whole community comes together to support the family."
Oburwaire obukuleetwa obuhuka nibujanjarra bwangu omu muyaga.,The virus is airborne and spreads easily.
okaire noyetagisibwa okutekaho ebizigo nambere hamomere emirundi ebiri bulikiro,You needed to apply the cream to the rash twice daily.
isenkati nyowe akangabira oruganikyo nkoko engeri yatangatagaine iba hakatale nuko akunekaneka,"My aunt told the story of how she met her husband at a market so vividly, l feel like i was there."
omukazi naija kwega hakulima n'okulisa okwokwebaisaho,She will learn about sustainable agriculture.
Obuleemi obwenzaarwa kwainganizaaga okugonza okutali kumu.,Traditional political systems balanced various interests.
kanpuni ekagalihya enkora yayo ey'okusubura byoma byakalimagezi,The company expanded its e-commerce operations.
"kakuba wali omuhagati y'orukara orugumire, gumizamu n'osoma- tiniho hakumalira y'oruganikyo","If you was in the middle of a hard chapter, keep reading - it's not the end of the story."
Omumirimo eyengaro ahakaba harumu n'okuteera embugo.,Traditional crafts included barkcloth making.
Yoweri Museveni akataho Amahe agaboona Rwangirra.,Yoweri Museveni formed the popular Resistance Army.
ekikali kyatooro mu FORT PORTAL kikasikiriza abagenyi baingi,The Tooro palace in Fort Portal attracted many visitors.
ebibo empyaka nekora kurungi hansi eyimukire,The new variety is suitable for higher altitudes.
kakuba gavumenti yataireho omuhendo gwahansiho habwengo zamani gizooba abantu abaingi bakubaire nibakozesa amaani agaani agarukugarurwa buhyaaka,"If the government had subsidized solar panels, more people would use renewable energy now."
enkora y'okusesira ebirimwa amaizi guyambaho abalimi omukasumi kekyanda,The new irrigation system helps farmers during the dry season.
obu barasemeze nyina nyowe eka yona nija okuterana hamu omulingo oguntakaroraga,When my mother will be diagnosed the whole family came together in a way l've never seen before.
"kakuba twalinzire ebibira baitu, ntusobora okulinda engeri eby'ebihangwa eby'emihanda n'emihanda","If we protected our forests, we can preserve biodiversity and prevent climate change."
"kakuba orayenda okwetegereza ebyobuhangwa baitu, tandika n'ebyokulya baitu","If you will want to understand our culture, start with our food."
ekitebe kikagwa omu 1977 habw'okwahukana mupolipo,The community collapsed in 1977 due to political differences.
noija okufayo kakuba nyikara hanu?,Will do you mind if I sit here?
obusiri bwensigo zokubyara busemeza omulingo gwiltaka,Permanent beds improve soil structure.
nigenza esimu yange egendwehoomuire,I need my phone charging.
"Kakuba nakukozire ekintu ntaine butiine butiini bwokugwa, nakutandikireho entaahya yange.","If l could do anything without fear of failure , l'd start my own business."
obujanjabi bwetagisizibwe okukebera omusahi buli kaire okurora enkora y'omusahi,The treament has required regular blood tests to monitor liver function.
ninyija okusagika omwana omwihanga erindi- nigwija okuba omulingo omutaito okukora embaganiza,I will sponsor a child in another country-it's a small way to make a difference.
kampuni etangaine okweteranizaho kw'abemigabo,The company has faced shareholder activism.
ninyenda okusara sukali,I needed to cut down on sugar.
bakitunnzi naija kutangatangana kiguzi omukuru,The sales team will present to a major client.
"nyegambira nyowe nyeka ninyija okugenda omukitabu bukyali, kandi narora vidiyo mpaka saaha munana ez'ekiro","I tell myself l'd go to bed early, and then watched videos until 2AM."
nkasasu amaizi gange ijo,I pay my water bill yesterday.
enkoko baikaire nibazirisa cacu,The chickens have been fed with maize grain.
okubaira emiti nambere ebaire etemerwe nikija kugaraho irindiro lyebesoro by'omukisaka mukicweka nambere byali,The reforestation project will bring back wildlife that had disappeared from the area.
Nambere baisenkuru itwe abaira bahumuliire nuko turaziika abafu baitu.,We will bury our dead in the ground where our ancestors rest.
tujaguza amagesa n'ekihuro ekiba kirumu ebyokulya byona ebitwalimire,We celebrated the harvest with a feast that includes all the food we have grown.
kangaroo nija okuguruka egende n'omwana gwayo nambere ebyama,The kangaroo will away hop with its baby in its pouch.
Akiiriire kimu hanyuma y'okumusemeza.,She made a full recovery after the operation.
enyanja victoria ikaire nesinganyo obukoto mufica,Lake Victoria has been the largest lake in Africa.
ebaire parisi nambere nabandize okutangatangana,It has been in Paris that they first met.
nsaswire omusoro omubwire ijo,I have paid my taxes on time yesterday.
Ekyaro kyaitu kikonyera abanyakuli omukwetaaga.,Our village has always helped those who are in need.
Obwakaba nakyahika ati nokugenderaho.,No sooner had she arrived than she had to leave.
irwaro nirija okutekaho ekiro eky'okutangatanganiramu abarwaire abali omubwetago,The clinic will offer same-day appointments for urgent cases.
nitwija okuha okukehebwaho kwemihendo hali abaana abakalimagezi,We will offer student discounts on software.
bulemeziki obwokeheze omwezi oguhaire,How much weight had you lost in the past month?
taxi empyaka bagitandikireho omwaka ogurukwija,The new tax has been implemented next year.
ekika kaitu nikija kugira engeri y'okutangira omwaka omuhyaka eyemabaganiza,Our clan will have its own special way of welcoming the new year.
akagumizamu nakora nobu habaireyo etoko,He kept on working despite the noise.
noija okwetagisibwa okwikaza okuguru kwawe kwimukize kukehya okuzimba,You will need to keep your leg elevated to reduce swelling.
nitwija kuha amata g'ente ag'okubaza hali ba'isekuru itwe,We will give the first milk from the cow to the ancestors.
ekibumbe nikija owoleka ekisani ky'omurwani w'ekyaro,The sculptor will carve a statue of the village hero.
omusisi nigwija okupimwa musanju nobutonyezi butano ha mizani ya ricita,The earthquake will measure seven point five on the Richter scale.
egali y'omwika eraba aheru y'orubuga neja kuba nungi muno nti nkaba ntasobora okubyama ntagirozire,The train ride through the countryside will so be beautiful that i did'nt sleep a wink.
nkasunga ekituru kyomutini nikyoleka ngu kikagamba oruganikyo rw'omukama owamani ijo,I watch a shadow puppet show that told the story of a great king yesterday.
nitwja okukehyaho emihendo buli mwaana n'abakuru,We will give discounts to students and seniors.
akatebe akobutale nikecencura ebirugire omubintu ebibyarwe,The marketing team is analyzing the return on investment of campaigns.
tukaha okukehebwaho kw'emihendo hali abaana hali byakalimagezi,We offered student discounts on software.
oburorwaho by'ebikaro ebyakara byolekere enkoragana nahamusa gwenyanja,Archaelogical has evidenced shows trade connections with the coast.
"nitwija okumara ekiro ekyani kyona niturora, nitusaba kandi nitusera okuganyirwa","We will up all stay night during Laylat al-Qadr, praying and seeking forgiveness."
"obukama bwa Bunyoro nibwijukibwa Omubizina, okwebuga, okutebya nenganikyo .",The Empire of Kitara is remembered in epic poems and songs.
Irwarro line ekyahuro kyebitabu ebirukukwataho ebyobwomezi.,The hospital has a patient library with health information.
"kakuba twine obwire bundi, twndi bungire amatemba gihanga nago","If we have more time, we would have visited the northern part of the country too"
emitano yabajungu temanyirire ebika byabantu nobuhangwa,Colonial boundaries have ignored ethnic and cultural divisions.
yusufu lule aherizeho nkomukuru wihanga okumara akasumi kataito,Yusuf Lule has served as president briefly.
yusufu lule naija okuherezaho nkomukuru wihanga kumara aksumi kataito,Yusuf Lule will serve as president briefly.
nyinenkuru nyowe arukaka ebigega eby'akatale kumara emyaka nyingi,My grandmother weaves baskets for the market for many years.
"kakuba abantu batalisiza muno, itaka nirija kusigara rw'orwezo","If the community does not overgraze the land, the soil would still be fertile."
magarita niko akosolya akacyasingireyo okuraiha ha kasozi sitanule,Mount Stanley's highest peak was Margherita peak.
"nija okutumya caayi y'omwani, baitu bakandetera amajani omusobi- nkazonzora ekyokunya kyange kyembaganiza","I will order coffee, but they brought me tea by mistake -and l discovered my new favorite drink."
"kakuba ntalikalire haihi nawe ekiro kyokubanza haisomero, obwomezi bwange bwandibaire bwembaganiza muno","If I have not sat next to her on the first day of school, my life would be completely different."
itwe abeeginabantu bakuru hubakekezaaho,We give discounts to students and seniors.
ekitebbe kya uganda porotekita kikatangatagana okuhakanizibwa kuruga omubitebbe ebindi,The Uganda protectorate faced resistance from various groups.
ekitebe ky'bakitunzi kikececura amagoba gakapuni,The marketing team analyzed the return on investment of campaigns.
Iguru nirisobororwa kuba rugonjo orwina ebyambu ebirukuera hansi yarwo-ekisisani eki kimpumuza.,Paradise is described as a garden with rivers flowing beneath it-that image comforts me.
abaana begere emizano y'okuba bagumisiriza,The children have learned the games that teach them to be patient.
ensi eyoleka obukugu obwekika kyahaiguru omumirimo,The earth demostrate worked sophisticated engineering.
abantu behumwize habizina ebyamporampora,The crowd has back swayed and forth to the slow music.
ebyefuna bikahambirize emihendo y'ebintu okweyongera muno,The economy faced inflationary pressures.
Abasungi nibaseyeya enyuma nomumaiso habwekizina ekiruugenda mpora mpora.,The crowd is swaying back and forth to the slow music.
nitwija okwetorora kaaba emirundi musanju omukaire kahaji-kitwijikya obumu nkabaikiriza,We will circle the kaaba seven times during Hajj-it reminds us of the unity of believers.
eka yaitu ekahondera omulingo gw'obusere gwenyini okumara ebyasa,Our family followed the same marriage customs for generations.
abakora engoma z'obukama bakatunga amagezi gembaganiza,The Royal drum makers held specialized knowledge.
ekicweka ekikyasingireyo okunyumira omukijaguzo kyona kibaire akasumi nambere buliomu wena yaikalire hansi bonahamu,My favorite part of any celebration has been the moment when everyone finally sits down together.
"kakuba ntatunga okwgaramu obumanzi nkabaza nawe kirokinu, titwanditungire obunyani bunu","If l does not muster the courage to talk to her that day, we would have missed out on this friendship."
omunya nigwija okucicya omukira gwako kandi katoroke hali ekinyonyi,The skink will wiggle its tail and escaped from the bird's grasp.
omukazi akabanza kukora omukitongole kyokuhereza abaguzi atakabaire kirolerra mirimo.,She had been working in the customer service department for years before she became manager.
omusomesa wange owunyenda agambire ngu nkaba nyine ekisembo kyokuhandika ebigambo ebi bikasigara nanye,My favorite teacher has told me that i had a gift- for writing those words stayed with me.
akahuka kaibaire komumuyaga kandi kajanjara bwango,The virus was airborne and spreads easily.
yukahaguza amazarwa g'omwana waitu n'ebisembo bya nyina na'ise,We celebrate the birth of a child with gifts for the mother and father.
omukazi akega hakulima n'okulisa habwokwebaisaho,She learns about sustainable agriculture.
nandibaire ngumireho muno okukira mbaire ntekanize,I have wound up staying longer than planned.
buli kiro kyoona nyega ekintu kuruga omubaana bange mbe nigonza rundi tinkugonza,I learn something from my children every single day—whether I want to or not.
abazirweneho nibaija kugaruka n'ebitekerezo ebihyaka n'okunihira,Veterans will return with new ideas and expectations.
ekitebe ky'abantu kisagikire bandi okuterayo akazina kandi kamu,The crowd has cheered for the band to play one more song.
"hakumalira kw'omulimo gunu, nitwija okwegesa abalimi omutwaro gumu omukulima ky'owebaisaho","By the end of this project, we trained ten thousand farmers in sustainable practices."
omujajabi akozeseze amani gabaisenkuru okukiza omusaija omurwaire ijo,The healer has used the power of the ancestors to cure the sick man yesterday.
nkega ekintu kuruga hali abaana bange bulikiro- oba ninyenda obu tiwenda,I learned something from my children every single day — whether I want to or not.
NRA ekaleeta endema endi.,The NRA developed a parallel administration.
ninyija kusiga ekihemeheme kandi nkisindike hamutimbagano nyekya,I will draw a funny cartoon and posted it on social media yesterday.
ninyija okwetagisibwa okukebera sukali omumubiri buli kaire,I will need to have my blood sugar levels checked regularly.
akandindisa kumara esaaha,She made me wait for an hour.
tukatangira omwami omuhyaka n'ekijaguzo ky'ekitinisa hali abaisenkuru abamukomeremu,We welcomed the new chief with a ceremony that honors the ancestors who chose him.
irwaro ritaireho ekiro eky'okutangatanganiramu abarwaire abali omubwetago,The clinic has offered same-day appointments for urgent cases.
naija okukora nk'omwehanuzaho kumara emyaka atakatahire ekitongole,She will work as a freelance consultant for years before she joined the firm.
abazirweneho bakagaruka n'ebitekerezo ebihyaka kandi n'okunihira,Veterans returned with new ideas and expectations.
Yekaru haihi ne'eka yange enyina ebidde ebiteera omwizooba lyoona mbigoza kibihurra.,The temple near my home has bells that ring all day-I love hearing them.
Omurwaire ensigoye etandikire kukora kurungi.,The patient's kidney function has stabilized.
abaana bakozire ebijwaro by'ekiro ky'ebimenke,The children have designed costumes for the Halloween parade.
Noija kwetaaga kujwara ekiseminti kumara sabiiti mukaaga.,You'll need to wear a cast for six weeks.
"Kusisikara kwamaizi , kukwasireho ebyobwomeezi bwa'abantu babulikiro.",The water pollution has been affecting the health of local communities.
omrwaire ayolekerege oburorwaho obwokwekengera,The patient showed signs of sepsis.
gavumenti neja kuletaho enkora empyaka hali abalimi abakulima ebyokulya,The government will provide subsidies for farmers who practice sustainable agriculture.
Abasigazi nibakora orugo rw'ente.,The young men are building the new kraal for the cattle.
"kakuba nitwija okukozesa orwezo orwakibabi, ntusobora okuhindura orwezo rwitaka tutakozeseze emibazi","If we will use green manure, we can improve soil fertility without chemicals."
ebyafayo eby'okubaza byolekere okwijuka kw'abantu abakuru,Oral history has projected record elders ' memories.
asiga senteze omubizinesi zeka,He invests in a family business.
ekika kyatu nikija okugira ekizina ekyembaganiza ekituzina omukasumi akomugaso honka,Our clan will have its own special song that we sing only at the most important times.
kampini ekataha omukatale akahyaka,The company entered new markets.
"obunkuba ntarubasire, nkega okuba wamani omubiro obunkaba","When I have not walked, I learned to be grateful for the days I could."
ekakozesa okwahura sente kuraba mubyakalimagezi mirundi gingi,I used online banking for most transactions.
ensama ekairukira mu kisaaru kwesereka entale,The waterbuck ran into the river to escape the lion.
Ebisasaizi byawe obikora ota kandi bwireki?,What is your exercise routine like?
orora ota kasinga turoramu muvi kirokinu,How about watched a movie tonight?
omulimo gwange omurungi ogutwakozire tuli bantu baingi gwali ogu ogutwabandize kunywana nukwo hamu kyayongeraho,My best group project was when we became friends first and worked together second.
ekinyonhyi rugoro kikairuka kyacwanganiza ekisaka nebikya byaakyo kibirahiriize,The emu ran across the field with its long neck stretched out.
"kakuba wali omuhyaka omunyikiriza yabantu, weyanjule- abantu nibaija okukutangira","If you was new to a faith community, introduce yourself -people will welcome you."
Nkaba ntakasiimaga encumba ya nyina nyowe kuhikya obu naganzire aheeru Kandi niyeriisa.,"I never appreciated my mother,s cooking until l moved out and had to feed myself."
Ebinyonyi bifuruka nibigenda habulyo mubwiire bw'omusana.,The birds migrate south every year to escape the cold winter.
Amahe amacunguzi gakaba g’baganiizemu.,The Uganda National Army was divided.
omwaka gw'enkumi ibiri asaatu tukatunga okukeha kwingi muno habwokusisikara kwobuhangwa,"By 2030, we achieved a significant reduction in the loss of biodiversity."
abajungu bakakozesa ekitebe n'amani gamahe okumaraho obuhakani omu bunyoro,The British used military force to subdue resistance in Bunyoro.
twetoroire kaaba emirundi musanju omukaire kahaji - kitwijikya obumu nkabaikiriza,We have circled the kaaba seven times during Hajj-it reminds us of the unity of believers.
"kakuba oba omuhyaka omunyikiriza yabantu, weyanjule- abantu nibaija okukutangira","If you be new to a faith community, introduce yourself -people will welcome you."
okuhinduka kwamihendo nikinihirwa okweyongera haiguru,The inflation rate was expected to rise.
UPDF eketaba omubitebe kalinda businge.,UPDF has participated in peace keeping missions.
"Twine omugenzo gwokukingura ekisembo kimu hanweri okuzooka , kandi nukwo butoosa.","We have this tradition of opening one gift on Christmas Eve , and its always pajamas."
taxi empyaka nejakutandika omwaka ogurukwija,The new tax is implemented next year.
okucamuka kworusozi kuhambirize ekuminekumi zabantu okuruga omumaka gabo,The volcanic eruption has forced thousands of people to evacuate their homes.
"ntindikwija kunihira nti ninyija kumaraho omwaka gunu, baitu hati ndihanu","I will not think I'd make it through that year, but here I am."
iguru bakilisoboraho nk'omusiri ogwine ebisaru ebirukugera okuruga hansi- ekiekisani kibunda buda,Paradise was described as a garden with rivers flowing beneath it-that image comforts me.
wakabaga otungire ekigarukwamu hali anesitesiya,Had you ever had a reaction to anesthesia?
abaana nibaija okwega emizano eyeyegesa okuba bagumisiriza,The children will learn the games that teach them to be patient.
"akasumi kona ntekereza ntungire okugarukwamu, nyega ekintu kihyaka","Everytime I thought I've figured it out, I learn something new."
niyija okwijuka bulikiro akasumi nayetegerizemu isomo eryatabanizaga okumara emyezi,L will always remember the moment l finally understood a concept l'd struggled with for months
"Rora ebinyonyi omumwanya, tibisiga, tibigesa baitu Isinywe anyakuli omwiguru abiriisa.","Look at the birds of the air; they do not sow or reap, yet your heavenly father feeds them."
Endagaano eya Uganda ay 1900 ekyali y'omugaso.,The Uganda Agreement of 1900 remains historically significant.
"tifwireyo biki bwobailize, tinkwija kuhindura ebitekerezo byange","No matter what you said, I won't change my mind."
ebyefuna bihambirize emihendo y'ebintu okweyongera muno,The economy has faced inflationary pressures.
oruganda rwaitu rugira ekizina kyarwo ekitongole ekituzina ha busumi obukuru.,Our clan has its own special song that we sing only at the most important times.
buli bwirebwona nyijuka akasumi na yetegerrizemu ekintu ruksabe mazire akasumi kaingi obwire bwingi obwa ameezi nindengaho kukyetegereza kirembe,l'll always remember the moment l finally understood a concept l'd struggled with for months
owenanga ruhuhwa nayongeramu okukwatwaho kwobujure nokwecumitiriza omumaraka gebidongp,The harmonica player adds a bluesy feel to the band's sound.
omuraire ayolekere oburorwaho bw'okukira,The patient has shown signs of improvement.
nbuzirwemu omulingo abatahi batimba ebijaguzo obukaba nkyali muto,I have missed the way the whole neighborhood would decorate for festivals when l was a kid.
abachwezi baikare baine obukama onwezarwa,The Bachwezi has been associated with the origins of kingship.
tukagaba biya ey'okubanza kuruga omwihisizo erihyaka hali byaisenkuru itwe,We offered the first beer from the new brew to the ancestors.
isenkati nyowe naija okugambira oruganikyo nkoku engeri yatangatagaine iba hakatale nukoakunekaneka,"My aunt will tell the story of how she met her husband at a market so vividly, l feel like i was there."
ndemererwa omu kwikya obu nkokora ebisasaizi.,I've been feeling short of breath when I exercise.
okubandwa kubamu okwikiriza muruhanga,Traditional religion included belief in a supreme creator.
ninyija okukozesa okwahura sente kuraba mubyakalimagezi emirundi nyingi,I will use online banking for most transactions.
nyetagisibwe okukebera sukali omumubiri buli kaire,I have needed to have my blood sugar levels checked regularly.
nyikaire ninyenda iwe obe wamazima hali nyowe,I have needed you to be honest with me.
"nambere orakoma okulengaho,nuho orukkwija okukoma okutunga","The more you practice, the better you will get."
ebyefuna bitekaine omwezi ogurukwija,The economy has recovered in the coming months.
obujanjabi bubaire bwoburumi baitu nibukoraho,The treatment has been painful but is usually effective.
akozire nk'mwehanuzaho kumara emyaka atakatahire ekitongole,She has worked as a freelance consultant for years before she joined the firm.
"Nkarora ebirukuhuniriza omukusaba okwokukizas,emibazi ekyetarukusaborra.",I've seen miracles of healing that medicine could'nt explain.
Ekiro kyaijo nsaswirege ibanja lya intaneti,I paid my internet bill yesterday.
omusomesa wange oyokusiga akangamba ngu tinyine ekisembo- nkaka mwoleka nti agwiri,My art teacher tells me l had no talent - l proved her wrong.
Abasaija nibombeka ibandiro erunyaka erirukwija kutamu ekitinisa omuzimu ogw'ekyambu.,The men are building the new shrine that will honor the spirit of the river.
ekisuzi nikija okutemba omuti kandi kirinde ebyokulya hansi,The jaguar will climb the tree and waited for its prey below.
omusigi asigire ekisisani hakisika kisomero wiiki erukwija,The artist has painted a mural on the school wall next week.
eka harwigi orukugarukaho etugulirege eby'okulya b'yomwezi gwona hanyuma y'okusemeza,The family next door has brought us meals for a whole month after my surgery.
"omurundi gwonkubanza okurora enyanja, nkaburwa ebigambo","The first time l saw the ocean, l was completely speechless."
akabaighora omuti ogutali nigwo,He barked up the wrong tree.
naija okukora omukicweka ky'okwetegereza enkora y'ebintu ebirungi okumara emyaka atakafwokere omukuru wekitongole,She will work in the quality assurance department for years before she became director.
taxi empyaka bakagitandikaho omwaka oguhwaire,The new tax was implemented next year.
nikija okuba muparisi niho babandize okutangatangana,It will be in Paris that they first met.
ebikaguzo bibare byenziha okukira ebigarukwamu ebinkaba nyine,The questions have now been deeper than the answers i had before.
Noija kwetaagisa kupima obulemeezi bw'amagufa gaawe.,You'll need to have your bone density tested.
Abago babaga bekitinisa omubukama.,Royal wives held significant status in the kingdom.
kanpuni nija okutunga abahakaniza abataito,The company will acquire a smaller competitor.
obworayetaaga ekintu kyona omwanyise,"Should you need anything, just let me know."
Gavumenti eresire enkora y'okucwaaho emihendo y'ebintu habw'abalimi abarukukozesa ebyolimi ebirukwikaraho.,The government is providing subsidies for farmers who practice sustainable agriculture.
Ninyetaaga okukebera sukali yange buli kaire.,I need to have my blood sugar levels checked regularly.
omusaija akateka sente ze omumasamba,He invested in a real estate investment trust.
"omukazi akangambira,""omusana nigwija kujwa nyenkya,kandi naiwe oti.""","She told me,""The sun will rise again tomorrow, and so will you""."
"Orufu rwalsenkuru nyowe rukuba rwokujaguza obuwomezibwe -nobukiraba tukaba tuli omumazisa, tukamubazaaho ,nokuseka twaseka.",My grandfather's funeral was a celebration of his life - e told stories and laughed through our tears.
ebicoli nibija kusisibwa kadoima,The maize crop will be damaged by fall armyworm.
"kakuba ntalitire obutobo bw'ibale, tinandyombekere obwomezi bwange ngeri nali ni nyenda","If l had'nt hits rock bottom, l never would have rebuilt my life the way l wanted it."
nija okubabihabiha baruge omunju nukwo agitunde,He will persuade them out of selling the house.
nsasura ebintu byange nsuwarensi ijo,I pay my property insurance yesterday.
atekamu sentu nyigi muno,He invests in a hedge fund.
okutokora amizi kutalibaniza obwomezi obwabantu bahansi,The water pollution affects the health of local communities.
ebirimwa ebisweka ita nibija okutangira okutwarwa kwitaka,Cover crops will protect soil from erosion.
"Omuntu obwafa , ekyaro kiija kugaragara , kababe bamanyire kurungi rundi tibamanyire.","When someone dies , the whole village comes to pay respects , whether they knew them well or not."
Omutwe gworusozi Stanley oguraihire muno nugwo Margherita.,Mount Stanley's highest peak is Margherita peak.
ayehaisa we wenka habwencumbaye,She prides herself on her cooking.
ninyija okusara sukali,I will need to cut down on sugar.
okucamuka kworusozi kukahambiriza ekuminekumi zabantu okuruga omumaka gabo,The volcanic eruption forced thousands of people to evacuate their homes.
balima omusiri ni bakozesa turakita,They plowed the fields using a tractor.
Abalemi aba matwale bakahandika engeso zobusi bwensi hamu n'ediini.,Colonial officials recorded local customs and languages.
ebisosoro byebitindinda bikora nkasente buwire kw'okulema kwabajungu,Cowrie shells are used currency in pre-colonial times.
"kakuba ntatereobutobo bw'ibale, tinandyombekere obwomezi bwange ngeri nali ni nyenda","If l had'nt will hit rock bottom, l never would have rebuilt my life the way l wanted it."
Abaana baitu benda kuhurra oruganikyo nkoku twatangatangaine.,Our children love hearing the story oh how we met -they make us tell it every anniversary.
ntahire okubatizibwa kwamunyani wange nobu kiraba tindi mukurisitayo- kibaire kyekitinisa okuba kaiso,I have attended a friend's baptism even though I'm not christian-it was an honor to witness.
omukazi akasoroza embibo entoro z'okwahura,She collects indigenous seeds for preservation.
Omuhabiremu abaire atali nuwe.,He's barking up the wrong tree.
Enyikiriza enzaarwa ekaba erumu emirwa y'okwisa enjura n'okugesa.,Traditional religion included rituals for rain and harvest.
"Tubanza okuha abakuru abaira , amata agatubanza okukama omunte.",We give the first milk from the cow to the ancestors.
omuzaani womuzaano gwaharutuutu ataaha nazaana ekicweeka kyomusinguzi mu muzaano eyabulikiro,The actor plays the role of the hero in the local drama.
ebyefuna bakabitebereza okukura mporampora,The economy was projected to grow at a moderate pace.
Haibandiro nuho turukwiija kujaguliza ebijuma ebyokubanza.,We will celebrate the first fruits with a ceremony at the shrine.
Akatebe akobutale nikalengesaho emikura kamanyisa amakuru,The marketing team is testing new advertising channels.
nyikaire niyetagisabwa esimu yanga kuba acagingire,I needed my phone charging.
tukamara obwire bwekiro bwona nitumaliriza ebitwali nitwija kwoleka tukamalirra tukozire kurungi muno twatunga guredi yokubanza enungi muno.,We stayed up all night finishing our presentation and ended up getting an A.
enyunyuzi nizija kwaka muno ekiro omumwanya kukira ebitara by'omurubuga,The stars will brightly shine in the night sky away from city lights.
enu haihi niyo ebaire nsonga nkuru,This was by far the best option.
ekiragiro ky'ezaabu kibaho buli nyikiriza eyobuzale abandi nkoku betwaza,The golden rule exists in every faith tradition-treat others as you wanted to be treated.
Abekika kyange nibu bantu bange bokubanza munyikiriza-ebindi byoona birugirra aho.,My family is my first community of faith-everything else flows from that.
ebentu ebimu ebyomugaso tikwija okwetagisa isomero,Some of the most important things I will have nothing to do with school.
emihanda y'obusubuzi eyabajungu enwanisize okuruga hanyaja mpaka muda,Pre-colonial trade routes have connected the interior to the coast.
enguta eyokubanza eya caayi w'omwani gwali murwa omutaito oguntalyosaga,The first sip of morning coffee was a small ritual I never skip.
ebyafayo eby'okubaza byayolekaga okwijuka kw'abantu abakuru,Oral history projected record elders ' memories.
"omurundi gwokubanza obundukwija okurora enyunyuzi okuraba omukitangazo, niyija okuhura okubaho kwenkintu ekitakuhwaho","The first time I will see the starts through a telescope, I felt the presence of something infinite."
Enganikyo zoleka ebya abantu abakuru ebibamanyire,Oral history projects record elders' memories.
"Ekiro ekyaijo omurwa gw'okulinda ebirimwa, omwigi wenjura agukozirege.",The rainmaker performed the ritual to protect the crops yesterday.
ndozirege ebyamahano by'okukiza omubazi ogu gutasobara okusoborra,I saw miracles of healing that medicine could'nt explain.
joseph kony ayebembire orutaro rwokuhakaniza orwaLRA,Joseph Kony has led to LRA rebellion.
nkaba nyine obuzibu n'okutekana ahahuliriza,I had difficulty concetrating.
UPDF nija okwetaba omubikorwa by'okulinda obusinge,UPDF will participate in peace keeping missions.
"kakuba obaire omuntu akusaba, nosobora okusabira eka yange esaara emu","If you will be the praying type, could you say one for my family?"
ekyaro kaitu kiguma nikiyamba abo boona abatakwesobora,Our village always helped those who are in need.
Hakumaliira kwe kyaasa kiru nitwiija kuba tumazire kwatundwira enkoragana yaitu n'ebyobuhangwa.,"The the end of this century ,we will have transformed our relationship with nature."
tarukwija kufika omugabo gwa abakama babizinesi,He will never miss a dividend payment.
"Ab'ekitongole kyebitwehinguliriize eky'ebyeruyegesa batairemu omuhumbo ab'emyaaka erw kuuba bebembezi,bebitwehinguliriize.",The environmental education center has inspired a new generation of environmental leaders.
emu nija okwiruka okwetorora ekizaniro n'ebikya byayo ebiraihize,The emu will run across the field with its long neck stretched out.
Kakuba tulinda ebibira byaitu ntusobora kwikazaaho ebyobuhangwa ntutangirayo n'empindahinduka y'obwiire.,"If we protect our forests, we can preserve biodiversity and prevent climate change."
magarita nikaija okuba akasolya akacyasingireyo okuraiha ha kasozi sitanule,Mount Stanley's highest peak will be Margherita peak.
amani g'okwombeka buhyaka geyongire omubicweka ebyali bihikirweho,Reconstruction efforts have continued in affected areas.
Akarwarro nikaikiriza omurwaire kurora omufumu ahanaho obwakuba olikubi muno.,The clinic offers same-day appointments for urgent cases.
"Omurundi gwange ogwokubanza kurora enyunyuzi mukimulika, nkehurra ndozire ekitakuhwayo.","The first time I saw the starts through a telescope, I felt the presence of something infinite."
anaga enjura naija kuzina nukwo enjura egwe egi eyitukwendera ebirimwa ijo,The rainmaker will dance to bring the rain that we need for the crops yesterday.
"Nkasaba cayi yakawa, baitu bandeteramu eyanmate habwensobi kandi namanyira ekyokunywa ekihyaka kyange.","I ordered coffee, but they brought me tea by mistake -and l discovered my new favorite drink."
"ninyija okuba nobukugu obutasobora okusobora, nukwo nsobole okubeta abatini","I will have experiences that I can't explain, so I just call them sacred."
ekitebe kyabantu nikinja kusagika bandi okuterayo akazina kandi kamu,The crowd will cheer for the band to play one more song.
ayongize emirimoye yona hamu habwe ebintubwe ebicwirwemu,He accumulates a portfolio of dividend stocks.
"Obusasi bwija nkebigonzi ebiro ebimu ninyikya ,ebiro ebindi tindukusobora.","The grief comes in waves some days l can breath , some days l can't."
ninyija okuhura nalemesibwa okwicya obunyegezamu,I will feel short of breath when I exercise.
nkepima nyenka kusoborra kwange kusigiki rra omwebi ebinakozire kumara emyaka nahati hoona nindengaho kubyebwa ryonka tibikanyebaga,I measured my worth by my GPA for years—I'm still unlearning that.
tuketorora kaaba emirundi musanjuomukaire kahaji- kitwijukya obumu nkabaikiriza,We circled the kaaba seven times during Hajj-it reminds us of the unity of believers.
Oburwaire bukatandikira omu katale akarukutundirwamu ebyokulya ebibisi.,The outbreak originated in a wet market.
arukwija okungambira naija okuba mugenzi wawe omwojo,The one who will tell me was your brother.
Obusonsogoro bwobutindinda bwakozesibwaga nka sente omubusinge obwobulemi obwamatwale butakabaireho.,Cowrie shells were used currency in pre-colonial times.
abalinzi nibaija okukora okuseruliriza hali engeri enjojo zibaza obu batungire okugarukwamu,The conservationists will conduct research on elephant communication when they made a breakthrough discovery.
nsaswire amaizi gange ijo,I have paid my water bill yesterday.
obujanjabi bubaire bwasente nyingi baitu nibukoraho,The treatment has been expensive but effective.
"Obuntekereza ngu nkyetegeriize,nubwo nyega ekintu ekihyaka.","Everytime I think I've figured it out, I learn something new."
nkajwara omusalaba omubikya byange- kijukyokyo ekyogu nambere ngwa,I wore a cross around my neck-it's a areminder of who i belong to.
ebyefuna nibija bitekana omwezi ogurukwija,The economy recovers in the coming months.
Abasungi esimu zaaba baziimukize nukwo bakwaate amaraka 'ebirukukorra.,The audience is holding up their phones to record the performance.
ebintu ebimu ebyomugaso tinyine ekikwetagisa isomero,Some of the most important things I have nothing to do with school.
oine okweyegesa enyikara enungi okutangira okurumwa omugongo,You should practice good posture to prevent back pain.
Nyina endugu mukisiika kyange nambere nsabira-kataito baitu keezibwe.,I have a corner in my room where I pray-it's simple but holy to me.
kiki ekibaire nk'okwegezamu kwawe kwabulikiro kuba?,What was your exercise routine like?
orora ota kasinga turora muvi kirokinu,How about has watched a movie tonight?
"kakuba ntalikalire haihi nawe ekiro kyokubanza haisomero, obwomezi bwandibaire bwebaganiza muno","If I did not sit next to her on the first day of school, my life would be completely different."
eka harwigi orukugarukaho batugulire ebyokulya by'omwezi gwona hanyuma y;okusemeza,The family next door brought us meals for a whole month after my surgery.
Obworaba notalubana omubwomeezi ekitabu kya yobu nikisobora kukukanyere kuzazaaho okwikirza nokubonabona.,"If you're struggling , the book of job might speak -its about suffering and faith."
"hakumalira ye kyasa kinu, tuhindura ekoragana yaitu n'ebyobuhangwa","The the end of this century, we transform our relationship with nature."
kiki ekibaire ekyafayo kyawe hali kookoro,What has been your family history of cancer?
ninyija okuburwamu engeri abatahi batimba ebijaguzo obukaba nkyali muto,I will miss the way the whole neighborhood would decorate for festivals when l was a kid.
Ekitebe kikahwahi omumwaka ogwa 1977 habwobutetegerezangana omubyendema.,The community collapsed in 1977 due to political differences.
"hakumalira kw'omulimo gunu, tukegesa abalimi omutwaro gumu omukulima ky'okwebaisaho","By the end of this project, we train ten thousand farmers in sustainable practices."
"tukaba twine enkora enu enkuru eyokukingura ekisembo kimu hanyuma ya crisimasi, kandi bikizire kuba empale zomunda","We had this tradition of opening one gift on Christmas Eve, and its always pajamas."
kakuba obaire osindikire obutumwa hali omuntu atali nuwe otakigenderire. Nomanya ebikaratima byahonaho,If you have ever accidentally sent a text to the wrong person. you know that immediate panic.
"kakuba ntalitungire okwegaramu obumanzi nkabaza nawe kirokinu, titwanditungire obunyani bunu","If l did not muster the courage to talk to her that day, we would have missed out on this friendship."
beeya ekakwata esamaki omukyeya nebinono byayo ebikoto,The bear has caught salmon in the river with its huge paws.
ekitebbe kya uganda porotekita kitangatangaine okuhakanizibwa hali ebitebbe ebindi,The Uganda protectorate has faced resistance from various groups.
akahuka nikaija kuba komumwanya kandi kajanjara bwango,The virus will be airborne and spreads easily.
"Turaara niturora omukasumi ka Laylat al-Qadr, nitusaba kandi nitwesengereza okuganyirwa.","We stay up all night during Laylat al-Qadr,praying and seeking forgiveness."
ekigongoro kitahire omumusenyi obu ekihu kigenzire,The clam has burrowed into the sand when the tide went out.
ensigo z'omuraire nizikora zitaikaine,The patient's kidney function stabilizes.
nyikaire niburwamu omulingo abatahi batimba ebijaguzo obukaba nkyali muto,I missed the way the whole neighborhood would decorate for festivals when l was a kid.
ekikali kyatoro bakagarukamu bakyombeka hanyuma y'okugaraho obukama,The Tooro palace was rebuilt after restoration.
Akateekwa ha mubazi ogurukuleeta oruzaaro kumarra emyaka ebiri.,She underwent fertility treatment for two years.
Abantu bakuru tubaramukya nekitiniisa habwokuba betwekere amagezi agaira.,We greet the elders with respect because they carry the wisdom of the past.
akatebe akatunzi nikahayo hali omuguzi owamaani,The sales team is presenting to a major client.
entajumba etire omuranga ogurukusandara obu yaboine enjoka,The guinea fowl has made a loud chattering sound when it saw the snake.
omulingo emihendo y'ebitnu yeyongera kandi ekeha ekaire etekaine,The inflation rate has soon stabilized.
tujaguza amagesa hakumalira kwa sizoni,We celebrate the harvest festival at the end of the season.
Busaho kintu ekibi nk'okurubata omu maizi ojwaire sokisi...,There's nothing worse than stepping in a puddle with socks on .
"kakuba oba orbire omukintu kigumangaine, manya ngu omuntu, ahantu, nibakusabira","If you have gone through something hard, know that someone, somewhere, is praying for you."
omutezi wenanga naijakuteranizaho omulere ha bandi,The harmonica player will add a bluesy feel to the band's sound.
"kakuba wali oyegereho orulimi oruhyaka, nomanya omuniniro ry'orubazo rwonkubaza","If you ever learned a new language, you know the thrill of your first real conservation."
irwaro likaba line omusabi owabaho obusagiki bwebyomwoyo,The hospital had a chaplain available for spiritual support?
ebitabu ebihanganzi bihindwire engeri y'itaka,Permanent beds have improved soil structure.
kakuba noija okusindika obutumwa hali omuntu atali nuwe otakigenderire. Noija okumanya ebikaratima byahonaho,If you will ever accidentally send a text to the wrong person. you know that immediate panic.
"Kakuba oba oli muhyaka omukiteba kya baikiriza, oyeranyege, abantu bali kulagirre karungi.","If you're new to a faith community , introduce yourself -people will welcome you."
"omuyaga gw'enyanja guyambireho okutabaniza okwocya okwetorora ensi, nigukendezaho embera y'obwire omusi","The ocean currents have distributed heat around the planet, regulating global climate."
ebyenfuna bikatekana omwezi ogurukwija,The economy recovered in the coming months.
tukazika isenkuru nyowe kyakabiri omunjura nukwo kikakwataho embera yabuli omu,We buried my grandfather on a rainy Tuesday that matched everyone's mood.
ndozire ebyamahano byokukiza omubazi ogu gutasobora okusoborra,I have seen miracles of healing that medicine could'nt explain.
nkaijuka ekiro obunatungire kadi yeryahuro ly'ebitabu obujunanizibwa bwingi,L remembered the day l got my library card so many posibilities
ekiteteyi kyawe ekirungi okakigura nkaha?,Where did you buy that beautiful dress?
"kakuba basi etalindekere ekiro eki, tinandibwoine munyani wange muno.","If i did not miss the bus that day, i never would have met my best friend."
"Omwehanga hangi ekisisani nyaisatu , akaiihamu kurungi ,mukikuya kyomuti kimu kiti.",The sculptor has chiseled a figure out of a single block of wood.
omwaana wa isento nyowe naija okwega orulimi rwensita orw'abakiza,My cousin will learn the secret language of the healers.
"kakuba tutakehya okucumurra ekika, ekyanda nikija okweyongera","If we do not reduce our carbon emissions, global warming will get worse."
"ebigonzi bikatera omusa gwenyanja gutabandi okutera omuranga, bikaletaho okusisa okwamani","The tsunami struck the coastline without warning, causing massive destruction."
orafayo kakuba nyikara hanu?,Has done you mind if I sit here?
okucamuka kwamabale hansi omwitak nikwija kuletaho okuhangwaho obuhanga muhagati y'enyanja,The volcanic eruption will create a new island in the middle of the ocean.
Ebigambo ebyobusinje kuruga hali abakuru birinzire obusinge omubantu baitu.,Our community has kept the peace through the words of the elders.
kakuba oba osindikire obutumwa hali omuntu atli nuwe otakigenderire. Nomanya ebikaratima byahonaho,If you ever accidentally sent a text to the wrong person. you know that immediate panic.
abachwezi nibaija okuba baine obukama obwezarwa,The Bachwezi will be associated with the origins of kingship.
"Okuhulika kwe'kiirro ekyamaaru kuruga hansi ,kikambiriza enkumi z'abantu kurunga mu maka gaabo.",The volcanic eruption forced thousands of people to evacuate their homes.
kiki ekyali ekyokulya ekitarukwikirizibwa,What was your dietary restrictions?
omukozi wafilimu ahinduramu omuzanogwe kandi ayetekanize okugwoleka ensi,The filmmaker edits her movie and is ready to show it to the world.
orubazo rwomuraire rukahindura orubazo rw'omubudabuda,The patient's speech improved with speech therapy.
Omukwaasi w'ebisisani bya harutimbi okwasirege oburungi bwensi yayoleka ebisaaru ensozi n'ebihanga mumuingo ogurukuhuniiriza.,The filmmaker has captured the beauty of the landscape in stunning detail.
omuzini naija okwegezamu amazina g'okugesa omwezi ogukwija tutakahikire hakijaguzo,The dancers will rehearse the harvest dance for months before the festival.
Oburugwa obwendema eya Bakama nibusangwa omu Bacwezi.,The Bachwezi are associated with the origins of kingship.
omuranga gw'okumanyira eby'obuhangwa guhikire abantu akakaikuru kamu,The environmental awareness campaign reaches over one million people.
embina yomukisaka ekairukya empara habwa mairu nyingiho kuhirya obuyajwahire,The wild dog chased the impala for miles until it tired out.
nsangire ruhanga ayanguhire muno omuby'obuhangwa kukira omubyombeko,I have found God more easily in nature than in any building.
tuhaire okukehebwaho kwemihendo buli mwaana n'abakuru,We have given discounts to students and seniors.
"kakuba oba oboineboine, ekitabu ky'emirimo kyandibalize- kiri hakubonabona n'okwikiriza","If you have struggled, the book of job might speak -its about suffering and faith."
"omurundi ogurukwija okuba gwokubanza okurozaho ekinazi, kyali kakodyo","The first time I will taste fresh coconut, lt was magic."
okuhinduka kwaemihendo yebintu nikwija okunihirwa okweyongera haiguru,The inflation rate will be expected to rise.
ebibo emyaka ebaire nungi hansi eyimukire,The new variety has been suitable for higher altitudes.
hobworambagambaki tinsobora kuhingisa ebitekerezo,"No matter what you say, I won't change my mind."
omulimo omukuru om ukitebe gubaire okubaza okuba abanya ni kandi no okukorahamu,My best group project has been when we became friends first and worked together second.
ndozirege ebituuru byebisisaru ebisarazirwe ebirukugambaho oruganikyo rwomukama owamaani kiro kyaijo,I watched a shadow puppet show that told the story of a great king yesterday.
nyahwire risiti habwesonga z'omusoro,I have kept receipts for tax purposes.
atunga okwimukiza ha mulimo,He receives a raise at work.
tukatekaniza ekijaguzo ekikoto okusima baisenkuru itwe,We prepared a big feast to thank the ancestors.
Obwisurumba obutaito bugeta nibweborongasa haibaale nibwooleka erangi z'omuhangazima.,"The waterfall cascades down the cliff, creating a beautiful rainbow."
nitwijaguza ebijuma ebyokubanza n'ekijaguzo hairamizo,We celebrated the first fruits with a ceremony at the shrine.
obu nyina nyowe abaire asemezibwe eka yona eketeraniza omulingo oguntakaroraga,When my mother has been diagnosed the whole family came together in a way l've never seen before.
ekicweka kaitu nikija olinda obusinge kuraba omubigambo by'abakuru,Our community will keep the peace through the words of the elders.
Omurwaire nayoleka oburorwaho bwokuba kubi.,The patient is showing signs of sepsis.
ekyaro kaitu kibaire nikiyamba abo boona abatakwesobora,Our village has always helped those who are in need.
"Omuliisa wange abaire nekka yange omukuzaarwa, omukufa, nebindi byoona hagati omu.","My pastor has been with our family through births, deaths and everything in between."
okuhandika kwabaramagi nikwija okutandika omukyasa kya 19th m'uganda,Missionary writings will document 19th century Uganda.
"akasumi kona ninyija kutekereza ntungire okugarukwamu, nyega ekintu kihyaka","Everytime I will think I've figured it out, I learn something new."
owuyangambire akaba mugenzi wawe omwojo,The one who told me was your brother.
omutendereza amanyira abakuru nekizina kye ijo,The praise singer honors the chief's bravery with his song yesterday.
ekitebe kyabantu kihireyo amasimu gabo okukwata obutambi bw'omwolekyo,The audience has held up their phones to record the performance.
akamanyisa nkoku arukwetaaga kutaha mukitebe,He expressed interest in joining the club.
ekijumankuba nikija okunya amaizi okuraba omubuhuru bwakyo okutunga eby'okulya,The sponge will filter water through its pores to get food.
nguzire ebuntu omu supamaketi buli wiiki,I have bought groceries from the supermarket every week.
naija okubonabona nigufwa ly'enyugunyu eryahendekere omukugwa,She will suffer a fractured hip in the fall.
omusaija abyaire omu mutemwa kahagura,He has invested in a hedge fund.
naija okwgomba iwe okwija hamukorogwe,She will like you to come to her party.
emibazi yebisaka lyali nirikora muno okukira emibazi eyahati,Herbal medicine was widely alongside used modern medicine.
Ekka yaitu etangirra entambaruki omuka yaitu.,Our family has always welcomed strangers into our home.
ekigongoro kikatahira omumusenyi obu ekihu kyagenzire,The clam burrows into the sand when the tide went out.
enkoragana empyaka eyobusubuzi imukize entundwa ye bw'obulimi aheru yihanga,The new trade deal has boosted agricultural exports.
ebyenfuna nibija kuhambiriza emihendo y'ebintu okweyongera muno,The economy will face inflationary pressures.
entajumba ekakunga namaani obuyarozire enjoka,The guinea fowl made a loud chattering sound when it saw the snake.
enyunyuzi zikaka muno ekiro omumwanya kukira ebitara by'omurubuga,The stars brightly shone in the night sky away from city lights.
Benedicto Kiwanuka nuwe yabandize okuba mukuru wa baminista.,Benedicto Kiwanuka became Uganda's first chief minister.
"kakuba orayega orulimi oruhyaka, noija okumanya omuniniro gwokubaza orubazo rwokubanza","If you will ever learn a new language, you know the thrill of your first real conservation."
okuju kwawe okuhutaize ota?,How did you injure your knee?
cukamba y'omuyanja ekaturukya ehuzo z'amakamba okwerwanaho,The sea cucumber squirted sticky threads to defend itself.
Ekiro ekyaijo omuzini azinirege nkonku ekyaro kyaitu kyatandikire.,The praise singer told the story of the founding of our village yesterday.
enyange imerire kurrngi muno omumaizi gahaihi,The egret has stood perfectly still in the shallow water.
ekyombeko kya ntusi kyoleka obwakaiso byabaikazi orubuga abakara,The Ntusi sited shows evidence of early urban settlement.
anagisa enjura azinirege kandi yasaba okuleta enjura eyerukwija okwijuza ebisaru ijo,The rainmaker has danced and prayed to bring the rain that would fill the rivers yesterday.
nitwija okuhemba kando hali baisenkurur baitu kandi tugambire enganikyo zabo hali abaana baitu,We will light a candle for our ancestors and tell their stories to our children.
naija okwoleka okugonza okutaha ekitebe,He will express interest in joining the club.
ekiragiro ky'ezaabu kibaho buli nyikiriza eyobuzale abandi nibakyenda nkoku betwaza,The golden rule exists in every faith tradition-treat others as you have wanted to be treated.
Milton Obote akebembera Uganda okuhika ha kwereme.,Milton Obote led Uganda to independence in 1962.
Ebintu ebimu ebirukukira OBUKURU ebinayegere bikaba bitaine KAKWAATE NEBIBEEGA omu Isomero.,Some of the most important things I've learned had nothing to do with school.
tutekaniza ekijaguzo ekikoto okusima baisenkuru itwe,We prepare a big feast to thank the ancestors.
omufumu naija okukozesa ebisaka n'oburogo,Traditional healers will use herbs and spiritual practices.
omutendereza naija kumanyira abakuru nekizina kye ijo,The praise singer will honor the chief's bravery with his song yesterday.
abaana bakege emizano eyeyegesa okuba bagumisiriza,The children learned the games that teach them to be patient.
nkasiga ekihemeheme kandi kandi nakisindika hamutimbagano ijo,I draw a funny cartoon and posted it on social media yesterday.
okubaira emiti nambere ebaire etemerwe kigarwireho irindiro lyebisoro byomukisaka mukicweka nambere byali,The reforestation project has brought back wildlife that had disappeared from the area.
obuguuda bwihanfa nubuleberizibwe okukurra ha ndubata ingaine -ingaine,The economy is projected to grow at a moderate pace.
naija okusasura ibanja lyabanka,He will pay off his mortgage.
"kwetoroora kwamaizi hansi nahaiguru ,rukumu kucuuka nkorwooya nigagenda mu mwaanya orwoya kukwata rukakora ebicu amaizi garuga mubicu kagwa","The water cycle involves evaporation, condensation, and precipitation."
omusomesa wange owunyenda agambira ngu nkaba nyina ekisembo kyokuhandika ebigambo ebi bikasigara nanye,My favorite teacher tells me that i had a gift- for writing those words stayed with me.
omukozi wa filimu naija okukwata obutambi bwebihangwa ebirungi omubwijwire,The filmmaker will capture the beauty of the landscape in stunning detail.
nofwayo kakuba nyikara hanu?,Did you mind if I sit here?
eka yange nija okuba niyikiriza yange ey'okubanza -ebisigare bihondera hanyuma yekyo,My family will be my first community of faith-everything else flows from that.
amaya nija kwiruka muno nti ekitalago tikisobora okugikwata,The gazelle will so fast run that the cheetah could not catch it.
omuranga gw'okumanyira eby'obuhangwa gukahika abantu akakaikuru kamu,The environmental awareness campaign reached over one million people.
"Nkakaguza nyinenkuru nyowe obwakaba omumpiko zokufa nti,nororaki-akamwegerra yagamba ati ""Eyererezi"".","I asked my grandma what she saw- she smiled and said, ""Light""."
noyetagisibwa okuwikaza okuguru kwawe kwimukize kukehya okuzimba,You needed to keep your leg elevated to reduce swelling.
"buli mwaka, nyetegereza kataito kandi nyebundaza kataito","Every year, I have understood a little more and claim a little less."
"kakuba nalintalitire obutobo bw'ibale, tinandyombekere obwomezi bwange ngeri nali ni nyenda","If l had'nt has hit rock bottom, l never would have rebuilt my life the way l wanted it."
"ekisaru muporampora kihondera ekihanga, nikituha amaizi gokusesira ebirimwa","The river gently flowed through the valley, providing water for irrigation."
omukozi wa filimu akakwata obutambi bwebihangwa ebirungi omubwijwire,The filmmaker captured the beauty of the landscape in stunning detail.
abekento bamalirizege alipota y'omwaka,The finance team has finalized the annual report.
Kakuba gavumenti yakozeseze kare amaani Twakubaire lwiina ebitwehinguliriize ebyeowruuu muno.,"If the government had invested in renewable energy earlier, we could have a cleaner environment now."
empangi nija okukoka okumanyisa ezindi hali akabi,The crow will loudly caw to warn the others of danger.
andindisize okumara esaha yona,She has made me wait for an hour.
busayo kintu ekibi nkokurubata mukigana otajaire sokisi,There was nothing worse than stepping in a puddle with socks on.
abaire bize nayetekaniriza ebirengeso,She has been busy preparing for her exams.
Obworaba noyeuliza muno KWEEGA gambiraho OGU ayakisobozeseze kubaho.,"If you're grateful for your education, tell someone who made it possible."
omukazi akozire mukeeto kumara emyaka nyingi atakafokere CFO,She has worked in the accounting department for years before she became CFO.
Itwe nitwiija kutangurra omunyoro omihyaka n'omukoro ogwokutamu ekitinisa abaisenkuru itwe abaire abamukomere.,We will welcome the new chief with a ceremony that honors the ancestors who chose him.
yusufu lule akaherezaho nkomukuru wihanga kumara akasumi kataito,Yusuf Lule served as president briefly.
Ibura ly'amaizi likwasireho muno ebyobulimi mu kicweeka kyaito.,The water scarcity has been affecting agricultural production in the region.
nsasura ebisale byange by'omutimbagano ijo,I pay my internet bill yesterday.
abasaija bakombeka iramizo erihyaka erikwija okuha ekitinisa emyoyo y'ekisaru,The men built the new shrine that will honor the spirit of the river.
nkataha okubatizibwa kwamunyani wange nobu kiraba tindi mukurisitayo- kibaire kyekitinisa okuba kaiso,I attend a friend's baptism even though I'm not christian-it was an honor to witness.
"kakuba ttwija okukozesa amaizi agakufuka habwengoye, ntusobora okulinda amasanyarazi kandi tukehye omwika","If we will use cold water for laundry, we can save energy and reduce emissions."
isomero ly'ebyobuhangwa likagaramu amani abebembezi abeby'obuhangwa ab'omulembe omuhyaka,The environmental education center inspired a new generation of environmental leaders.
okucwekaho kurugirire omubugwa izoba byakatale,The outbreak has originated in a wet market.
Omurundi ogwokubanza ogunaroleezeeho enaz kikamatiza ngu majiki.,"The first time I tasted fresh coconut, lt was magic."
omusoro gwaberambanda guhambirize baingi omubusibi,Colonial taxation has forced many into wage labor.
ekisuzi kikatemba omuti kandi kyalinda ebyokulya hansi,The jaguar climbed the tree and waited for its prey below.
eka yange ebaire nyikirza yange y'okubanzaba -ebisigaire bihondara hanyuma yekyo,My family has been my first community of faith-everything else flows from that.
Nyina esaara eyinsaba obunkwatwa otuuro-nikyo kintu kyokumalirra ha bwongo bwange.,I have a prayer I say when I'm falling asleep-it's the last thing on my mind.
Omulimi akombera omusiri gwe ogwa muhogo sabiiti ehoire.,The farmer weeded his cassava field last week.
"dora ebinyonyi omumwanya; tibisigire rundi okugesa, baitu iwe ise owomwiguru obirisa","Look at the birds of the air; they have not sown or reap, yet your heavenly father feeds them."
"mutabani wange akagwize,""ruhanga ali nkaha?"" nkamusongera hamutima gwange n'ogwe","My son has asked me,""Where is God?""I pointed to my heart and his."
omwani nigwija okuba kituru hansi y'ebitoke,The coffee will be shade-grown under banana trees.
elyahuro ly'ebintu ebyafayo omubukama byatoro nirija okutunga enyonyi y'ebyafayo,The Tooro kingdom's museum will exhibit historical artifacts.
igana lyabantu nirija kusemererwa omukoro gutakatandikire,The crowd will buzz with excitement before the show starts.
"nkaba nttaine kuninhira kwona ngu ninyija kusobora kugura eka eyang,baitu ndi hanu, nitekakaho omukono hakipapura wiiki erukwija","I never have thought l'd be able to buy mu own home, but here l am, signing the papers next week."
"ebigonzi nigwija okutera omusa gwenyanja gutabandi okutera omuranga, bikaletaho okusisa okwamani","The tsunami will strike the coastline without warning, causing massive destruction."
Ekikaro ekyolekerwamu ebintu harumu n'emirimo y'engaro eyaira.,The Tooro kingdom's museum exhibits historical artifacts.
Ninferwa omulingo amaka agatwetoraire nkoku bategekaga ebiro bikukuru nkyali mwana.,I miss the way the whole neighborhood would decorate for festivals when l was a kid.
enju yemizaano yaharutuutu empyaka nijja kwoolekaga emizano yasekisipiya buli bwiirre oburutagata,The new theater will stage Shakespeare plays every summer.
omufumu andagirire okurora omubudabuda maisonamaiso,The doctor recommended physical therapy.
enjojo ekaboroga niraka eryahaguru okulinda esarosaro zayo hamaizi,The elephant seal loudly bellowed to defend its territory on the beach.
ebintu by'emikono by'enzarwa nitwija kutwarana okukora orubugo,Traditional crafts will include barkcloth making.
"obunahimbire owaana wange owunzaire,nketegereza engozi zaruhanga hali itwe omungeri emyaka","When I held my newborn baby, I understood God's love for us in a new way."
Ekiro ekyaijo nsaswirege ensuwarensi eya matungo gange,I paid my property insurance yesterday.
Abafumu abenzaarwa bakozesaaga ebisaka n'emyoyo emibi.,Traditional healers used herbs and spiritual practices.
emihanda y'obusubuzi eyabajungu ekaba nenwanisa okuraga hanyanja mpaka munda,Pre-colonial trade routes connected the interior to the coast.
"kakuba oba oine ekyokwenda kyona, iwe ngamba","Should you needed anything, just let me know."
abuza ebisumuruzobye,She has always lost her keys.
akora omukicweka ky'okwetegereza enkora y'ebintu ebirungi okumara emyaka atakafwokere omukuru wekitongole,She works in the quality assurance department for years before she became director.
omulimo gy'okuzirukya ekisaru gukagaraho obwomezi bw'ebihangwa okumara emyaka eataano,The river reclamation project restored the ecosystem for five years.
okubura kwamaizi kukatalibaniza ebyobulimi n'obulisa omukicweka,The water scarcity affected agricultural production in the region.
oburorwaho by'ebikaro ebyakara nibija okwoleka enkoragana nahamusa gwenyanja,Archaelogical will evidence shows trade connections with the coast.
"gunu omurundi wiiki erukwija, tubyame kubyama hamusa gwenyanja","This time next week, we lay on a beach."
enyikiriza y'obuhangwa ebairemu bainsekuru abebika,Traditional religion has included ancestor veneration.
agumizemu nakora nobukiraba haliyo etoko,He has kept on working despite the noise.
katemba empyaka hativi nija kuba ine bulyomu nabaza,The new comedy series on television will have everyone talking.
Tutakacwiremu ekyokukora itwe tusaba emizimu eturagirre.,We ask the spirits to guide us before we make important choices.
"kakuba omuntu afwa omukyaro kyaitu, abantu bona besoroza baija okusagika eka","When someone die in our village, the whole community together came to support the family."
sente zempapura empyakabakaziturukya,The new currency notes were soon introduced.
"Kakuba abasi bensi batungire itaka likooto eryokulisizamu, itaka lyakubaire likyarumu ekiriisa.","If the community had not overgrazed the land, the soil would still be fertile."
Ebiro bisatu omu rubuga orututatekanizaaga kobunga.,Three days in a city we'd never planned to visit.
Ekiro ekyaijo omuzini atoridogoroire ebyabaire omubulemu obwajurure obukama.,The praise singer told the story of the battle that saved the kingdom yesterday.
omusaija ateka sente ze omumasamba,He invests in a real estate investment trust.
UPDF yetaba omubikorwa by'okulinda obusinge,UPDF participates in peace keeping missions.
"gunu omurundi wiiki erukwija, nitwija kubyama hamusa gwenyanja","This time next week, we will lie on a beach."
ensigo z'omuraire nizija okutekana,The patient's kidney function will stabilize.
anaga enjura azina nukwo enjura egwe egi eyitukwendera ebirimwa baitu ijo,The rainmaker dances to bring the rain that we need for the crops yesterday.
"ekiniga nikija kwija omubicweka ebiro ebimu nisobora kwikya, ebiro ebindi tinkusobora","The grief will come in waves some days l can breath, some days l can't."
Omubazi gwa sente nyingi baitu nigukora.,The treatment is expensive but effective.
akakira kimu obubamazire okumusemeza,She made a full recovery after the operation.
Omusaija ataire embyarwa omubuli katongole,He has diversified his investments across sectors.
ekitongole ky'ebyobuhangwa nikija okwegesa abantu okulima n'okulisa okwokwebaisaho,The environmental organization will train community members in sustainable agriculture
Ekiro kyaijo omwigi w'enjura eyiturukwetaaga acekecerege kuleeta rnjura.,The rainmaker danced to bring the rain that we need for the crops yesterday.
abantu nibaija kwesoroza omuka y'omunyoro habw'orukurato,People will gather at the chief's house for the meeting.
"Obunahimbire omwana waitu,nketegereza okugonza kwa Ruhanga halitwe buhyaka.","When I held my newborn baby, I understood God's love for us in a new way."
ekygoora kiratokera haiguru kumanyisa ebindu nkoru hakaba haroho akabi,The crow cawed loudly to warn the others of danger.
ebinyoma bikagendera mu rukoorra bihumbire ebyaana byabyo nubigaru mukwiina kyaarwo,The ants marched in a long line carrying crumbs back to their nest.
kiri kita kusunga omuzano kiro kinu,How about watching a movie tonight?
omunya gucikize omukira gwako kandi katoroka hali ekinyonyi,The skink has wiggled its tail and escaped from the bird's grasp.
Noyetaagwa kwikaza okuguru kuhanikirwe kukehya okuzimba.,You'll need to keep your leg elevated to reduce swelling.
tisima iyina nyowe habw'okucumba okuhikya obunagezire natandika okwerisa,"I never appreciate my mother, s cooking until l moved out and had to feed myself."
nkozeseze kadi yabanka okutunga obugoba,I have used a credit card for the rewards points.
Obulemi obw'ababiito bwebembiire Bunyoro kuruga omukyasa ekya ikumi na mukaaga.,The Babiito dynasty has ruled Bunyoro since the 16th century.
Akarwarro nikakira kujanjaba abakazi.,The clinic specializes in women's health.
Noija kwetaagisa kwesiigaho omubazi nambere hali akahere emirundi ebiri buli kiro.,You'll need to apply the cream to the rash twice daily.
okubyarana nikwija okuyamba okukozesa itaka,Will intercrop maximizes land use.
ninyija okutaha okubatizi kwamunyani wange nobu kiraba tindi mukurisitayo- kibaire kyekitinisa okuba kaiso,I will attend a friend's baptism even though I'm not christian-it was an honor to witness.
begulire emotoka empyaka bonka na bonka,They have bought themselves a new car.
kampuni ekatangatangana okweteranizamu kw'abemigabo,The company faced shareholder activism.
obukama byakitara bwikaire nibwijukibwa omunganikyo n'omubizina,The Empire of Kitara has been remembered in epic poems and songs.
nijnja kwenga kwenyumirizamu nobukuba ndi omuburumi-nikimanyisa nkyali mwomezi,I will learn to be grateful even in pain-it means I'm still alive to feel.
abaana nibakora ebyokujwaara byekiro kyokuraba murubuga nibasaba mugenzo gwabajungi,The children are designing costumes for the Halloween parade.
okutwarwa kwitaka kihambiriza abalimi okuleka itaka lyabo kandi bagenda mumbuga,The soil erosion forces farers to abandon their land and move to cities.
"Nsiima Ruhhanga obuba bwizire ntakabyamire , nomubiro ebigumire.","I thank God every night before sleep , even on the hard days."
"kakuba aba atakasabahoga, hati tinkumanya obunaba nyine okwikiriza","If has never quested, then l'm not sure l have faith."
akasasura amabanjage gona,He paid off all his debts.
emitano yabajungu etamanyire ebika byabantu nobuhangwa,Colonial boundaries ignored ethnic and cultural divisions.
ebirimwa ebisweka ita birinzire okutwarwa kwitaka,Cover crops have protected soil from erosion.
Mwezi gurukwija nitwija kutangirra omunyoro omuhyaha.,We will welcome the new chief with a big celebration next month.
omusoro gwa aberambanda nigwija kuhambiriza baingi omubusibi,Colonial taxation will force many into wage labor.
Ndora muno Ruhanga omubimera kukira onubyombeko.,I find God more easily in nature than in any building .
ntunda emigabo okusiga sente omumigabo yakampuni ijo,I sell some bonds to reinvest in equities yesterday.
omulimi naija kwombera omusirigwe gwamuhogo wiiki ekwija,The farmer will weed his cassava field next week.
"Abasungi abaingi , basemereriirwe abateezi bebidongo basaba babongereyo ekizina ekindi.",The crowd is cheering for the band to play one more song.
"kakuba gavumenti ekehya omuhendo gwa sola pano, abantu baingi nibaija kutandi kukozesa amasanyarazi","If the government subsidizes solar panels, more people would use renewable energy now."
"Kakuba ndi wokukugambira ekintu kimu hali enaku, nikyo ngu otaligyehugura-ogirabemu.","If I could tell you one thing about grief, it's that you never get over it-you get through it."
Irwarro line ekisiika ky'abakazi benda nabaruku zaara hamu n'ebisika nambere omurwaire akusasurra obujanjabi.,The hospital has a maternity ward with private rooms.
ebintu ebimu ebyomugasotinyine ekikwetagisa isomero,Some of the most important things I have had nothing to do with school.
omukago gw'obusubuzi omuhyaka gwimukya ebitundwa aheru,The new trade deal boosts exports.
anagisa enjura abanza okukora emigenzo kulinda ebirimwa ijo,The rainmaker performs the ritual to protect the crops yesterday.
ekeleziya haihi neka yange egira ebide ebitera ekiro kyona -nyegomba okubihuliriza,The temple near my home has had bells that ring all day-I love hearing them.
Mpererra omwana omwihanga erindi-kataito baitu nikoleka embaganiza.,I sponsor a child in another country-it's a small way to make a difference.
amani g'okwombeka buhyaka geyongire omubicweka ebyali bihikirweho,Reconstruction efforts continued in affected areas.
"omukyar kyange, buli omu amanyiri buli omu- busayo ensita yona.","In my village, everyone knew everyone - there are no secrets."
"omurundi gw'okubanza okugenda mwoyomubudabuda, nkatina ekinazonzora hali nyowe","The first time I go to therapy, I was terrified of what I might discover about myself."
abekento nibaija okurabyamu amiso omukihandiko kyentekaniza yatu,The finance committee will review the proposal.
ekikali kyatooro nibaija okukigarukamu bakyombeke hanyuma y'okugaraho obukama,The Tooro palace will be rebuilt after restoration.
ebikaguzo hati byali byenziha okukira e bigarukwamu ebinkaba nyine hanyuma,The questions were now deeper than the answers i had before.
izaniro ly'emizano elihyaka likakingurwaho hali abantu abaine obulema,The new theater was accessible to people with disabilities.
tujagwize ebijuma ebyokubanza n'ekijaguzo hairamizo,We have celebrated the first fruits with a ceremony at the shrine.
Akatebe akeby'ensimbi nikamaliiriza ensoborra ( ripoota ) eyabuli mwaka.,The finance team is finalizing the annual report.
Oratungireho obulemezi kuruga hamubazi gw'okukabisa batakakusemize?,Have you ever had a reaction to anesthesia?
sente zempapura empyaka niziijza kutandikisibwa bwango,The new currency notes will be introduced soon.
ngura ebintu omu supamaketi buli wiiki,I bought groceries from the supermarket every week.
ninyija kusabira obusinge omumadini gona-ntwena tuli baana baruhanga omu,I will pray for peace among all religions-we're all children of the same God.
omusigi asigire ekisisani hakisika kisomero wiiki erukwija,The artist paints a mural on the school wall next week.
Endema eya matwale omu Uganda ekangirirwa ebitongole ebyabantu abatali bamu.,The Uganda protectorate faced resistance from various groups.
nibaija kulima omusiri ni bakozesa turakita,They will plow the fields using a tractor.
Okeehere omu bulemeezi ekirukwingana nkaha.,How much weight have you lost in the past month?
obu basemize nyina nyowe eka yona eketerana hamu omulingo ogunkaba ntakaroraga,When my mother is diagnosed the whole family came together in a way l've never seen before.
nyijukire akasumi kenyini nkaba nimanya ekikwenda okukora noby'omezi bwange,I have remembered the exact moment l knew what l wanted to do with my life.
ekijumankaba kinwire amaizi okuraba omubuhuru bwakyo okutunga eby'okulya,The sponge has filtered water through its pores to get food.
entajumba nija okutera omuranga ogurukusandara obu yaboine enjoka,The guinea fowl will make a loud chattering sound when it saw the snake.
ekitebe kyabakituzi kyecwecwire amagoba gakampuni,The marketing team has analyzed the return on investment of campaigns.
"kakuba twali twine obwire bundi, twndi bungire amatemba gihanga nago","If we had more time, we would have visited the northern part of the country too"
"gunu omurundi wiiki erukwija, tubyamire hamusa gwenyanja","This time next week, we have lied on a beach."
Abalimi bakozesa ebijunzire kwongera oburungi omu itaka.,Farmers use compost to improve soil structure.
tutangira omuhikirwaho omuhyaka n'ekijaguzo kyamani omwezi ogurukwija,We welcome the new chief with a big celebration next month.
endagano ya uganda ey'omwaka gwa 1900 ekasigara nkekyafayo kyamani,The Uganda Agreement of 1900 remained historically significant.
kampuni etahire omukatale akhyaka,The company has entered new markets.
"Njwara omusalaba omubikya byange,gunyijukya nooha owumpondera.",I wear a cross around my neck-it's a areminder of who i belong to.
"kakuba noija kuba omuhagati y'orukara orugumire, gumizamu n'osoma - tiniho hakumalira y'oruganikyo","If you will be in the middle of a hard chapter, keep reading - it's not the end of the story."
tusabire omwoyo atwebembere tutakakozire ekwamu ey'omugaso,We have asked the spirits to guide us before we make important choices.
abazirweneho bagarukire n'ebitekerezo ebihyaka n'okunihira,Veterans have returned with new ideas and expectations.
Kubyara embibo erukukira hemu omu musiri gumu kikonyera kukozesa kurungi itaka.,Intercropping maximizes land use.
kampuni eriyo netaaha omubutale obuhyaka.,The company is entering new markets.
omuzani naija okuzana nkenmazi omumuzano,The actor will play the role of the hero in the local drama.
"Omutekanisa webisisani by'oeutmbi ayecencwiire omuzaana gw'ebisisani ebiruugenda , n'amaraka gaakyo kandi ayeteekaiize kugwoleka omunsi yoona.",The filmmaker has edited her movie and is ready to show it to the world.
omurwaire ayolere oburorwaho obwokwekengera,The patient has shown signs of sepsis.
obujanjabi bubaire tiburukwinganiza n'embera y'omutima,The medication has been contraindicated with certain heart conditions.
"ninyija okusima ruhanga bulikiro ntakabyamire, n'omubiro ebigumangaine","I will thank God every night before sleep, even on the hard days."
obujanjabi nibwija kwetagisibwa okukebera omusahi buli kaire okurora enkora y'obune,The treament will require regular blood tests to monitor liver function.
bakitunzi atangatagaine kiguzi omukuru,The sales team presented to a major client.
"hakumalira y'omusomo gunu, twegeseze abalimi orukumi rumu omukukozesa orwezo kuruga omubijuzire","By the end of this project, we have trained one thousand farmers in organic methods."
orufu rwa isenkuru nyowe nirwija kuba kijaguzo ky'obwomezibwe - yatugambiraga enganikyo kandi twasekaga kuraba omumaziga gaitu,My grandfather's funeral will be a celebration of his life - e told stories and laughed through our tears.
embya yomukisaka ekahambya impala mayiro nyingi okuhikya ejwahire,The wild dog chased the impala for miles until it tired out.
ninyija okurora ebyamahano by'okukiza omubazi ogu gutasobora okusoborra,I will see miracles of healing that medicine could'nt explain.
omusaija naija kuteka sente ze omumasamba,He will invest in a real estate investment trust.
nkatera ekihemeheme kandi nakisindika hamutimbagano ijo,I have drawn a funny cartoon and posted it on social media yesterday.
Aba baizi b'engoma z'Obukama baali baina okwetegereza kwingi.,The Royal drum makers held specialized knowledge.
wandi yegeseze okwikara kurungi okutangira okurumwa ky'omugongo,You have should practice good posture to prevent back pain.
"kakuba mba nkozire ekintu kyona ntaine kutina rundi okulemererwa, ninyija kutandikaho bizinesi yange","If l has done anything without fear of failure, l'd start my own business."
Kuruga ira na ira oruganda rwaitu rukamanya ekisoro eky'omuziro gwabu.,Our clan has known its totem animal since ancient times.
noija okwetagisibwa okweyegesa enyikara enungi okutangira okurumwa omugongo,You will shall practice good posture to prevent back pain.
ninja kwirukira mwa munyani wange omukuru nyencya,I will run into an old friend yesterday.
ekibumbe kyoleka ekisani ky'omurwani w'ekyaro,The sculptor carved a statue of the village hero.
okubura kwamaizi nikwija kutabaniza ebyokulima n'obulisa omukicweka,The water scarcity will affect agricultural production in the region.
"buli mugenzo gwali gwine ekigurukumanyisa, nobu kiraba tutukugwetegereza.","Every ritual had a meaning, even if we don't always understand it."
tujaguza ebijuma ebyokubanza n'ekijaguzo hairamizo,We celebrate the first fruits with a ceremony at the shrine.
ngira obuzibu by'okutekana n'okuhuliriza,I have had difficulty concetrating.
Kampuni netunga hokutundira hataito,The company is acquiring a smaller competitor.
enguta eyokubanza eya caayi w'omwani nigwija okuba omurwa omutaito ogutalyosaga,The first sip of morning coffee will be a small ritual I never skip.
biki ebyarugiremu omukukozesa omubazi ogu?,What was the side effects of this drug?
tinkwija okwomera ntaine amasanyarazi,I will not live without electricity.
Mukyaro kyange buli omu amanyire mutahiwe busaho nsita zoona.,"In my village, everyone knows everyone - there are no secrets."
"Nsima ruhanga bulikiro ntakabyamire, n'omubiro ebigumangaine","I thanked God every night before sleep, even on the hard days."
omukazi abaire nakora omukitongole ekirinda oburungi kumara emyaka atakafokere omwoleki.,She had been working in the quality assurance department for years before she became director.
Ekihoya kikatahwamu obuhuka noobu kikarolererwa nkooku kisemerire.,The wound became infected despite proper care.
"buli mugenzo nigwija kugira ekirukumanyisa, nobu kiraba tutukugwetegereza","Every ritual will have a meaning, even if we don't always understand it."
"obu ndicumbira eka yange, nkitekerezaho nkekikorwa ky'engozi- kandi n'okusaba","When I will cook for my family, I think of it as an act of love-and prayer."
banka enkuru niija kukekya amagoba,The central bank will lower interest rates.
ninyija okwijuka akasumi kenyini nkaba nimanya ekikwenda okukora noby'omwezi bwange,I will remember the exact moment l knew what l wanted to do with my life.
Owaise nyowe abaire nayega orulimi orwensita orwabafumu.,My cousin had been learning the secret language of the healers.
john hanning speak ahikire hansibuko y'ekisaru kya nile omu 1862,John Hanninng Speke has reached the source of Nile in 1862.
"oba nokyenda rundi tokucenda, tugenzire hati","Whether you like it or not, we now left."
"kakuba gavumenti etekamu sente omubintu ebikyegarukamu kara, ntusobora okuba nebyobuhangwa ebiyonjo","If the government invests in renewable energy earlier, we could have a cleaner environment now."
Ntaaha nyine obulemeezi kutekaho omutima habintu nkukora.,I've been having trouble focusing at work.
tukarara niturora ekiro kyona nitumaliriza omwolekyo gwaitu kandi tukamalira tutungire A,We stayed up all night finishing our presentation and ended up getting an A.
akasasura ibanja lyabanka,He paid off his mortgage.
omusaija takasferwaya embaagwa,He has never missed a dividend payment.
naija okundindisa okumara esha yona,She will make me wait for an hour.
Omukazi abaire nakora omukikeeto kumara emyaka atakafokere mukuru w'ebyensimbi.,She had been working in the accounting department for years before she became CFO.
tihakwija kuba kintu kibi nkokurubata mukigana otaine sokisi,There will be nothing worse than stepping in a puddle with socks on.
omuzani azaine nkemanzi omumuzano,The actor has played the role of the hero in the local drama.
okaire noyetagisibwa okuba oyonjire amaino gawe emirundi ebiri buli mwaka,You have needed to have your teeth cleaned twice a year.
tutekanize ekijaguzo ekikoto okusima baisenkuru itwe,We have prepared a big feast to thank the ancestors.
okucwamu okwakara okw'obuhangwa kukorwaho omukuru woruganda,Traditional justice has been administered by clan elders.
ninyija okukozesa kadi yabanka okutunga obugoba,I will use a credit card for the rewards points.
omulimi naija kugesa amacande ge kandi agatwale hakyoma,The farmer will harvest his sunflower and took it for pressing yesterday.
ebibo empyaka ekaba esemerire hansi eyimukire,The new variety was suitable for higher altitudes.
akaire nakora nk'owekento okumara emyaka nyingi atakatandikireho ekitongole ekye,She has worked as an accountant for years before she started her own firm.
omulingo omuhendo gw'ebintu gweyongera kandi gukeha gulihaihi okutekana,The inflation rate soon stabilizes.
Omwegesa wange owungonza akagamba nyine ekisembo ky'okuhandiika -ebyo ebigambo bikaguma nanye.,My favorite teacher told me that i had a gift- for writing those words stayed with me.
omulimi ayombire omusiri gwamuhogo wiiki ehwaire,The farmer weeds his cassava field last week.
omusisa gukabima musanju nekicweka nobucweeka ha ricita muzaani yagwo,The earthquake measured seven point five on the Richter scale.
nandigumireho muno okukira nkoku mbaire ntekanize,I wound up staying longer than planned.
Obworaba okaba orarairehonosoma ekitabu obwire bwoona obwekiro otabyamire ( OTAAIREHO ORUKOHI) nosemerra kuba nomanya OBUNUZI -bw'okwega.,"If you've ever stayed up all night reading a book because you couldn't put it down, you know real learning."
omukazi abaire nakorra mukeeto kumara emyaka atkabaire CFO,She works in the accounting department for years before she became CFO.
omusaija angire ensimbi omubyara ensimbi omubihanfanzi,He has invested in a real estate investment trust.
Omurro kahulika niguruga hansi gukahangaho ekizinga hagati y'enyanja enkooto.,The volcanic eruption created a new island in the middle of the ocean.
noija kwetagisa okutekaho kwokya rundi aisi nambere hatungire obuhuta,You will need to apply heat or ice to the injured area.
tinyomaire ntaine amasanyarazi,I have not lived without electricity.
okucwamu okwakakara okw'obuhang wanikwija okukorwaho omukuru woruganda,Traditional justice will be administered by clan elders.
"omukyaro kyange, buli muntu naija okumanya buli omu -busayo nsita yona","In my village, everyone will know everyone - there are no secrets."
"kakuba tubaire tukozeseze orwezo orwakibabi, ntusobora okuhidura orwezo rwitaka tutakozeseze emibazi","If we have used green manure, we can improve soil fertility without chemicals."
obututakeehye kusasaaniza emiika emibi ebirukuga mu makoorro na handu ensi nijja kusisikara kukira hati,"If we don't reduce our carbon emissions, global warming will get worse."
enjojo nija okuboroga niraka eryahaiguru okulinda ensarosaro zayo ahamaizi,The elephant seal will loudly bellow to defend its territory on the beach.
akaba alibize nayetekaniriza ebirenngeso,She was busy preparing for her exams.
okucwekaho nikwija okurugira omubugwa izoba byakatale,The outbreak will originate in a wet market.
NRA etandikire enkora endi,The NRA has developed a parallel administration.
ensigo z'omuraire zikatekana,The patient's kidney function stabilized.
"omuntu weena owotaganana tangana anyina ekyamanyire iwe ekyotamanyire , kandi kinu nikisemera kukuha omugisa okwega",Every person you meet knows something you don't—that's a chance to learn.
embante ekairukira omukisaru okwejuna entale,The waterbuck ran into the river to escape the lion.
amaya iruka muno nti ekitalago tesobora okugigwata,The gazelle so fast ran that the cheetah could not catch it.
"dora ebinyonyi omumwanya; bitasige rundi okugesa, baitu iwe ise owomwiguru obirisa","Look at the birds of the air; they did not sow or reap, yet your heavenly father feeds them."
bakegura emotoka empaka bonka na bonka,They bought themselves a new car.
egali y'omwika eraba aheru y'orubuga ekaba nungi muno nti nkaba ntasobora okubyama ntagirozire,The train ride through the countryside was so beautiful that i did'nt sleep a wink.
ekiteteyi kyawe ekirungi noija okukigura nkaha,Where will do you buy that beautiful dress?
noyetagisibwa okukebara igufwa lyawe ly'omugongo,You have needed to have your bone density tested.
akasiga sente ze omubizinesi zeka,He invested in a family business.
"ekisaru mporampora kihondire ekihanga, nikituha amaizi gokusesira ebirimwa","The river has gently flowed through the valley, providing water for irrigation."
mukene nizija okwesora hamu zona okuburanganiza esamaki ekontu,The sardines will together tightly pack to confuse the larger fish.
Nkozesa okwahura okwahambeho omunkoragana ya banka,I use online banking for most transactions.
omukago gwobusubuzi omuhyaka nugwija kwimukya ebyokutunda aheeru,The new trade deal will boost exports.
iguru nibaija okulisoboraho nk'omusiri ogwine ebisaru ebirukugera kuruga hansi- eki ekisisani kibunda buda,Paradise will be described as a garden with rivers flowing beneath it-that image comforts me.
"omurundi gw'okubanza ninyija kugenda mwomubudabuda, nkatina ekinazonzora hali nyowe","The first time I will go to therapy, I was terrified of what I might discover about myself."
"Omuurro gw'oruhiira gukasiisa enkurru z'amaju ,gwasiga abantu boona batairia maka.","The wildfire destroyed thousands of homes ,leaving families homeless."
ebiro bisaatu murubuga orutubaire tuturukwija kwetekaniza kubungira,Three days in a city we will never plan to visit.
Ebyokulya by'omu katale bikaba birungi muno kandi nkagyayo kugora emirundiena omubiro bibiri.,"The food in that market was so good ,l went back four times in two days"
Aine omulingo ogwandoramu ogunde tera kwehurra nk'omuntu wenka omunsi yoona.,She has this way of looking at me that makes me feel like the only person in the world
Abaire nayebembera akatebe kumara emyaka atakafokere karagiira omukuru,She had been managing a team for years before she became director.
bulemeziki obworukwija okukehya omwezi oguhaire,How much weight will have you lost in the past month?
omuzini w'okutendereza naija okugamba oruganikyo ry'orutara orwajunire obukama ijo,The praise singer will tell the story of the battle that saved the kingdom yesterday.
nkahura risiti habwesonga z'omusoro,I kept receipts for tax purposes.
Enyanja Victoria niyo erukukira obukooto omu Africa.,Lake Victoria is the largest lake in Africa.
Ntiirelye ebisisani rudingisa nabusindika hamura kiro kyaijo.,I drew a funny cartoon and posted it on social media yesterday.
omuzini w'okutendereza agambirege oruganikyo ry'orutaro orwajunire obukama ijo,The praise singer has told the story of the battle that saved the kingdom yesterday.
Irwarro line omulisa worutekerro kusagika habwe byomwoyo.,The hospital has a chaplain available for spiritual support?
nsaswire ebisale byange by'omutimbagano ijo,I have paid my internet bill yesterday.
okutwarwa kwitaka kukaletera abalimi okuleka itaka lyabo kandi bakagenda ummbuga,The soil erosion forced farers to abandon their land and move to cities.
mbaire nintina ruhanga - hati mpumura omungozi zaruhanga,I have used to be afraid of God-now I rest in God's love.
Omubazi nigusobora kukoragana n'emibazi endi.,The medication may interact with other drugs.
"nyikaire ntakukinihira ngu ninyija kugura eka yange, baitu ndi hanu, ninyija kutekaho omukono hakipapura wiiki ekwija","I never will think l'd be able to buy mu own home, but here l am, signing the papers next week."
"kakuba bus etandekere, tinanditangatangaine munyani wange muno","If i have not missed the bus that day, i never would have met my best friend."
cukamba y'omuyanja nejakuturukya ehuzo zamakamba okwerwanaho,The sea cucumber will squirt sticky threads to defend itself.
"omu 2050, tukafirwa ebisa by'enyanja habwo okweyongera kwamaizi","By 2050, we lost many coastal areas to sea level rise"
ninyija okubaira omusiri omwaka gunu- okurolera enbitu nibikura nikisana nsana okuhura okunihira nikutunga emihama,I will plant a garden this year-watching things grow feels like watching hope take root.
Uganda ey'ekyasa ekya 19 eri omubihandiiko ebyabakwenda abenjiri.,Missionary writings document 19th century Uganda.
"omuyaga gw'enyanja nigwija okutabaniza okwocya okwetorora ensi, nigukendezaho embera y'obwire omusi","The ocean currents will distribute heat around the planet, regulating global climate."
"kakuba oyendereza okarora, noija okurora ngu okumalira kwona kugira esigo eyetandikwa empyaka","If you have closely looked, you'll see that every ending carries the seed of a new beginning."
abachwezi bakaba baine obukama obwezarwa,The Bachwezi was associated with the origins of kingship.
ekitongole ky'ebyobuhangwa kyegeseze abantu omukulima n'okulisa okwokwebaisaho,The environmental organization trained community members in sustainable agriculture
abasubuzi abaswahili bakatandikaho engendo mpaka munda,Swahili traders established routes into the interior.
ekitongole ky'ebyobuhngwa kyegeseze abantu okulima n'okulisa okwokwebaisaho,The environmental organization has trained community members in sustainable agriculture
engabi katanga ekairuka ekirurru neliina hurutu kukurwaata,The gazelle ran so fast that the cheetah could not catch it.
"Mutabani wange akankaguza ""Ruhanga araha?"" namwoleka hamutima gwange nogwe.","My son asked me, ""Where is God?"" I pointed to my heart and his."
"omukyaro kyange,buli omu amanyire buli omu- busayo okusereka ensita","In my village, everyone has known everyone - there are no secrets."
katemba empyaka hativi ekaire ine bulyomu nabaza,The new comedy series on television has had everyone talking.
abantu nibatandikaho omulimo gwebyoburambuzi rutunga entaahya n'orulinda ebyobuhangwa,The community is developing an ecotourism project to generate income and protect nature.
Kampuni eri mukusindikwa abemigabo,The company is facing shareholder activism.
"Kakuba omuswija gutakeeha kikahika nyekya, ogaruke omu karwarro.","If the fever doesn't go down by tomorrow, come back to the clinic."
elyahuro ly'ebintu ebyafayo omubukama byatoro litungire enyonyi y'ebyafayo,The Tooro kingdom's museum has exhibited historical artifacts.
ekitebe kyabantu nikija okukwihayo amasimu gabo okukwata obutambi bw'omwolekyo,The audience will hold up their phones to record the performance.
ninyija okuzina karaoke namunyani wange hamukoro ijo ekiro,I will sing karaoke with my friends at the party last night.
akaguza ebikaguzo bwangobwango naija okugenda okuhikya obunagambire omulimo gwange ogw'okuyamba- nikyo kyahindwire bulikimu,The interviewer will terribly go until l mentioned my volunteer work- that changed everything.
"kurora enyuma , nibwe nakikiriize ngu niko buli kintu kyona obukyahindukire.","looking back, i realize that was the moment everything changed."
"Nkaba ntamanyire ndisobora kurabamu ogu omwaka, baitu dora kandi hanu.","I didn't think I'd make it through that year, but here I am."
"obunahimba omwaana wange owunazara, nketegereza engozi zaruhanga hali itwe omungeri empyaka","When I will hold my newborn baby, I understood God's love for us in a new way."
"omuro gw'ekisaka gusisire ekumi zamaka, gukaleka amaka maingi gataine owabu","The wildfire has destroyed thousands of homes, leaving families homeless."
nkebire emihendo y'ebintu buli nyenkyakara,I have checked the stock prices every morning.
naija kutekamu sente nyingi muno,He will invest in a hedge fund.
akatunga okwimukiza ha mulimo,He received a raise at work.
okulima enyiringani nikwija okuhondera orugyegye orwobuhangwa,Contour plowing will follow the land's natural contours.
ebara eykatemba ekingwireho ekiro ekyamahano hali abakatemba abakuru,The new comedy club has open mic nights for amateur comedians.
Emihanda eyobusubuzi yateranizaaga ensi eza hagati kuhika hamwaro omukooto.,Pre-colonial trade routes connected the interior to the coast.
nkatunda emigabo okusiga esnte omumigabo yakampuni ijo,I have sold some bonds to reinvest in equities yesterday.
ebintu by'emikono by'enzarwa tutwaraine okukora orubugo,Traditional crafts included barkcloth making.
eka yaitu ebaire nejaguza amagesa namazina agokusima itaka,Our family has always celebrated the harvest with a dance that thanks the earth.
ninyija kumalira ngumireho muno okukira nkoku mbaire ntekanize,I will wind up staying longer than planned.
akabahabura kutatunda enju,He persuaded them out of selling the house.
tuhaireyo okwongezebwayo waranti ha masanyarazi,We have offered extended warranties on electronics.
noija okwetagisibya okutekaho ebizigo nambere hamomere emirundi ebiri bulikiro,You will need to apply the cream to the rash twice daily.
"ntumisize caayi y'omwani, baitu bakandetera amajani omusobi- nkazonzora ekyokunya kyange kyembaganiza","I have ordered coffee, but they brought me tea by mistake -and l discovered my new favorite drink."
encu nyakitoito rwebiriisa zikerwanda hamu kuburangaruza encu enkooto,The sardines packed together tightly to confuse the larger fish.
okubandwa nikwija kubamu okwikiriza muruhanga,Traditional religion will include belief in a supreme creator.
abaana bakakora ebijwaro by'ekiro ky'ebimeke,The children designed costumes for the Halloween parade.
ekeleziya haihi neka yange nija okuba iine ebide ebitara ekiro kyona -nyegomba okubihuliriza,The temple near my home will have bells that ring all day-I love hearing them.
buli muntu watangantangaine amanyire ekintu ky'otamanyire - nigw'omugisa kukyega,Every person you met knows something you don't — that's a chance to learn.
abantu nibaija okutandikaho okulinda ebyobuhangwa okutungamu akasent kandi nokulinda obuhangwa,The community will develop an ecotourism project to generate income and protect nature.
omufumu naija okundagira omubudabuda maisonamaiso,The doctor will recommend physical therapy.
"Hakumaliirra kwenteekaniz'enu , nitwija kuba lwegeseze abalimi hamuringo y'orwezo kuruga mubijunzire.","By the end of this project, we will have trained one thousand farmers in organic methods."
ekitebe nikija kugwa omu1977 habw'okwahukana mupolipo,The community will collapse in 1977 due to political differences.
obutegeki bwendema y'obuhangwa nibwija okwinganiza ebintu ebyomugaso,Traditional political systems will balance various interests.
ekicweka ekikyasingireyo okunyumira omukujaguza kwona kali akasumi nambere buliomu aikara hansi bonahamu,My favorite part of any celebration was the moment when everyone finally sits down together.
tihabaireho ekintu ekibi nkoku rubata omukigana otaine sokisi,There has been nothing worse than stepping in a puddle with socks on.
akabonabona nigufwa ly'enyugunyu eryahendekere omukugwa,She suffered a fractured hip in the fall.
okubyarana ebirimwa kiyamba okukozesa itaka,Intercroped maximizes land use.
tujagwize amazarwa g'omwana waitu n'ebisembo bya nyina na'ise,We have celebrated the birth of a child with gifts for the mother and father.
Kulima kwemikiiko hansozi kuhondera emera yensi eyobuhangwa.,Contour plowing follows the land's natural contours.
nitwija okuramukya abantu abakuru n'ekitinisa habwokuba bahimba amagezi gaira,We will greet the elders with respect because they carry the wisdom of the past.
"tifwireyo biki obworukwija kabaza, tinkwija kuhindura ebitekerezo byange","No matter what you will say, I won't change my mind."
nyine koriyani eyekaba ya isekuru nyowe- kikaba kimu habintu ebyomuhendo ebyobugwetwa,I had a Quran that belonged to my great-grandfather -it's one of my most precious possessions.
Nyina guruupa yabeegi twasomere nabo omu isomero eyitubalizaaho hati twakagimaraho emyaka ikumi-duu,I have a group chat with my school friends that's been active for ten years.
obujanjabi bukozire hamu n'emibazi endi,The medication has interacted with other drugs.
eka yaitu etangira abanyamahanga omunju yaitu,Our family always welcomed strangers into our home.
obutegeki bwendema y'obuhangwa bwinganize ebintu ebyomugaso,Traditional political systems have balanced various interests.
begulire motoka empyaka,They've bought themselves a new car.
"ekisaru mporampora nikija okuhondera ekihanga, nikituha amaizi gokusesira ebirimya","The river will gently flow through the valley, providing water for irrigation."
"kakuba turatunga obwire bundi, twandibungire amatemba gihanga nago","If we will have more time, we would have visited the northern part of the country too"
ekyoma kyomubaizi kikabaija ekisisani kuruga omukihinju kyekiti,The sculptor chisels a figure out of a single block of wood.
ahairwe ekitabu okumara wiiki ibiri,She has been prescribed bed rest for two weeks.
Omusaija akuziibwe hamulimo.,He has received a raise at work.
"omwaka nambere titutrukwija okusobora ebisembo, nitwija kwahandikira ebaroha - nkyaine eyange","The year we will not afford gifts, we wrote each other letters instead - l still have mine."
kampuni nija kutaha mukatale akahyaka,The company will enter new markets.
Ebikaguzo ebinyina hati bihamire kukira ebyokugarukamu ebinkaba nyina kara.,The questions i have now are deeper than the answers i had before.
noyetagisibwa okuyonja amaino gawe emirundi ebiri buli mwaka,You needed to have your teeth cleaned twice a year.
ebihuka birubatire hamu omurukara bihimbire ebisosonkole nibibigara omukiju,The ants have marched in a long line carrying crumbs back to their nest.
"kakuba tutabaire tukeheze okucumurra ekika, ekyanda nikija okweyongera","If we have not reduced our carbon emissions, global warming will get worse."
"kakuba abantu batarukwija kulisiza muno, itaka nirija kusigara ry'orwezo","If the community will not overgraze the land, the soil would still be fertile."
akaikara nakora nobuhabaire haloho etoko,He kept on working despite the noise.
"kakuba oyendereza okarora, noija kurora ngu okumalira kwona kugira esigo eyetandikwa empyaka","If you will closely look, you'll see that every ending carries the seed of a new beginning."
Okuseruruza okwomwitaka nukuragirra hakaba haroho okusuburra okuruga hamwaro omukooto.,Archaelogical evidence shows trade connections with the coast.
ngondezege iwe obe wamazima hali nyowe,I needed you to be honest with me.
noija okwetagisibwa okukebera igufwa lyawe ly'omugongo,You will need to have your bone density tested.
Omurwaire atungire esagama erukwingana nkaha?,How many units of blood did the patient receive?
igana lyabantu lika semererwa omukoro gutakatandikire,The crowd has buzzed with excitement before the show starts.
akozire omukicweka abaguzi batungira obuyambi kumara emyaka atakabaire omurolerezi,She has worked in the customer service department for years before she became manager.
izaniro ly'emizano elihyaka balitekanize shakespeare azanira buli musizoni y'omusana,The new theater has staged Shakespeare plays every summer.
Omuka ey'omunyoro abantu nibesorooza habw'orukurato.,People are gathering at the chief's house for the meeting.
Emihendo y'ebintu nenihirwa kutemba.,The inflation rate is expected to rise.
omufumu andagirirege omubudabuda maisonamaiso,The doctor has recommended physical therapy.
embya y'omukisaka nija kuhambya impala mayiro nyingi okuhikya ejwahire,The wild dog will chase the impala for miles until it tired out.
amaya ekakairuka muno nti ekitalago tikisobora okugikwata,The gazelle has so fast run that the cheetah could not catch it.
naija okurora ekyererezi ekyatakaroraga,He will see a strange light.
"ninyija okukaguza nyinenkuru nyowe kiki ekiyarozire- akamwenya kandi yangamba,""ekyererezi""","I will ask my grandma what she saw- she smiled and said,""Light""."
"omugozibwa ruhanga, bambi rolera eka yange kandi obalinde kurungi","Dear God, pleased watch over my family and keep then safe."
abantu abaingi abesoroize abaijwiire omwiro omuzaano gutakatandikire,The crowd is buzzing with excitement before the show starts.
abaana nibaija okukora ebijwaro by'ekiro ky'ebimeke,The children will design costumes for the Halloween parade.
nkega kwenyumirizamu nyeka nobukuba ndi muburumi-nikimanyisa nkyali mwomezi,I learned to be grateful even in pain-it means I'm still alive to feel.
okutokora kwamaizi kutalibaniza obwomezi obwabantu bahansi,The water pollution affected the health of local communities.
ebisosoro byebitinda bikaire nibikora nkasente omubwire bwokulema kwabajungu,Cowrie shells have been used currency in pre-colonial times.
"Kakuba tukaba tukyaine obwire, tukaba nitwija okuramburaho amateba gi hanga.","If we had more time , we would have visited the northern part of the country too"
izaniro ly'emizano elihyaka likingwire hali abantu abaine obulema,The new theater is accessible to people with disabilities.
"akasumi kona mbaire nitekereza ntungire okugarukwamu, nyega ekintu kihyaka","Everytime I have thought I've figured it out, I learn something new."
omurwaire ayolekre oburorwaho bw'okukira,The patient showed signs of improvement.
noija okutunga ekigarukwamu hali anesitesiya,Will have you ever had a reaction to anesthesia?
nyijukire akasumi kenyini nkaba nimanya ekikwenda okukora noby'omezi bwange,I remember the exact moment l knew what l wanted to do with my life.
"obu nacumbire eka yange, nkakitekerezaho nkekikorwa ky'engozi - n'okusaba","When I have cooked for my family, I think of it as an act of love-and prayer."
"omurundi gw'okubanza nkagenda mwoyomubudabuda, nkatina ekinazonzora hali nyo","The first time I have gone to therapy, I was terrified of what I might discover about myself."
"nambere orakoma okulengaho, niho okukoma okutunga","The more you practice, the better you have gotten."
"Nkaba ntukaterezaaga ngu ndisobora kusura enju eka , baitu dera ndihamu , ninyija kutekaho omukono hampapura sabbiti erukwija.","I never thought l'd be able to buy mu own home , but here l am , signing the papers next week."
ebyefuna biteberizibwe okukura mporamporam,The economy has been projected to grow at a moderate pace.
Nyowe nkozesa akooma akabara omukutegekera ebyokubyara ensimbi,I use a financial calculator to plan investments.
abekento barabizemu amaiso omukihandiko kyentekaniza yaitu,The finance committee has reviewed the proposal.
ebintu by'emikono by'enzarwa tutwaraine okukora orubugo,Traditional crafts have included barkcloth making.
omulimo gy'okuzirukya ekisaru nigwija okugaraho obwomezi bw'ebihangwa okumara emyaka etaano,The river reclamation project will restore the ecosystem for five years.
irwaro ligera omusabi owabaho obusagiki bwebyomwoyo,The hospital has had a chaplain available for spiritual support?
tujagwize amazarwa g'omwana waitu n'ebisembo bya nyina na'ise,We celebrated the birth of a child with gifts for the mother and father.
Ibara ly'omurwani ayalinzire ekyaro kyaitu nitwija kuliruka mutabani waitu.,We will name our son after the warrior who protected our village.
"kakuba obaire omunyikira yabantu, weyanjule-abntu nibaija okukutangira","If you have been new to a faith community, introduce yourself -people will welcome you."
abaana baitu nibaija okuhura nkonku twatangatagaine - batuletereza okukibazaho buli hanyuma y'omwaka mubuswere baitu,Our children will hear the story of how we met -they make us tell it every anniversary.
ayolekeze okugonza okutaha ekitebe,He has expressed interest in joining the club.
anaga ejura azinire nukwo enjura egwe egi eyitubaire nitwendera ebirimwa ijo,The rainmaker has danced to bring the rain that we need for the crops yesterday.
abaserurizi nibaija okuhondera embera y'omuyaga obubazora orulengo rw'akabi ry'okutokora,The scientists will monitor air quality when they detected dangerous levels of pollution.
eka yange ekaba nyikiriza yange y'okubanza-ebisigaire bihondera hanyuma yekyo,My family was my first community of faith-everything else flows from that.
"kakuba abantu batalisize muno, itaka lyandisigaire ry'orwezo","If the community has not overgrazed the land, the soil would still be fertile."
Obubavumbuire ebibakaba batarukuruhira.,When they made unexpected discoveries.
kotoni naija kuba kirimwa kyasente mukyasi kya amkumi abiri m'uganda,Cotton will become a major cash crop in the early 20th century Uganda.
"kakuba basi etandeka eki ekiro, tindikwija kurora munyani wange muno","If i will not miss the bus that day, i never would have met my best friend."
Pamba ekafooka ekirimwa ekirukuleeta entahya omu Uganda omukutandika okwekyasa ekya 20.,Cotton became a major cash crop in the early 20th century Uganda.
Ninyijuka obwire obu bwonyini nkamanya ekiniakwetaaga kukorra nobwomezi bwange.,I remember the exact moment l knew what l wanted to do with my life.
nkozeseze kaliculeta ya abekento okutekaniza nambere nkugenda okusiga sente zange,I have used a financial calculator to plan investments.
nija kugura ebintu mu supamaketi buli wiiki,I will buy groceries from the supermarket every week.
"Akasumi ak'omweegi akagilizaamu EKIKAGUZO ekyobaire otarukhra, ako nuuko akasumi KONYINI akokwegesezaamu.",The moment a student asks a question you've never considered is the best part of teaching.
"nyine obukugu obuntasobora okusoboraho, hati nyowe mbeta abatini","I have experiences that I can't explain, so I just call them sacred."
nyimukirege niterwa omutwe buli nyekyakara,I have waked up with headaches every morning.
"mutabani wange naija kukaguza,""ruhanga ali nkaha?"" ninjakusomnga hamutima gwange n'ogwe","My son will ask me,""Where is God?""I pointed to my heart and his."
"omuyaga gw'enyanja gukatabaniza okwocya okwetorora ensi, nigukendezaho embera y'obwire omusi","The ocean currents distributed heat around the planet, regulating global climate."
Kiro kyaijo omuzini ahaisanizeege omunyoro habwo bumanzibwe.,The praise singer honored the chief's bravery with his song yesterday.
"tifwireyo ogambireki, tikwija kuhindura ebitekerezo byange","No matter what you have said, I won't change my mind."
isomero ly'ebyobuhangwa nirija okugaramu amani abebembezi abeby'obuhangwa ab'omulebe omuhyaka,The environmental education center will inspire a new generation of environmental leaders.
okubandwa kukaba kulimu emigenzo y'enjura n'okugesa,Traditional religion included rituals for rain and harvest.
"nkagira obukugugu obutasobora okusobora, nukwo nsobole okubeta abatini","I have had experiences that I can't explain, so I just call them sacred."
ninyija kusunga ekituru kyomutini ekirikyoleka ngu kikagamba oruganikyo orw'omukama owamani ijo,I will watch a shadow puppet show that told the story of a great king yesterday.
igana lyabantu bakatoka nokusemererwa omukoro gutakatandikire,The crowd buzzed with excitement before the show starts.
enjojo eborogere niraka eryahaguru okulinda esarosaro zayo ahamaizi,The elephant seal has loudly bellowed to defend its territory on the beach.
