omuddo	Cassava
enva endiirwa	Cassava flour
ebikoola	Cassava leaves
Tulima enva endiirwa mu lusuku lwaffe	We grow cassava in our garden
Enva endiirwa y'ekika ky'emmere ekikulu mu Bunyoro	Cassava is a staple food in Bunyoro
omuceere	Rice
Tufumba omuceere buli lunaku	We cook rice every day
Omuceere gukula mu bifo omuli ebirime	Rice grows in wetlands
Ebbeeyi y'omuceere yeeyongedde	The price of rice has increased
yam	Yam
Yams ekungulwa mu kiseera eky'ekyeya	Yams are harvested in the dry season
omuddo	Pumpkin
Ebikoola by'ebikoola birya	Pumpkin leaves are edible
Twasimba enkumbi okumpi n'omulyango	We planted pumpkins near the fence
Okukungula	Harvesting
Leero tukuŋŋaanya omuddo	We are harvesting maize today
amakungula gaali malungi omwaka guno	The harvest was good this year
Oluvannyuma lw'okukungula tusimba eŋŋaano	After harvesting we store the grain
Ekiseera eky'amakungula kiba kya ssanyu	Harvest time is a time of joy
okufukirira	Irrigation
Okufukirira kiyamba ebirime okukula mu kiseera eky'ekyeya	Irrigation helps crops grow in dry season
Abalimi bakozesa amazzi okufukirira ennimiro zaabwe	The farmers use irrigation to water their fields
okulima	Plowing
Tulima ennimiro nga tetunnasiga	We plow the field before planting
Tterekita ekozesebwa mu kulima	The tractor is used for plowing
Okusiga	Sowing
Tusiga ensigo ku ntandikwa y'ekiseera ky'enkuba	We sow seeds at the beginning of the rainy season
Okusiga kukolebwa oluvannyuma lw'okukungula	Sowing is done after plowing
Okukungula	Reaping
Abalimi bakungula omuddo	The farmers are reaping millet
Okukungula kubaawo ng'ebirime bikuze	Reaping is done when the crop is mature
okufumita	Threshing
Tusaanuula omuddo okusobola okwawulawo eŋŋaano	We thresh millet to separate the grain
Okukuba ebibala si mulimu mwangu	Threshing is hard work
okusala	Pruning
Tukomola emiti gy'emmwaanyi okusobola okwongera ku bibala byayo	We prune coffee trees to increase yield
Okutema kiyamba ekimera okukula obulungi	Pruning helps the plant grow better
okusaasaanya omuddo	Weeding
Tukungula omuddo mu nnimiro buli wiiki	We weed the garden every week
Okusaasaanya omuddo kuggyawo ebimera ebitali birungi	Weeding removes unwanted plants
enkoko	Chicken
Tulina enkoko awaka	We keep chickens at home
Enkoko eteeka amagi buli lunaku	The chicken lays eggs every day
Enkoko zirya ebirime n'ebiwuka	Chickens eat grain and insects
ensolo	Rabbit
Tukuza amasavu olw'ennyama	We raise rabbits for meat
Ennyama y'enkoko erimu eby'okulya	Rabbit meat is nutritious
okusaala	Milking
Buli ku makya tukama ente	We milk the cows every morning
Okukama kukolebwa emirundi ebiri buli lunaku	Milking is done twice a day
amata amayonjo malungi eri abaana	Fresh milk is good for children
omuddo	Compost
Omuddo guyamba ettaka okubala obulungi	Compost improves soil fertility
Tufuula omuddo okuva mu bisusunku by'ebimera	We make compost from plant waste
omuddo	Manure
Omuddo gw'ente guba gulyanyi mulungi	Cow manure is good fertilizer
Twasaasaanya envumbo ku nnimiro	We spread manure on the garden
Omuddo gwongera ku mutindo gw'ettaka	Manure improves soil quality
Enkuba	Rainfall
Enkuba ennyingi nkulu nnyo mu kulima	Good rainfall is important for farming
Enkuba ey'omwaka guno yali ntono	The rainfall this season was poor
Ensigo zeetaaga enkuba nnyingi okusobola okukula	Crops need enough rainfall to grow
ekisiikirize	Hoe
Envuumuulo kye kyuma ekikulu ekikozesebwa mu kulima	The hoe is the main farming tool
Tukozesa enkumbi okusima ennimiro	We use a hoe to dig the garden
Ekikondo ekiwanvu kifuula omulimu okuba omwangu	A sharp hoe makes work easier
ekikondo	Machete
Tukozesa envuumuulo okusaanyaawo ebirime	We use a machete to clear the bush
Ekikondo kikozesebwa okusala ebinywa	The machete is used to cut banana stems
ebisiikirize	Sickle
Tukozesa enkumbi okukungula omuddo	We use a sickle to harvest millet
akagaali	Wheelbarrow
Tukozesa eggaali okutwala ettaka	We use a wheelbarrow to carry soil
Emmotoka eyitibwa wheelbarrow etwala ebintu eby'amaanyi	The wheelbarrow carries heavy loads
Okufulumya	Export
Uganda etunda caayi mu mawanga mangi	Uganda exports coffee to many countries
Okufulumya kawuka kuleeta ssente mu balimi	Coffee export brings money to farmers
ebibiina by'obwegassi	Cooperative
Abalimi beegatta ku bikung'aanya okutunda awamu	Farmers join cooperatives to sell together
Ekitongole kigula omuddo okuva mu balimi	The cooperative buys maize from farmers
omuddo	Millet
Tukula ensigo mu nnimiro zaffe	We grow millet in our fields
Omubisi gw'enjuki gukozesebwa mu kufumba omwenge	Millet is used to make local beer
Enkuyege y'omuddo erimu eby'okulya eby'omugaso	Millet porridge is nutritious
omuddo	Sorghum
Sorghum egumira ekyeya	Sorghum is drought resistant
Kafeero	Coffee
Kofi y'ekimera ekikulu mu Uganda	Coffee is an important cash crop in Uganda
Tukuŋŋaanya caayi emirundi ebiri mu mwaka	We harvest coffee twice a year
Emiti gy'emmwaanyi gyetaaga okusalirwa	Coffee trees need pruning
omuddo	Groundnut
Ensigo zirimu obutoffaali bungi	Groundnuts are rich in protein
Tulima ebikoola oluvannyuma lw'enkuba	We plant groundnuts after the rains
Enva endiirwa ekozesebwa mu kufumba	Groundnut oil is used for cooking
amatooke	Sweet potato
Ebizigo bibala bulungi mu ttaka eririmu omusenyu	Sweet potatoes grow well in sandy soil
Tukungula amatooke oluvannyuma lw'emyezi esatu	We harvest sweet potatoes after three months
amatooke	Potato
Amataali galimibwa mu bitundu eby'obusozi	Potatoes are grown in highland areas
Tufumba amatoffaali okulya	We boil potatoes for food
ensolo	Cattle
Ente ennume kye kisolo ekikulu mu Bunyoro	Cattle are important livestock in Bunyoro
Tulunda ente olw'amata n'ennyama	We keep cattle for milk and meat
Ente nga zirunda mu nnimiro	Cattle graze in the fields
ensolo	Pig
Tubeera n'embizzi ez'ennyama	We keep pigs for meat
Enkoko zirya ebisasiro	Pigs eat kitchen waste
Obulimi bw'embizzi buvaamu amagoba	Pig farming is profitable
obulimi bw'amata	Dairy farming
Okulima amata kireeta ssente mu maka	Dairy farming provides income for families
Ente ezirima amata zibala mata mangi	Dairy cows produce a lot of milk
okusaanuuka kw'ettaka	Soil erosion
Okusaanuuka kw'ettaka kwonoona ettaka	Soil erosion destroys farmland
Emiti giziyiza ettaka okusaanawo	Trees prevent soil erosion
Ssente	Price
Ebbeeyi y'eŋŋaano eyongedde	The price of maize has gone up
Abalimi beemulugunya olw'ebbeeyi entono	Farmers complain about low prices
okutunda	Sell
Abalimi batunda ebirime byabwe ku katale	Farmers sell their produce at the market
Tutunda enva endiirwa buli wiiki	We sell bananas every week
okugula	Buy
Twagula ensigo mu kkampuni	We buy seeds from the cooperative
Gavumenti egula ebirime ku balimi	The government buys grain from farmers
Ani, ku bano, ku	Who, of, these, for
ab'eŋŋanda z'omuntu	Someone's relatives
Okuyimuka amangu	To rise quick ly
okuggyawo, okuggyawo	To undo, unfasten
Abakulembeze b'ebitundu	Sub county chiefs
byange	Mine
Abakulembeze b'amasaza	County chiefs
Abakulembeze b'ebibiina	Sub-parish chiefs
Abakulembeze b'ebibiina	Parish chiefs
byange	Mine
Oyo anaawonyanga obuyinike,	He who relieves distress
Okusaasaanya ebirime	To thin out seedlings
adv., wabweru, wabweru	Adv., out, outside
Lindirira	Wait for
Wano	There
Amangu ago, amangu ago	Immediately, at once
Okuyawula, okwawula, okwawula	To separate, divide, differentiate
okuteekamu obwesige	Entrust with
Okweyawula ku	To part from
Mu kaseera ako	At that very moment
ekikonde	Squirrel
ebinyonyi	Squirrels
Okulaga enkola y'ebintu	Indicating sequence of events
empungu	Eagle
ebinyonyi	Eagles
amaanyi, okuwalirizibwa	Force,compulsion
okuwalirizibwa, okuwalirizibwa	Force,compulsions
waggulu mu ggulu	Up in the sky
ekikondo, ekikondo	Razor blade,shaving blade
ekikondo, ebikondo	Razor blade,shaving blades
Okuwangula mu muzannyo	Win in a game
Okuwangula mu mizannyo	Win in a games
Ekiseera ekisinga obuseera	Shortest period of time
Ekiseera ekisinga obuseera	Shortest period of times
Ekika ky'ebisulo	A type of swamp
Ekika ky'ebibira	Type of swamps
ekyenyonyi ekitono	A small caterpillar
ebinyonyi	Small caterpillars
Omukka mulungi	Nice scent
obuwoowo obulungi	Nice scents
entandikwa y'ekimera	Initial stage of flowering
entandikwa y'ekimera	Initial stage of flowerings
Obusiriikirire olw'okwewuunya	Silence due to suprise
Obusiriikirire olw'ebyewuunyisa	Silence due to suprises
ensolo entono	Small lizard-like animal
Ensolo entono eziri ng'ebinyonyi	Small lizard-like animals
Hymen: ekisenge ky'omusaayi	Hymen: vagina membrane
omusujja gw'obukiika obwa ddyo	Hymen: vagina membranes
ku nkomerero y'omugongo	End of breastbone
enkomerero y'omugongo	End of breastbones
hill: olusozi	Hillock: small hill
Hillock: obusozi obutonotono	Hillock: small hills
omuzira	Sparrow-hawk
ebinyonyi ebiyitibwa sparrow-hawks	Sparrow-hawks
ebisiikirize	Weasel
ebinyonyi	Weasels
ebisasiro: ekyambalo ekikadde ekyamenyese	Rags:an old torn cloth
ebisasiro: ebibukutu eby'edda	Rags:an old torn cloths
ekikondo	A sieve
ebikoola	Sieves
ekitali kirongoofu	Blemish
obunafu	Blemishes
engoye enkadde ennyo	A very old cloth
engoye enkadde ennyo	Very old cloths
ekituli, ekitono	Hole,small
ekituli, obuto	Hole,smalls
bat: omuyiggo ogubuuka	Bat: a flying mammal
bat: ensolo ezibuuka	Bat: a flying mammals
ebitundu by'ekyama	Penis
ebisiikirize	Penises
Ekika ky'omusota	A type of snake
Ebika by'emisota	Type of snakes
ekintu ekikolebwa ekisukkiridde	Something done excessively
Ekintu ekikolebwa ekisukkiridde	Something done excessivelies
ekikonde	Pail or bucket
ebitooke oba ebitooke	Pail or buckets
empapula	Cyperus papyrus
ebisiikirize	Cyperus papyruses
ekizikiza	Darkness
eby'ekizikiza	Darknesses
embuyaga	Whirlwind
embuyaga	Whirlwinds
obugoye: obugoye	Bungle: a bracelet
obugoye: obugoye	Bungle: a bracelets
Akatyabaga: embeera embi eteri yasuubirwa	Calamity: unexpected bad situation
Akabi: embeera embi ezijjawo nga tetusuubira	Calamity: unexpected bad situations
ekiro, akawungeezi	Twilight,dusk
ekiro, ekiro	Twilight,dusks
Enzige ey'ekika kya brownish	. A brownish grasshopper
. enkuyege enkwafu	. A brownish grasshoppers
Akavuyo	Chaos
obutali bwenkanya	Chaoses
Okuvuganya ku kintu	Competetion for something
Okuvuganya ku kintu	Competetion for somethings
okukaaba	Hiccup
okukaaba	Hiccups
klitoris	Clitoris
ebituli (clitorises)	Clitorises
ekimuli	A small moth
ebinyonyi	Small moths
okukaaba	Hiccup
okukaaba	Hiccups
Okutabulwatabulwa	A state of confusion
Embeera ey'okutabulwatabulwa	State of confusions
ekimuli ekitono ekibuuka	A small flying termite
ebinyonyi ebinyonyi ebinyonyi ebinyonyi	Small flying termites
okufeebezebwa	Contempt
Obunyoomi	Contempts
ekibikka	A pen cover
ebibikka	Pen covers
omukka: omukka omubi	Stench: an unpleasant smell
omukka: omukka omubi	Stench: an unpleasant smells
olusozi olutonotono	A small hillock
obusozi obutonotono	Small hillocks
okukaaba	Dizziness
okukaaba	Dizzinesses
Ekitundu ekirimu ebisooto	A muddy area
ebifo ebirimu ebinnya	Muddy areas
omunnyo omumyufu	Sweet taste
eby'omunnyo	Sweet tastes
olw'essanyu eringi	Over excitement
olw'essanyu eringi	Over excitements
Obulumbaganyi	Commotion
Obulumi	Commotions
ku mutindo, ku mutindo	To level, flat
Okusaasaanya	To spread for
okujja	To come
Diamond	Diamond
Okutandika	To get started
Okwagala okutambula	Passion for roaming
Okwagala okutambula	Passion for roamings
Katto omuto oba omulungi	Small or beautiful cat
embalaasi entono oba ennungi	Small or beautiful cats
omuddo	Nut grass
ebikoola	Nut grasses
Empisa ez'omu ttaka	Superficial behaviour
Empisa eziri ku ttaka	Superficial behaviours
ebisiikirize	Dung maggot
ebisiyaga	Dung maggots
enkuyege enkalu	A fresh fried grasshopper
ebisiyaga ebipya	Fresh fried grasshoppers
ensimbu	Small snail
ebinyonyi ebitonotono	Small snails
ffuuti: ekyuma eky'okuyimba	Flute: a musical instrument
ffuuti: ekyuma eky'okuyimba	Flute: a musical instruments
ekikonde	Squirrel
ebinyonyi	Squirrels
omubisi gw'enjuki ogutannakula	An undeveloped banana
enva endiirwa	Undeveloped bananas
Okwegezaamu, okuggya obubi	To exercise, remove evil
Okuyita ekimera	To call a bud
Okukaaba	To shout at
Okutaataaganya oba okuleetawo obukyayi obutayosa	Continuous disturbance or provocation
Okutawaanya oba okuleetera omuntu okukola ekintu ekitali kya bwenkanya	Continuous disturbance or provocations
Omuddo oguliibwa embuzi	Shrub eaten by goats
Embuzi bwe zirya omuddo	Shrub eaten by goatses
omutindo:	: hyphen
: obugambo obuli wansi	: hyphens
olugoye oluwanvu ennyo	:a very tight cloth
ebyambalo ebinywevu ennyo	:a very tight cloths
ensigo z'omuzigo	:mustard seed
ensigo z'omuddo	:mustard seeds
:ekintu eky'obusika	:inherited trait
:ebiri mu buzaaliranwa	:inherited traits
:ekika oba engeri ey'obusika	:inherited character or trait
:ekika oba engeri ez'obusika	:inherited character or traits
:ebigambo ebitalina mugaso	:a slunderous utterance
"Ebigambo eby'obusirusiru"	:a slunderous utterances
: olusozi oluwanvu	: a steep slope
ebinnya eby'amaanyi	: a steep slopes
: okusekererera	:sarcasm
okusavuwaza	:sarcasms
okwegomba okw'okwetaba	:lust for sex
okwegomba okw'okwetaba	:lust for sexes
Okukaaba omubiri	To scratch the body
Okupikirizibwa	:peer pressure
Okupikirizibwa	:peer pressures
: olunyiriri	:lineage
ebika	:lineages
:ekintu ekirungi, oba ekirabika obulungi	:something good, or beautiful
:ekintu ekirungi, oba ebirabika obulungi	:something good, or beautifuls
ekkolero	:a clinic
ebifo eby'obujjanjabi	:a clinics
: .olusozi oluwanvu	:.a steep slope
n'ebisenge eby'amaanyi	:.a steep slopes
:valve ey'ebigere	:valve for a tyre
:valve for a bbaayi	:valve for a tyres
ennyumba entono	:a small hut
ennyumba entono	:a small huts
ekifo ekitali kirongoofu	:a sloppy place
:ebifo ebirimu obutali bulongoofu	:a sloppy places
entikko, entikko	Slope, descent
entikko, entikko	Slope, descents
ebikoola bya pulasitiki	:plastic sheeting
ebikoola bya pulasitiki	:plastic sheetings
:Katonda mu ddiini y'obusiraamu	:God in Islamic religion
omwenge: eky'okunywa ekirimu omwenge	:beer: an alcoholic drink
ebisiba by'embwa	: dog teats
:okuba n'empisa ennungi	:being stylish
Ensimbi z'omu Rwanda	:Rwandese currency
: abantu abasembeza abagenyi	: hospitable people
ebitundu	:spots
entalo, enkwe, n'ebirala	:conflicts, intrigues, etc
ebikoola ebisooka	:first leaves of beans
ebikondo	Ish scales
enva endiirwa.)	Undiluted banana juice.)
Ensi eziriraanye)	Neighbouring countries)
okuseka n'omutima gwonna	A hearty laugh
omuddo	Sunflower)
ebimera ebirime	Germinated plants
amagumba g'ekisambi	Pelvic bones
Ebibala by'enjuba	Rays of the sun
okukaaba ennyo	Sweating profusely
Ekika ky'ebisenge	Type of beads
amazzi;amazzi agannyogoga	Water;cold water
Obutaliimu, obutaliimu	Nothing, emptiness
ebikoola by'enva endiirwa	.dry banana leaves
amasannyalaze	. Electricity
amata ga maama	Breastmilk
Obusa bw'empologoma	. A cat's dung
ebisasiro by'ebinyonyi	Bird's droppings
amata amayonjo	Fresh milk
ebyokebwa	Burns
amazzi agookya	Hot water
ekkubo	A road junction
amadaala	Steps, or staircases
emipiira	Shelves
amabala	Dots or spots
Okusuubira, okweraliikirira, obuteebereza	Expectancy, suspense, uncertaint
abalongo	Identical twins
enkola z'okuzina	Dancing styles
Nedda: eky'okuddamu ekikyamu	No: a negative response
amayinja ag'omuwendo omungi	Precious stone
Olunaku lw'Okuzuukira	Ascension Day
asidi	Acid
ennyumba entono	Small hut
ennyumba entono	Small huts
akakadde kamu	One million
obukadde	One millions
ekyuma	A sieve
ebikoola	Sieves
ekisinziiro	Heel
ebikonde	Heels
entikko	Slope
ebikondo	Slopes
obugambo obuli mu lunyiriri	Apostrophe
ebiwandiiko	Apostrophes
ekimera ekyewalula	A creeping plant
ebimera ebikulukuta	Creeping plants
Okwogera okw'obuteefiirayo	A careless talk
Emboozi ez'obutafaayo	Careless talks
Ebiseera ebizibu	Difficult times
Ebiseera Ebizibu	Difficult timeses
Emirembe	Some peace
Ebisusunku	Some peaces
akabokisi akatono	Small packet
ebipakiti ebitonotono	Small packets
ekisambi	Chin
ebinywa	Chins
ebigere ebitonotono	Thin leg
amagulu amatono	Thin legs
bucket, bucket	Pail,bucket
ebbaasi, ebbaasi	Pail,buckets
omuddo	Tangerine
ebisiikirize	Tangerines
akabonero	Sign
obubonero	Signs
ensolo	Hare
ebinyonyi	Hares
ekitebe, ekifo ekiriko akasumuluzo	Stool,lockable desk
ekitebe, amaduuka agaziikibwa	Stool,lockable desks
akabonero, ekiwundu	A mark,a scar
Mark, ebiwundu	Mark,a scars
ekisenge ky'enkoko	A chick-bone
amagi g'enkoko	Chick-bones
emigaati	Finely ground millet flour
emigaati n'ebizimbulukusa	Finely ground millet flours
omumwa	Mouth
emimwa	Mouths
ekyennyanja	Tortoise
ebinyonyi	Tortoises
okufuluma, okufuluma	Tumult, uproar
okufuluma, okufuluma	Tumult, uproars
Ekika ky'ekikulukuto	Type of mushroom
Ebika by'ebikoola	Type of mushrooms
omuddo omweru omutono	Small white mushroom
ebikoola	Small white mushrooms
omuzira	Yellow oxalis
oxalises eza kyenvu	Yellow oxalises
omupiira omutono, kondomu	Small ball, condom
omupiira omutono, kondomu	Small ball, condoms
omuzira	Chameleon
ebinyonyi	Chameleons
obusaasizi ekikolimo okwemulugunya	Misfortune curse grumbling
Obunafu	Trait of weakness
Obunafu	Trait of weaknesses
akabonero	Sign, symbol
akabonero, obubonero	Sign, symbols
enkuyege entono eziruma	Tiny biting fly
Enkuyege entono eziruma	Tiny biting flies
ekikomera	A comma
empapula	Commas
ebikoola, ebikoola by'enviiri	Comb, hair brush
ebikoola, ebikoola by'enviiri	Comb, hair brushes
akabi, obuzibu	Danger, difficulty
Akabi, obuzibu	Danger, difficulties
Obulumbaganyi obw'amaanyi, okutabulwatabulwa	Greatcommotion, confusion
Okutabuka okw'amaanyi, okutabuka	Greatcommotion, confusions
ekyuma ekikulukusa	Shaker
eby'okusaasaanya	Shakers
ensigo	Seed
ensigo	Seeds
ekizikiza ekikutte	Complete darkness
ekizikiza ekikutte	Complete darknesses
funa ekifo eky'okuddukiramu	Make shift hut
Okuzimba ennyumba ez'okuddukanya	Make shift huts
ekituli	Epiglottis
ebituli	Epiglottises
enjuba y'akasolya	Tip of a roof
enkomerero y'ebisenge	Tip of a roofs
ekintu	Tip of something
Ebintu ebimu	Tip of somethings
okusendasenda	Enticement, persuasion
okusendasenda	Enticement, persuasions
enjuba y'oku makya	Morning sunshine
enjuba ng'eyaka ku makya	Morning sunshines
Ebiro, ebiro	Time, season
Ebiseera, ebiro	Time, seasons
ekikoola ky'omuddo	A straw of grass
omuddo gw'omuddo	Straw of grasses
envumbo entono	Small anthill
ebibinja by'ebinyonyi ebitonotono	Small anthills
endiga	Small sheep
endiga entono	Small sheeps
akatale	Market
Amaduuka	Markets
ekitooke	Handkerchief
ebitooke	Handkerchiefs
Obusanyu obupya	Newly found excitement
Ebintu ebipya ebibuguumiriza	Newly found excitements
net, wire mesh	Net, wire mesh
ebikoola, ebikoola, ebikoola, ebikoola, ebikoola, ebikoola, ebikoola, ebikoola, ebikoola, ebikoola, ebikoola, ebikoola, ebikoola, ebikoola, ebikoola, ebikoola, ebikoola, ebikoola, ebikoola, ebikoola, ebikoola, ebikoola, ebikoola, ebikoola, ebikoola, ebikoola, ebikoola, ebikoola, ebikoola, ebikoola, ebikoola, ebikoola, ebikoola, ebikoola, ebikoola, ebikoola, ebikoola, ebikoola, ebikoola, ebikoola, ebikoola, ebikoola, ebikoola, ebikoola, ebikoola, ebikoola, ebikoola, ebikoola, ebikoola, ebikoola, ebikoola, ebikoola, ebikoola	Net, wire meshes
ekibira ekitono	A thicket, small forest
ebibira, ebibira ebitonotono	Thicket, small forests
akawunti, akawunti	A dot, full stop
dot, ekikomera	Dot, full stops
ebibala ebitonotono	Small passion fruit
ebibala ebitono	Small passion fruits
omuzigo	An onion
ebisiikirize	Onions
omuddo omutono	Small mushroom
ebikoola	Small mushrooms
ekikonde	Squirrel
ebinyonyi	Squirrels
ebirwadde eby'olukonvuba	Chronic
Ebitabo by'Ebyomumirembe	Chronics
Tekiba kya muganyulo	Uncalled for familiarity
Ekintu eky'amangu	Something for emergency
Alfabeti	Alphabet
Lipoota	Report
amaanyi, obuyinza, ebikolwa eby'obukambwe, amaanyi	Strength,authority, violence, force
amayinja	Stones
amagulu	Shoulders
empewo ennungi	Fresh air
ebikoola, omuddo gw'enjovu	Reeds, elephant grass
ebyokulya ebirimu amasavu, ebyokulya ebirimu amasavu, ebyokulya ebirimu amasavu, ebyokulya ebirimu amasavu, ebyokulya ebirimu amasavu, ebyokulya ebirimu amasavu, ebyokulya ebirimu amasavu, ebyokulya ebirimu amasavu, ebyokulya ebirimu amasavu, ebyokulya ebirimu amasavu, ebyokulya ebirimu amasavu, ebyokulya ebirimu amasavu, ebyokulya ebirimu amasavu, ebyokulya ebirimu amasavu	Savouries, delicacies
omuddo	Sesame
omuddo	Sesame
ekirwadde kya asima, ekirwadde kya bronchitis	Asthma, bronchitis
ebikondo	Spears
amata ag'ekikaba	Churned milk
obukuusa, obukugu, amagezi	Cunning, craft, wisdom
amazzi g'omusaayi	Saliva, spittle
ebikondo, amadaala	Ladders, steps
ebisiikirize	Pleats
amaaso	Eyes
ensigo za kasooli	Hemp seed
ebisasiro, ebisasiro	Faeces, excrement
Obuzibu	Difficulty
Ekikumi (100), eby'obugagga	Hundred(100), wealth
omusujja gw'ente	Urine of cattle
Okubonaabona	Grief
Obulamu, amaanyi, obulamu	Health, strength, life
Ebitundutundu	Overflowing grains
olugendo lw'okukomawo	Return journey
Okugenda, olugendo olw'okufuluma	Going, an outward journey
Okukungula	Reaping
Amagezi	Wisdom
Empeera	Profits
ebituli	Testicles
emizabbibu eminene	Large granaries
Amawanga	Nations
ebyamagero	Wonders
amayinja	Horns
amagi	Eggs
embuyaga ey'omu bukiikakkono	Northwest wind
Amawulire	News
ebitoogo bya bakabaka	Small royal drums
okwegomba okw'amaanyi	Intense desire
amaaso, amaaso	Eyes, face
ebitundu eby'ebisenge ebiriko enkovu	Frayed, jagged edges
enviiri	Hair
Okuvuga emmotoka ng'ova mu mpuku	To drive from lair
eby'okwambala, eby'okwambala, eby'okusavuwaza	Decoration, adornment, exaggerations
okukwata	To tie loosely
ebisiba eby'omu langi enzirugavu, eby'okusiiga	Red stitching, embroidery
amayumba	Homes, homestead
amazzi ag'omubisi	Curdled milk, junket
amatoffaali	Charcoal
okuddamu, okuddamu	To answer, reply
amabeere amanene	Fat cheeks
mu kiwato	Waist
emizabbibu egy'omu nsiko	Wild strawbberries
ebibegabega	Round shoulders
Okwoleka omwoyo ogw'okusembeza abagenyi	Hospitality
mu bigere	In footmall
Amawulire, amakulu, amakulu, okunnyonnyola	News, meaning, sense, interpretation
ekkubo eryangu	Short cut
ebibegabega	Round shoulders
obutali bulongoofu	Rudeness
ebinyonyi by'amazzi	Water lilies
fern	Fern
Okukola ekisukkiridde, okwesavuwaza	Over doing, exaggeration
obukuusa, obukuusa	Cunning, craft
Ford, ekifo eky'okutuukamu	Ford, landing site
Okuggwaamu amaanyi	To be exhausted
okusaasaanya	To scatter, exhaust
eby'obugagga eby'edda	Old mines
Amazima	Truth
amayinja, amayinja, amayinja, amayinja, amayinja, amayinja, amayinja, amayinja, amayinja, amayinja, amayinja, amayinja, amayinja, amayinja, amayinja, amayinja, amayinja, amayinja, amayinja, amayinja, amayinja, amayinja, amayinja, amayinja, amayinja, amayinja, amayinja, amayinja, amayinja, amayinja, amayinja, amayinja, amayinja, amayinja, amayinja, amayinja, amayinja, amayinja, amayinja, amayinja, amayinja, amayinja, amayinja, amayinja, amayinja, amayinja, amayinja, amayinja, amayinja, amayinja, amayinja, amayinja, amayinja, amayinja, amayinja, amayinja, amayinja, amayinja, amayinja, amayinja, amayinja, amayinja, amayinja, amayin	Hot charcoal, coals, charcoal
ebituli	Mumps
ebituli	Armpits
Amatoffaali agaakolebwa ebiwuka ebiyitibwa termites	Tunnels made by termites
ebiwaawaatiro by'ensolo	Claws of an animal
obutoffaali	Semen
ekirimu ebbugumu, ekirimu ebbugumu	Damp, cold
bullets bullets bullets bullets bullets bullets bullets bullets bullets bullets bullets bullets bullets bullets bullets bullets bullets bullets bullets bullets bullets bullets bullets bullets bullets bullets bullets bullets bullets bullets bullets bullets bullets bullets bullets bullets bullets bullets bullets bullets bullets bullets bullets bullets bullets bullets bullets bullets	Cartridge bolt
ebitundu by'omubiri ebitonotono	Bowels, small intenstines
amaloboozi, ensingo, ensingo	Voices, throat, larynx
okukaaba, okukaaba	Squint, cross-eyes
Okubeera nga tolina mikwano	To be left friendless
Okugattululwa	Divorce
Okukubagana	To bate each other
okwaka	To shine
Okuba amangu	To be quick
okwanguyiriza, okwanguyiriza	To hasten, accelerate
Okukalira mpolampola	To dry slowly
Okukola, okubala	To make, to bear(fruit)
okusaasaanya	To spread out
okuba n'endowooza enkyamu	To be lascivious, licentious
Okufuula omuntu ow'obugwenyufu, eyeenyigira mu bikolwa eby'obugwenyufu	To make lascivious, licentious
okuyiiya	Forge
Okuggula (ekitabo)	To open (book)
Okubuuza ebibuuzo mu ngeri ey'obukuusa	To question deceitifully, provoke
Okubeera omutetenkanya	To be level
Okuteekebwa, okuteekebwa	To be spread, furnished
Okuggula (olw'akamwa)	To open (of mouth)
okufumita, okufumita	To crush, pound
okufuluma	To hatch out
Ebika by'ebimuli	Type of lilies
Amalala	Pride
ensigo enzirugavu	Scarlet seeds
ebibanja, ebirime	Estates, plantations
Latex y'omuti gw'ekikaba	Latex of rubber tree
amayinja ag'omu nsiko, amayinja ag'omu nsiko, amayinja ag'omu nsiko, amayinja ag'omu nsiko, amayinja ag'omu nsiko, amayinja ag'omu nsiko, amayinja ag'omu nsiko, amayinja ag'omu nsiko	Ivory, tusks
amatabi, ebikoola	Leafy twigs, foliage
ebisiikirize	Sparks
amasasi	Bullets
okukka, okugwa, obukiika obwa ddyo	Descent, slope,south
ku ntikko y'omuti	Top of a tree
ekiwuubaalo	Loneliness, solitude
amata amayonjo	Fresh milk
ebikoola	Whiskers
raffia	Raffia
amata	Milk
ebikoola, ebikoola	Harness, saddle
ebikoola	Patches
Emiggo gy'enguudo	Cross-roads, junction
ebikondo	Ladders
amatu	Ears
Ensimbi ezisangibwa ku miti	Fungus found on trees
olunaku lw'amazaalibwa	Birthday
ebisasiro, ebisasiro, ebisasiro	Dung, feaces,stool
amaziga	Tears
Amazima	Truth
Obunnyogovu	Sharpness
Enviiri/enviiri	Feathers/hair
byange	Mine
Eky'Okuddamu	Answer
omuddugavu, omuddugavu	Black, black person
byammwe	Yours
Okukwata engalo	To catchin the hands
Ab'eŋŋanda	Relatives
Okukumba n'obwegendereza	To dig over lightly
ab'okuyimba	Chorus, choir
Calico (ekika ekisingirayo ddala obulungi)	Bleached calico (best quality)
Yogera mu ddoboozi ery'omwanguka	Speak loudly with anger
okra	Okra
Katonda ow'ekitundu, omuserikale	Demi-god, soldier
Banyooma	They despise
Abalimi n'abakola emirimu gy'emikono	Agricultural people and artisans
Abasumba	Pastoralists
ab'ente ez'omu nsiko	Pastroral cow-men
Ebisingawo ku ebyo bye twali tusuubira	Beyond expectation
okukwata, okukwata	To seize on, catch
Okukwata omuliro (ennyumba)	To catch fire (house)
ku Lwokusatu	Monday
okuteebereza, okuteebereza, okuteebereza	To estimate, budget, calculate
Okubeera joyfu	To be joyfu
Okufumita (ettaka)	To be squashed (soil)
okufumita	To squash
okutuukiriza	To fulfill
okuyimusa, okuyimusa	To lift up, raise
okuwuuma	To belp
Orchid ennene eya langi eya kakobe	Large purple orchid
okubala, okubala	To count,calculate
gavana	A governor
Okubatiza	To baptize
okwogera	To talk
okusona	To sew
Okugwa, okugwa	To be bent, warped
okutereeza, okuggya	To straighten, unbend
Okukola ekikyamu, warp	To make crooked, warp
Empapula	Envelope
n'obunyiikivu	Intensive with
Okujja mu ngeri etasuubirwa	To come unexpectedly
Abakuumi b'ebisibo by'abalala	Guardians of others' flocks
ennyama y'ennyonyi	Buffalo hide
bbanka	Bank
Okubuuka wansi	To dash down
Akakiiko	Council
okusaanuuka	To burst
emmundu, envuumuulo	Pistol, revolver
bbandiera, bbandiera, bbandiera, bbandiera, bbandiera, bbandiera, bbandiera, bbandiera, bbandiera	Flag. Banner, sail
ekituli	Basin
ekimera	Kettle
Pampu y'emmotoka	Bicycle pump
Okusaanawo mu bujjuvu	To collapse completely
Sima mu buziba	Dig deep
okukaaba	Roar
crunch, snap	Crunch, snap
ow'ekika	Relative
ebyokulya, ebitundu	Food, portion out
okutambulira ku bigere	Walk on heels
Okwogera amangu ennyo	To talk very fast
engoye ez'okuziika	Grave clothes
ebijanjaalo	Young beans
enfuufu	Dust. Rubbish
omubisi	Broth
ekintu ekiyitiddwa	Invited thing
embuzi ezifudde;ensigo ezivunda	Dead goats;rotten seeds
empapula	Papyrus
Emboozi ezinyumira	Entertaining conversation
ebigenge	Leprosy
enviiri eziriko obugoye	Hair plaited style
ebikoola, ebikoola	Stubble, straw
ebikolebwa, ebikolebwa	Happenings, occurrences
okukaaba	Snoring
okuzza obuggya	Recover
akawayiro	Ring conn
(kikozesebwako inpl.fonn yokka)	(used only inpl.fonn)
Obulumi obuva ku bulwadde bwa dyspepsia	Dyspepsia pains
Okulabula, okwegendereza	Warning, caution
ebisasiro, ebisasiro	Rubbish, refuse
ebigambo ebibuusibwabuusibwa	Whispered words
okusendasenda, okusendasenda	To entice, seduce
bubi, bubi	Bad, ugly
be vexed, be annoyed, be troubled	Be vexed, annoyed, troubled
okuteeka wansi	To set down
omusujja gw'ensiri ogw'amaanyi	Severe chronic syphilis
omusujja, okukaaba	Saliva, dribble
enviiri empanvu	Long thick hair; fringe
Yogera ku kufa	Announce the death
ebijanjaalo	Young beans
ebisasiro, ebisasiro, ebisasiro	Dregs,refuse, rubbish
ebikoola	Old leaves of herbs
amagumba	Skeleton
ebirungo by'enva endiirwa	Dregs of beer
Okutiisatiisa	Make threats
omwezi ogugenda gukendeera	Waning moon
Ebikoola by'omuti omuko	Leaves of omuko tree
ebikoola, ebikoola, ebikoola, ebikoola, ebikoola, ebikoola, ebikoola, ebikoola, ebikoola, ebikoola, ebikoola, ebikoola, ebikoola, ebikoola, ebikoola, ebikoola, ebikoola, ebikoola, ebikoola, ebikoola, ebikoola, ebikoola, ebikoola, ebikoola, ebikoola, ebikoola, ebikoola, ebikoola, ebikoola, ebikoola, ebikoola, ebikoola, ebikoola, ebikoola, ebikoola, ebikoola, ebikoola, ebikoola, ebikoola, ebikoola, ebikoola, ebikoola, ebikoola, ebikoola, ebikoola, ebikoola, ebikoola, ebikoola, ebikoola, ebikoola, ebikoola, ebikoola	Leaves, runners, dry tobaco
ekikulukuto	Sputum
ekimera eky'omu ttaka	Middle husk of millet
Okuddamu	A response
ensingo	Neck
omusujja gw'omu nnyindo	Mucus of the nose
kuseka	Smile
omusujja gw'omu nnyindo	Mucus of tbe nose
Okwambala olugoye	To wear a loin-cloth
Fuba okuseka	Force a laugh
enviiri mu bisambi	Hair in the armpits
ebintu, obugagga	Things,wealth
omuddo	Weeds; worms
eby'okusaasaanya	Ground outs
Curry enfuufu	Curry powder
mu bwangu	Hurriedly
ebisiikirize by'ebisiikirize	Husks of simsim
Okufuluma mu maaso	Secretion from eyes
empagi, bbiri	Root, two
ebyokulya, ebyokulya	Eatables, food
Okufulumya amazzi (amaaso)	To discharge, water (eyes)
omuzira	Snow
Okuvunaana, okubuulirako	Accuse, tell tales about
Ennaku; ebiro	Days; periods
otulo mu maaso	Sleepiness in the eyes
ebirungo, eby'akaloosa	Seasoning,spices
omusujja	Saliva
Obulumi bw'okuzaala	Labour pains
omuddo omuto	Young reed
amasavu g'ebisolo	Fat of animals
eddagala ery'ebimera	Herbal medicine
enfuufu y'ente enkalu	Dry cow dung
ebijanjaalo	Beans
amayinja ag'ekyuma	Ironstone, dross, slag
ebirime, ebirime ebirime, ebirime ebirime, ebirime ebirime, ebirime ebirime, ebirime ebirime, ebirime ebirime, ebirime ebirime, ebirime ebirime, ebirime ebirime, ebirime ebirime, ebirime ebirime, ebirime ebirime, ebirime ebirime, ebirime ebirime, ebirime ebirime, ebirime ebirime, ebirime ebirime, ebirime ebirime, ebirime ebirime	Raw, uncooked, unripe, fresh
omusujja gw'ensiri	Syphilis, yaws
ebikoola	Leaves of young beans
ebisasiro by'enkoko, ebisasiro by'ebinyonyi	Fowls' dung, birds' droppings
Obulimba, obulimba	Lies, deceit
Big Bear, Ekibinja ky'Emmunyeenye	The Great Bear, Constellation
ebisiikirize, ebisiikirize, ebisiikirize, ebisiikirize, ebisiikirize, ebisiikirize, ebisiikirize, ebisiikirize, ebisiikirize, ebisiikirize, ebisiikirize, ebisiikirize, ebisiikirize, ebisiikirize, ebisiikirize, ebisiikirize, ebisiikirize, ebisiikirize, ebisiikirize, ebisiikirize, ebisiikirize, ebisiikirize, ebisiikirize, ebisiikirize, ebisiikirize, ebisiikirize, ebisiikirize, ebisiikirize, ebisiikirize, ebisiikirize, ebisiikirize, ebisiikirize, ebisiikirize, ebisiikirize, ebisiikirize, ebisiikirize	Husks, shavings, refuse
omusujja gw'ensiri (variola), omusujja gw'ensiri (chicken pox)	Variola, chicken pox
obukaba	Sodomy
Omuyembe nga tegunnaba kukula	Maizebefore it is fully-grown
okukaaba	Vomit
ebitundu by'amabeere	Labia
ebikoola	Whiskers
amagulu	Bandy legs
engoye oba engoye ez'eddiba	Ragged clothes or skins
ebinyonyi	Birds' dropping
amagi agatazaala	Addled infertile eggs
okugwa wansi	Flop down
Ja kcal, omusota	Ja kcal, fox
okukwata, okukwata	To fasten, tie up
okuggulawo	Unfasten
okusumulula	To unfasten
Okuba omunene	To be fat
okukaaba; okwogera obubi	To bark; speak roughly
Abasolooza omusolo ku katale	Market toll collectors
Okuba n'obumanyirivu (ebizibu, n'ebirala)	Experience (trouble, etc.)
okubonaabona	Suffer
Okuleetera omuntu okubonaabona	To make one suffer
okuggya, okuggya	Forge, to dissolv
Okulabika	To appear to
Okulumya, okubonereza	To hurt, punish
Okufumba obulungi	To be thoroughly cooked
okukaaba, okukaaba	Wailing,lamentation
okukaayana, okulumba	To quarrel with, attack
Okulumbagana	To attack eachother
eby'akaloosa	Scent, perfume
okusuula ebitundu by'omubiri	Flaying
obubazzi, obubazzi	Carpentry, joinery
eby'obugagga	Economy.stinginess
enneeyisa ey'obusirusiru	Mad behavior
Ebika by'ebimera, eby'omugavu	Species of resin, incense
bubi, akabi;ebisasiro	Evil, harm;excrement
Okulimba	Lying, deceitfulness
ekiwuubaalo, obutaba na mikwano, ekiwuubaalo	Loneliness, friendlessness, solitude
omuddo omunene oguliibwa	Large edible mushroom
ekiwuubaalo ekiwuubaalo	Loneliness solitude
obunafu, obunafu	Weakness,feebleness
obuwombeefu, obuwombeefu, obuwombeefu, obuwombeefu	Humility,meekness, docil ity, gentleness
obulimba, obukuusa	Deceit,fraud
Okufiirwa abaana	Loss of children, bereavement
Okusaanyaawo (ebimuli ebifumbiddwa)	To knead (cooked plantains)
Bulijjo	Ceaselessly
okusavuwaza	To folly
ebitooke, ebitooke, ebitooke eby'okuzimba	Mud, mortar,clay for building
katono, katono	Little, tinny
obukuusa, obukuusa	Cunning,craftiness
okusekererwa	Scorn, derision
Okubeera nnamwandu	Widowhood
omululu, okwerowoozaako	Greediness,selfishness
Obunnyogovu, okukkakkana	Narrowness,compression
okukaaba, okukaaba, okukaaba	Suffocation, stifling,asphyx
Obuggya	Jealousy
obumyufu	Redness
eddembe, ekituufu	Freedom,right
Obusaasizi, obusaasizi	Generosity,booty
Okubeera okumpi n'okufa	To be near death
Yogera mu butanwa	Talk at random
mu ddembe	At liberty
okukwata	To clasp
omukwano, okwagala	Friendship, affection
ekimera	Forch
Obusaasizi, okusaasira	Pity, mercy
okwagalibwa, okusikirizibwa	Affection,favoritism
embaga	Feast
ebiwundu wakati w'obugere	Sores between the toes
obusobozi, obuyinza	Ability, power
obulimba, obukumpanya, obunnanfuusi	Deceit, fraud,hypocrisy
Obulombolombo, enkola, n'ebirala	Nature,disposition. Way etc
Sisal, hemp	Sisal, hemp
embaga	Wedding
eggplant, Solanum Macrocarpan	African eggplant, Solanum Macrocarpan
Okuliisa (ente) ku makya	Feed (cattle) early
obunkenke, obunkenke, obunkenke, obunkenke	Stiffness, fimmess, hardness, rigidness
obutazaala	Barrenness, sterility
obwesige, obukuumi, amaanyi, obuddukiro	Reliance,security, strength, refuge
okuyiiya	Forge
Obukakanyavu	Stubbornness
obutali bwenkanya	Insolence
okukaddiwa	Old age
okuwuuma	To rustle
eby'obugagga, eby'obugagga	Wealth, riches
eby'obugagga	Merchandise
Obusirusiru	Foolishness
Obusika	Inheritance, succession
eby'obusika	Inheritedproperty
ku bwereere	For nothing
kya busirusiru	Folly
amaanyi, okuwalirizibwa	Force,compulsion
Ekigo, obuwagizi, obuyinza	Stronghold,support, influence
Ebyawandiikibwa, ebiwandiiko	Written matter, correspondence
Ensi ey'ewala	Distant country
Obulamu obuwanvu, obugumu	Longevity, durability
Obunafu	Scarcity
Okuwaayiriza	Slander
obuzito, obunene	Weight, size, bulk
by'obutonde	Inherent,nature
omuwala, omuwala	Girlhood,maidenhood
Obukyayi	Spitefulness
Obuweereza	Service
ensonyi, ensonyi	Shame, disgrace
ebitundu by'omugongo	Fracture,sprain
obulwadde bwa ssennyiga.	Scabies. The itch
omukisa, obugagga, obuwanguzi	Good fortune, prosperity, success
Okugoba, okunyaga, okubba, obukumpanya	Extortion,rapine, plunder, fraud
obutali bwenkanya, obutali bwenkanya, obutali bwenkanya, obutali bwenkanya, obutali bwenkanya, obutali bwenkanya, obutali bwenkanya, obutali bwenkanya, obutali bwenkanya, obutali bwenkanya, obutali bwenkanya, obutali bwenkanya, obutali bwenkanya, obutali bwenkanya, obutali bwenkanya, obutali bwenkanya, obutali bwenkanya, obutali bwenkanya, obutali bwenkanya, obutali bwenkanya, obutali bwenkanya, obutali bwenkanya, obutali bwenkanya, obutali bwenkanya, obutali bwenkanya, obutali bwenkanya, obutali bwenkanya, obutali bwenkanya, obutali bwenkanya, obutali bwenkanya, obutali bwenkanya, obutali bwenkanya, obutali bwenkanya, obutali bwenkanya, obutali bwenkanya	Insolence,self-wi ll, naughtiness, profligacy
entegeka, okukangavvula, obuwulize	Order,discipline, obedience
Ekibinja ky'abantu; obuwombeefu	Multitude, crowd; delicacy
obuwunga	Flour
Obusirusiru, obutali bulongoofu	Folly,indecency
ekiwundu, ekiwundu	Wound,injury
Enkuba ey'amaanyi, enkuba ey'omuzira	Fine rain,drizzle
obukoowu, obukoowu, okuvunda	Senility, senile, decay
Ekizibu eri ensolo	Pitfall for animals
Obuggya	Newness
Obusirusiru	Stupidity
obulwadde bw'ensiri	Elephantiasis
Obulwadde bw'amaaso	Secretion of the eyes
obujulizi, obujulizi	Evidence, testimony
Obuvunaanyizibwa	Responsibility
Okubonaabona, ebizibu, okubonaabona, obwennyamivu	Sorrow, trouble, misery, melancholy
obukoowu, obukoowu	Weariness, fatigue
obwakabaka	Kingdom
Ku bbeeyi ey'omuwendo	At a high price
ebikolwa eby'obukambwe	Violence
Obukambwe	Fierceness
omukyala, ebitundu by'ekyama eby'omukyala	Womanhood,female genitals
obutonotono, obutonotono	Littleness, fewness
Obuwanika	Stewardship
Kufa nga tolina muntu akulabirira	Die uncared for
Obuto	Infancy
trypanosomyasis	Trypanosomyasis
okusavuwaza	Sarcasm
obutali bulongoofu	Rudeness
obuyambi, obuyambi	Help,assistance
obunene, obunene	Size,bigness
Obukristaayo	Christianity
okukaaba, okukaaba	Stinginess,rancidity
obutategeeragana, obutategeeragana	Discord, strife
obukulembeze obutonotono	Minor chieftainship
obukuusa, obukuusa	Cunnningness, craftiness
Obuyambi, obuyambi	Assistance,support
Enkolagana	Relationship
okukwatibwa, okuteekebwa mu kkomera	Captivity,imprisonment
Ekitongole ekirwanirira obuyinza, omubaka, minisitule, akakiiko	Deputed authority, ambassadorship, ministry,commission
Buli lunaku, bulijjo	Daily, always
Bulaaya	Europe
mu bujjuvu	Completely
okwegayirira	Begging
okusasulwa, okusasulwa	Compensation,reparation
obuzito, obuzibu	Weight,difficulty
okufuga, okufuga, okufuga, okufuga	Rule, control,government, force
olutalo, olutalo, olutalo, olutalo	War, battle, struggle, conflict
Okukebera emmere n'obwegendereza	Careful measurement (of food)
okukaaba	Stinginess
Okulabirira abaana	Care of children
gattako	Join
omutego gw'emisege	Rat trap
Obulyi bw'enguzi	Corruption
Okuba n'omululu	Greed
Ensibuko y'emmere, eby'okulya	Source of foodsupply, pasture
Omulimu gw'okulunda endiga	Work of ashepherd; pastorate
ebisibo	Pasture
Lisp	Lisp
Okulima	Cultivation
Obukuumi	Protection
obutabeera na nkolagana n'abantu	Unsociability
Obukuumi	Guardianship
obwenkanya, ensonga	Justice, reason
Okumanya, okutegeera	Knowledge,understand recognition
Ebintu ebyakolebwa	Experience
Obuvumu	Courage
obutwa	Poison
ebikoola	Mould
okukwata ennyo	To clasp, tightly
Okukuŋŋaanya wansi w'ebiwaawaatiro	To gather under wings
okukwata ennyo	To clasp tightly
Ebika by'enva endiirwa	Species of beer banana
Okuvvuunuka obunafu	To emerge from undenvate
obugumu	Rust
Obumu, obumu	Oneness, unity
obulema, obulema	Lameness,disableness
kuseka	Smile
Obunnabbi	Prophecy
Obwavu	Poverty
obumyufu	Redness
obwesige, obwesige	Trustfulness,confidence
okusazaamu	Foreg
Tolie ng'alindirira	Tolie in wait, for
Okuba omuwombeefu	To humble, abase
okuteeka wansi, okuteeka wansi	To press down, squash
ebinywa	Liver
Bungereza	England
okunywa	Gulp
okusanyuka, okusanyuka	Satisfaction,repletion
ebiwuka ebitalya	Inedible termites
Bolt food, gulp	Bolt food, gulp
Obukyayi	Hatred
okwemulugunya, okwemulugunya, okwemulugunya	Mumble, mutter, murmur
Okubeera, abantu	Being, humanity
Kino	This
obwagazi	Sweetness
ekyokunywa, ekyokunywa	Flavor, taste
okusaaga	Flattery
okulya nga tomanyidde	Eating without a relish
okunyaga, okwenyigira mu bikolwa eby'obukambwe	Plunder, violence, rapine
Obusibe	Captivity
Yanguwa, beera n'empisa ennungi.	Hasty,temper
obugumu, obulumi	Stiffness, aching
alabika bulungi	Good looks
Okusibibwa mu kkomera	Imprisonment
omuddo	Grass
obukyayi	Enemity
Ekifo	Position
obuwanvu	Stoutness
obutali butuukirivu, obutali butuukirivu, obutali butuukirivu, obutali butuukirivu, obutali butuukirivu, obutali butuukirivu, obutali butuukirivu, obutali butuukirivu, obutali butuukirivu, obutali butuukirivu, obutali butuukirivu, obutali butuukirivu, obutali butuukirivu, obutali butuukirivu, obutali butuukirivu, obutali butuukirivu, obutali butuukirivu, obutali butuukirivu, obutali butuukirivu, obutali butuukirivu, obutali butuukirivu, obutali butuukirivu, obutali butuukirivu, obutali butuukirivu, obutali butuukirivu, obutali butuukirivu, obutali butuukirivu, obutali butuukirivu, obutali butuukirivu	Meanness,stinginess, miserliness
okusazaamu	Foreg
Omukwano, oluganda olw'omusaayi	Friendship, blood brother-hood
okusazaamu	Foreg
ekimera ng'ekimuli	Plant like clover
okukaaba	Tickling sensation
Ekimera ekiriko ebikoola	Plant withhairy stinging leaves
eby'okusula	Lodging
ekkubo, ekkubo, ekkubo	Path, passage,way
Okulagula	Divination
obuwanvu	Height
obuwanvu, obuwanvu	Length, height
n'obumalirivu	Fixed, firmly
okuleetawo obuzibu	Stir up trouble
opthalmia, trachoma	Opthalmia,trachoma
omuddo omutono	Small millet
obusazi, obusazi, obusazi, obusazi	Filth., dirtiness,slovenness
Obulogo	Witchcraft
Emirimu egy'okuwalirizibwa	Forced labour
ebikoola by'ebigere	Tread of foot, sole
ekifo eky'okuzaaliramu	Place of origin
okuwuluguma, okuwuuma	Roar, sound
Obutukuvu	Holiness
obulumi, obulumi	Ache, pain
okuwuuma, okuwuuma	To rustle, swish
omusujja gw'ensiri	Smallpox
Obulungi, obulungi	Beauty, goodness
ng'oli wekka	Alone
Okubuukabuuka, okubuukabuuka	To bustle about, hustle
Obukambwe, obutali bwenkanya, obutali bwenkanya	Fierceness,ferocity, harshness
okuyuza, okuyuza	Rip, tear
enfuufu y'ebisusunku by'ente	Ashes of burnt cow-dung
obulwadde, obulwadde, obulwadde	Illness, sickness, disease
Ebiseera	Time
Okusiba.	Fastening. Joint
eby'obusuubuzi	Trade
Okuggibwa mu nsi, okusengukira mu nsi endala	Exile, emigration
raffia	Raffia
Okupangisa ettaka	Ground-rent
olugoye olw'omu Buwalabu	Arab robe
okusaaga	Flattery
okusoomooza, okusekerera, okusekerera	Provocation, taunting, booing
Beera munafu	Be feeble
Okubeera mu kitundu	Neighbourhood,neighbourliness
ekifo w'obeera	Residence, dwelling place
Obusirusiru	Foolishness
obunafu, obunafu bw'amagulu	Weakness,thinness of the legs
ebbugumu	Warmth
obuzibe bw'amaaso	Blindness
okugwa, okugwa	Collapse, fall
Bulijjo	Unceasingly
obutono.obutono, obutonotono	Littleness.smallness, fewness
ebyuma	Iron ore
okutamiira, okunywa ennyo omwenge	Drunkenness, intoxication
Ensibuko	Starting point
akabi akatasuubirwa, akabenje	Unforeseen peril, accident
akabenje	Accidental occurrence
Obukessi	Espionage
Okusaasaanya	To spread about
Okubuulira	Preaching
ekituli	Joint
okugwa	To fall
okukaaba	Slipperiness
Okuzaala mu ngeri y'ekika	Inbreeding
Emikolo gy'okuyingira mu by'obusamize	Initiation ceremony of diviner
Omulimu	Task
ekitasoboka, ekizibu	Impossibility, difficulty
ebisiikirize	Fat tai
ekikondo	Catapult
okusoomoozebwa, obutali butuukirivu	Forwardness, perversity
ennyama	Minced meat
okutya, okutya	Fear, cowardice
okusuula wansi	To dump down
Obuto n'obuvubuka	Childhood,youth
omubisi gw'omusaayi	Bloodpudding
Mbeegayiridde, obukuumi	Excuse, defence
Obumu, obutume, obuweereza	Conunission,apostleship, ministry
obukoowu, obuteefiirayo	Sloth,slackness
eby'obugagga	Wealth
Ebuvanjuba	The East
ebisiikirize	Button mushrooms
olubuto lw'omukazi atali mufumbo	Pregnancy of unmarried woman
okufuuwa (abaami)	Fomication(male)
okulabula	Give warning
Ggula amaaso	Open the eyes
ekire eky'enfuufu	Cloud of dust
omuntu omunafu ennyo; omusirusiru	Very feeble person; idiot
ekisenge	Stoop
okuziika, okubikka	To smother, cover up
Okubulwa otulo	To be sleepless
obuyambi, obuyambi, obuyambi	Help, aid,assistance
ebikulukuto by'amayengo, ebikulukuto by'amayengo, ebikulukuto by'amayengo, ebikulukuto by'amayengo, ebikulukuto by'amayengo, ebikulukuto by'amayengo, ebikulukuto by'amayengo, ebikulukuto by'amayengo, ebikulukuto by'amayengo, ebikulukuto by'amayengo, ebikulukuto by'amayengo, ebikulukuto by'amayengo, ebikulukuto by'amayengo, ebikulukuto by'amayengo, ebikulukuto by'amayengo	Wavelets, ripples
ebikoola	Twisted fringe
okugatta	Joint, splice
okufiirwa	Lose
ekika, oluganda, oluganda	Clanship, relationship, kinship
Obuddu	Slavery
Abazadde, ekifo ky'okuzaalirwamu	Parentage, birthplace
obukyayi, obukyayi; omusujja gw'ensiri	Hostility,enemity; smallpox
ekirwadde kya siriimu	Tuberculosis
eby'obugagga	Bulk
okukaaba	Hoarseness
okukaaba	To crunch
okusaanuuka	To be squashed
Okuzaala (omwana gw'embwa, omwana gw'ennyana)	To bear (puppy, cubs)
Okuteekawo, okulabirira	Storing up,stewardship
omulundi ogw'okubiri	Second time
Omujulirwa, obujulizi, obujulizi	Witness,testimony, evidence
ebimuli	Tinny flowers
obugayaavu, obusirusiru	Laziness,foolishness
amandala	Tonsils
eby'obugagga	Copious
ekimera ekirabika ng'ekimyufu	Yellow stonecrop
ebituli	Hollows
Okugaana	Refusal
Obwakabona	Priesthood
Okufukamira, okwekweka	To crouch down, hide
Embeera y'obudde	Atmosphere
Katonda	Godhead
Obuggya	Jealousy
ebisubi by'omwana ng'azaaliddwa	Fissures of childbirth
Okuleeta akasaku	To make noise
entikko	Slope
obuyonjo, amagezi, obuyonjo, okwambala	Neatness,smartness, cleanliness, adornment
Okutangirira	Expiation
Okwejjusa	Self-pity
obunafu, obunafu	Slackness, laziness
n'obwegendereza	Carefully
okwegendereza, okwegendereza, okusaasaanya	Carefulness, circumspection, thrift
Okuyigiriza	Teaching
Obuwangwa	Civilization
okwegomba	Covetousness
Ekifo eky'okubeeramu, eddembe	Room to tum, freedom
Deligeocc, obunyiikivu, obunyiikivu	Deligeocc, zeal, earnestness, zest
obugayaavu, obuteefiirayo	Laziness, indolence
golola, golola, golola, golola, golola, golola	Bend, curve,tum
Obukuusa	Conspiracy
Beera mwegendereza ng'oyingiza, ng'oyonja	Careful up bringing, petting
, okwetulinkiriza, okweraga	, conceit, showing off
obusaasizi, obusaasizi, obusaasizi	Generosity,liberality, bounty
okunyigirizibwa, okuyigganyizibwa	Oppression,bullying
Obutassaayo mwoyo ku byetaago by'abantu	Neglect of owcrcowcre
mu lujjudde	Openly
obujeemu, obujeemu, obutali bukakanyavu	Willfulness,rebellion, impudence
Obwannannyini obw'obwannannyini	Sole ownership
okutulugunya	Bullying, scornfulness
Obunafu	Fragility
okukaaba	Rustling
ettaka eryapangisibwa	Leasehold land
ekifo eky'okwekwekamu	Hiding place, refuge
obwesige, obwesige, obwesige	Trust,confidence, assurance
obwesige, obwesigwa	Trustworthiness, faithfulness
ekifo eky'okuddukiramu enkuba	Shelter from rain
ebitooke	Lumps
obutali bukakanyavu, obutali bukakanyavu, obutali bukakanyavu	Cheek, impudence, naughtiness
okugoba, okugoba, okwetooloola, okwetooloola, okwetooloola, okwetooloola, okwetooloola, okwetooloola, okwetooloola, okwetooloola, okwetooloola, okwetooloola, okwetooloola, okwetooloola, okwetooloola, okwetooloola, okwetooloola	Curve,bend, round about
obubbi	Theft
obuyambi	Support
ekifo eky'okusula	Shelter
Okulaga obusaasizi	Expression of pity
omusujja gw'ensiri	Smallpox
Obunene	Bigness
omutemu	Bully
ekikumi ekiruma	Stinging centipede
Ezzadde, emirembe	Ancestry,generations
ekifo, ekifo eky'okubeeramu, ekifo eky'okubeeramu	Place, residence, abode
okusazaamu	Foreg
ekifo eky'okuddukiramu	Refuge
Obukyayi, obukyayi	Mutual hatred,enmity
Ennyumba y'omugole wa kabaka	House of thequeen consort
obusaasizi, obusaasizi	Meanness,stinginess
ebituli, ebituli	Linleholes, tunnels
Obwavu	Poverty
bingi	Plenty
empuku	Cave. Den
Obuddu	Serfdom
Obuddu	Slavery
ekifo eky'okuddukiramu	Place of refuge, retreat
Omutemu	Murder
omuwala	Girlhood
Obunnyogovu	Sharpness, edge
okufuluma, okufuluma	Tumult, uproar
emyaka gy'obuvubuka	Boyhood
omwagazi	Honey
obugumu	Toughness
Obulamu, obulamu, emmeeme	Health, life, soul
obukoowu	Dryness
obukoowu	Dryness
Obuntu	Humanity
obwongo	Brain
Okugenda awatali kubuusabuusa	To go away stealthily
obuwombeefu	Softness, tenderness
omukuumi	Guardianshjp
enva endiirwa	Butter mixed with perfume
enviiri	Hair
Tewali kintu kyonna.	Nothing at all
ebikoola eby'eddiba, eby'abaana	Skin mats, child's bedding
enviiri mu nsusu	Hair in the annat
ebisasiro	Dirt
ebibala	Fruit, offspring
engatto	Fingers
entrails	Entrails
ebitooke eby'ekyuma	Slag of iron, dross
Tewali n'omu	Find no one in
Embeera y'ebyobulamu n'obuyonjo	Health,sanitation matters
okulumba	To attack
ebyokulya	Food
Obwenzi	Immorality
Enviiri, enviiri (enviiri z'ebisolo)	Feathers,fur(animal hair)
Zino	These ones
Bakabona ba Chwezi	Chwezi priests
Omwami wo	Your husband
alabika bulungi	He/she is good looking
omukuumi w'olubiri oba omukuumi w'ekibuga	Courtier or fort-dweller, attendant
Bapayoniya, ababuulizi	Pioneers, harbigners
Abazadde	Parents
Bazaala bwereere,	They produce[children] for nothing
ekimala	Enough
Bayibuli	Bible
envuumuulo	Pistol
omuddo	Plantain
mu lujjudde	Openly
Basobola okwerabira	They can forget
ebisiikirize	Sickle
ebikumi bibiri	Two hundred
ebikumi bibiri mu kimu	Two hundred and one
ebikumi bibiri mu kkumi	Two hundred and ten
ekibuga	Place, city
ebikumi bibiri	Two hundred
ebikumi bina	Four hundred
ebikumi bisatu	Three hundred
ebikumi bitaano	Five hundred
ennyama y'endiga	Meat of a sheep
Mu butali bugenderevu	Carelessly
langi	Orange colour
Zino	These ones
bisopu	Bishop
Be bokka	They alone
Abasatu ku bo	Three of them
Ebitundu bitaano	Five of them
Nkusaba	Please
Takisi ey'emmotoka oba ey'eggaali y'omukka	Bicycle or motorcycle taxi
Ekitebe kya Gavumenti	Government ground or station
Bonna	All of them
ku mutwe wansi	Upside down
ng'oyimiridde	Facing up
kya bulabe, kya kufa	Dangerous, deadly
Amangu ago n'obutafaayo	Quickly and carelessly
Okutambula n'obukkakkamu	To walk sluggishly
ebugwanjuba	West
ebbugumu	Vehemence
omulundi omulala, omulundi omulala	Anew, again
ku luuyi olulala	Across
Buli lunaku	Everyday
Olulala	Another time
ebuvanjuba	East
ku bwereere	For nothing
Ku nsozi eziriraanye	On the opposite hills
mu mirembe	Peacefully
Bulijjo, obutayosa	Uncreasingly, continuously
Buli lunaku, bulijjo	Everyday, always
Ekintu ekikankana	Something that is shaky
endiga etalina matu	A sheep without ears
eddoboozi eddungi ery'okuyimba	A good singing voice
ku mukono ogwa kkono	Left hand side
Ekiseera ekyo	That time
ekituli ku mutwe	Head on collision
ekiggya; omulundi omulala	Afresh; once more
Okwogera mu bwesimbu	To speak openly
Oluusi n'oluusi	Now and then
mu bwangu	Quickly
Omusaseredooti	A parish priest
oluvannyuma; oluvannyuma	Afterwards; later
okukola ekintu mu lujjudde	Doing something openly
okuggulawo	Open
okuyimirira, okuyimirira	Upright, standing up
omwana omuto ennyo	A very young baby
Enki, ebiwandiiko	Ink,written
It, itself, bo, bo bennyini	It, itself, they, themselves
Okukemebwa	Temptation
eby'abazadde	Of parents
bo bennyini	They, themselves
Bonna	All of them
Okubeerangawo obutayosa	To be always visiting
caayi, ebikoola bya caayi, omuti gwa caayi	Tea, tea leaves,tea plant
okutandika, okutandika	To begin, start
Alaga obusaasizi n'okusiima	Expresses pity, admiration
okukankana, okuyiwa	To shake about, spill
okukoowa	To be exhausted
okubonyaabonyezebwa	Torture
okukaaba	Slap
Okutemebwa	To be chipped
okutabula, okutabula	To chip, break off
okufumita, okufumita	To pound, crush
okutambuza	To trot
okusekerera	To mock
ebisiikirize	Cebaceba
omunafu, omunafu	Weak, feeble
Okuzina, okubuuka	To dance,leap
mu bujjuvu	Completely
okunafuya	To weaken
Okubeera Tom, omuzira	To be tom, ragged
Okutema ebitundu	To tear into pieces
okukaaba	To chew
Mukubaganye ebirowoozo mu bujjuvu	Discuss thoroughly
Beera n'enteekateeka ennungi	Be tidy, neat, quiet
okutabulatabula, okusaasaanya	To shake about, strew
okulimba	To be deceitful
Okufuuka omwavu	To become destitute
okufumita, okufumita	To crush, pound
okwebaka	Sleep
Okwolesebwa kw'omugugu	Expression of fraight
Okuba n'ekikulukuto	To have diarrhoea
Mugende	Get out
okusuula	To discard
Okutuuka ku mulamwa	To over lap
okusindika	To push
okusindika enfunda n'enfunda, okubuusa amaaso	To push repeatedly, neglect
Okugaana	To refuse
okufumba	To cook, boil
okulemala	To limp
okuteeka omuliro	To set fire
okufumita, okufumita, okufumita	To stab, spear, pierce
Okugoba, okutya	To drive away, scareaway
Beera muwanvu	Be corpulent
Okukula	To grow tall
okununula, okununula	To buy back, redeem
okuyonka	To suck dry
ekikopo	Bottle
Enkoko enkadde, omukyala omukadde	Old cow, old woman
omuntu ali mu bwetaavu	A destitute person
enfuufu	Dust
okuggya	Wean
okulya ennyo	To eat ravenously
Okugonjoola ensonga	Settle matters
okusomoka	To go across
okugabana	To divide
Beera mukakanyavu, mukakanyavu, mukakanyavu	Be cunning, crafty, sly
okukaaba	To chew
okumenya	To break
okugwa	To succumb
Yanguwa n'essanyu	Rush at joyfully
okunoonyereza	To invent
okusala ekkubo	Cross a path
Oluyimba olw'ebigere	Sound made by footsteps
mu bwangu	Quickly
Mu kasirise	In total silence
soya	Soya beans
mu kasirise	Quiet
omukka omungi nnyo	Too much smell
Okutambula mu ngeri ey'ekitiibwa	To walk majestically
Okuteekamu obuwuka obuyitibwa gum	Intensive with guma
Slemon, omulyolyomi, omwoyo omubi	Slemon, devil, evil spirit
ddakiika	Minute
musawo	Doctor
eby'obugazi	Woven border on cloth
Okuba omunafu, ataliiko ky'akolawo	To be flabby, inert
okusenguka	To move
tolap	Tolap
okuvvoola, okuvumisa	To rundown, defame
Okufuuka omusirusiru, ow'emabega	To become stupid,backward
Okuteekamu envumbo (boha)	Intensive with boha (fasten)
mukwate, mukwate, mukwate	Tie tightly, tighten
Eddiini	Religion
ekikompasu	Compass
okubbira	To sink
Okukuba ennyo	To hit hard
sabbuuni enzirugavu	Blue soap
bitono	Seldom
Okufuuka omusirusiru	To become stupid
okubuguuma	To bubble
eri abasirusiru, abasirusiru, abasirusiru	To bestupid, silly, foolish
Okufuuka abasirusiru, abasirusiru	To become stupid, foolish
okuziba amaaso	To stupefy
okusekerera, okusekerera	To mock, ridicule
sementi	Cement
sabbuuni	Native soap
Okuggyamu	To be stripped
Beera mukoowu	Be exhausted, done up
Laba!	Look! Behold!
okuggulawo, okunoonyereza, okusuula	To hollow out, probe,lance
Okubuukabuuka, okubuukabuuka, okubuukabuuka	To rumble, whirr, hum
Okubabonyaabonya, okubabonyaabonya	Beat unmercifully, flog
okubuusa amaaso	To tantalize
Okukula amangu	To grow very quickly
okuba omuwanvu ennyo	To be very tall
omubisi	Barrel
okusaasaanya	To waste
Omutanda	Shop
okulangirira, okulagira, okulangirira, okunnyonnyola	To announce, command, proclaim,interpret
okuvumirira, okuvumirira	T oderide, scorn
okugoba	Drill
kizibu nnyo	Very hard
langi bbiri	Double colour
ekizimbe eky'okulya	Dining room
Wano, waliyo	Here is, there is
Omuvuzi	Driver
Kati, leero	Now, today
disiko	Discotheque
double: emirundi ebiri	Double: twice as much
okufulumya amaloboozi agataliiko kkomo	Making continous andirritating noise
amarinthus	Amarinthus
ebisiikirize	Jerrycan
ebisiikirize	Jerrycans
ekyenyenyi	A heron
ebinyonyi	Herons
ekibonerezo, ekibonerezo	Punishment, penalty
ekibonerezo, ebibonerezo	Punishment, penalties
Emmere erimu omunnyo	Food without salt
ebyokulya ebitalina mazzi	Food without salts
Omuntu omulyi w'enguzi	A very greedy person
Abantu ab'omululu	Very greedy persons
ebinywa ebinene	Large intestine
ebinywa ebinene	Large intestines
ekigambo	A word
ebigambo	Words
Ekizimbe eky'amasomo ga katekisimu	Room for catechism classes
Ekizimbe eky'amasomo ga katekisimu	Room for catechism classeses
olulimi	Idiom
ebigambo	Idioms
gitala	A guitar
ebivuga	Guitars
omuntu omusirusiru	A stupid person
abantu abasirusiru	Stupid persons
ekifubas	Ekifubas
ekiwundu	A bruise
ebiwundu	Bruises
akabokisi	A packet
ebipakiti	Packets
ekibikka, ebikoola by'enva endiirwa	Cover, used banana leaf
ebikoola, ebikoola ebyakolebwa	Cover, used banana leafs
ekituli	Rectum
obutoffaali	Rectums
akagaali k'emmotoka	A wheel barrow
ebyuma ebikozesebwa mu kutambuza emmotoka	Wheel barrows
omuntu omuwanvu	A tall mascular person
abantu ab'emibiri emiwanvu	Tall mascular persons
Okusonyiwa	Forgiveness
okusonyiwa	Forgivenesses
Eky'Okuddamu	Answer
Eby'okuddamu	Answers
okusaaga	Joke
eby'amasanyu	Jokes
ekikopo	Spoon
ebikonde	Spoons
Ekintu ekyewuunyisa ennyo	Something very surprising
Ekintu ekyewuunyisa ennyo	Something very surprisings
ekisibo ekinene	A big basket
ebinusu ebinene	Big baskets
ebigere, obubonero bw'ebigere	Foot, foot print
ebigere, ebibala by'ebigere	Foot, foot prints
amannyo	Molar tooth
amannyo	Molar tooths
ekikondo ekya pulasitiki	A round plastic jerrycan
ebitooke ebya pulasitiki	Round plastic jerrycans
olusuku lw'ebituli	A young pumpkin's garden
ebirime by'ebimuli	Young pumpkin's gardens
Kalubasi omuwombeefu atannakula	Soft immature calabash
ebisiikirize ebirabika obulungi	Soft immature calabashes
ekifo eky'okusulamu	Latrine
ebifo eby'okusula	Latrines
ekimera	Beetle
ebinyonyi	Beetles
eby'okwambala	Garment, wear
eby'okwambala	Garment, wears
Ekisenge kya kabaka oba eky'abakulembeze	King's or chiefs enclosure
eby'ekika kya bakabaka n'abakulembeze	King's or chiefs enclosures
omucungwa	Sugarcane
ebizimbulukusa	Sugarcanes
ekika ky'omuti	A tree specie
ebika by'emiti	Tree species
omuti gw'enkindu	A palm tree
emiti gy'enkindu	Palm trees
ebikoola	Pumpkins
ekyennyanja	Frog, toad
ebisiikirize, ebisiikirize	Frog, toads
ente enkadde eyasumululwa	An old emanciated cow
ente enkadde	Old emanciated cows
omubisi gw'emmwaanyi	Maize cob
emigaati	Maize cobs
ebituli by'amaaso	Eyelid
ebituli by'amaaso	Eyelids
ekikangabwa	Riddle
ebibuuzo	Riddles
Ekizibu ky'ekikoligo	Yoke problem, obstacle
Ekizibu ky'ekikoligo, ebizibu	Yoke problem, obstacles
Oluyimba lw'omusumba	A herdsman's whistle
Okufuuwa kw'omusumba	Herdsman's whistles
ensolo	An animal
ensolo	Animals
ekibinja	A battalion
ebibinja	Battalions
ekikopo: ekikopo	Cup: a trophy
ekikopo: ekikopo	Cup: a trophies
Ekintu ekyonoonese	Rotten thing
Ebintu ebyonoonese	Rotten things
ekika	Sub-clan
ebika	Sub-clans
Ekibuuzo	Question
Ebibuuzo	Questions
ekyuma ekyokya	Frying-pan
ebitooke	Frying-pans
Ekijjukizo	A memorial remembrance
Ebijjukizo	Memorial remembrances
Ekika ky'omuddo	Type of horizontal grass
Ekika ky'omuddo	Type of horizontal grasses
ekibala, emmeeza	A fruit, a table
ebibala	Fruit, a tables
ekinnya, ekinnya, ekinnya	Hole, ditch, pit
ekinnya, ekinnya, ekinnya	Hole, ditch, pits
Okubonaabona okw'amaanyi, beera munakuwavu	Great grief, be sorrowful
Okubonaabona okw'amaanyi, beera munakuwavu	Great grief, be sorrowfuls
omuzira omunene	Large hornbill
ebinyonyi ebinene	Large hornbills
amataba, amataba ag'amaanyi	Waterfall, rushing flood
amataba, amataba ag'amaanyi	Waterfall, rushing floods
ekinyonyi ekinene ekimyufu	A big brown bird
ebinyonyi ebinene	Big brown birds
ekifo ekirimu ebinyeebwa	A seasonal swamp
ebibira eby'ebiro	Seasonal swamps
ebikoola by'omuti gw'omubisi	Fresh banana tree sheath
ebikoola by'omuti gw'omubisi	Fresh banana tree sheaths
Ekika ky'omuddo	A type of grass
Ekika ky'omuddo	Type of grasses
olugoye: olugoye olubi	Odour: unpleasant smell
obuwuka: obuwuka obw'obulabe	Odour: unpleasant smells
Amawulire ag'ekyamagero	Exaggerated information
Amawulire agasavuwaza	Exaggerated informations
enjala ey'amaanyi	Severe famine
enjala ey'amaanyi	Severe famines
ekidiba	A crater lake
amazzi ga crater	Crater lakes
omukka omungi	Heavy smoke
okunywa ssigala	Heavy smokes
ekifo	Place, spot
ekifo, ebifo	Place, spots
ekisu ky'ennyonyi	A bird's nest
ebisu by'ebinyonyi	Bird's nests
okuvuma, okuvuma	An insult, an abuse
Okuvuma, okuyisa obubi	Insult, an abuses
ebyuma ebikola ebyuma ebikola ebyuma ebikola ebyuma ebikola ebyuma ebikola ebyuma ebikola ebyuma ebikola ebyuma ebikola ebyuma ebikola ebyuma ebikola ebyuma ebikola ebyuma ebikola ebyuma ebikola ebyuma ebikola ebyuma ebikola ebyuma ebikola ebyuma ebikola ebyuma ebikola ebyuma ebikola ebyuma ebikola ebyuma ebikola ebyuma	Pit latrine
ebyuma ebikola ebyuma ebikola ebyuma ebikola ebyuma ebikola ebyuma ebikola ebyuma ebikola ebyuma ebikola ebyuma ebikola ebyuma ebikola ebyuma ebikola ebyuma ebikola ebyuma ebikola ebyuma ebikola ebyuma ebikola ebyuma ebikola ebyuma ebikola ebyuma ebikola ebyuma ebikola ebyuma ebikola ebyuma ebikola ebyuma ebikola ebyuma ebikola ebyuma ebikola ebyuma ebikola ebyuma	Pit latrines
ekisiikirize, ekisiikirize	A shade, shadow
ekisiikirize, ekisiikirize	Shade, shadows
ekisiikirize	A snail shell
ebisiikirize by'ebisiikirize	Snail shells
omunene	Giant
Abasajja ab'amaanyi	Giants
Ekisenge ekikuumibwa envumbo	A reed fenced enclosure
ebifo ebiriko envumbo	Reed fenced enclosures
embaga, okujaguza	Festivity, celebration
Emikolo	Festivity, celebrations
okukaayana	Argument, strife, dispute
engatto, engatto, engatto, engatto, engatto, engatto, engatto, engatto, engatto, engatto, engatto, engatto, engatto, engatto, engatto, engatto, engatto, engatto, engatto, engatto, engatto, engatto, engatto, engatto, engatto, engatto, engatto, engatto, engatto, engatto, engatto, engatto, engatto, engatto, engatto, engatto, engatto, engatto, engatto, engatto, engatto, engatto, engatto, engatto, engatto, engatto, engatto, engatto, engatto, engatto, engatto, engatto, engatto, engatto, engatto, engatto, engatto, engatto, engatto, engatto, engatto, engatto, engatto, engatto, engatto, engatto, engatto, engatto, engatto, engatto, engatto, engatto, engatto, engatto	Knickers, trousers, shorts
Oyo akozesa amaanyi	One who uses force
ensigo z'ebitooke	Seeds of gourds
okubuulirira, okubuulirira, okukubaganya ebirowoozo	Advice, counsel, discussion
omuddusi	Swift runner
ekika ky'enzige	Kind of locust
ekifo	Space
ebinyonyi	Safari ants
Obuweereza	Service
ekikonde, ekikonde	Gristle, cartilage
ebisiyaga	Bed-bug
empeta	A ring
embwa	Hunting dog
ente enzibe, embuzi	A blind cow, goat
omuzira	Chameleon
ettaka ebbi, ettaka ery'amaanyi	Poor soil, hard earth
embwa	Male dog
omuyigganya, omuyigganya, omuyigganya	Argumentative person, rival, competitor
okukungubaga, okukaaba	Mourning, lamentation
amabeere amakakali	Firm breasts not pendant
Uganda Cob	Uganda Cob
omuntu ow'empaka	Quarrelsome person
obuwuka obuyitibwa constipation	Constipation
ensigo z'ebisenge	Fluffy seeds of reeds
empeera, empeera, empeera	Wage, pay, reward
ekikoola ekiggya	A new hoe
ekikonde, ekikonde	Gristle, cartilage
Obukyayi, okuyigganyizibwa	Enmity, persecution
ekitala eky'obwogi obubiri	Double edged sword, dagger
ekituli mu muti	Hole in a tree
ebinyonyi: ebinyonyi ebitonotono	Grasshoppers: small grasshoppers
emiti	Firewood
ekyennyanja ekiyitibwa worker termite	Worker termite
Amaanyi, amaanyi	Strength, vigour
ekikulukuto	Flea
Ekibiina ky'abantu, ebibiina by'abantu, ebingi	Multitude, crowd,abundance
okusembeza abagenyi	Hospitality, entertaining
ensolo eyitibwa red-tailed colobus monkey	Red tailed colobus monkey
ekikonde	Hangnail
ebinyonyi	Rhinoceros
omukuusa, omukuusa	Cheat, swindler, crafty person
eyalya enva endiirwa enzirugavu	Blue banana eater
ekimera	A plant species
obulwadde bw'omusujja	Coughing disease, cough
Enfunda n'enfunda	Repeatedly
ekkondeere	Horn trumpet
omuddo omweru	White millet
engatto	Fingers
ekikonde ekirina ekirevu	Red-tailed cercopitheque
okukaayana	Strife, quarrel
Ekika ky'enva endiirwa	Type of banana
omwagalwa	Lover
ebinyonyi	Guinea fowl
omutemu	Intruder
Obukkakkamu, obukuusa, obukuusa	Subtlety, cunning, cheating
omuntu omusirusiru	Stupid person
ebikoola	Pigeon peas
ekituli	Armpit
ebikoola	Beads
omuntu eyeegendereza, eyeegendereza, eyeegendereza	Careful,deliberate, economical person
Okulabirira obulungi, obuyonjo	Care, good treatment, neatness
Ebisusse	Surplus
Omuntu eyeenyigira mu bwenzi	An adulterous person
Ebiwandiiko ebyakolebwa okuva ku bisenge bya papirisi	Strippings from papyrus stems
embwa	A male dog
SW.obuzito oba amaanyi	SW.voilence or force
ebikondo ebinene ebyeru	Big white beads
obukyayi, obukyayi	Dislike, enmity, hatred
Omuti oguliko ebibala	Tree with edible fruit
ebisiikirize	Loquats
Obulwadde bwa kabaka bwokka	Illness of king only
ensolo ennene	Large ape
ekikolo ekikulu	Main root, tap root
ebisiikirize	Quail
omwezi ogugenda gukendeera	Waning moon
simsim	Simsim
ensolo eya musajja	A male animal
embuzi y'endiga	A ram
SW.omuntu ataliiko ky'asobola	SW.a desparate person
SW.omuntu ategeeza ekintu	SW.someone who explains something
Engeri y'okusomamu	The way of reading
ekiseera ky'okuzaala	Menstruation period
SW.endwadde z'ente	SW.cattle disease
ekinyonyi ekikulembera	Honey guide bird
ebbumba erirabika ng'erirabika obulungi	A soft red clay
ebyennyanja	Fish
obuwunga, obuwunga	Flour, powder
obuyimba	Pipe, flute
ebinyonyi eby'omu nsiko	Edible grasshoppers
Ssente ez'omuwendo omutono	Loose cents
amayinja ag'okufuuyira aga waggulu	Upper grinding stone
okuseka, okusanyuka	Laughter, fun
omwagalwa, omwagalwa	Dear one, beloved
ensolo ennene	Giant hog
amaaso amalungi	Good clear eyes
okukaaba, okukaaba	Nausea, vomit
ensi, ettaka, eggwanga	Earth, land, country
ekyuma ekikozesa envuumuulo	Muzzle-loader
ebinywa; ensigo	Kidney; seed
amayinja ag'okufuuyira aga waggulu	Upper grind stone
Ssente	Money
omwezi ogujjuvu nga gwaka	Full moon when rising
Engeri, endabika	Shape, appearance
Obusobozi - kirabo kya buzaaliranwa	Talent: a natural gift
ensobi, ensobi	Mistake, error
embuzi, embuzi y'amazzi	Reedbuck, water buck
Ekitundu eky'ebisenge	Border of mat
okukoowa ennyo	Become very exhausted
Sty (mu liiso)	Sty (in eye)
ekikondo	Short-bladed spear
abazannyi	Cast
ebisiba	Fetters
ebisiikirize	Hippopotamus
Obulwadde bw'olukonvuba, obulwadde bw'olukonvuba n'omusaayi	Dysentery, diarrhoea with blood
ensimbi ez'okukolamu ensimbi	Cane for bow string
Ekika ky'ebikoola	Type of potato
ekifo eky'okuddukiramu eky'akaseera obuseera	Temporary shelter
Enkuyege, omuntu omunakuwavu, ali obwannamunigina	Owl, sad, lonely person
okusekerera ng'ayolese amannyo	Grin showing teeth
ekyama	Secret
Okunnyonnyola	Explanation
ebibala by'amafuta ga ricin	Castor oil berry
ekimera ky'amafuta ga ricin	Castor oil plant
enkuyege	Housefly
embwa	Young dog, puppy
envunyu	Silkworm
ekimera ekiruma	Biting ant
ekituli ekirabika obulungi	Protruding, prominent forehead
omusujja gw'ensiri	Tertiary syphilis
ekyennyanja ekimyufu	Small black fish
ensulo y'amazzi	Spring of water
Enkuŋŋaana	Assemblies
oyo akoppa	Imitator
ebisiikirize	Swallow
okukaaba	Vomit
Endowooza n'ebirowoozo by'omuntu	One's opinions and ideas
okuba omukoowu ennyo	Being very tired
ente ennume ennungi	A good female cow
ebitooke	Small beads
Ekifo ekitali kya bukuumi	Extreme edge, unsafe place
ebisiba by'olususu	Flakes of skin
enkuyege enjeru	White ants
amazzi	Water- jar
Ekika ekinene eky'empologoma	Large type of rat
ebyennyanja eby'omu ttaka	Mud-fish
ekituli	Cape of land
ensonyi, ensonyi	Shame, embarrassment
omuntu ow'amalala	Insolent person
Okukuŋŋaanya	Collection
Okukoppa	Imitation
ekisiikirize ekimyufu	Black nightshade
ettaka erirabika obulungi	Red clay, fertile soil
Ente etasobola kukyusibwa	An irreplaceable cow
ekika ky'ebikoola	A type of potatoes
ensigo z'ekimuli	Seeds of a pumpkin
ebintu ebiwereddwa	Borrowed things
ekinyonyi ekitono ekimyufu	Small red bird, wax-bill
emabega	Behind
emipiira, ebibya eby'ebbumba, envumbo	Pipe, earthenware, cooking-pot
omuddo oguyitibwa cartapillas cacoon	A cartapillas cacoon
Python	Python
omusolo gw'okuziika	Burial fee
muntu mutukuvu	A holy person
ow'amaanyi era ow'amaanyi	Muscular and strong
embuyaga ey'ebugwanjuba	West wind
ennaku ey'amaanyi	Deep sorrow or bitterness
omubisi gw'enva endiirwa oba omubisi gw'enva endiirwa	Spoilt beer or porridge
omwezi ogujjuvu	Full moon
ffuuti emu	A pound
langi	Colour
ejjiba, ejjiba	Dove, pigeon
ebinyonyi	Dove, pigeons
ekiwonvu	Abyss
ebituli	Abysses
obutoffaali obutonotono	Thin or not fat
embuzi	Young female goat
ekizimbe eky'okunaabamu	Bathroom
eby'okunaaba	Bathrooms
Obusaasizi, obusaasizi, ekisa	Sympathy, mercy, kindness
Okusaba	Prayer
bbaluwa ya alifabeti	Letter of the alphabet
ebisiikirize	Mule
Enviiri	Pubic Hair
eyazaalibwa awaka, eyazaalibwa mu nsi eyo, eyava mu nsi eyo	Home-born, native, original
Obukyayi obw'amaanyi	Strong feeling of hatred
ebinyonyi	Locust
amazzi ag'omunda	Deep water
obulwadde bw'omusujja gw'ensiri	Gonorrhoea
omuyimbi	Singer, dancer
ekiwundu	Wound
ekimera ekirimu omubisi omungi	Shrub with much syrup
Ennaku zino, ennaku zino	These days, nowadays
Ennaku zino, ennaku zino	These days, nowadayses
Okulabika	Appearance, view
envumbo, envumbo, envumbo, envumbo, envumbo, envumbo, envumbo, envumbo, envumbo, envumbo, envumbo, envumbo, envumbo, envumbo, envumbo, envumbo, envumbo, envumbo, envumbo, envumbo, envumbo, envumbo, envumbo, envumbo	Barrel, pipe
Biki	Which
bye	Whiches
amannyo	Tooth
amannyo	Tooths
Ekisenge ekikalu	A dry cell
obutoffaali obumyufu	Dry cells
eryato	A boat
amaato	Boats
Ekiseera eky'okukungula omuddo	Season of weeding millet
Ekiseera eky'okusalamu omuddo	Season of weeding millets
waggulu, eyo	Top, overthere
Okubeera n'endowooza y'obwana	Childishness
Ebintu eby'obwana	Childishnesses
Ekibinja ky'ebintu ebitategekeddwa	Aheap of unorganised things
engatto	Shirt
amayinja ag'okufuuyira aga waggulu	Upper grinding stone
ebisiikirize	Sparks
enva endiirwa	Butter sauce
ekikomera	Saucepan
ebikoola by'omuddo	Bandle of grass
Ekika ky'ennyonyi	Type of a bird
SW.empologoma	SW.cane rat
ekimera	Caterpillar
Ekika ky'omubisi gw'enjuki	Type of yellow bananas
eby'okusuula	Bed sheets
ebisiikirize	Common duiker
sigala	Cigarettes
essimu	Telephone
ssabbuuni	Soap
olugendo	Journey, tour
omusaayi	Blood
Rosary	Rosary
enva endiirwa	Banana juice
SW. omusujja mu bitontome	SW.urine in droplets
omuddo (Heteropogon contortus)	Spear grass (Heteropogon contortus)
ssuuti	Sweater
SW.ekitundu ky'ekitabo	SW.section of a book
Sente amakumi ataano	Fifty cents
okufuuwa	Whistle
ensimbi n'ebirala	Tobacco, cigeretts
placenta: oluvanyuma lw'okuzaala	Placenta: the afterbirth
ekitangaala	Lantern
enkuyege ya Baturuki	Turkish hut
ekitebe	Tank
ekisiikirize	Veil
ekikondo	Vest
byange	Mine
byange	Mine
omuzira	Pelican
Laba: ETABAAZA	See: ETABAAZA
ekikulukuto	Sweat, perspiration
ebitooke	Tarpauline
Enjiri	The gospel
omwenge	Wine
zaabu	Gold
Ezo, eziri	Those ones, which
ekikolimo	A curse
Okukolimirwa	Curses
omuti gw'omutiini	Thorn of palm tree
omuddo gw'emiti gy'enkindu	Thorn of palm trees
ebyennyanja: ebyennyanja ebirimu omunnyo	Fish: Salted fish
ebyennyanja: ebyennyanja ebirimu omunnyo	Fish: Salted fishes
ebisiikirize	Peeled off skin
ebisiikirize	Peeled off skins
omucungwa	Sugarcane
ebizimbulukusa	Sugarcanes
ekikondo ekinene eky'ekikomo	Copper, large brass bracelet
ebitooke eby'ebitooke eby'ebitooke eby'ebitooke	Copper, large brass bracelets
empale ezikoleddwa ku mutwe	Necklace of headwork
ebyuma ebikozesebwa mu kukola ebyuma ebikozesebwa mu kukola ebyuma ebikozesebwa mu kukola ebyuma ebikozesebwa mu kukola ebyuma ebikozesebwa mu kukola ebyuma ebikozesebwa mu kukola ebyuma ebikozesebwa mu kukola ebyuma ebikozesebwa mu kukola ebyuma ebikozesebwa mu kukola ebyuma ebikozesebwa mu kukola ebyuma ebikozesebwa mu kukola ebyuma ebikozesebwa mu kukola ebyuma ebikozesebwa mu kukola ebyuma ebikozesebwa mu kukola ebyuma ebikozesebwa mu kukola ebyuma ebikozesebwa mu kukola ebyuma	Necklace of headworks
Ebintu ebikulu	Milestone
Ebintu eby'enjawulo	Milestones
ekikumi	Millipede
ekikumi	Millipedes
omubisi gw'eŋŋaano ogutaliimu	Empty maize cob
ebirimba by'emmwaanyi	Empty maize cobs
okufumita amaaso	Eye blow
okutunuulira	Eye blows
ekitangaala	A torch
amatoffaali	Torches
ekikolwa	An act
Ebikolwa	Acts
omunwe	Toe or finger
engatto oba engatto	Toe or fingers
ebisiikirize	Snail, slug
ebisiikirize, ebisiikirize	Snail, slugs
ekitundu ekitono eky'ennyama	Small piece of meat
ekitundu ekitono eky'ennyama	Small piece of meats
Ekyasembayo	The last
ebikalu	Lasts
ekisambi, ekisambi	Anus, buttock
ebitundu by'omugongo, ebitundu by'ebisambi	Anus, buttocks
ekitundu ky'omuggo	A piece of stick
ekitundu ky'emiggo	Piece of sticks
ekikonde ekirimu amasavu	Fatty tail of sheep
ekikonde ekirimu amasavu	Fatty tail of sheeps
omuddo	Umoa grass
omuddo	Umoa grasses
ekirowoozo, ekirowoozo	Idea, thought
Endowooza	Idea, thoughts
Ekiweebwayo eri Katonda	An offering to God
Okuwaayo Ebiweebwayo eri bakatonda	Offering to Gods
Ekintu ekitono oba ekitannakula	Something young or imature
Ekintu ekitono oba ekitannakula	Something young or imatures
okwetaba	Sexually loose
okwegomba okw'okwetaba	Sexually looses
omuddo	Lemon grass
omuddo	Lemon grasses
ekibya eky'amazzi	A clay water pot
envumbo ez'amazzi	Clay water pots
enkonamasonko	A young grasshopper
ebinyonyi	Young grasshoppers
ebikoola eby'okuwummuliramu omuddo	Millet drying rack
ebyuma ebikalu	Millet drying racks
engoye	Dress
engoye	Dresses
Ekika ky'ennyonyi	A kind of bird
ebinyonyi	Kind of birds
enviiri ezirongoofu	Soft straight hair
enviiri ezirongoofu	Soft straight hairs
Ekitiibwa, ekitiibwa, okussaamu ekitiibwa, okussaamu ekitiibwa	Glory, honour, respect, reverence
Ekitiibwa, ekitiibwa, okussaamu ekitiibwa, okussaamu ekitiibwa	Glory, honour, respect, reverences
ekyambalo ekiriko enkovu	A patched garmen
engoye eziriko envumbo	Patched garmens
ekikonde	Spade
ebikonde	Spades
ebisolo ebirya omubisi gw'enjuki	Honey-eating animal
ebisolo ebirya omubisi gw'enjuki	Honey-eating animals
Century: emyaka kikumi	Century: a hundred years
Century: emyaka kikumi	Century: a hundred yearses
ekkondeere: ekkondeere	Corner: a sharp bend
ekidiba oba ekidiba	Valley dam or pond
ebigo oba ebidiba eby'omu kiwonvu	Valley dam or ponds
ekisibo ekitono	A small measuring basket
ebibbo ebitonotono	Small measuring baskets
ekitebe ekinene eky'okuterekamu	A big storage basket
ebibbo ebinene eby'okuterekamu	Big storage baskets
omuddo:omuddo omunene	Mushroom:a large size mushroom
omuddo:omuddo omunene	Mushroom:a large size mushrooms
* ebibala ebitonotono *	**unripe fruit.**
ebibala ebitonotono	**unripe fruit.**s
okutunuulira	Eye blows
okufumita amaaso	Eye blowses
omuti oguyitibwa ficus	Ficus tree
emiti gya ficus	Ficus trees
Oluyimba	Poem
Ennyimba	Poems
olubuto, ebitundu by'omubiri	The stomach,intestine
olubuto, ebitundu by'omubiri	Stomach,intestines
Embeera y'omubiri	Physical stature
Embeera y'omubiri	Physical statures
obuwanvu	Stature
obuwanvu	Statures
Ekimera ekirunda	A self-propagated plant
ebimera eby'okwekulaakulanya	Self-propagated plants
Nkwegayiridde	Excuse
Okwewolereza	Excuses
Ekintu ekikulukuta	A crawling thing
ebintu ebibuukabuuka	Crawling things
ekifo ekiriko ekifo	A set-square
ebifo ebirimu ebifo ebirimu ebifo ebirimu ebifo ebirimu ebifo ebirimu ebifo ebirimu ebifo ebirimu ebifo ebirimu ebifo ebirimu ebifo ebirimu ebifo ebirimu ebifo ebirimu ebifo ebirimu ebifo ebirimu ebifo ebirimu	Set-squares
Ekisenge ky'olugoye, olususu	Corner of cloth, skin
ebitooke, ebitooke, ebitooke, ebitooke, ebitooke, ebitooke, ebitooke, ebitooke, ebitooke, ebitooke, ebitooke, ebitooke, ebitooke, ebitooke, ebitooke, ebitooke, ebitooke, ebitooke, ebitooke, ebitooke, ebitooke, ebitooke, ebitooke, ebitooke, ebitooke, ebitooke, ebitooke, ebitooke, ebitooke, ebitooke, ebitooke, ebitooke, ebitooke, ebitooke, ebitooke, ebitooke, ebitooke, ebitooke	Corner of cloth, skins
alubino	Albino
Abalubino	Albinos
obulumi ku mutima	A heart burn
obulumi ku mutima	Heart burns
ekikangabwa	A crack
ebisiba	Cracks
ekitundu ky'enku	Piece of split firewood
ekitundu ky'enku	Piece of split firewoods
ekiwundu mu nnyindo	Gap in the teeth
ekiwundu mu nnyindo	Gap in the teeths
ekyalo, ettaka	Village, estate
ekyalo, amayumba	Village, estates
Ensigo ez'ebisolo	Grass spread for cattle
Omuddo gw'ensolo	Grass spread for cattles
ekyuma eky'okusiga	Sowing machine
ebyuma eby'okusiga	Sowing machines
engalo, engalo	Finger, toe
engalo, engalo	Finger, toes
Ekitundu eky'omu maaso eky'omugongo	Hollow infront of neck
ebitundu eby'omu maaso eby'omugongo	Hollow infront of necks
posita, sitampu	Post, stamp
posita, sitampu	Post, stamps
byange	Mine
eby'obugagga	Mines
ebisiikirize	Pestle
ebisiyaga	Pestles
omugga	River
Emigga	Rivers
Omuntu atalina mugaso, atali wa mugaso	Worthless person, good-for-nothing
Omuntu atali wa mugaso, atali wa mugaso	Worthless person, good-for-nothings
olugoye lw'embwa	Dog's collar
emipiira gy'embwa	Dog's collars
ekimuli, ekimuli	Flower,blossom
ekimuli, ebimuli	Flower,blossoms
okunywa	Drink
ebyokunywa	Drinks
Leero	Today
Leero	Todays
ekisu, oluvannyuma lw'okuzaala	Placenta, after birth
ekisu, oluvannyuma lw'okuzaala	Placenta, after births
ekikopo, ekikopo	Pouch,crop
ekitooke, ebirime	Pouch,crops
ekisu, oluvannyuma lw'okuzaala	Placenta, after birth
ekisu, oluvannyuma lw'okuzaala	Placenta, after births
eggaali, ekikooti, ekikooti	Cart, rickshaw coat, jacket
eggaali, ekikooti, ebikooti	Cart, rickshaw coat, jackets
ekisumuluzo, ekisumuluzo	Lock, padlock
ebibala bya cocoa	Cocoa fruit
ebikoola	Coronets
ekisibo	Swarm
ebibinja	Swarms
enkoko, enkoko	Duck, goose
Omuzira, omuntu omuvumu	A hero, brave person
ekisenge	Vagina
enjuba ng'ekya	Dawn, day break
ebisiikirize	Pegs
omuzira	Ostrich
ekikonde, ekikonde	Pail, bucket
enviiri, enviiri	Feather, hair
Enviiri, enviiri	Feather, hairs
omuliro	Fireplace, hearth
omuliro, enduulu	Fireplace, hearths
ekikookolo	Hair bracelet
ebitooke	Hair bracelets
ssaddaaka	Sacrifice
Ebiweebwayo	Sacrifices
eryato	Sailing ship, dhow
amaato	Sailing ship, dhows
ekintu ekiremereddwa	Forbidden thing
Ebintu ebiwereddwa	Forbidden things
Okuzimba	Building
Ebizimbe	Buildings
eky'okulwanyisa	Weapon
ebyokulwanyisa	Weapons
okuwaayo	Offering
Ebiweebwayo	Offerings
engoye	Garment, cloth
engoye, engoye	Garment, cloths
Obuwuka obuweebwa abalogo	Poison given by witchdoctors
Obuwuka obuweebwa abasawo b'obusamize	Poison given by witchdoctorses
Okukemebwa	Temptation
Okukemebwa	Temptations
ekikondo	Broom
ebikoola	Brooms
ekkubo, ekkubo, ekkubo, ekkubo, ekkubo, ekkubo, ekkubo, ekkubo, ekkubo, ekkubo, ekkubo, ekkubo, ekkubo, ekkubo, ekkubo, ekkubo, ekkubo, ekkubo, ekkubo, ekkubo, ekkubo, ekkubo, ekkubo, ekkubo, ekkubo, ekkubo, ekkubo, ekkubo, ekkubo, ekkubo, ekkubo, ekkubo, ekkubo, ekkubo, ekkubo, ekkubo, ekkubo, ekkubo, ekkubo, ekkubo, ekkubo, ekkubo, ekkubo, ekkubo, ekkubo, ekkubo, ekkubo, ekkubo, ekkubo, ekkubo, ekkubo, ekkubo, ekkubo, ekkubo, ekkubo, ekkubo, ekkubo, ekkubo, ekkubo, ekkubo, ekkubo, ekkubo, ekkubo, ekkubo, ekkubo, ekkubo, ekkubo, ekkubo, ekkubo, ekkubo, ekkubo, ekkubo, ekkubo, ekkubo, ekkubo, ekkubo, ekkubo, ekkubo, ekkubo, ekkubo, ekkubo, ekkubo, ekkubo, ekkubo, ekkubo	Corner, turn, bend,curve
ekkubo, ekkubo, ekkubo, ekkubo, ekkubo, ekkubo, ekkubo, ekkubo, ekkubo, ekkubo, ekkubo, ekkubo, ekkubo, ekkubo, ekkubo, ekkubo, ekkubo, ekkubo, ekkubo, ekkubo, ekkubo, ekkubo, ekkubo, ekkubo, ekkubo, ekkubo, ekkubo, ekkubo, ekkubo, ekkubo, ekkubo, ekkubo, ekkubo, ekkubo, ekkubo, ekkubo, ekkubo, ekkubo, ekkubo, ekkubo, ekkubo, ekkubo, ekkubo, ekkubo, ekkubo, ekkubo, ekkubo, ekkubo, ekkubo, ekkubo, ekkubo, ekkubo, ekkubo, ekkubo, ekkubo, ekkubo, ekkubo, ekkubo, ekkubo, ekkubo, ekkubo, ekkubo, ekkubo, ekkubo, ekkubo, ekkubo, ekkubo, ekkubo, ekkubo, ekkubo, ekkubo, ekkubo, ekkubo, ekkubo, ekkubo, ekkubo, ekkubo, ekkubo, ekkubo, ekkubo, ekkubo, ekkubo, ekkubo, ekkubo, ekkubo	Corner, turn, bend,curves
okukaaba	Yawn
okukaaba	Yawns
olusozi oluwanvu	A level plain
ebitundu eby'ettaka	Level plains
obwetaavu	A need
ebyetaago	Needs
ekiwuubaalo	An echo
ebiwuniikirivu	Echos
eky'okwambala, eky'okwambala, eky'okwambala, eky'okwambala, eky'okwambala, eky'okwambala, eky'okwambala, eky'okwambala, eky'okwambala, eby'okwambala, eby'okwambala, eby'okwambala, eby'okwambala, eby'okwambala, eby'okwambala, eby'okwambala, eby'okwambala, eby'okwambala, eby'okwambala, eby'okwambala, eby'okwambala, eby'okwambala, eby'okwambala, eby'okwambala, eby'okwambala, eby'okwambala, eby'okwambala, eby'okwambala, eby'okwambala, eby'okwambala, eby'okwambala, eby'okwambala, eby'okwambala, eby'okwambala, eby'okwambala, eby'okwambala, eby'okwambala, eby'okwambala, eby'okwambala	Covering, blanket, sheet
eby'okwambala, eby'okwambala, eby'okwambala, eby'okwambala, eby'okwambala, eby'okwambala, eby'okwambala, eby'okwambala, eby'okwambala, eby'okwambala, eby'okwambala, eby'okwambala, eby'okwambala, eby'okwambala, eby'okwambala, eby'okwambala, eby'okwambala, eby'okwambala, eby'okwambala, eby'okwambala, eby'okwambala, eby'okwambala, eby'okwambala, eby'okwambala, eby'okwambala, eby'okwambala, eby'okwambala, eby'okwambala, eby'okwambala, eby'okwambala, eby'okwambala, eby'okwambala, eby'okwambala, eby'okwambala, eby'okwambala, eby'okwambala, eby'okwambala, eby'okwambala	Covering, blanket, sheets
engatto, engoye ezikoleddwa	Coat, made-up garment, overal
engatto, engoye ezikoleddwa	Coat, made-up garment, overals
Okubaako ky'oyagala	Self-will
by'oyagala	Self-wills
Obwesige, obwesige, okutambula n'obwegendereza	Self-confidence, self-assurance,leisurely, stately walk
Okwesigama, obwesige, okutambula obulungi	Self-confidence, self-assurance,leisurely, stately walks
loofah, ekizimbulukusa	Loofah, sponge
ebitooke	Loofah, sponges
ekyuma ekisaanuusa amazzi	Strainer for water
ekyuma ekisaanuusa amazzi	Strainer for waters
Obujeemu, obujeemu	Rebelliousness, disobedience
Obujeemu, obujeemu	Rebelliousness, disobediences
ebyennyanja	Fish
ebyennyanja	Fishes
ekifo ekyaka	A burning place
ebifo ebyaka	Burning places
Okuyimirira ku bigere	To stand on tiptoe
Okweyanjula	To announce oneself
Okuba omumalirivu, omumalirivu	To be taut, tightened
Okukankana, okutandika	To wince, start
okwekebera oba okwekebera	To examine or seeoneself
okuba n'obuvumu, okunoonya okumanya	To be insolent, inquisitive
Okugezaako okunoonya	To pretend to search
okusaasaanya	To scatter
Okwekweka	To hide oneself
okwesiga, okwesiga	To trust, rely on
Okweyisa obubi	To smear oneself
okwebikka, okwebikka	To coveroneself, camouflage
Okwesittala, okwesittala	To stumble, trip
Okufuuka omulabirizi	To become surety
okunyiikirira	To stick on; insist
okufukirira (ente)	To give water (cattle)
Okuteekamu envumbo	To settle on lees
okusuula	To sneeze
Okuggula akamwa	To open the mouth
Okwebikka	To pillow one's self
Okuleetera abalala okubonaabona	Raise ones grief
Yogera ku bulumi bw'olina	Raise ones griefs
okuteekamu	To mix with
Okwekweka	To hide
Okukaaba omuntu	To lick up one's
Okukola obweyamo	To make a vow
Okusaasaanya nga tolina ky'okola	To sweep idly
okusubwa	To miss
okwekamirira	To gorge oneself
okusaasaanya ebiwaawaatiro	To plume feathers, preen
Okubuukabuuka	To slink off
Okukuŋŋaanya, okujja awamu	To assemble, come together
Okweyawula ku balala	To keep to oneself
Okuyita, okuyita	To call, invite
okuyingirira	Intrude
okusaasaanya	Splash about
okubuzaabuzibwa	To be mixed up
okwekweka	To dodge
okwesiba	To gird oneself
okwetegekera, okwetegekera	To get ready, prepare
Okuba n'endowooza ennuŋŋamu	To balance oneself
okubuuka	To skip
Genda okuyigga wekka	Go hunting alone
okusaasaanya	To wriggle
okubuuka, okubuuka	To gambol, skip
okukaaba	To fidget
okubuuka, okubuuka	To skip, gambol
okuteebereza, okutwala	To presume, take upon
Okukakasa, okwekenneenya, okutegeera	To securitise, examine, understand
okweggyako obutali bwenkanya	To ungird oneself
Okwefuga	To control oneself, refrain
okwetegekera	Toentangle oneself
Okwebikka	To cover oneself
okwekulumbaza	To swing oneself
Genda wekka	Go away alone
Okweyawula	To separate oneself, withdraw
okulongoosa, okulonda	To clean, pick out
Okuba omukugu	To be handy, skilful
okweraliikirira, okweraliikirira	To worry, be anxious
Okuba omugayaavu	To be lazy, dawdle
Okweyawula, okweyawula	To separate oneself,exclude oneself
okukaaba	To yawn
okusoomooza	To challenge
Okudduka, okufuluma	To escape, slink off
Okwetta	To commit suicide
okutabulatabula, okutabulatabula, okutabulatabula, okutabulatabula, okutabulatabula, okutabulatabula, okutabulatabula, okutabulatabula, okutabulatabula, okutabulatabula, okutabulatabula, okutabulatabula, okutabulatabula, okutabulatabula, okutabulatabula, okutabulatabula, okutabulatabula, okutabulatabula, okutabulatabula	To twist; go unwillingly
Okwewaggula, Fawn	To insinuate oneself,fawn
okuyawula, okusaasaanya	To separate, disperse
Okwezikiriza	To destroy oneself
Okwewummuza	To unwind oneself
ekimera	Spider plant
okwekebera	To scratch oneself
Okukuŋŋaanira awamu	To crowd together
Okweyimirizaawo	To huddle oneself up
okufuluma	To slip off
Okuba n'obusobozi, omukwano	To be skilful, romantic
eby'okukozesa.	Materials. 2) utensils
eby'okwambala	Clothings, garments
ebikulukusa	Fomentations
amannyo amanene	Large teeth
ennamba ezitali zimu	Odd numbers
omusujja	Saliva
omuddo	Maize plant
Omuliro ogwakolebwa okuteekerateekera ente	Campfire made for cows
ekifo eky'okusulamu	A basin
Baibuli	The Bible
Empapula	Envelope
Okunoonyereza oba okugezesa	Examinations or tests
ebitundu ebyamenyebwa	**broken pieces**
ekintu ekikolebwa ekisukkiridde	Something done excessively
amazzi	Waves
Okubuulirira	Pieces of advice
ebinyeebwa	Beans
okulaba obubi	Impaired vision
Obulumi ku biwato by'ente	Swellings on cattle hips
omusujja gw'ensiri	Syphilis
ettaka eririmu amazzi	Water-logged ground
amatooke	Sweet potatoes
ebintu ebipya	New things
ebisasiro eby'omu nnimiro	Garden rubbish
ebisigalira	Left-overs
Emmere erimu omunnyo	Food without salt
obulumi bw'okuzaala	Labour pains
ebyokulwanyisa	Weapons
eby'akaloosa	Spices
Ebitegeerekeka	Rumours
engatto	A pair of shoes
eby'okulya ebitalina musaayi	Saltless food or sauce
enva endiirwa	Edible mushrooms
omuddo, omuddo omunene	Weeds, tall grass
amazzi	Water waves
omusujja oguva mu nnyindo	Mucus from the nose
ensingo	Neck
ebikozesebwa ebikozesebwa ebikozesebwa ebikozesebwa ebikozesebwa ebikozesebwa ebikozesebwa ebikozesebwa ebikozesebwa ebikozesebwa ebikozesebwa ebikozesebwa ebikozesebwa ebikozesebwa ebikozesebwa ebikozesebwa ebikozesebwa ebikozesebwa ebikozesebwa ebikozesebwa ebikozesebwa ebikozesebwa ebikozesebwa ebikozesebwa ebikozesebwa ebikozesebwa ebikozesebwa ebikozesebwa ebikozesebwa ebikozesebwa ebikozesebwa ebikozesebwa ebikozesebwa ebikozesebwa ebikozesebwa ebikozesebwa ebikozesebwa ebikozesebwa ebikozesebwa ebikozesebwa ebikozesebwa ebikozesebwa ebikozesebwa ebikozesebwa ebikozesebwa ebikozesebwa ebikozesebwa ebikozesebwa ebikozesebwa ebikozesebwa ebikozesebwa ebikozesebwa ebikozesebwa ebikozesebwa ebikozesebwa ebikozesebwa ebikozesebwa ebikozesebwa ebikozesebwa ebikozesebwa ebikozesebwa	Items touse, tools, implements
ebisiikirize by'ebisiikirize	Millet husks
Pozzolan	Pozzolan
ebirala: ebisigadde	Others: the rest
Enkola y'okwogereramu	Nasalised manner of speech
ebikoola	Groundnuts
Curry enfuufu	Curry powder
Sw.1) amaaso.	Sw.1) spectacles. 2) glasses
S.1) amaaso.	Sw.1) spectacles. 2) glasseses
ebisiikirize	Beards
omuzira	Snow
Ebintu ebirungi	Good things
ebibokisi by'amasasi ebitaliimu	Empty match boxes
ekimera ky'oku matu	Ear wax
ekidiba	Shallow pool
ebidiba ebitonotono	Shallow pools
fern, ekitereeza empewo	Fern, air freshener
fern, ebirongoosa empewo	Fern, air fresheners
ekikulukusa	Creeper
ebisiyaga	Creepers
ekikulukuto	A mole
ebikoola	Moles
ekisiikirize	Shade for calves
ekisiikirize	Shade for calveses
akatono ak'omuddo	Bit of grass
omuddo omutono	Bit of grasses
omuzira, omuzira, omuzira	Haze, mist, fog
embu, embu, embu	Haze, mist, fogs
okusuubira, okunoonya, okwegomba	Expectation, curiosity, longing for
okusuubira, okwetegereza, okwegomba	Expectation, curiosity, longing fors
enva endiirwa	Fresh beans
ebisiikirize	Fresh beanses
Ebitonde, ebitonde	A creature, created thing
Ebitonde, ebitonde	Creature, created things
ekiwonvu	Valley
ebiwonvu	Valleys
omusujja	A lung
amagumba	Lungs
okugwa	A fall
okugwa	Falls
Omukka gw'emmere ogwaka	Smell of burning food
Omukka gw'emmere ogubuuka	Smell of burning foods
ekikulukuto	A wave
oluusi n'oluusi	Occasionally; not often
Emirundi egimu; si mirundi mingi	Occasionally; not oftens
omuntu atalina ndowooza nnuŋŋamu	An absent minded person
abantu abatalina ndowooza nnungi	Absent minded persons
oluusi n'oluusi	Occasionally; not often
Emirundi egimu; si mirundi mingi	Occasionally; not oftens
ebikoola by'enva endiirwa	Banana fibre
ebitooke	Banana fibres
Okukankana	The act of snoring
Okukankana	Act of snorings
Omukulu	The big one
ebinene	Big ones
Akabenje, ekizibu ekitaasuubirwa	Accident, unexpected problem
Akabenje, ebizibu ebitasuubirwa	Accident, unexpected problems
olukoba	Palate
amasavu	Palates
omusujja gw'amawuggwe	Pneumonia
Obulwadde bw'omusujja gw'amawuggwe	Pneumonias
Obudde obutonotono	Cold, dull weather
Embeera y'obudde ennyogovu	Cold, dull weathers
ebinyonyi	Butterfly
ebinyonyi	Butterflies
enkuyege	Tsetsefly
ebinyonyi	Tsetseflies
ekiwundu	Wound, sore
ebiwundu	Wound, sores
ekikonde	A bat
ebinyonyi	Bats
ekimera	Climbing plant
ebimera	Climbing plants
Ssekukkulu, okuwummula	Holiday,rest
okuwummula, okuwummula	Holiday,rests
ekitala ekinene, ekitala ekinene, ekitala ekinene	Large knife, machete, sword
ekitala ekinene, enkumbi, ebitala	Large knife, machete, swords
okufuluma omukka, okufuuwa	Passing air, a fart
okufuluma omukka, okufuluma	Passing air, a farts
ebisiikirize	Civet-ca
ebisiikirize	Civet-cas
enkuyege	A woolly caterpillar
ebisiikirize	Woolly caterpillars
omukka omubi	Bad smell
obuwuka obubi	Bad smells
Ekisolo ekiyitibwa queen termite	The queen termite
ebiwuka ebiyitibwa queen termites	Queen termites
Obusungu	Anger
Obusungu	Angers
Omusirusiru, omusirusiru	An idiot, an imbecile
Omusirusiru, omusirusiru	Idiot, an imbeciles
envumbo	Cooking pot
emizabbibu	Cooking pots
eddoboozi ery'omunda	A deep voice
amaloboozi ag'omunda	Deep voices
ekimera ekikula	A growing plant
ebimera	Growing plants
omutego	Arrow
omutego	Arrows
amaka	Household
Amaka	Households
akabonero k'obutebenkevu	Safety pin
ebicupuli eby'obutebenkevu	Safety pins
ekkubo, ekkubo	**track, trail**
ekkubo, ekkubo, ekkubo, ekkubo, ekkubo, ekkubo, ekkubo, ekkubo, ekkubo, ekkubo, ekkubo, ekkubo, ekkubo, ekkubo, ekkubo, ekkubo, ekkubo, ekkubo, ekkubo, ekkubo, ekkubo, ekkubo, ekkubo, ekkubo, ekkubo, ekkubo, ekkubo, ekkubo, ekkubo, ekkubo, ekkubo, ekkubo, ekkubo, ekkubo, ekkubo, ekkubo, ekkubo, ekkubo, ekkubo, ekkubo, ekkubo, ekkubo, ekkubo, ekkubo, ekkubo, ekkubo, ekkubo, ekkubo, ekkubo, ekkubo, ekkubo, ekkubo, ekkubo, ekkubo, ekkubo, ekkubo, ekkubo, ekkubo, ekkubo, ekkubo, ekkubo, ekkubo, ekkubo, ekkubo, ekkubo, ekkubo, ekkubo, ekkubo	**track, trail**s
ekimera	Stump of a tree
ekimera	Stump of a trees
Ekintu ekirabika	A projecting thing
Okuteeka ebintu mu bifaananyi	Projecting things
enkumbi	Hunting-horn
envumbo ez'omu nsiko	Hunting-horns
Ekitiibwa eky'ekitiibwa	Title of honour
Ekitiibwa	Title of honours
ekikonde	Woodpecker
ebinyonyi	Woodpeckers
ekikonde	Wood pecker
ebisiikirize	Wood peckers
omuzira omunene	Large lizard
ebinyonyi ebinene	Large lizards
ekyuma ekikola ebyuma	Bull dozer
ebyuma eby'okusaasaanya amayinja	Bull dozers
ekikolwa, ekikolwa	Deed, act
ekikolwa, ebikolwa	Deed, acts
ekinnya ekinene	A large trench
ensalo ennene	Large trenches
omukka: omukka omubi	Stench: a bad smell
omukka: omukka omubi	Stench: a bad smells
amatooke ag'omu Ireland	Irish potato
amatooke ag'omu Ireland	Irish potatos
Omukwano ogutali gwa musaayi - oluganda	Friendship without blood- brotherhood
Omukwano ogutali gwa musaayi - ab'oluganda	Friendship without blood- brotherhoods
ekizimbe eky'okunaabamu	Bathroom
eby'okunaaba	Bathrooms
enkuyege	Crow
ebinyonyi	Crows
Obulumi obuli waggulu w'omugongo	Protuberance above navel
ebituli waggulu w'ebituli	Protuberance above navels
ekintu	A thing
ebintu	Things
enkumbi: enkumbi ey'okulya	Mushroom: an edible mushroom
omuddo: omuddo oguliibwa	Mushroom: an edible mushrooms
Sentence: ebigambo ebijjuvu	Sentence: a complete statement
Sentence: a complete statements ebigambo ebijjuvu	Sentence: a complete statements
ekipande eky'ekyuma ekikadde	An old iron sheet
ebitooke eby'ekyuma	Old iron sheets
akasanduuko	A match box
akasanduuko k'amasasi	Match boxes
ekisambi	Thigh, lap
ekisambi	Thigh, laps
ennyama eyokeddwa	Boiled meat
ennyama	Boiled meats
ekikopo eky'ebbumba oba eky'omuti	Clay or wooden bowl
ebibya eby'ebbumba oba eby'omuti	Clay or wooden bowls
ebitundu by'ebisambi	Buttocks
ebitundu by'ebisambi	Buttockses
envunyu ey'enviiri	A hairy stinging caterpillar
ebinyonyi ebirina enviiri	Hairy stinging caterpillars
ebirime: omubisi	Sw.cereal: maize cob
ebirime: ebirimba by'eŋŋaano	Sw.cereal: maize cobs
ekire	Cloud
ebire	Clouds
Ekifo eky'okusinzizaako abalongo	Spirit shrine for twins
Ekifo eky'okusinzizaamu abalongo	Spirit shrine for twinses
akasanduuko	Match box
akasanduuko k'amasasi	Match boxes
ebibira	Forest
ebibira	Forests
Emmunyeenye ekulukuta	A shooting star
emmunyeenye ezikulukuta	Shooting stars
Olunaku olw'enkuba	A dull rainy day
Ennaku ez'enkuba	Dull rainy days
puppy: omwana w'embwa	Puppy: a young dog
puppy: embwa	Puppy: a young dogs
omuddo	Maize
omuddo	Maizes
omusujja	A snail
ebinyonyi	Snails
omutego gw'ebyennyanja	Fish-trap
eby'okusuula ebyennyanja	Fish-traps
Enkuyege ennene	A large brown ant
Enkuyege ennene	Large brown ants
ebinyonyi	Bird
ebinyonyi	Birds
envumbo	Vein, artery
emiguwa	Vein, arteries
ebintu	Things
ebintu	Thingses
omukuumi w'ebisasiro	Mud guard
ebisiba by'ebisiba	Mud guards
ekibya ekimenyese	A broken pot
ebibya ebyamenyebwa	Broken pots
ensimbi, ensimbi, ensimbi, ensimbi, ensimbi, ensimbi, ensimbi, ensimbi, ensimbi, ensimbi, ensimbi, ensimbi, ensimbi, ensimbi, ensimbi, ensimbi, ensimbi, ensimbi, ensimbi, ensimbi, ensimbi, ensimbi, ensimbi, ensimbi, ensimbi, ensimbi	Panga, matchet
ebitooke, ebitooke, ebitooke	Panga, matchets
endagaano, endagaano	Covenant, agreement
endagaano, endagaano	Covenant, agreements
ekikopo, ekikopo	Glass, tumbler
eby'amazzi	Glass, tumblers
enkambwe	Wild
eby'omu nsiko	Wilds
Ekirabo ekitono, ekijjukizo	Small present, remembrance
Ekirabo ekitono, ekijjukizo	Small present, remembrances
enkuyege	Crested eagle
ebinyonyi eby'omu nsiko	Crested eagles
omuddo	Groundnut
Embaga	Festivity or feast
Embaga	Festivity or feasts
empapula	Blotting paper
empapula	Blotting papers
empapula z'ebitoogo	Papyrus mat
empapula z'ebitoogo	Papyrus mats
Olupapula lw'okusoma, ekirango, kaadi	Reading sheet, notice, card
empapula ez'okusoma, ebiwandiiko, kaadi	Reading sheet, notice, cards
Omuntu atalina mugaso	A useless person
Abantu abatalina mugaso	Useless persons
ebisiikirize	Jerrycan
ebisiikirize	Jerrycans
ekimuli, ekimuli	Flower, blossom
ekimera, ekimera	Flower, blossoms
ekirayiro	Oath, vow
Obweyamo	Oath, vows
Olugendo lw'abasajja	A trail of men
ekkubo ly'abasajja	Trail of mens
okulangirira, okulangirira	Proclamation,anouncement
okulangirira, okulangirira	Proclamation,anouncements
ebitooke eby'ebitooke	Dry banana fibres
ebyuma eby'omu nsiko	Dry banana fibreses
Obusaasizi, ekisa, ekisa	Sympathy,grace, kindness
omuntu ow'amagezi, ow'amagezi	Smart, clever person
embalaasi	Horse
ekisiikirize	Spring of trap
Okwogera, okuvvuunula, okwogera ku	Speech, pronunciation, talking of
ebyennyanja	Fish with snout virgin
ebisiikirize	Buffalo
mu ngeri ey'ekikulungirivu	Round shaped
Ebintu ebizimbulukuse oba ebizimbulukuse	Rounded or rotund object
Omuntu atalina mikwano	A friendless person
omuntu ali obwannamunigina, omutambuze	Lonely person, vagrant
eye eye eye eye eye eye eye eye eye eye eye eye eye eye eye eye eye eye eye eye eye eye eye eye eye eye eye eye eye eye eye eye eye eye eye eye eye eye eye eye eye eye eye eye eye eye eye eye eye eye eye eye eye eye eye eye eye eye eye eye eye eye eye eye eye eye eye eye eye eye eye eye eye eye eye eye eye eye eye eye eye eye eye eye eye eye eye eye eye eye eye eye eye eye eye eye eye eye eye eye eye eye eye eye eye eye eye eye eye eye eye eye eye	Pupil of the eye
Okutandika	Beginning
ebitundu by'omubiri ebiwanvu	Extended flat bums
ebituli by'amaaso	Eyelids
ebitoogo by'ebitoogo ebikalu	Dry papyrus stalks
ebirimba by'emmwaanyi ebizimbye	Dried maize grains
omutemu, omutemu	Bully, tyrant
enkoko esitudde, enkoko esitudde	Sitting hen, broody hen
omuzira (Hyparrhenia rufa)	JaraguÃ¡ (Hyparrhenia rufa)
ekimera ky'embwa	A dog planting
Tabula	Table
Engeri, endabika	Shape, appearance
Engeri y'okwogeramu	Way of speaking, pronunciation
embwa	Bitch: a female dog
Ensolo ez'awaka ezirwadde endya embi	Malnourished domestic animals
akawuka akatono	A small boring beetle
Omunnaggwanga, atalina wa kusula	Foreigner, homeless person
omuliro	Blaze
enva endiirwa	Half-cooked potatoes
Obutakola kintu kyonna, eby'okwesanyusaamu	Idleness, leisure
amagulu agavunnamye	Bowed legs
olugoye lw'ebisenge	Bark cloth
Olunaku olw'ennaku	A dull day
Ennyanja: ennyanja ennene nnyo	Sea: very large lake
embuzi oba endiga	A goat or sheep
ekitebe ekyesudde	A reclining chair
amayinja agakaaba	Grinning stones
Ebitundibwa oba ebisimbibwa	Self sown or planted
enfuufu mu nnyindo	Dirt in the nail
Ebizibu ebimu	Bothersome problems
obukadde kkumi	Ten million
ebikoola bya Bambara	Bambara nuts
akawumbi kamu	One billion
emimwa	Lips
Abavubuka	The youth
Emirembe	Peace
Ebizibu, okweraliikirira, obuzibu	Problems, worries, difficultie
Bizineesi, okukola ennyo	Business, hard work
Okusaasaanya emisolo mingi	Tramping of many fee
wakati w'ebisambi	Between the shoulder blades
okweraga, okwegulumiza, n'amalala	Showing off, affectation, vanity
ebisale, ebisale, ebisale, ebisale, ebisale, ebisale, ebisale, ebisale, ebisale, ebisale, ebisale, ebisale, ebisale, ebisale, ebisale, ebisale, ebisale, ebisale, ebisale, ebisale, ebisale, ebisale, ebisale, ebisale, ebisale, ebisale, ebisale, ebisale, ebisale, ebisale, ebisale, ebisale, ebisale, ebisale, ebisale, ebisale, ebisale, ebisale, ebisale, ebisale, ebisale, ebisale, ebisale, ebisale, ebisale, ebisale, ebisale, ebisale, ebisale, ebisale, ebisale, ebisale	Taxi levied, dues, customs
enva endiirwa	Undiluted sweet banana juice
embuyaga ey'ebuvanjuba	East wind
ekituli ekitonotono	Small opening of cavity
ebitundu by'amaaso ebinene	Thick eye secretions
Omuntu afa nga talina mwana	Someone who dies childless
ebikonde, ebikonde, ebikonde, ebikonde, ebikonde, ebikonde, ebikonde, ebikonde, ebikonde, ebikonde, ebikonde, ebikonde, ebikonde, ebikonde, ebikonde, ebikonde, ebikonde, ebikonde, ebikonde, ebikonde, ebikonde, ebikonde, ebikonde, ebikonde, ebikonde, ebikonde, ebikonde, ebikonde, ebikonde, ebikonde, ebikonde, ebikonde, ebikonde, ebikonde, ebikonde, ebikonde, ebikonde, ebikonde, ebikonde, ebikonde, ebikonde	Sliding loop, noose, bow
omuddo ogutaggwaamu	Unground millet, loose grain
amaloboozi g'omu nnyindo	Nasal sounds
omuntu aliko obulemu, omunafu, ataliiko ky'asobola kukola	Invalid, weak, passive person
omuntu ali mu bwetaavu	Utterly destitute person
omuntu akaddiye ennyo, akaddiye	Very old person, senile
ebitundu: ebitundu ebitonotono	Spots: small round spots
Ebyawandiikibwa: ebiwandiiko eby'eddiini	Scriptures: religious writings
eby'obufuzi: ensonga ezikwata ku by'obufuzi	Politics: matters of politics
amaaso	Eyebrows
amataala g'emmotoka	Car head lamps
omuddo ogukoleddwa	Dried cassava
amabeere n'ebisusunku	Intestines, offals
ebisasiro: ebisasiro ebirabika obulungi	Mud: soft sticky mud
eby'okusaawa	Roastings
enviiri	Hair
Omutanda, ekifo eky'obusuubuzi	Shop, business premise
okufuuwa	Whistle
ebitundu by'ebisolo ebisaasaanye	Scattered animal spots
abakaddiye	The aged
enviiri eziri wansi w'ebisambi	Armpit hair
Ensonga z'amaka	Family matters
ebikoola	Rags
ebikolwa ebibi	Evil acts
ekikopo	Bottle
ebisiikirize	Sear
ente enzirugavu	A brown cow
Ekika ky'omuddo	Type of loan grass
Ekitundu ky'essaza	Sub-county
ekikondo	Machette
olugoye lw'olugoye	Roll ofcloth
Ennyumba, ettaka	A home, a homestead
Okukola ennyo	Hard working
Ekika ky'omuddo	Type of grass
ekkanisa	Church
entaana	Tomb
entaana	Tombs
ekibaras	Ekibaaras
ekisiikirize ky'omubazzi	Carpenter's shade
amaaso g'omubazzi	Carpenter's shades
eggaali	Bicycle
omuzira	Lizard
Biki	Which
ekika ky'omuddo	A specie of grass
Mazima ddala	Truly
omubisi: omubisi	Porriedge: sour porridge
Emabega w'ennyumba	Behind the house
ppensulo, ekyuma ekikozesebwa mu kuwandiika	Pencil, writing instrument
ekkanisa	Church
ebirimi by'omuliro	Flames of fire
omuliro	Flames of fires
Okuvunaanibwa mu nkukutu	A secret accusation
Okuvunaanibwa mu nkukutu	Secret accusations
ekyambalo	A head- cloth
eby'okwambala	Head- cloths
Okuzaala n'okulya obulungi	Fertility/ nutrition
Okuzaala n'okulya	Fertility/ nutritions
ekikoola	A furnace
ebikoola	Furnaces
okuzzaayo	Return present
Okuzzaayo ebirabo	Return presents
ebirungo, ebirungo	Seasoning, spice
ebirungo, eby'akaloosa	Seasoning, spices
enjegere	Taut string
emiguwa	Taut strings
ekisambi, ekigere	Hoof, foot
ekisambi, ebigere	Hoof, foots
ebisiikirize by'amata	Gourd of milk
ebisiikirize by'amata	Gourd of milks
ekikopo	A vessel cupping- hoi
okusaasaanya ebirungo-	Vessel cupping- hois
n'omugongo	I protruding navel
n'ebisambi	I protruding navels
ekirooto	A dream
Ebirooto	Dreams
Erinnya	Nickname
Amannya	Nicknames
Oluyimba olubuguumiriza	A low-pitched mumbling sound
Oluyimba oluwanvu	Low-pitched mumbling sounds
Omuddo ogw'omu nsiko	A reedlike swamp grass
Omuddo gw'omu nsiko	Reedlike swamp grasses
eby'okwambala	Ornament: hair beads
eby'okwambala	Ornament: hair beadses
obulumi bw'okuzaala	Labour pain
ekidiba, ekidiba, omugga	Swamp, stream, river
emivuba, emigga, emigga	Swamp, stream, rivers
ebikoola	Herbal purgative
eby'ekika ky'ebimera	Herbal purgatives
ekikonde	Whip
ebikonde	Whips
ekitangaala (eky'omuliro)	Spark (of fire)
ekitangaala (eky'omuliro)	Spark (of fire)s
okwegomba okw'okwetaba	Sexual urge
okwegomba okw'okwetaba	Sexual urges
okusaasaanya	Filter
eby'okusazaamu	Filters
ebitundu eby'ebisenge eby'ebisenge eby'ebisenge eby'ebisenge eby'ebisenge eby'ebisenge eby'ebisenge eby'ebisenge eby'ebisenge eby'ebisenge eby'ebisenge eby'ebisenge eby'ebisenge eby'ebisenge eby'ebisenge eby'ebisenge eby'ebisenge eby'ebisenge eby'ebisenge eby'ebisenge eby'ebisenge eby'ebisenge eby'ebisenge eby'ebisenge eby'ebisenge eby'ebisenge	Ragged edge, rag
ebikoola, ebikoola, ebikoola, ebikoola, ebikoola, ebikoola, ebikoola, ebikoola, ebikoola, ebikoola, ebikoola, ebikoola, ebikoola, ebikoola, ebikoola, ebikoola, ebikoola, ebikoola, ebikoola, ebikoola, ebikoola, ebikoola, ebikoola, ebikoola, ebikoola, ebikoola, ebikoola, ebikoola, ebikoola, ebikoola, ebikoola, ebikoola, ebikoola, ebikoola, ebikoola, ebikoola, ebikoola, ebikoola, ebikoola, ebikoola, ebikoola, ebikoola, ebikoola, ebikoola, ebikoola, ebikoola, ebikoola, ebikoola, ebikoola, ebikoola, ebikoola, ebikoola	Ragged edge, rags
enfuufu y'ente enkalu	Dry cow dung
ebisasiro by'ente	Dry cow dungs
Okuyingira: oluggi olw'emabega	Entrance: a posterior gate
omulyango: enzigi ez'emabega	Entrance: a posterior gates
obusungu: obusungu obw'amaanyi	Rage: violent uncontrolled anger
obusungu: obusungu obw'amaanyi	Rage: violent uncontrolled angers
puppy: omwana w'embwa	Puppy: a young dog
puppy: embwa	Puppy: a young dogs
ekitebe	A traditional stool
ebisasiro eby'ekinnansi	Traditional stools
olususu	Skin, hide
ebikoola	Skin, hides
ekikondo, ekikondo	A pillow,cushion
ekikondo, ebikondo	Pillow,cushions
ekisenge ky'ekisenge	Spur of cock comb
ebikoola by'ebikonde	Spur of cock combs
obusavu, obusavu	Numbness, cramp
okukaaba, okukaaba	Numbness, cramps
ebiwuka, ebinyonyi	Beetle larva, grub
ebiwuka, ebinyonyi	Beetle larva, grubs
ekyuma ekisaanuusa amazzi	Strainer
eby'okusaasaanya	Strainers
ebimera ebibuuka ku mazzi	Floating vegetation on water
ebimera ebibuuka ku mazzi	Floating vegetation on waters
obulumi mu kifuba	Chest pain
obulumi mu kifuba	Chest pains
omumwa: omumwa omunene	Navel: a big navel
omumwa: omumwa omunene	Navel: a big navels
ebikoola	Fresh bean leaves
ebikoola	Fresh bean leaveses
ebikoola by'ebikoola	Groundnut husk
ebikoola by'amayinja	Groundnut husks
endwadde y'ebimera	A plant disease
endwadde z'ebimera	Plant diseases
amazzi agayimiridde	Stagnant water
amazzi agali mu mbeera embi	Stagnant waters
ekikondo	Ditch
ebikondo	Ditches
akaboozi	A suit case
ebikwekweto	Suit cases
ekikulukuto	A clod
ebisiikirize	Clods
Ekintu ekibaawo nga tekisuubirwa	Something that happens unexpectedly
Ekintu ekibaawo nga tekisuubirwa	Something that happens unexpectedlies
ekitundu, ekisenge, ekizimbe	Partition,wall, room
ekitundu, ekisenge, ebisenge	Partition,wall, rooms
omuddo, omuddo	Turf, sod
ebikoola	Turf, sods
ekisinziiro	Heel
ebikonde	Heels
ebisiikirize, ebisiikirize, ebisiikirize, ebisiikirize, ebisiikirize, ebisiikirize, ebisiikirize, ebisiikirize, ebisiikirize, ebisiikirize, ebisiikirize, ebisiikirize, ebisiikirize, ebisiikirize, ebisiikirize, ebisiikirize, ebisiikirize, ebisiikirize, ebisiikirize, ebisiikirize, ebisiikirize, ebisiikirize, ebisiikirize, ebisiikirize, ebisiikirize, ebisiikirize, ebisiikirize, ebisiikirize, ebisiikirize, ebisiikirize, ebisiikirize, ebisiikirize, ebisiikirize, ebisiikirize, ebisiikirize, ebisiikirize	Calabash, gourd
ebikoola, ebikoola	Calabash, gourds
ekinyonyi eky'ekiro	A nightjar bird
ebinyonyi	Nightjar birds
ekisibo ekinene ennyo	A very large basket
ebibbo ebinene ennyo	Very large baskets
ebyennyanja	Sea shell
ebyennyanja	Sea shells
ekika ky'omuddo	A kind of grass
Ebika by'omuddo	Kind of grasses
enkumbi	A comb
ebikoola	Combs
ekikulukuto	Blister
ebituli	Blisters
ekiruma, ekireetera omuntu okukaaba	Emetic, makesone vomit
ekiruma, ekireetera omuntu okukaaba	Emetic, makesone vomits
muntu mukakanyavu	Obstinate person
abantu abakakanyavu	Obstinate persons
sigala akolebwa mu kitundu	A locally made cigarette
Ssigala akolebwa mu kitundu	Locally made cigarettes
Omugenyi ow'ekitiibwa	The guest of honour
Omugenyi ow'ekitiibwa	Guest of honours
Ekiseera eky'okusiiba	Fasting period
Ebiseera eby'okusiiba	Fasting periods
ekikondo	A broom
ebikoola	Brooms
ekisumuluzo, eky'okuzibula	A key, an opener
ekisumuluzo, ekisumuluzo	Key, an openers
embwa ey'omu nsiko	Wildcat, bed bug
embwa ez'omu nsiko, obuwuka obuyitibwa bed bugs	Wildcat, bed bugs
ebisenge, ebisenge, ebisenge eby'omu maaso	Peel, husk, fore skin
ebisiba, ebisiba, ebisiba eby'omu maaso	Peel, husk, fore skins
Ebintu ebitalina makulu	Nonsense
Ebintu ebitalina makulu	Nonsenses
ekika ky'empologoma	Civet-cat
ebisiikirize	Civet-cats
amatooke	Potato
amatooke	Potatos
ekikulukuto ky'omusujja	Heap of vomit
ekikung'aana	Heap of vomits
ebyuma ebirabika obutereevu	A microscope
ebyuma ebirabika obutereevu	Microscopes
embuzi	Mouse
ensawo y'eddiba, ensawo y'eddiba	Skinbag, leather bag
mulekwa	Orphan
okugaba, okugaba	Distribution, giving
ebiwandikiro	Vowels
obuwunga bw'eŋŋaano, eŋŋaano	Wheat flour,wheat
geranium enjeru	White geranium
omuntu atali wa kwesiga	Untrust-worthy person
Emmere nnyingi	Plenty of food
ente ennume	Bull: male cattle
ebisiikirize	Tapeworm
empapula ezikozesebwa mu mirimu gy'emikono	Papyrus for craft work
ekikoola	A worn out hoe
ebituli	Swollen glands
embuzi	Bushbuck
General, omuduumizi, omubaka, omubaka	General, commander, ambassador, representative
ensolo ennene eyitibwa hyena ey'ebbala	Large spotted hyena
shell spoon, shell of the sea	Shell spoon,sea shell
Oluyimba, okwogera, okwogera oba okuwuubaala	Dialect, speech,utterance or rumour
ennyama	Loan meat
mukwano	Friend
ennaku, ennaku	Sorrow, sadness
ebyennyanja ebitono	Small delicious fish
amafuta g'enkindu	Palm oil
olugendo, olugendo	Travels, journeys
Ekika ky'ekisenge	Type of beetle
Engeri, ekifaananyi, ekituli	Shape, figure, joint
ekiwundu	Open wound
okukaaba	Hoot
Okufuluma mu kamwa	Secretion from the mouth
Okwagala	Love, affection
omuddo	Reed
ekisenge ky'omugongo	Nape of neck
Tick, myte	Tick, mite
ow'omutima omubi, omugayaavu	Hard-hearted, obstinate
ebikoola	Gum (of teeth)
omwana atalina bumanyirivu	Stunted child
ekkubo ekkulu, oluguudo	High road, street
Okuwa enguzi	Bribe
ebitundu eby'omunda	Buttocks, bottom
ebisiikirize	Reedbuck
endiga enjeru, ente	White sheep, cow
Engeri y'okuddamu	Way of answering
ennyama enkalu	Sundried meat
omutambuze	Traveller
ekituli, ekituli, ekituli	Notch, joint, point
omusota	Leopard
omukuusa omukuusa, omukuusa	Cunning deceitful person, cheat
omuzira, entebe	Drum, throne
enfuufu ku mazzi agayimiridde	Slime on stagnant water
ebiwundu ku mubiri	Cuts on the body
omuzira	Otter
ekifo eky'okusula, ekifo eky'okuddukiramu	Camping-place, tennporary shelter
omwana atalina bumanyirivu, ente	Stunted child, cow
eby'okwambala	Clothes
mukakanyavu	Obstinate
omunafu; ow'emyaka emingi	Weakling; long-lived person
ekkondeere	Horn trumpet
Okuva ku mulembe okutuuka ku mulembe	From generation to generation
ssente ennume	Bull
envumbo y'omu Buyindi, envumbo, bhang	Indian hemp, opium, bhang
amatu	Cropped ears
ekyeyagaza	Flatterer
Embuyaga ey'amaanyi	Destructive gale
emizabbibu emingi	Many banana gardens together
ekitebe ky'amazzi	Water container
ekikulukuto; obulumi obw'omunda	Snake; internal pains
ebinyonyi	Bees
omubisi gw'omusaayi	Blood pudding
jigger	Jigger
ekifo eky'okuwummuliramu	Restcamp
omusujja	Urine
Ekigendererwa eky'enkomerero, ekifo eky'okuyimiriramu	End goal, stopping-place
ekikomera	Vinegar
ensolo ezirina amaaso g'embwa	Dog-faced ape, baboon
okuzimbulukuka kw'omugongo	A neck swelling
emiguwa egy'ebitoogo	Twisted papyrus ropes
Engeri y'okwambalamu	Way of clothing, attire
embuzi	Flowers donkey
obulwadde bw'omutima (heartburn), anthrax	Heart-burn, anthrax
Omunyiikivu, akola n'obunyiikivu	Diligent, work hard
ekikonde	Hoof
Ebiseera	Times
Enjovu ennene	Huge elephant
ekiddukano ky'amagulu mu lutalo	Leg trick in wrestling
omwezi ogugenda gukendeera	Waning moon
okukaaba, obutasanyuka; obulumi	Groaning, discontent; pain, ache
ekyennyanja	Water frog
baby, baby	Infant, baby
okutabuka, okutabuka, okutabuka	Muddle, confusion, commotion
ebisiba, ebisiba	Clod, sod
Ekiseera ng'enjuba emaze okuzuukuka	Time just after sunrise
omutambuze, omutambuze	Wanderer, roamer
ekikonde	Cock
Engeri y'okuyunga	A way of joining
omuddo	Mantis
omuyiggo, omuyiggo, omuyiggo, omuyiggo	Shirker, dodger
omuzigo omutono ogw'obwakabaka	Small royal drum
enva endiirwa	Freshly churned cow ghee
okwerwanako; okwetonda; okwegayirira	Defence; apology; pleading
ebinyonyi	Guinea fowl
mu kamwa	Mouthful
empologoma	A lion
okutambula, okutambula, okutambula	Pace, short distance, strides
entandikwa, entandikwa, entandikwa	Beginning, start, origin
Emiggo gy'enguudo	Cross-roads, junction
tutambula mangu	Walk very quickly
ekitebe	Chair
ekikopo ekitono	Small calabash cup
Okugezesebwa n'okubonaabona	Trial by ordeal
ekyennyanja ekiyitibwa malachite kingfisher	Malachite king-fisher
eby'okulya ebyakolebwa	Mixed food
Ekika ekitono eky'enkonamasonko	Small type of grasshopper
ekika ky'ennanga	Kind of harp
Enkumba y'amazzi, omuntu omusirusiru	Water frog, stupid person
okufuuwa ennyo	A loud fart
Ebizimbisibwa	Self-sown potatoes
omuddo omweru ennyo	Very lightcoloured millet
ensigo za sim-sim	Sim-sim seeds
embwa ey'omu nsiko	A wild cat
ente ennume	Bull: a male cow
omusota omubisi	A green coloured snake
gland okuzimbulukuka	Swollen gland
ekimera, eky'omusaayi	Sourness, acidity
ebisiikirize	Crested crane
Okuzitoowererwa, okuzitoowererwa	State of perspiration, sweat
ekika ky'ebikoola	A species of mushrooms
obutoffaali (duodenum)	Duodenum
ebibala by'emmwaanyi	Coffee-berries
envunyu	Silkworm
Enjawulo	Difference
abazaalibwa mu nsi eyo	Native-born
ennyama, omubiri, omubiri	Meat, flesh, muscle
Ekika ky'ebikoola eby'emmere	Type of edible mushroom
omulambo gw'ente	A corpse of cattle
ebisiikirize	Calf
ebikonde	Blankshot
okugwa	A fall
ensimbi: ensimbi eza ffeeza	Coin: metallic currency
ensolo	An animal
okufuuwa, okufuuwa, okufuuwa	Gurgle, bubble, slobber
ebibala by'ebibala by'ebibala by'ebibala by'ebibala by'ebibala by'ebibala by'ebibala by'ebibala by'ebibala by'ebibala by'ebibala by'ebibala by'ebibala by'ebibala by'ebibala by'ebibala by'ebibala by'ebibala by'ebibala by'ebibala by'ebibala by'ebibala by'ebibala by'ebibala by'ebibala by'ebibala by'ebibala by'ebibala by'ebibala by'ebibala by'ebibala by'ebibala by'ebibala by'ebibala by'ebibala by'ebibala	Cape goose berries
amatoffaali	Ears of millet
ebisiyaga, ebisiyaga	Hornet,wasps
emmunyeenye ey'akawungeezi	Evening star
enva endiirwa	Fresh beans
ebitooke, ebitooke, ebitooke, ebitooke, ebitooke, ebitooke, ebitooke, ebitooke, ebitooke, ebitooke, ebitooke, ebitooke, ebitooke, ebitooke, ebitooke, ebitooke, ebitooke, ebitooke, ebitooke, ebitooke, ebitooke, ebitooke, ebitooke, ebitooke, ebitooke, ebitooke, ebitooke, ebitooke, ebitooke, ebitooke, ebitooke, ebitooke, ebitooke, ebitooke, ebitooke, ebitooke, ebitooke, ebitooke, ebitooke, ebitooke, ebitooke, ebitooke, ebitooke, ebitooke, ebitooke, ebitooke, ebitooke, ebitooke, ebitooke, ebitooke	Pincers, pliers
Okwerabirwa	To be forgotten
ow'omu ku b'eŋŋanda ze	Of his/her relative
Okwelimba	To deceive oneself
okukaaba (embwa n'ebirala)	To vomit (dog etc.)
Okwewombeeka	To humble oneself
Okwambala engoye nnyingi (omukazi)	To wear many clothes(woman)
Okwewalula	To drag oneself along
Okwefuula	To pretend to be
Okufuna obuvumu	To pluck up courage
Okuba abeegendereza	To be cautious
Okwewala	To beware
Okweyawula ku balala	To withdraw oneself
Okwewuunya	To be startled
Okutuula awatali kulabirira	To sit down carelessly
Okwewaana awatali nsonga	To boast groundlessly
Okusoomoozagana	To provoke one another
okukaaba	To belch
Okubuuka okunoonya obuddukiro	To fly for refuge
Okwebikka	To wrap oneself up
okwerabira	To forget
okutegeerera ddala, okutegeera	To fully understand, comprehend
Okufumiitiriza ennyo	To think deeply
okwekebera	To rock oneself
okutuula obulungi	To sit properly
okwekulumbaza, okwekulumbaza, okwekulumbaza	To writhe, wag, wriggle
okugwa ennyo	To fall heavily
Okuba omubi, omubi	To be dirty, slovenly
Okwekweka	To hide
Okuyiga	To learn
Okufa enjala	To starve
Okwebuulirira	To exhort oneself
Okwejjusa	To pity oneself
Okulekera awo okukola	To leave off doing
eri malinger	To malinger
okwekomola	To shave oneself
Okuleeta emmere	To fetch one's food
Okuyigiriza, okusomesa	To teach, educate
Okwefuula	To pretend
okwegolola	To stretch oneself
Okugaana okukola	To deny having done
Okwewaana	To flatter oneself, boast
Okugaana okumanya	To deny knowledge of
okusuula ku mabbali	To lean sideways
okuyiiya	Forge
Okuba ow'okukyuka	To be changeable
Okuba omuyigganya	To be quarrelsome
Okuba omugayaavu, omunafu	To be lazy, weak
Beera mugayaavu	Become lazy
okwenenya, okutabagana	To repent, reconcile
Okukozesa n'obwegendereza	To handle carefully
Okuvvuunuka, okuvvuunuka	To bend, be flexible
Okweggyako	To take oneself off
okukaaba	To frown
okubeera nze	To be self
Okugezaako okwebaka	To feign sleep
Okwesanyusaamu	To enjoy oneself
okwewaana	To boast
Okweyanika, okwewala	To scratch oneself, avoid
Okwewombeeka	To debase oneself
Okunoonya n'obunyiikivu	To search diligently
Okukola n'obunyiikivu	To work tirelessly
Okuzingiza, okwetooloola	To surround, go round
okuzitoola	To roll
Okwewaayo	To dedicate oneself
Okuddamu okuwuliziganya n'omuntu gw'omanyi	To republic an acquaintance
okuwola	To lend
Okuteekawo embeera ennungi	To put on airs
okunaaba	To rinse
Okukyusa endowooza	To change one's mind
okweyambulako	To undress oneself
okuba omugayaavu, omugayaavu	To be indolent, lazy
Okutukuza akamwa	To clear the throat
Okufumiitiriza	To reflect_ ponder
okulinda	To bide
Okwekweka	To shut oneself in
Golola ebibegabega	Shrug the shoulders
Okugulira ku nsimbi	To buy on credit
okweyonja	To rub oneself
ku mpewo	To wind
Okubuusa amaaso, okwefuula	To ignore, pretend
Okutambula amangu ennyo	To walk very fast
okukaaba	To fidget
ye kennyini	Oneself
okwekebera	To scratch oneself
okugezesa (okulya) omulundi omulala, okuddamu	To taste(food) again, repeat
Okwekebera, okufumiitiriza	To examine oneself, reflect
okusala mu lubuto	To draw in stomach
Okwesiba omusipi	To gird oneself tightly
Okuba omugezi	To be cross wise
okukaaba	To retch
Okweyambisa	To help oneself
Okugwa mu buzibu	To become tangled
Okwewummuza	To take one's ease
okwekweka	To slip past
Okuba obunafu	To be round, spherical
Okugatta n'abalala	To join with others
okwekulumba	To roll oneself
okweyonja	To rub oneself
Okwewolereza	To make excuses
Okuba ow'okwerowoozaako, ow'amalala	To be selfish, vain
Okwefuula	To make oneself
Okweyimirizaawo	To squeeze oneself against
Okukweka amaaso	To make a grimace
okwekomola	To shave oneself
Byonna byange	All of me
Okufuna amaanyi	To regain one's strength
Okuba omubi, atali musanyufu	To become miserable, unhappy
bennyini, bennyini	Self, selves
Okuba n'amalala	To be proud
okulayira, okulayirira, okusuubiza	To vow, pledge, promise
Saba n'omutima gwo gwonna	Earnestly entreat
Okwekweka, okudduka	To hide, escape
okwetikka	To take upon oneself
Okukulukuta, okukulukuta	To roll, wallow
Okutuula obulungi	To sit nicely
Okutema ebirime	To chew the cud
Okukweka ebiwaawaatiro	To shade wings (termites)
Okuggyamu enviiri	Pull out one's hair
byombi	Both
Okuwulira obulumi	To have pain
okujooga, okujooga, okujooga	To oppress, bully, afflict
bennyini, bennyini	Self, selves
emabega	Behind
okweyonja	To wipe oneself
eyawonawo	Survivor
omuntu eyeerabira	Forgetful, scatterbrained person
akawayiro k'oku matu	Ear passage
ensolo, eddubu	Pig, wild bear
Ebizimbulukusa ebiggiddwa ku bantu abadduka	Potatoes uprooted from runners
Engeri y'okwokya	Way of burning
okwetulinkiriza	Conceit, boastfulness
Amalala, amalala, obuteefu obutaliimu	Pride, arrogance, unnecessary quietness
obutali bulongoofu, obutali bulongoofu, obutali bulongoofu, obutali bulongoofu, obutali bulongoofu, obutali bulongoofu, obutali bulongoofu, obutali bulongoofu, obutali bulongoofu, obutali bulongoofu, obutali bulongoofu, obutali bulongoofu, obutali bulongoofu, obutali bulongoofu, obutali bulongoofu, obutali bulongoofu, obutali bulongoofu, obutali bulongoofu, obutali bulongoofu, obutali bulongoofu, obutali bulongoofu, obutali bulongoofu, obutali bulongoofu, obutali bulongoofu, obutali bulongoofu, obutali bulongoofu, obutali bulongoofu, obutali bulongoofu	Cheeky, rudeness, perversity, affectation
ebisiikirize	Weevil
Obulwadde bw'otulo	Sleeping-sickness
Okuwuliziganya	Communication
omuntu aba afunye ebisago	Wounded person
ensolo	Crocodile
Okwewaana, okwefaako	Boasting, selfishness
okwetulinkiriza	Conceit, boastfulness
ow'amalala, ow'amalala	Conceit, boastful
okutendereza, okwegulumiza, okwewaana	Praise, self-exaltation, boasting
enkola y'okuzimba	Style of building, architecture
amayinja	Pineapple
amabeere agaaka	Withered breasts
ebinyonyi	Flies
omuntu atali mwesigwa, omulimba, eyeenyigira mu bikolwa eby'obukambwe	Untrustworthy, deceitful person, mischief-maker
omuntu ow'obukuusa, atasuubirwa	Tricky person, unreliable person
enkoko ennene ey'ebigere ebiwanvu	Large, long-legged cock
ente ennume	A castrated bull
endagaano, endagaano, endagaano	Agreement, covenant, bargain
Ekyewuunyisa, ekintu ekikutte	Odd one, fallen thing
ekirayiro, obweyamo, okwemulugunya	Oath, vow, protestation
yams ey'omu nsiko	Wild yam
ekyennyanja ekiyitibwa hartebeest	Hartebeest
ebiragala, ebiragala, ebiragala, ebiragala, ebiragala, ebiragala, ebirabula, ebirabula, ebirabula, ebirabula, ebirabula, ebirabula, ebirabula, ebirabula, ebirabula, ebirabula, ebirabula, ebirabula, ebirabula, ebirabula, ebirabula, ebirabula, ebirabula, ebirabula, ebirabula, ebirabula, ebirabula, ebirabula, ebirabula, ebirabula, ebirabula, ebirabula, ebirabula, ebirabula, ebirabula, ebirabula, ebirabula, ebirabula, ebirabula, ebirabula	Looking-glass, mirror
enkomera, enkomera	Border, edge
ebisiikirize	Tapeworm
ekituli mu ttaka	Hole in the earth
omuntu omunafu, aliko obulemu	Weakly person, invalid
ebyennyanja	Fish
ekigera; obudde	A measure; time
omuntu ow'amagezi	Sharp, clever person
okusinza	Worship, ritual
akabonero akafaanana ng'ekkondeere	Small bell-like ornament
bulungi	Fine
wansi w'olubuto	Lower part of abdomen
Oluyimba lw'ebigere	Sound of running footsteps
embwa enkambwe	A wild dog
ennimi, ennimi	Languages, tongues
ekitundu eky'ettaka, ennimiro	Cultivated plot, field
ekisiikirize	Fish-hook
Nnannyini nnyumba afa olw'ennyumba ye	The house owner dies for his home
Okufa, okuzikirizibwa, okufuuka abatalina mugaso	To die, be destroyed, become useless
Beera muzibe; Beera kiggala; Beera mulema	Become blind; Become deaf; Become impotent
Okukola ennyo	To work hard
Kyali kizibu nnyo okumaliriza ennyumba eno; kwe kuzimba ennyumba ye ekyaleetera Mugume okukola ennyo, awummudde oluvannyuma lw'okumaliriza	It was real hard work finishing this house; It was the construction of his house that made Mugume work hard, he has come to rest after finishing it
Okufuuka ekintu ekitalina mugaso, okuzikirizibwa, okusaanawo	To come to nothing, be destroyed, wear out
Yatuuka ku nkomerero ng'ali mu kyalo; yali akooye olw'olutalo	He/she came ended up in ruins while in the village; Be/she was worn out by the war
okusuula, okugabira, okusaasaanya	To throw about, give away, waste
Buli omu okufaayo ku munne, okufaayo ku munne	To mind each other, care for each other
Abakola abantu abo okufaayo ku bannaabwe, tebaakikola mu biseera ebyayita; ennyumba ye erabika bubi nnyo	Who have made those people care for each other, they never did so in the past; His house looks very untidy
Okukola amaloboozi (ng'ensolo mu muddo), okukaayana	To make a rustling noise (e.g. Animal in grass), scuffle
okufuuwa	To snuffle
Okufa ku lwa, mu linnya lya	To die for on, on behalf of
Yesu Kristo yatufiirira ku musaalaba	Jesus Christ died for us on the cross
Okufiirwa, okufiirwa.	To be bereaved of, lose.
kufa	Die
Yafiirwa abaana be ababiri e Kyaka.	She lost her two children in Kyaka.
Okukyusa soseesi y'amazzi okuva mu bbaasi okudda mu kibya okutuusa amazzi agali mu bbaasi lwe gakyuka ne gafuuka ga langi enjeru	To change butter sauce from pot to bowl and bowl to pot till water in which butter is being cooked has changed to white
Okuba omuwombeefu n'omwana, okufuuwa	To grow soft and baby, be deflated
eggaali ly'emmotoka ye lyavunda mu kifo eky'akabi	The tyre for his/her car got deflated in a dangerous place
okuteekamu, okuteekamu, okuteekamu	To plait, interlace, tack in
- ebikoola bye baakozesanga mu kisenge kya Kabaka byakolebwanga mu ngeri ey'amagezi.	-the reeds which they used for the King's enclosure were interlaced so as to make it look smart.
eky'ekintu ekirabika ng'ekigumu, ekisobola okusunsulibwa, okugwa wansi n'okutuuka waggulu ng'ekikubiddwa	Of a soft thing, to be easily compressed, fall in and upward when pressed
okufuuka, okukolebwa, okukyusibwa, okuteekebwa	Become, be made, change, draw (a bow)
Omukozi gwe yakozesa yafuuka buzibu gy'ali.	The workman he/she employed became a problem to him/her.
Okwewogoma, obutaba mukkakkamu	To be vacillating, unsteady
okufumita	To squash
Okusazaamu, okusazaamu enfuufu mu ngeri etategeerekeka	To defecate, void feaces anonymously
Okuleeta emitawaana, kuleeta emitawaana	To cause misfortune, bring bad luck
Okulaguza kuwadde obubaka obw'akabi	Divination has given information of misfortune
Okusuula (es. amata amabi), amata agafiire bagafubire, amata agabadde amabi gaasuuliddwa	To throw away (esp. Bad milk), amata agafiire bagafubire, milk that has gone bad has been thrown away
-amata amabi galina okusuulibwa	-bad milk should be thrown away
Okubikka obulungi	To be tightly covered up
ekibikka tekikwatagana bulungi n'ekibya ky'amata; omukyala ono takiraba nti ebibikka bikwatagana bulungi n'ekibya ky'amata	The lid is not holding tightly on the wooden milk vessel; This woman does not see to it that the lids do fubeera fukumura bold tightly on the wooden milk vessel
Okwejjusa ng'oli mwetegefu okukola ekintu, gamba ng'okukuba enduulu	To have second thought when you are ready to do something, e.g. Spearing
okweraliikirira, okutabulwatabulwa	Dismay, confound
okukendeeza ku sipiidi, okweraliikirira, okudda ennyuma, okukendeeza ku sipiidi	To slow down, be dismayed, draw back, slacken speed
Okweyongerayo. (Omuntu)	To warp up.(a person)
Waliwo ebintu bibiri abazadde bye batera okukozesa okukwata abaana baabwe	There are two things which parents commonly use io wrapping their children
okubonereza, okunyiiza	To punish, frustrate
- jjajja wange yabonereza mikwano gyange.	-my grandmother punished my friends.
Okutambulira wekka mu kibira ekikutte, n'ebirala	To go alone through dense forest,etc
Bwe yadduka mu kkomera yatambula okuyita mu kibira ekinene okutuuka awaka	When he escaped from prison he walked through a dense forest to reach home
okufuuwa, okufuuwa	To pump, blow (bellows)
Omukubi w'ebyuma akola ebyuma n'omulenzi amufuuyira obugoye; obugoye bufuuyirwa ng'obunyirira olususu	A black smith forges iron with a boy who blows the bellows for him; The bellow is pumped by pressing the skin tied on its nozzle
Okubuguma, okufuuwa amaaso	To grow cold, blow nose
Okusookera ddala yasooka kukyusa amazzi ge yali agenda okunaaba	He/she first made cold the water that he/she was going to use for bathing
okulwana	To wrestle
Baakubaganye ku mabbali g'omugga naye tewali n'omu yasuula munne wansi.	They wrestled at the side of a river but no one threw the other down
Okukozesa amabeere g'abawala ab'emyaka nga 16	Used of breasts of young girls about 16 years of age
Yafumbirwa nga wa myaka 16, amabeere bwe gaali gatandise okukula.	She got married at the age of 16 years, when her breasts were just begin ing to grow
Okusiibula n'amazzi, okuzza obuggya	To cool with water, refresh
Okufuluma mu bungi ng'amazzi okuva mu ttaka	To come out in large amounts as water from ground (content of gourd)
Okukulukusa (ebirimu enkumbi)	To shake out (contents of gourd )
Fuliiteza = ful eeteza, ku-, oku- v.tr	To tie tightly (as rope around the neck). Fuliiteza = ful eeteza, ku-, oku- v.tr
okuteeka, okuteeka	To prod,thrust
- Omubbi yakubiddwa ng'ali wansi w'ekitanda.	-A thief was thrusted while he was under the bed.
Okuggyamu (nga tewali kkubo)	To push away through (where there is no path)
Bwe wataabangawo nguudo abaana abaatambulanga ku makya ennyo, baalinanga okuyita mu muddo oguliko omuddo buli lunaku.	Where there were no roads children who travelled early in the morning, had to pass through dewy grass on their way daily
Okuyitamu, okufuluma mu kkubo	To elbow one's way through, to push out of the way
okukwata	To clasp
eri embrance,	To embrance,
okusala, okusala, okusala	To piece,bore,lance
Okuba omutono, omutono, omunyweredde ku	To be narrow, confined, cling to
Oluguudo lwasenguka mu kifo we lwali teruteekeddwa kusenguka	The road narrowed where it was not supposed to be narrowed
Okukuŋŋaananga awamu, okukkakkana, okukkakkana	To be crowded together, be stifled, be suffocated
okukula, okukula, okukula, okukula, okukula, okukula, okukula, okukula, okukula, okukula, okukula, okukula, okukula, okukula, okukula, okukula, okukula, okukula, okukula, okukula, okukula, okukula, okukula, okukula, okukula, okukula, okukula, okukula, okukula, okukula, okukula, okukula, okukula, okukula, okukula, okukula, okukula, okukula, okukula, okukula, okukula, okukula, okukula	To come up (esp. Mushrooms), grow (hump)
okuba n'amaaso agalabika obulungi	Have protruding eyes
Okukwata mu mukono	To clasp in the hand
Okubikkula, ggyako ekibikka	To uncover, take the lid off
Kiba kya bulabe okuggulawo eccupa y'amazzi ag'amazzi n'amazzi ag'amazzi.	It is dangerous to open a bottle of soda with fundura furuuta the teeth
Okuzuula	Uncover
okutunula, okutunula	Glare, stare
Okulaga obubonero bw'okufuluma	To show signs of coming out
Omwana alaga obubonero bw'okufuluma mu lubuto	The baby is showing signs of coming out of the womb
Okusiba (ng'olupapula G)	To fasten (e. G button)
- okukwata engoye	- hold up clothes
- asitudde engoye oba ekintu ekirala kyonna.	- she is holding up clothes or s ell.
okukwata (ebyambalo)	To hold up (clothes)
Okuba n'ebbugumu.	To be djluted.
-ggyamu amazzi ago.	-dilute those drinks.
okwetulinkiriza, okusuula ebitundu by'omubiri eby'ekyama	To masturbate, push back foreskin of penis
-omulenzi yakwatibwa ng'asobya ku makya.	-the boy was caught masturbating in the morning.
Okugoba (ebikooti oba engatto)	To fold (trouser or sleeves)
- olina okugoba engoye ng'oli ku mulimu.	-you are supposed to fold a shirt when u are working.
Okujja	To turn up
- olina okujja ku ssomero.	-you are supposed to turn up at school.
okukungaanya, okukungaanya (mu kusona)	To crumple up, gather (in sewing)
okuvumirira, okutyoboola	To disparage, run down
Si kirungi kunyooma muntu mu lujjudde	It is not right to disparage a person in public
okufuluma, okusenguka	To desert, migrate
- Nnava awaka.	-I migrated from home.
okusavuwaza ekisukkiridde, okusavuwaza, okusavuwaza, okukyusa	To dilute too much, disparage, run down, change
-baakyusa ebigambo bye, eyo si ye ngeri gy'abyogeramu.	-they changed his words, that is not the way he/she said them.
Okuba n'ebituli, okubuuka (nga bwe kiba bwe kiva ku kulumwa oba okulumwa)	To be blistered, swell (as from bite or sting)
Omubiri gwe gwabanga gukulukuta ng'ali e Kampala, bwe yakomawo e Tooro tt yalekera awo	His/her body used to swell while he/she was in Kampala, when he/ she returned to Tooro tt stopped
Okugumya (ekirungo ekirabika ng'ekitali kirongoofu)	To chew (soft substance), masticate
-maama yateranga okukomba eddagala ly'omwana we.	-mother used to chew medicine for her child.
okufuuwa, okufuuwa	To blow, snort
Ente bw'ekukubira enduulu kiba kabonero akalaga nti ekuyita mu lutalo	If a cow snorts at you it is a sign of challenging you for a fight
Okwewala, okukwatirwa obuggya (omukyala oba omwami)	To avoid, be jealous of (wife or husband)
- Alina obuggya ku bba	-She is jealous of her husband
Okugamba Katonda aleme	To say God forbid
-eyogerwa omulaguzi ng'alagula nti akabi kali kumpi	-said by a diviner when his/her divination show that danger is imminent
okuziyiza, okuziyiza, okuziyiza	To prevent (evil), ward off, forbid
okubuuka, okubuuka amangu, okubuuka, okubuuka	To bubble, boil fast, froth, foam lather
Omwenge gw'omubisi gw'omubisi gw'omubisi gw'omubisi gw'omubisi gw'omubisi gw'omubisi gw'omubisi gw'omubisi gw'omubisi gw'omubisi gw'omubisi gw'omubisi gw'omubisi gw'omubisi gw'omubisi gw'omubisi gw'omubisi gw'omubisi gw'omubisi gw'omubisi gw'omubisi gw'omubisi gw'omubisi gw'omubisi gw'omubisi gw'omubisi gw'omubisi gw'omubisi gw'omubisi gw'omubisi gw'omubisi gw'omubisi gw'omubisi gw'omubisi gw'omubisi gw'omubisi gw'omubisi gw'omubisi gw'omubisi gw'omubisi gw'omubisi gw'omubisi gw'omubisi gw'omubisi gw'omubisi gw'omubisi gw'omubisi gw'omubisi gw'omubisi gw'	Plantain beer froths in the gourds where it is kept; What makes a plantain wine to froths is the heat it gets while in the hole where it is kept for fermentation
okufuuyira mu nnyindo, okufuuyira mu nnyindo, okufuuyira mu nnyindo	To breathe with difficulty through the nose, snore, have nose stopped up
Alina obuzibu mu kussa mu biseera by'obutiti; batabani be bamuyambye okusengukira e Mwenge	He/she breathes with diffculty during the cold season; His/her sons helped him/her migrate to Mwenge
Okujjuza akamwa emmere	To fill mouth with food
Okuteeka mu buli ngeri yonna, okujjuza	To bundle in any how, to stuff
Okwogera eby'obusirusiru	To talk nonsense
Okutambula n'amagulu ag'enjawulo olw'obulumi	To waddle, straddle, walk with legs wide open due to pain
Olugendo oluwanvu luzibuwalira oyo atambulira ku mbalaasi	A narrow path makes it difficult for a straddler to straddle in it
Okuleetera omuntu okutambula n'amagulu agagazi	To cause one walk with legs wide open
Okuwangula, okusima ku ttaka.	To beat, dig on the surface.
Okutambulatambula mu ngeri ey'amalala, okusaasaanya, okwekulumbaza	To strut about conceitedly, spread, do to excess
Okusaasaanya (ng'ekyokulabirako, obulwadde, olugambo)	To spread (e.g. Epidemic, rumour)
Okusaasaana kwa siriimu n'akawuka ka siriimu kiva ku bantu obutagondera ebyo bye bayigirizibwa; ensiri zisaasaanya omusujja gw'ensiri; okusaasaana kwa siriimu n'akawuka ka siriimu kiva ku butali bwesigwa wakati w'abaagalana.	The spread of HIV/AIDS is as a result of people's disobedience in observing what is being taught about it; Mosquitoes spread malaria; The spread HlV/AIDS is due to unfaithfulness among sexual partners. Oku-
Okuba omunakuwavu, omusirusiru, atali mukakanyavu.	To be dull, stupid, clumsy. Jaara,
Okuzannya omuzannyo gw'okuzannya	To make a jarring noise, gambling game
Enkuyege ekola amaloboozi ag'amaanyi ng'eyingira mu kinnya kyayo	A cricket will make a jarring noise at the mouth of its hole
Okuba omunnyogovu, obutali bulongoofu, oba atali wa mugaso	To be sodden (millet flour), be clumsy, be worthless
To bubble, seethe. Jabajabuka	To bubble, seethe. Jabajabuka
Okutema ebitundu, okuggya ensingo	To pull to pieces, to pull out threads
Okwogera amangu oba mu ngeri etategeerekeka	To talk rapidly or indistinctly, mispronounce
, okusanyuka	, to be excited
Okutemebwa, okumenyekamenyeka.	To be chipped, broken.
ekituli, etc.), crop (ear), break a piece off; Abasajja abamu balina omuze gw'okusaba bakazi baabwe okubawa emmere ng'eri mu kufumbirwa bwe baba balumwa enjala;	Ear, etc.), crop (ear), break a piece off; Some men are in the habit of asking their wives to give them food while it is being cooked when they feel hungry; He has made her to give him half cooked food
Okuba n'enviiri, okuba n'enviiri	To be hairy, be shaggy
Okutambula n'obunnyogovu	To walk stiffly, awkwardly
Alina obuzibu bw'alowooza ku kutambula mu bantu	He/ she is troubled when he/she thinks of walking awkwardly among the people
Okubuguumiriza, golola engalo	To excite, spread out fingers
okusanyusa	To flatter
Okujaguza, okujaguza.	To rejoice, celebrate.
To gad about, roam about Okutambulatambula, okutambulatambula	To gad about, roam about
okwokya obutono okuviirako okuvunda, okuvunda, okufumba amangu ennyo, okuvunda	To burn slightly causing to wither, superficialJy burnt, cook too fast, burn up
Okuggyamu	To snatch from
okuzikiriza	To squelch (swamp)
okubuguuma, okubuguuma	To jabber, babble
Okunnyonnyola mu bujjuvu, okutereeza ekikyamu	To explain fully, put right what bad gone wrong
Okweyisa ng'omutamiivu, okutambulatambula, okusaasaana	To behave like a madman, roam about, spread
Omusirusiru atambulatambula wakati w'abantu abamumanyi; omuntu alina obulwadde obusaasaana bulijjo yeekuuma obutasaasaanya ku baliraanwa be	A mad person roams among people who know him/her; A person suffering from a contagious disease is always careful not to spread it to his/her neighbours
Okulabirira, okujjanjaba, okujjanjaba	To care for, nurse, treat, attend to
Baamusiima olw'okulabirira kitaabwe, yamulabirira okumala emyezi mukaaga; sirina muntu yenna annyamba mu kulabirira omulwadde ono; mukyala we ye yamulabirira	They thanked her for attending to their father, She cared for him for six months; I do not have anyone to help me with the care for this patient; He/she was cared for by his wife
To be disorderly, loose (esp. ekimuli)	To be untidy, loose (esp. Bundle)
Enkoko eteeka ebiwaawaatiro byayo mu maaso g'enkoko.	A cock will spread its wings before a hen. To fasten or cover Loosely
Okuyisa obubi, okuyisa obubi	To spoil, treat carelessly
(Ebintu bingi) ebisaasaanira.	To be spread about (many things)
Okusaasaana	To be spread about
Okubeera n'ebbugumu (bw'oba omutamiivu)	To be lively (when intoxicated)
okuba omumyufu, omumyufu	To be moist, sodden
okutambulatambula	To wander about (hom eless person)
Abazadde be bonna bwe baafa yalowooza ku bifo by'ayinza okutambuliramu awatali kutuuka ku buwanguzi.	When all bis/her parents died he/she thought of places where to wander about without success
Yogera ekintu ekitali kikulu	Talk irrelevantly
Okusiba oba okubikka	To fasten or cover loosely
okutambulatambula, okutambulatambula	To roam, ramble
Okuteekebwa mu kasolya:	To be loosely tied:
Enkuba etonnya	To rain persistently
Enkuba yatonnya okumala essaawa ssatu.	-it drizzled persistently for three full hours
mu butali bulongoofu	Loosely
Okukaddiwa n'okuba n'ebiwuubaalo, n'okuba n'ebiwundu	To grow old and wrinkled, have swollen chicks
Obulwadde bwe bwamuviirako okukaddiwa n'okuzimbulukuka	It was illness that made him grow old and wrinkled
okukankana	To totter
Okuba omwogezi	To be talkative, gossip
Yabagaana okuwuliziganya mu nnyumba ye	He prohibited them from gossiping in his home
Okuweweeza.	To loosen.
Okubeerawo, okuwerekerako.	To attend, accompany.
Okuyimba, okuzina (ebika by'oku nsozi)	To sing, dance (hill tribes)
Okusaasaanya amaloboozi	To spread rumours
okwetooloola (ebiwuka)	To wander about (insects)
Okusiba emiguwa.	To tie loosely.
C	C
Bw'oba oyagala nnyo okwogera, beera munyiikivu	To be talkative, be a chatterbox
=jol ekana	=jol ekana
okukaaba (okukaaba), era dogoma, duguma	To rumble (flatulence), also dogoma, duguma
Okutambula ng'omuntu omukadde	To walk like an old person
Okuggya ebingi oba bingi (esp. okuva mu, ekimuli), j. Ebikali (eky'omwana akulukusa ekitanda), okukulukusa	To take out many or much (esp. From a, bundle), j. Ebikali (of child who wets the bed), urinate in or on
okuba omwogezi	To be talkative
Okufuluma mu nkuba awatali nsonga.	To go out in the rain needlessly.
Okubuulira ekyabaddewo, okubikkula ebyama, okuwuubaala	To tell what ''has happened, reveal secrets, gossip
Okwogera n'eddoboozi ery'amalala, okwemulugunya	To talk in a husky voice, mutter
Okweyisa ng'ente.	To behave as a bull y.
okuyisa obubi, okuyisa obubi, okuyisa obubi;	To abuse, treat with contempt, harass;
Okusaasaanya ebiseera mu ngeri etali ya muganyulo, ng'ogenda ebweru mu budde bw'enkuba oba ekiro	To spend one's time unprofitably, go out in the rain or at night
Okubuzaabuza n'ebibuuzo ebibuukabuuka, okutulugunya, okweraliikirira	To annoy with continual questions, bully, worry
Okwogera mu ngeri ey'obugayaavu	To speak lazily
J uba, ku-, oku-, v.i.•	Adv., lately. J uba, ku-, oku-, v.i.•
Embeera emuleetedde okunafuwa	It has rained on him/her · ' made him/her wet
eri omuddo	To weed
Omuntu bw'anakuwala ku biwundu mu kamwa bamuwa eddagala okumukuumira mu kamwa okumala akaseera	When a person complains of mouth sores they give him/her medicine to keep in the mouth for a while
Okwewala sabbuuni n'ebisasiro oluvannyuma lw'okunaaba n'amazzi amayonjo.	To be free of soap and dirt after being rinsed inclean water (cloth). J
Okusaasaanya oba okunaaba n'amazzi amayonjo, n'oluvannyuma n'ogaggyawo.	To pass through or rinse in clean water, and then take it out in order to dry.
To low, bellow, bleat	To low, bellow, bleat
Ente ekubira abaana baayo;	A cow lows for its young;
okukankana, okukankana	To tremble, shiver
Yakankana olw'okusigala mu bunnyogovu nga talina kooti; ennyogovu emuleetedde okukankana	He/ sheshivered because he/shestayed in the cold without a coat; Cold has made him/her shiver
okutabulatabula, okutabulatabula, oku-tabulatabula, oku-tabulatabula, oku-tabulatabula, oku-tabulatabula, oku-tabulatabula, oku-tabulatabula, oku-tabulatabula, oku-tabulatabula, oku-tabulatabula, oku-tabulatabula, oku-tabulatabula	To mobiUze, shake
Okusuula,	To throw away,
Okuvuma, okuvuma, okuvuma	To scold. Revile, abuse, blaspheme
yamukambuwalira olw'obugayaavu	He/she scolded him/her for laziness
Okutambula n'omutwe ogukutama	To walk with head bent
Okukula ebikoola ebiggya, okubala	To grow fresh leaves, flourish
pass forrn, j umbikwa, ku-, oku-, 1{pf. -jumbikirwe)	Pass forrn, j umbikwa, ku-, oku-, 1{pf. -jumbikirwe)
Okumaliriza okusasula ekirabo, okufumbiriganwa (n'omusajja), kkooti	To finish paying dowry, be engaged to (a man), court
Okufumbirwa (omukazi).	To be engaged to (a woman).
Okubuuka, okukaaba.	To fly out at, scold.
Okukuza omuntu mu ngeri etasuubirwa	To raise one unexpectedly
Okuwa omwana eddagala (okuva mu kamwa okudda mu kamwa)	To give a child medicine (from mouth to mouth)
J nja kukujjanjaba n'omukka omukali ng'eddagala; L	J am going to treat you with bitter tobacco as medicine; L
Pr	Pr
Bw'oba oyagala okutandika ku makya ennyo, buuza muliraanwa wo ku makya ennyo	To make an early start, visit a neighbour very early in the morning
Abaana baalagirwa obutagenda mu maka g'abantu abalala nga bakyali bato nnyo	Children were advised not to make very early visits to other peoples homes
Obunnyogovu (ente eziyita obwana)	To low (cows calling calves)
Ente esinda olw'abaana baayo; ekireetera ente okusinda kwe kulemererwa okulaba abaana baayo	A cow lows for its young; What makes a cow low is failure to see its young in sight
Pr	Pr
okutaasa, okutaasa, okuyamba, okutaasa	To rescue, save, help, succour
Oyo ataba na muntu amununula bw'aba ng'awanguddwa tajja kulwana mu lujjudde; amuwonyezza ng'akozesa amaanyi ge; omuntu awonyezebwa bw'atwala Yesu nga Mukama we era omulokozi we	He who has no one to rescue him/her in case he/she gets overpowered will not fight in public; Be/she rescued him/her by using his/her strength; A person is saved when be/she takes Jesus to be his/her Lord and persona] saviour
Okuvunaanibwa, okuvunaanibwa	To claim, hold responsible blame
Ovunaanibwa okuyimiriza emmotoka mu kifo ekitakkirizibwa kuyimiriza mmotoka	You are charged with parking a vehicle in a no parking area
Okubuuza ebibuuzo, ebikwata ku	To call to account for, concerning
Okukozesa amagoba	Practise usury
Okuba n'obuvunaanyizibwa	To be responsible
okuvunda, okuvunda, okuvunda, okuvunda	To rot, go bad, spoil, decay
Ebibala ebivunda tebiriibwa; Ebibala by'emmwaanyi ebikuze bivunda mu dduuka; Obumu babanza k:ubujunza nukwo babuhooga, sisal ateekwa okuvunda abantu nga tebannagifuna; Ebijanjaalo bye bivunda olw'okunywa enkuba	Rotten fruits are not eaten; Ripe plantains got rotten in the store; Obumu babanza k:ubujunza nukwo babuhooga, some sisal must be made to rot before people get fibre from it; Her beans are rotten for having been rain soaked
Okusaanuuka, okwaka	To smouJder, glow
ekimera ekyaka ekyassibwako omuddo omumyufu ne kibuubuuka okumala ennaku bbiri; ne bateeka enku empya mu muliro ogwaka ne kibuubuuka	A burning heap of grass to which wet grass was added smouldered for two days; They put fresh wood in the glowing fire and made it smoulder
Okufulumya omuzigo (ebimuli, n'ebirala)	To squeeze ju ice out of (plantains, etc.)
Yunga sa, ku-, oku-, v.c.	Rub in the bands husked millet grains so that a child may eat some. Jungi sa, ku-, oku-, v.c
Okuba omumyufu era omuwombeefu (ettaka)	To be moist and soft (soil)
Omuddo oguli mu ttaka gwe guleeta ebbugumu n'ebbugumu	It is the manure in tbe soil that makes it moist and soft
Okusaanyaawo, okuleka okugwa mu butaliiko.	To discard, allow to fall into disuse. '
okutaasa	To rescue
To spread, grow big (trees), look very big and fearsome, (tuuma)	To spread, grow big (trees), look very big and fearsome, (tuuma)
engoye ezimu zireetera omuntu okulabika ng'omukulu ennyo era ow'entiisa	Some clothing make someone look very big and fearsome
Okuluma n'omululu	To gnaw at voraciously
Omuntu atalina magumba tayinza kulya nnyama mu ngeri ey'omululu; sirabangako njubu ng'evuga okuva mu nnyumba	A toothless person will not gnaw at a piece of meat voraciously; I have never seen a carpenter bee buzzing from a house
okuba n'enviiri	To be hairy
Abantu bangi beebuuza kiki ekimuleetedde okukula amangu	Many people are asking themselves what has made him/her grow so fast
Okukaaba	To roar, hum
okuwuuma	To buzz
Abantu ab'edda baalowoozanga nti empologoma teyabanga ya bwereere	People of the past believed that a buzzing bee would never buzz in vain
Okugwa (enjuba)	To decline (sun)
Okwejjusa, okwegomba, okunakuwala	To regret, yearn for, be home-sick
- kyamuleeteranga okwegomba olw'obutaba na mata ge yanywanga buli lunaku.	- what made him/her yearn is the lack of milk he/she used to drink daily.
Adv., omugayaavu, omugayaavu nnyo	Adv., intensive with lazy, very lazy person
Bw'oba ogenda okusaasaanya ebisasiro, weeyongere okusaasaanya ebisasiro by'ente	To be smeared all over, dirten yourself with soft mud from cattle dung when clearing it
Okugoba, okugoba enfunda n'enfunda (ng'okutta ensolo).	To thrust, prod repeatedly (as when killing an animal).
ll' ' ' omunnyogovu, omunnyogovu (omwana omuto)	Ll' ' ' plump, chubby (little child)
Okufumba n'oluvannyuma okufumba (omutego ogutakuze), j. Amatama, pout, look cross. ju ujura, ku-, oku-, v.tr	To cook and then roast (unripe millet), j. Amatama, pout, look cross. Ju ujura, ku-, oku-, v.tr
Okudduka ekisibo oba ente endala	To run away from the herd or other cattle
Ente bw'eba n'ebbugumu ejja kudduka okuva mu kisibo n'egenda eri ente ennume	A cow on heat will run away from its herd to where the bull is
okwebaka	To lie prone
okuvundira wansi	To tum upside down
Abantu ab'edda baakubanga ebiwaawaatiro mu biwaawaatiro okusobola okuziyiza empungu okulya obwana bwazo.	In order to prevent chicks from being preyed on by eagles. People of long ago would cover them with a basket. Juumildra, ka-, oku-, v.tr
Juumu kura, ku-, oku-, v.rr	To invert on the top of, cover with inverted vessel. Juumu kura, ku-, oku-, v.rr
Yamukubira essimu n'amusaba okugizza waggulu asobole okulaba ekiri wansi	He/she requested him/her to tum the basket right way up so that he/she might see what was under it
To tum right way up; okujja mu buyambi bwa;	To tum right way up; come to the help of;
okweyambulako engoye, okwambala engoye eziraga ebitundu by'omubiri eby'ekyama	To take off clothes, undress, wear indecent clothing that shows private parts
Mwambale mu ngeri ey'ekitiibwa muleme okulaga ebitundu byammwe eby'ekyama eri abantu; bazadde be baamuwaliriza okweyambulako olugoye olutaali lulungi ku ye.	Dress descently lest you show your private parts to people; Her parent made her take off a dress which was not good for her to put on
okujuliza, okujuliza, okujuliza, okuwa obujulizi.	To appeal. Refer to, cite, quote, give evidence.
Okuggyamu engoye, okugwa (olugoye)	To be undressed, fall off (cloth)
Baamuwaliriza okweyambulako engoye ze yali abbye mu maduuka	They forcibly made him/her take off the cloth he/she had stolen at the shops
Okukubiriza mukoddomi wo okukendeeza ku bbeeyi (ng'omuggo, ekirabo, ekibonerezo) mu ngeri ey'obukkakkamu	To politely, gently persuade father-in-law to lower the price (e.g. Bride price, dowry, fine), bargain for deduction
okufuluma, okufuluma omusaayi, okufuluma	To flow, bleed, menstruate
Enjuba etubikkulidde; Omuf ungi ajwisa ensande, Katonda aleetera enjuba okwaka, omutemu w'ebimera aleetera omwenge okufuluma mu bimera	The sun has shone upon us; Omuf ungi ajwisa ensande, God causes the sun to shine, a plantain treader causes juice to flow from plantains
Okuba omusujja naddala mu kamwa oluvannyuma lw'okulya oba okunywa	To be untidy esp. Around the mouth after a meal or drink
Okusaanuuka buli wamu	To be smeared all over
Engalo ze zonna zijjudde amasavu. Jwa ha, ku-, oku -, v.i; nkooye okukuwa amateeka gange g'otera okumenya; abatembeeyi bakoowa nnyo nga balinnya ensozi; abaana abato bakoowa nga batudde ebbanga ddene	His/her fingers are smeared with fat all over. Jwa ha, ku-, oku -, v.i; I am tired of giving you my rules of which you always break; Travellers get more tired on climbing hills; Young children get tired when they sit for a long time
Okuleetera omuntu okukoowa, okukoowa	To make one tired, weary
Okubuukabuuka, okubuukabuuka, okuba n'omululu, okwagala, okusembeza abagenyi	To hurry, hasten, be eager, willing, hospitable
Okukola mu bwangu oba n'omutima ogutawalirizibwa, okwaniriza n'essanyu, okuwuliriza obulungi.	To do quickly or willingly, welcome gladly, be receptive.
Bw'oba oyagala okuwummulako, fuba okuwummulako.	To be refreshed, take a rest
Okuba omubi	To be dirty
Okukola amangu	To do quickly
- okugatta awamu	-to mix together
I t bas not fallen {cl.4), tefiire, it hasn't died (cl.9). ta- negative prefix after a personal prefix or a pronomina l concord: ntamubone, I did not see him	I t bas not fallen {cl.4), tefiire, it has not died (cl.9). Ta- Negative prefix after a personal prefix or a pronomina l concord: ntamubone, Idid not see him
ekisooka ekikyamu, mu maaso ga U1ekisooka ekisooka omuntu ow'okubiri n'ow'okusatu ekisooka,o- n'ekisooka, n'ekisooka ekisooka ekisooka, ekisooka, ekisooka, ekisooka, ekisooka, ekisooka, ekisooka, ekisooka, ekisooka, ekisooka, ekisooka, ekisooka, ekisooka, ekisooka, ekisooka, ekisooka, ekisooka, ekisooka, ekisooka, ekisooka, ekisooka, ekisooka, ekisooka, ekisooka, ekisooka, ekisooka, ekisooka, ekisooka, ekisooka, ekisooka, ekisooka, ekisooka, ekisooka, ekisooka, ekisooka, ekisooka, ekisooka, ekisooka, ekisooka, ekisooka, ekisooka, ekisooka, ekisooka, ekisooka, ekisooka, ekisooka, ekisooka, ekisooka, ekisooka, ekisooka, n'ekisooka,	Negative prefix, before U1esingularsubject second and third person prefixes,o- and a-,respectively and subject pronominal concord for classes 4 and 9
Ntadde ekitabo ku mmeeza; ntadde ekitabo kyange ku mmeeza; \ Modal particle, that requires a subj. Personal prefix or pronoun. Concord to express an entrogative adv., meaning, how? Abakazi balima bata? How women dig? Ente zijuga zita? Bow do cattle mow? Oroho ota? How are you? Taaba, e-, n.cl.9	I have put the book on the table; Put this book of mine on the table; \ Modal particle, that requires a subj. Personal prefix or pronom. Concord to express an intorogative adv., meaning, how? Abakazi balima bata? How do women dig? Ente zijuga zita? Bow do cattle mow? Oroho ota? How are you? Taaba, e-, n.cl.9
Okuzitoowererwa emirimu, okutambulatambula, okusaasaanya ebintu, okutunuulira oba okukaabirira obuyambi mu butaliimu	To be over burdened with work, wander, scatter, grope, look or cry for help in vain
Kitaabwe bwe yafa, baasaasaana mu bifo eby'enjawulo; okufa kwa kitaabwe kwabaleetera okusaasaana	When their father died, they scattered in different places; The death of their father made them scatter
Okukola nga ndi nzekka, okusuulibwa buli wamu, okunoonya obuyambi mu butaliimu	To work all alone, to be tossed about, to search for help in vain
Tunoonya obuyambi wano ne wali awatali buwanguzi ku nsi, naye tetujja kunoonya nate mu ggulu	We are searching for help here and there without success on earth, but we shall search no more in heaven
Bw'oba ng'oli mu nnaku era ng'olina obwetaavu, saba obuyambi	To be in great distress and need, cry out for help
Omusajja amuleetedde okukaaba ng'amusaba obusaasizi; ekyasinga okumuleetera okukaaba ng'amusaba obuyambi kwe kukuba ebikoola	The man has made him/ her cry out for mercy; What caused him/her to cry out for help most was being struck with stinging leaves
Okutema ebitundu, okulya	To tear in pieces, devour
Embwa zaalya ensolo ne zirya byonna	The dogs devoured the animal and ateitall
Okwegayirira obusaasizi	To beg for mercy
Yasaba muganda we okumuyamba naye nga taliiwo	He/she appealed to his/her brother to come to his/her rescue, but she/she was not around
Okutemagana, okuseka ennyo	To be torn, laugh loudly
-aminah aseka nnyo.	-aminah laughs loudly.
okusaanyaawo, okusaanyaawo, okusaanyaawo	To tear in pieces, mangle, rend
Yamuvunaana okumuggyako engoye ze; Obusungu bwamuleetera okumuggyako amabaluwa ge yali amuwandiikidde	He/she accusedhim/her for tearing his/her cloth; Indignation caused her to tear the letters he had written to her
Okujja, okuyingira, okuddayo eka	To arrive, enter, go home
Yagenda ku kabaga; mikwano gye bazze ku mbaga ya bis; embaga y'omwana we yalimu abantu bangi	Attend party; His friends have come to attend bis wedding; His son's wedding was attended by many people
P1:2	P1:2
Abamenyi b'amateeka baakayingira mu maka ga Bahemuka	Last rught burglars broke into Bahemuka 'spouse
Okutwala ekifo omuntu omulala kye yaleka	To take poseession of site that bas been left by someone else
Beera munakuwavu, munakuwavu	Be sulky, sullen
-omusajja oyo mukakanyavu, olina okwegendereza bw'oba oyogera naye	-that man is sullen, you should be careful when talking to him
okuyita	Pass
Mu biseera ebyayita, omuntu bwe yabeeranga n'abagenyi, yayitanga abantu abamu okujja okumuwerekerako.	In the past when a person got visi tors, be/she would invite some people to come and keep tbem company
Beerawo ku mbaga; (oyo ayagala obuzibu)	Attend wedding; (he that wants trouble)
Okuleeta amagoba eri nnannyini bizinensi	To generate income to the owner of an activity
Omukulembeze yawa omugenyi ekifo ekyalekebwa Bisereko	The chief gave the emigrant the site that was deserted by Bisereko
Okufuna ekirabo okuva eri omukulu	To receive present from a superior
Bwe yamaliriza obuweereza bwe mu lubiri yafuna embeerera okuva eri Kabaka; okufumbirwa	When he ended his service at the palace he received a heifer from the King; To marry
okuleeta okujja, okuleeta okuyingira	To make to arrive, cause to enter
- ky'ekisa kya Katonda nti akamwa k'ente kakomawo awaka nga kalamu	-it is by Gods Grace that the mouth of a cow comes back home safely
Okukaaba (ng'enkoko oba embwa) mu ttaka	To scratch (as hen or dog) in ground
Enkoko ekozesa engalo zaayo okunoga obuwuka obuva ku ttaka	A hen uses its claws in order to scratch for insects from the ground for its chicks
Okuba omukakanyavu, atafaayo, omusirusiru	To be clumsy, careless, stupid
Okutema ebitundu, ekyenyi,	To tear in pieces, raven,
Fury yamuggyamu ebipande ebifaananyi bye baali bakubye nga bali wamu.	Fury made her tear into pieces the photo they had taken together
okusazibwamu	To be torn
Embalaasi ye yabadde tom bwe baabadde bazannyira mu kisaawe	Her/his cloth was tom while they were playing inthe play ground
okuyuza	To tear
Yamuwa ekibonerezo olw'okumuyuza engoye	He/she fined him/her for tearing his cloth
Okubeera okumpi ne (ekyawulwamu ensalo), okuliraana, okubeera okumpi, okwawukana, okutambulira mu makubo ag'enjawulo	To be next to (separated by a boundary), border on, be adjacent, separate, take different roads
Ebibanja byabwe biri ku nsalo y'ekibanja.	Their plots border each other right on top of the bill
okutambula nga tolina kigendererwa (ng'oyo ali mu kuggwaamu amaanyi), okwebuuza	To walk aimlessly (as one in despair), wonder about
Eggulo akawungeezi ng'atambula nga talina kigendererwa era nga tategedde gy'agenda; Necessitfos bamuleetera okutambula nga talina kigendererwa	Yesterday evening walking aimlessly and Icould not tell where he was walking to; Necessitfos are making him/her walk aimlessly
Taata wange, ddamu essimu, ekigambo eky'ekitiibwa	. My father, reply to a call, term of respect
- Good morning sir/ taata	-Good morning Sir/ Father
Okweraliikirira	To worry about oneself
, Mukama yagamba nti buli eyeeraliikirira obulamu bwe, ajja kubufiirwa	, the Lord said that whoever worries about his/her life, will lose it
Okubeera abangi ab'amabala	To be many coloured
Ebibala by'ekisenge kino bikwataganye	The colours of this mat are mixed up
Okugatta, okusibira awamu	To join, sew together
Ekikonde kyange omukuŋŋaanyi kivuddeko obutategeeragana wakati wange n'abaliraanwa; eddagala lye bakozesa okuluka ettoffaali liyitibwa orukato, pass. form, tabwa, ku-, oku-	My rattle the gatherer has caused misunderstandings between me and the neighbours; The needle they use to weave the mat is called orukato, pass. Form, tabwa, ku-, oku-
Okugenda mu lutalo, genda mu kibuga ekikulu oba mu lubiri lwa Kabaka okusisinkana Kabaka.	To go to war, go up to the capital or to the King's palace to meet the King. Tabaaro,
Yamutuma okutwala eggaali; yamusaba okumwegattako okutwala ebintu bye	He/she sent him to pick bis bicycle; He requested him/her to join him/her fetch his/her things
Okwaniriza omuntu okuva mu lutalo oba okuva ewala	To welcome home a person from battle or from a long distance To make to go far
Obutamanya buviirako omuntu okugenda mu lutalo; Kabaka aziikibwa abantu bangi nnyo	Ignorance makes one go for a war; A King is buried by very many people
Okwesittala, okwesittala, okwewonya ng'odduka entambula ntono.	To stumble, trip up, save oneself by running a few paces.
- yasitula ku jjinja n'agwa wansi	- he/she stumbled upon a stone and then fell down
Okuleetera omuntu okwesittala	To make to stumble
Okugatta awamu	To mix together
okufuluma, okufuluma, okufuluma, okufuluma, okufuluma, okufuluma, okufuluma, okufuluma, okufuluma, okufuluma, okufuluma, okufuluma, okufuluma, okufuluma, okufuluma, okufuluma, okufuluma, okufuluma, okufuluma, okufuluma, okufuluma, okufuluma, okufuluma, okufuluma, okufuluma, okufuluma, okufuluma, okufuluma, okufuluma, okufuluma, okufuluma	To be stirred up, become muddy. To stir up, upset
Okweyongerayongera, okusaasaana (ebiwundu)	To get worse, spread (sores)
okutabagana, okugatta awamu	To mix, join together
Okubikka ettaka, okubikka omwenge mu bunnya	To cover with soil, to cover beer in a hole for fermentation
Okusiba enziro eziriko langi, okuteekamu langi	To weave in coloured threads, mix colours together
Okuleeta obuzibu, okuleeta (omulala) mu buzibu	To bring trouble on, get (another) into trouble
Okubuuka, okudduka, okuwonawo	To be boiling hot, escape, survive
Yawona katono okufa	He survived death narrowly
Okutabulatabula, okutabulatabula, okutabulatabula	To be stirred up, mixed, in a muddle
okutabulatabula, okutabulatabula, okutabulatabula, okutabulatabula, okutabulatabula, okutabulatabula, okutabulatabula, okutabulatabula, okutabulatabula, okutabulatabula, okutabulatabula, okutabulatabula, okutabulatabula, okutabulatabula, okutabulatabula, okutabulatabula, okutabulatabula	To stir up, mix, miss, fail to hit, save, rescue
- yali anaatera okumukuba	-he nearly knocked him/her down
Okuleetawo obutategeeragana	To create a wrangle
ekitangaala ekitono eky'amafuta	Small kerosene lamp
Okuba omusanyufu, ataliiko kye yeeraliikirira	To be happy, carefree
Omwana aba talina kye yeeraliikirira ng'ali ewa jjajjaawe	A child becomes carefree while at it 's grandmother's home
Okutwala ekifo kinene, okusaasaanya, okugaziya	To take up much space, spread out, extend
Abatuula ennyo mu mmotoka tebatambuza bigere	Those who sit in a car in excess do not spread out their legs
Okubeera omuyimbi, omuyimbi	To be frolicsome, gay
Obusanyusa bw'abaana kabonero akalaga essanyu mu maka; baabadde bazannyira mu kisenge kyabwe	The frolicsomeness of children is a sign of happiness in a home; They were playing gaily in their compound
Okusekerera, okwogera mu ngeri ey'obukambwe	To mock, speak sarcastically to
Okubuzaabuzibwa, okutabulwatabulwa, okwesittala	To be puzzled, distracted, stumble
okubuguma, okubuguma	To heat, warm up
Amazzi gafumbibwanga mu kasumbi	Water is boiled in a sauce pan
Okubuguma	To become warm
Amazzi gamala akaseera katono okubuguma naye ne gafuna ebbanga ddene okubuguma	Water takes a short time to become warm but a long time to become cool
Okuba omusanyufu, okuba n'eby'okukola bingi, okutambula n'essanyu	To be joyful, be happily busy, dash about excitedly
okufulumya amazzi	To draw (water}, bale ladle out
Omukadde bw'agenda n'omwana ku luzzi alina okusena amazzi g'omuto	When an old person goes with a child to the well he/she must draw water for the young one
Okukwata oba okukwata n'obwegendereza ku mukono oguggule	To bold or carry carefully on open palm
Atakagatahataga, tagatahata, amata mu kibya eky'emiti gatwalibwa n'obwegendereza ku mukono oguggule omuntu eyagatambulirako, oyo atagatambulirangako tasobola	Atakagatahataga, tagatahata, milk in a wooden vessel is carefully carried on open palm by a person who has ever carried it so, one who has never done so is not able to do so
Okufunamu amazzi, okusuula wansi (ekibya, n'ebirala)	To draw water with, let down (pitcher, etc.) for water
okugwa olubege, okuba omunafu (oluvannyuma lw'okulongoosebwa)	To stagger, be weak (after purge)
Okugoba n'amaanyi, okutwala n'amaanyi	To push forcibly, take along by force
eddagala ly'amaze okutwala limukozesezza (olw'okufuluma)	The medecine he/ she bas taken has made him/her weak (as a result of being purged)
Okubuusabuusa, okubuusabuusa, okubuzaabuza	To be undecided, waver, ramble
Okugenda enfunda n'enfunda	To go many times
Okugwa, okubula, okulemererwa okukuba oba okukwata	To drop, miss, fail to hit or catch
Okusereba n'okugwa, okudduka	To slip and fall, escape
Bwe yabadde agenda okuwandiika, ekkalaamu yamukulukusa n'agwa wansi; n'amudduka ng'ali mu kkubo.	As he/she was going to write, the pencil slipped out of his hands and fell down; He/she escaped from him/her while on the way.
Okuyawula, okwawula mu bitundutundu	To separate, divide into pieces
Abazannyi b'ebikonde bwe baba balwana, omulamuzi abayawula	Boxers in the game of fighting are separated by a referee
okuleka, okuggya, okuggya	To let slip, let go, release
Omuyizzi bw'alaba ensolo, asumulula embwa ze okumugoba; Omusajja eyasumulula embwa ze eri abatambuze avunaanibwa omusango; Omusibe asumuluddwa. -taito, adj.	When a hunter sights an animal, he releases his dogs to chase it; The man who released his dogs to travellers was charged with a criminal case; The prisoner has been released. -taito, adj. Small, little, tinny, few, =ke
Ekimu ku bivuga bya Kabaka	One of the Royal drums
Okukola wekka n'okufuba ennyo, okukola emirimu gyonna wekka	To work alone and very hard, do ail the work oneself
-nnamwandu bulijjo akola yekka awaka.	-the widow always works alone at her home.
Okubeera n'eby'okukola	To be busy
-Taata wange bulijjo aba n'eby'okukola bingi.	-my dad is always busy in a day.
T okumira ku muliro	T dry at fire
Okudda ku ludda, okwewala	To turn a side, avoid
, nnabasanga nga bayimiridde wakati mu kkubo ne nvaayo ne mbayita	, l found them standing in the middle of the way and turned aside and passed by them
Okusaanyaawo ennyama ku muliro	To dry meat over the fire grill
Mukazi we araara amuta/ikire, bw'anywa omwenge anenya mukazi we okutuusa enkya; Ennyama okusobola okuwummuliramu, egiriibwa okumala ennaku ssatu	Mukazi we araara amuta/ikire,, when he takes alcohol he scolds his wife till morning; For meat to be quHe dry, it is grilled for three days
Okutuula n'amagulu ag'enjawulo	To sit with legs wide apart
Bw'osula n'ebigere ebyawukana mu kifo ekitono, abalala tebajja kuba na kifo kya kutuula.	If you sit with legs apart in a small space, other people will not have where to sit.
Okuleka (omuti) mu ttaka, okutaataaganya, okulemesa	To leave (tree) in the ground, disturb, hinder
okukoowa, okukoowa, okukoowa	To disgust, sicken, weary
Nnyiiga olw'okusaasaanya amaloboozi; bw'olowooza ku muliraanwa wo otera okuleetera abantu okumukoowa; buli omu amukoowa	Be/she makes me disgusted because of rumour mongering; If you spek iU of your neighbour you make people be weary of him/her; Every one gets sick of him/her
Okutta, okuwaayo, okuwonya, okuwonya, okuziyiza	To execute, offer (sacrince), cure, heal, ward off
Poliisi ekoze omulimu omulungi okukwata omubbi abadde atiisa abantu mu kyalo; omusawo ono asaba ssente ntono nnyo ku bujjanjabi; akozesa ebimera by'e Kitooro okuwonya abantu endwadde zaabwe; obulwadde buno buwonyezebwa abasawo b'omu Afirika	The police did a commendable job to arrest a thief who used to terrorize people in the village; This doctor asks for very little money for treatment; He/she uses Kitooro herbs to cure people of their diseases; This disease is curable by African traditional healers
Pr. of c. form, tambikiriza, ku-, oku-	Pr. Of c. Form, tambikiriza, ku-, oku-
, tolina bifo bimala by'oyinza kutambuliramu amagulu gaffe	, you have not enough space where to stridey our legs
Okuyitamu, okuyitamu	To stride across, step over
Yamuvunaana olw'okutambulira ku mmere ye	He/she blamed her/him for having strode across his/her food
Tambuurra tana okugaba ennyama (naddala ebisigalira by'ensolo eri abavubi)	Tambuurra tana to distribute meat (esp. Remains of carcass to hunters)
Ekigwo; ennyama y'ensolo eyafiiriddwa abavubi egabanyizibwako ng'abavubi bali mu nsiko; ennyama y'ensolo eyafiiriddwa egabanyizibwako abo bokka abenyigidde mu buvubi	Stride; Meat from the carcass of an animal killed by bunters is distributed while the hunters are in the bush; Meat of a hunted animal is shared only among those who participated in the bunt
Okuggyawo ekikolimo, okugoba emyoyo emibi	To remove a spell, exorcise
okwekamirira, okwekamirira	To get drunk, become intoxicated
anywedde omwenge gwa banana; abantu tebatamiira mu maka ga bakoddomi baabwe	He is drunk of banana wine; People do not get drunk at the home of their in-laws
Okuba omutamiivu, okuzuukuka okuva mu tulo	To get sober, wake from drunken sleep
Bw'aba anywedde, kimutwalira olunaku lwonna okuwummulamu; omubisi gw'ennyama gumuyambye okuwummulamu	When he/she got drunk it took him/her the whole day to get sober; He/she was helped by meat soup to get sober
Okuteeka emmere mu kamwa ka (omulala)	To put food into mouth of (another)
Abantu bateeka emmere mu kamwa k'omulwadde kubanga tasobola kugiteeka mu kamwa ke; tukozesa eccupa okuteeka emmere mu kamwa	People put food into the mouth of a patient because he/she is unable to put it into his/ her mouth; We use a table spoon to put food into one's mouth
Okuggya mu kamwa k'omuntu omulala (emirundi egisinga omwana)	To take out of mouth of another (usually child)
Ababbi bamuggyeko amata ge yabadde anywa oluvannyuma lw'okubba ente ye	The thieves have deprived him/her of the milk be/she has been drinking following the theft of bis/her cow
Okuggya omwana gw'ennyana okuva ku nnyindo emu okudda ku ndala n'okuleeta amata mu nnyindo zonna	To remove sucking calf from one teat to another so as to induce milk in all teats
Okukoowa, okukyawa, okukyawa	To be weary of, hate, loathe
Okuleeta obukyayi	To induce disgust
Nikyetaaga omubazi ogw'amaani kukiraho, ekiwundu kye kyeyongedde okwonooneka, kyetaaga eddagala ery'amaanyi ennyo okukiwonya; Be/ she has taken his/her commodities to Kasunganyanja market; he/ she came angry to find out wby my child hit his/her	Nikyetaaga omubazi ogw 'amaani kukiraho, his/her sore has grown worse, it needs much more strong medicine to heal it; Be/ she has taken hls/her commodities to Kasunganyanja market; He/ she came angrily to find out wby my child hit his/hers
okukaaba, okuwulira obulwadde	To vomit, be sick
Abaana be basinga okusuula mu bbaasi nga batambula; Waliwo eddagala erireetera abalwadde okusuula	It is mostly children who vomit in buses while traveling; There are some medicines which make patients vomit
Obutasobola kukikkiriza	Inconvincible
Okutuuka ku ntikko, kozesa ekkubo eddene	To stride, take a long step
yimirira ku mbalaasi	Stand astride
Okusaasaanya (ng'ekyokulabirako, seminti)	To spread (e.g. Cement)
Abazimbi baamala ennaku ssatu nga basaasaanya seminti ku ttaka ly'ennyumba ye	Builders took three days to spread cement on the floor of his house
Okusaasaanya amagulu	To spread out the legs
Okuwanika (ng'eweema)	To stretch out (as a tent)
Okuyimirira ku mbalaasi, n'amaviivi n'amagulu	To stand astride,kneel with legs apart
Okuteekamu ensawo, okuteekamu envuumuulo, okuteekamu envuumuulo, okuteekamu envuumuulo, okuteekamu envuumuulo, okuteekamu envuumuulo, okuteekamu envuumuulo, okuteekamu envuumuulo, okuteekamu envuumuulo, okuteekamu envuumuulo, okuteekamu envuumuulo, okuteekamu envuumuulo, okuteekamu envuumuulo, okuteekamu envuumuulo, okuteekamu envuumuulo, okuteekamu envuumuulo, okuteekamu envuumuulo, okuteekamu envuumuulo, okuteekamu envuumu	To saddle, harness (a riding animal)
Okutandika omulimu, okutandika okunnyonnyola, okutandika omulimu n'ebirala	To start work, start to narrate, begin a job etc
Olutalo lw'okununula Uganda lwatandika e Luwero; Tusiime ayagala omusomesa we eyasooka okumuyigiriza okusoma n'okuwandiika; Ssematalo ow'okubiri yatandika Adolf Hitler mu 1939 - 1945	The war to liberate Uganda started in Luwero; Tusiime loves his teacher who first taught him how to read and write; The second world war was started by Adolf Hitler in ( 1939 - 1945)
okuggya, okuggya	To unsaddle, clear away
Yazuula nti twali tumaze okulya era emmeeza yali emaze okuteekebwa. Tangs. Yali amaze okugenda, naye omwami we n'amuyimiriza ng'ali mu kkubo	He/ she found that we had already finished eating and the table had already been cleared up. Tangs. She had already gone, but her husband stopped her while on the way
Okwaniriza n'okwaniriza omugenyi	To meet and welcome a guest
: okwewuunya, okwewuunya, okwewuunya	: to be astonished, wonder, marvel
Abantu beewuunya ebyamagero bye yakola mu maaso gaabwe	People maf\>eled at the miracles he performed before them
Okusobola okwewuunya, tunuulira mu tterekopyo	To astonish, look through a telescope
Okwaniriza n'okwaniriza omugenyi	To meet and welcome a guest
Omusumba yasembezebwa mu maduuka, mu Fort portal; baasembezza omubaka waabwe n'ekimuli ky'ebimuli-; yafuna enkizo ku byabwe kubanga yali agenda ku siteegi ya bbaasi	The Bishop was welcome at the shops, in Fort portal; They welcomed their councilor with a bouquet of flowers-; He/she gained advantage at their epense because he/she was going to the bus park
Okutunda, okusaasaanya	To take for sale, make septic
Atutte ebinyeebwa bye ku katale; ente zirina akatale kazo abantu mwe bazitwala okuzitunda; ebinyeebwa bitundibwa ku katale ka Hima	She has taken her beans to market; Cattle have their own market where people take them for sale; Onions are sold at Hima market
Okweyongera okwonooneka, okusaasaana	To grow worse, spread
Tanukiirra ku-, oku-, v.tr; Mu biseera ebyayita amazzi g'empologoma gaafunibwanga mu muti gw'omutiini oba ogw'ebisenge; tewali amanyi kyavuddeko obulumi obwaliwo wakati we ne munne	Baifll hati kitanukire buhyaka, his/her sore looked as if it was gettingdry, but it isnow septic. Tanukiirra ku-, oku-, v.tr; In the past ram water was tapped from a plantain or barkcloth tree; Nobody knows what caused the qurrel between him/her and his/her compamon
Okufuna akabenje mu butanwa	To accidentally, meet with an accident
okutambulatambula, okutambulatambula, okutambulatambula, okutambulatambula	To move about, wander about, stagger, reel
Omuntu bw'atambulatambula wakati w'abantu abatamumanyi, tabafuna mirembe; kyetaago ekireetera abantu okutambulatambula	When a person wanders about amongst people who do not know him/her, he/she gets no peace from them; It is need which makes people wander about
Okuteekawo ekibinja ky'abalwanyi	To form battle array
Nkooku a/i omukobi, bwe yasanga abaserikale nga beetoolodde ennyumba ye, yategeera nti yali mu kabi; ekifo ky'ennyumba ye kyateekebwawo omuzimbi atendekeddwa	Nkooku a/i omukobi, it is when he found soldiers marshaled around bis home, that he realized he was in danger; The site for his house was measured by a trained builder
okufuluma, okufuluma	To splash up, gush out
Yavuga emmotoka ye n'ayita mu kiwonvu ku luguudo n'asuula waler ku bantu	He drove his/her car through a puddle in the road and splashed waler on people
Okuba obunene (ng'ekibbo), okuba obutonotono	To be wide (e.g. Basket), be shallow
okubuukabuuka	To stagger
okugwa	To trip up
Okusaasaanya (eddiba, enkumbi)	To shed (skin, bark)
Okuketta	To spy on
, ssenga wange	, my paternal uncle
okutambula, okutambuza, okusaasaanya	To take about, make to travel, spread (report)
Okuba omukoowu, okuba omunafu	To grow weary, be limp
Weeteekerateekera omuti, oteme omuti n'oguteeka mu kibya	Prepare a pipe, cut a pipe stem and fit it into the bowl
Oyo amanyi buli kimu ekikwata ku mayumba, ateekateeka mayumba g'abanywa mayumba n'agateeka mu bisero byabwe	It's one who knows all about pipes who molds pipes for pipe smokers and fits them into their bowls
CaJI awatali nsonga	CaJI without reason
Abawala abamu abalenzi babalimba	Some girls are hoaxed by boys
Okuba omuwulize, omuwulize, omwetegefu	To be dutiful, docile, agree
Okutambuza emmotoka	To steer, keep straight
Okuwa olukusa, okuleka eri ensibuko, okukkiriziganya, okukkiriziganya	To give permission to, leave it to fate, agree, assent
Kireke eri ekisuubizo ng'omuntu akuba ebifaananyi	Leave it to fate like a drawing person
Okuyiga (engeri y'okukikolamu) obulungi	To learn (how to do) properly
Kati asobola okuvuga emmotoka	He/she is now steady in driving a car
Okutegeeza, okutegeeza, okubuulira	To inform, tell, preach
Yabuulira e Namugongo era abakkiriza bonna baasanyuka nnyo	He preached at Namugongo and all the faithful appreciated his sermon
Okwogera mu ngeri ey'obukambwe, okusekerera, okusanyusa	To speak sarcastically to, mock, flatter
Yogera, yogera, yogera amawulire	Converse, narrate, tell news
Amawulire gaategeezebwa abo abaawuliriza emboozi ye	The news was told by those who listened to his/her talk
Okuteeka ekigendererwa, okuteebereza, okubala	To aim at, guess, score
Byengonzi yawangulira ttiimu ye ggoolo bbiri	Byengonzi scored two goals for his team
Okubeera n'ebbugumu (ente, n'ebirala)	To be on heat (cows, etc.)
Ente ze zaali tezirina mpologoma okuzisendasenda ku Tecga Teckura heat	His cattle lacked a bull to entice them on tecga teckura heat
okukwata	To gird
Okuba omuteefu, omuteefu, omuteefu (ng'omukka oguli mu binnya)	To be calm, clear, settle (as muddy liquid)
Okuteeka	To place upright
Okugaba oba okuwaayo omwenge	Give or offer beer
Okuteeka mu bibinja ebitonotono, okugera (emmere, n'ebirala)	To set into small heaps, measure out (food, etc.)
Bateeka tomati mu bibinja by'abaguzi	They put tomatoes in heaps for buyers
Okuba omukkakkamu, omutegeevu, omutegeevu	To become calm, settled, harmonious
Yategekedde mutabani we embaga eyazzeeyo okuva e Bulaaya; yagenze okuyamba Rwakijuma okutegekera mutabani we embaga	He/she bas prepared a feast for his son who has returned from Europe; He/she went to help Rwakijuma prepare a feast for his son
okusala (ekikondo)	To sharpen {knife)
Abantu bakozesa amayinja ag'amazzi okusa ebisooto n'amafumu, ate abalala bakozesa envuumuulo okusa ebyuma	People sharpen knives and spears on wetstones; Some other people sharpen tools with a file
okulowooza, okulowooza, okuteebereza	To think, consider, suppose
Katonda atugaana okulowooza obubi ku baliraanwa baffe awatali nsonga; ebirowoozo eby'emirembe Katonda y'abirowoozaako	God forbids us to think unfoundedly bad acts about our neigbbbors; Thoughts of peace are thought by God
okuggya, okuggya, okuggya	To take off, displace, remove
Okuggya, okuggya; Byasiiriira, yalemwa okufuna omuntu okutwala emmere gye yali afumba okuva ku muliro n'ekyavaamu n'eyokya; emmere bw'efumbirwa embaga abasajja be bayamba abakazi okutwala emmere okuva ku muliro (ku mayinja ag'okufumba); abasajja be bokka abaggya emmere ku muliro (ku mayinja ag'okufumba teera teerateerana)	Displace, remove; Byasiiriira, she failed to get someone to take the food she was cooking off the fire and consequently it gotburned up; When food is cooked for a party it is the men who help women to take food ofT fire (off cooking stones); It was only men who took food off the fire (from the cooking teera teerateerana stones)
Empewo ekunta; omutima gwe gukulukuta	Wind is blowing; His/her heart is throbbing
Okuwangula, okukuba, okuzannyisa	To beat. Strike, play
Seka n'eddoboozi ery'omwanguka; Seka n'eddoboozi ery'omwanguka; Yanguwa nnyo; Yanguwa nnyo; Yimba; Yimba; Yimba; Yimba; Yimba; Yimba; Yimba; Yimba; Yimba; Yimba; Yimba; Yimba; Yimba; Yimba; Yimba; Yimba; Yimba; Yimba; Yimba; Yimba; Yimba; Yimba; Yimba; Yimba; Yimba; Yimba; Yimba; Yimba; Yimba; Yimba; Yimba; Yimba; Yimba; Yimba; Yimba; Yimba; Yimba; Yimba; Yimba; Yimba; Yimba; Yimba; Yimba; Yimba; Yimba; Yimba; Yimba; Yimba; Yimba; Yimba; Yimba; Yimba; Yimba; Yimba; Yimba; Yimba; Yimba; Yimba; Yimba; Yimba; Yimba; Yimba; Yimba; Yimba; Yimba; Yimba; Yimba; Yimba; Yimba; Yimba; Yimba; Yimba; Yimba; Y	Laugh loudly; Burst out laugrung; Run very fast, tum a somersault; Tum the back on; Sigh (when tired); Blow a born; Remould an old pot; Beat the air; Make a bridge; Bellow (bull), shut; Stamp the foot; Make a barkcloth; Make merry; T. Empi, slap, hit with flat of band; Dance; Make a journey; Polish shoes
okubeera awamu, okukkiriziganya, okwetaba, okukola omukago	To be together, be in agreement, have sexual intercourse, make alliance with
- Tebakkiriziganya mu kika kyabwe	-They do not agree with each other in their clan
Okukubagana	To beat one another
Okuleetawo obumu, okuleetawo emirembe	To bring into agreement, unite, make peace
Olw'okuba omusajja n'omukazi bombi baali banafu, kabona yabawasa mu maka gaabwe	Both the man and the woman being weak, the priest married them at their home
okusattulukuka	Collide
Emmotoka zitera okusattulukuka nga ziri ku nguudo; okuvuga ennyo nga ziri ku nguudo kye kiviirako emmotoka okusattulukuka	Motor cars often collid in comers; It is overdriving while in comers that causes motor cars to collide
Lo enjoin, okuteesa	Lo enjoin, stir up urge
Yabagamba obutakkiriza mwana we yenna kutambula ekiro; omusomesa yabagamba obutajja ku ssomero nga tebalina ngatto; yabagamba okusigala nga beesigwa eri okukkiriza kwabwe	He/she enjoined them not to allow any of his/her children to travel at night; The teacher enjoined them not under any circumstance should they come to school without wearing shoes; They have been enjoined to remain faithful to their faith
okugaana, okuziyiza, okuziyiza	To deny, oppose, contradict
Yeegaana mu maaso g'omulamuzi okwenyigira mu buzzi bw'emisango ng'egyo	He/ she denied before the magistrate ever committing such an offence
teera	, of teera
okuvunnamira omuntu; yamukubiriza okuvunnamira ng'ayingira mu kisenge ekitono naye nga tayinza kuyingira nga teyennavunnamira; kye kisenge ekitono ekyamukubiriza okuvunnamira	To kneel before a person; He made him kneel before him/her when entering into a small but which he could not enter without kneeling; It was lhe small hut that made him kneel before him
Okuba omunnyogovu, okuba omulongoofu, okusunsula, okusunsula	To be slippery, be smooth, slide, glide
Ekkubo eririmu ebisooto lirinnyirira	A muddy path is ever slippery
nze	I
Akategera omuka, avudde mu ddwaaliro nga tannaba kuddamu kulwala, awonyezza ddala oluvannyuma lw'okugenda awaka. Tega, ku-, oku -, v.tr; okugwa mu lutalo; ekintu ekibuuka ekikwatiddwa okuva ku ttaka: c. Form, tegesa, k11-, oku-; ensolo ez'amaanyi zikwatiddwa n'omugoba ogukoleddwa mu sisal	Akategera omuka, he/she left hospital before he/she was fully recovered from illness, he/she was fully recovered after he/she had gone home. Tega, ku-, oku -, v.tr; Trip up in wrestling; A flying object is trapped from the ground: c. Form, tegesa, k11-, oku-; Strong animals are trapped with a lasso made of sisal
Okubeera n'eby'okukola bingi, okweraliikirira	To be very busy, be bothered
Okufuna ebizibu, okweraliikirira	To trouble, worry
Okugezaako	To make an attempt
Okukula obulungi	To grow luxuriantly
=/oreg	=/oreg
okutegeka, okutegeka	To arrange, prepare
Okulindirira n'okusuubira	To wait for expectantly
Abalwadde baali balindirira omusawo wabweru w'ekisenge kye eky'okubuuliramu; baali basobeddwa olw'okulindirira omugenyi atajja; omukulembeze w'eggwanga yali alindiddwa abantu be yali asuubizza okukyalira	The patients waited for the doctor from outside his consuJtation room; Theywere disappointed by having been made to wait for a visitor who never turned up; The head of state was awaited for by the people he had promised to visit
Okuteeka mu kifo ekituufu	To put in the proper place
Weetaaga omuweereza akuyambeko okuteeka engoye zo mu kifo kyazo?	Do you need a servant responsible for putting your clothes in their proper place?; Go and help your brother put away the thingsthey have used at meal
Pr.,(p f. -tegurwire)	Pr.,(p f. -tegurwire)
Omunyoro akagubateguniza, omukulembeze yabaleetera okuggyawo ekyambika kye baateekawo	Omunyoro akagubateguniza, the chief made them unset the trap which they bad set
kuba mutuufu, mutuufu, mutuufu, mutuufu, mutuufu, mutuufu, mutuufu, mutuufu, mutuufu, mutuufu, mutuufu, mutuufu, mutuufu, mutuufu, mutuufu, mutuufu, mutuufu, mutuufu, mutuufu, mutuufu, mutuufu, mutuufu, mutuufu, mutuufu, mutuufu, mutuufu, mutuufu, mutuufu, mutuufu, mutuufu, mutuufu, mutuufu, mutuufu, mutuufu, mutuufu, mutuufu, mutuufu, mutuufu, mutuufu, mutuufu, mutuufu, mutuufu, mutuufu, mutuufu, mutuufu, mutuufu, mutuufu, mutuufu, mutuufu, mutuufu, mutuufu, mutuufu, mutuufu, mutuufu, mutuufu, mutuufu, mutuufu, mutuufu, mutuufu, mutuufu, mutuufu, mutuufu, mutuufu, mutuufu, mutuufu, mutuufu, mutuufu, mutuufu	To be level, straight. Teke, e-, n.cl.9,{pl. Nil)
Cl.9	Cl.9
okuteekamu envumbo	To be crooked (weaving of mat)
Ggyayo ekikondo okusooka okutuuka w'atandise okukaluba olwo n'otandika okukinyweza; Bw'otunga ekikondo nga tokakasizza bulungi bibala by'enkindu kigenda kikaluba; Gutemiibwe omukazi ayaba naaguruka, si f eyakola ekikondo kyo okukaluba, wabula omukazi abadde akikutte. Tema, ku -, oku-, v.tr; Luma ekikondo; Ekuzire muno, anoonya omuntu amutemeko emiti gy'abadde agikuze; Omusota gwamukubye ng'ali mu lusuku ng'asima; Abasajja baakozesa enkumbi okugoba emiti; Oyo eyalumizibwa omusota ajja kudduka omusota	Unravel the mat first up to the spot where it started going crooked and then start putting it straight; When you weave a mat without firmly fixing the palm leaves it goes crooked; Gutemiibwe omukazi ayaba naaguruka, it is not f who made your mat crooked, it is the woman who has been weaving it. Tema, ku -, oku-, v.tr; Bite the leg; Ekuzire muno, she is looking for someone to cut down her trees as they have over grown; The snake bit her while in the garden digging; The men used an axe to fell the trees; He/ she that was once bitten by a snake will run away from a lizard
Okutema ebitundu	To tear to pieces
Obusungu bwamuleetera okuyuza amabaluwa ge yali amuwandiikidde; Abaana balinnya emiti gy'ebibala basobole okukung'aamu ebibala	Indignation made him/her to tear the letters which he he/she had written to him/her; Children climb fruit trees so that they may pick fruit from them; The buffaloes made them climb a tree
Okulumiriza abalala mu bukyamu	To accuse falsely
Omulamuzi yakitegeera nti bye yamwogerako byali bya bulimba	The arbitrator realized that what he/she said about him/ her was false
okulinnya	To climb up to
Omusuma yasoboraga kuzitembeerra akaziiba, kyokka, enkumbi ez'oku ntikko zaakuumibwanga, omubbi yali akyalinnya okuzibbako	Omusuma yasoboraga kuzitembeerra akaziiba, however, high grasshoppers would be kept, a thief would still climb up to steal them
Okulimbalimba, okuteebereza, okusemberera n'obuvumu	To dare, presume, approach boldly
Ekikondo ky'ennyumba ekikwatiddwa n'obunyoomi ekyawambibwa mukazi we n'omusajja omulala	It is the bead of the house that is held with contempt that is deprived of his wife by another man
okuyiika mu kibinja. tembekerana, ku-, olru-, v.tr	To pile up in a heap. Tembekerana, ku-, olru-, v.tr
Okuzimba mu kifo ekipya	To build in a new place
okukka, okukka, okuva mu buliri	To come down, descend, get out of bed
Omwana omukulu teyeetaaga muntu kumuteeka mu buliri	A grown up child does not require a person for putting him/her down the bed
okuyimusa, okuyimusa, okuyimusa, okuyimusa, okuyimusa, okuyimusa	To cause to ascend, raise, hoist
Eggye ly'ekibiina oba ery'eggwanga liyimbibwa ku makya ne liyimbibwa akawungeezi	The flag of an organization or of a nation is hoisted in the morning and unhoisted in the evening
2, {f. - temeriire)	2, {pf. - temeriire)
Babimutemereza, abakulu baasanze ettaka lye eririmu omuddo ne bamuwaliriza okuliggyamu omuddo. Form, temererwa, ku-, oku-; Ettaka lye eririmu omuddo lyaakamala emyaka ebiri nga teririmu omuddo. Tengeetera tereza omusisa obu g111eera ensi yoona etengeeta, enkuba bw'eyita, ettaka liwuuma	He/she is looking for a person to free his/her banana plantation of weeds; Babimutemereza, the chiefs found his/her banana plantation overgrown with weeds and they forced him/her to free it of them, pass. Form, temererwa, ku-, oku-; His/her banana plantation has spent two years without being freed of weeds. Tengeetera tereza omusisa obu g111eera ensi yoona etengeeta, when the ea11hquake passes by, the earth qunkes
: okukankana, okukankana.abcm111 tibalyanabakobaabo habw ·ok1111111a kutengeetera, abantu tebalya na balongo baabwe olw'okutya okufuna obulwadde bw'okukankana	: to tremble, be shaky (as fromage).abcm111 tibalyanabakobaabo habw ·ok1111111a kutengeetera, people do not eat with their sons in-law for fear of getting a shaking disease
Okuba omutebenkevu	To steady, balance
okuzitoola	To roll
Waliwo ekikulukuta we wabeera entabwe; Wakame yateranga okukulukuta amayinja n'akuba abo abajjanga okumukwata	Something rolls where there is a slope; Wakame used to roll stones down the slope and hit those who came to arrest him
okukka ku lusozi	To descend hill with
Lekera awo okumpikiriza okwogera ng'olusozi lunkubiriza okugwa mu maaso. Teoteerra, ku-oku, v.i	Stop making me speak as the slope of a hill is forcing me to fall forward. Teoteerra, ku-, oku, v.i
Okubeera omugayaavu, okutuula nga tolina ky'okola	To be indolent, sit doing nothing
Yafuuka omugayaavu kubanga teyalina muntu yenna eyamukubiriza okukola; Okusigala mu buliri ekiseera kyonna kimufuula omugayaavu; Obugwagwa bwamufuula omugayaavu	He/ she became indolent because be/she did not have anyone to encourage him/her to work; Keeping in bed all the time makes one indolent; Laziness made him/her indolent
okukulukuta, okukulukuta	To slip, slide
Terebura, ku-,.oku-, v.tr; Be yali agenda kuzimba mu kibuga naye bazadde be ne bamugaana	He/she slid while descending a hill and fell down and got a fracture. Terebura, ku-,.oku-, v.tr; Be was going to build in town but his parents discouraged him
Kuba mutuufu, mutuufu, mutuufu	To be straight, flat, level
Ennyumba eyazimbibwa ku ttaka eriri mu ttaka eriggwaawo tezigula ssente nnyingi	A house that is built on a leveled ground costs little money
Okulimba, okwogera eby'obulimba	To lie, talk deceitfully
Abantu boogera eby'obulimba olw'obutamanya	People talk deceitfully out of ignorance
okuviirako okugwa	To cause to slip
Okusiga oba okusimba kimu ku kimu	To sow or plant one by one
Bwe yalwala, baliraanwa be baasiga enva endiirwa ze; abakazi banne be baamuyambanga okumusiga enva endiirwa ze; baliraanwa be baasiga enva endiirwa ze	When she was sick, it was the neighbours who planted her beans; It is her fellow women who helped her plant the beans for her; Her beans were planted by the neighbours
Okufuuka tom, rent	To become tom, rent
lr	Lr
Yamulumiriza nti yali ayimye olugoye lwe; olw'obusungu bw'alina, yayimusa amabaluwa gonna omwami we ge yamuwandiikiranga	She accused him for tearing her dress; Indignation made her tear all the correspondences he used to receive from him
ebisiikirize (engora)	Weave (engora)
Abahunzi bolwndiso enkwozi, abantu abasiiga ebikonde ebikoola babikola n'ebikoola ate abo abasiiga ebintu ebikoola babikola n'ebikoola	Abahunzi bolwndiso enkwozi, people who ornament sticks do so with leaves while those who adorn objects do so with beads
Okuteeka omuntu mu mbeera enzibu, okumuwa omulimu ogutasoboka	To put in a difficult position, give an impossible task
Yamuwa akagaali akaliko obulemu ekyamutwalira ssente ezitali za mugaso.	He trickly gave hnn a faulty bicycle which put him into unnecessary expense
Okutandika, okusomesa	To initiate, educate
I., (pf. -teneekaine)	I., ( pf. -teneekaine)
C	C
{f. -tcnekere}	{pf. -tcnekere)
Jjangu osime olusuku lwange ng'okyuusa ebituli; kye kintu eky'ebituli ebinene ekituukirawo okukyuusa ebituli mu kusima	Come and dig my garden by turning over clods; It is a broad bladed hoe that is suitable for turning over clods in digging
Okwetegekera okulwana oba okuzina	To get ready to fight or dance
Okwewaana, okusavuwaza, okutendereza ekisukkiridde (ekiteeberezebwa okuleeta emikisa emibi), obantu abandi obu bakora ekintu kinmgi tibagonza kubatengeerra, abantu abamu tebaagala kutenderezebwa kisukkiridde nga bakoze ekintu ekirungi	To exclaim, exaggerate, overpraise (supposed to bring bad luck), obantu abandi obu bakora ekintu kinmgi tibagonza kubatengeerra, some people do not want to be over praised when do something good
okukankana	To shake, tilt
okukankana, okukankana, okukankana	To shake, quake, fidget, roll (boat)
Ejjinja lye ery'okufumita lyalongoosebwa ku mbaga (olw'okufumita ebintu ebikyamu ku linnya eryo)	Her grinding stone was made slippery at the wedding (by grinding wrong stuff on it)
Okubeera omwavu (ettaka)	To be poor (soil)
Bwe yakitegeera nti omusango gwali gujja kumwesittaza, yasalawo okuguleka.	When he realized·that the case would end up against him/her, he/ she decided to slip away from it
Okusekerera, okwogera obubi ku (oyo abaako ky'akolawo)	To mock, speak disparagingly of (a benefactor)
bye bye	Rr
Okugaba (amata, ebibala by'enva endiirwa)	To give (milk, coffee berries)
okubikkula, okubikkula, okubikkula, okubikkula, okubikkula, okubikkula, okubikkula, okubikkula, okubikkula, okubikkula, okubikkula, okubikkula, okubikkula, okubikkula, okubikkula, okubikkula, okubikkula, okubikkula, okubikkula, okubikkula, okubikkula	To pet, make much of
Okusobola obuteeraliikirira, sooka oyogere (ng'omwana omuto)	To be carefree, begin to talk (as a little child)
Bate/era hakigambo "taata". Abaana bangi bwe batandika okwogera batandika n'eddoboozi "taata" (taata)	Bate/era hakigambo "taata". Many of the children when they are beginning to talk will begin with sound "taata" (father), but see below
Okubuusabuusa, okubuusabuusa, okubuusabuusa	To be undecided, waver, hesitate
Omuntu bw'aba anaatera okukola ekintu n'omutima gwe gutya, aleka ekirowoozo	When a person is about to do something and his/her heart hesitates, he/she gives upthe idea
Okugabira (ekikozesebwa ku mwana omuto)	To give to (used of a young child)
Abakazi basima bwe batyo (balaga ekikolebwa); Ente zisala bwe zityo (zikola amaloboozi), ndo/10 mi, Iam bwe zityo; Ihave said thus (quot what you have said) agamb1re ati, he has said so (quot his words). Ti- negative prefix at the beginning of a verb stem starting with a consonant and the vowel i. Tibaijuka, they don't remember; Embuzi yafuuka enzibe bwe yajja okusomoka omugga; Kyali kutya amazzi g'omugga agagifuula enzibe	Women dig like this (show action); Cows mow like this (make the sound), ndo/10 mi, Iam like this; Ihave said thus (quote what you have said) agamb1re ati, he has said thus (quote his words). Ti- negative prefix at the beginning of a verb stem beginning with a consonant and the vowel i. Tibaijuka, they do not remember; The goat became stubborn when it came to crossing the river; It was fear of the river waters that made it stubborn
Okukuŋŋaanya n'okutwala enku ez'okutandika okuzimba	Gather and carry wood for beginning to bujld
Muganda we ow'omusaayi ye yamuyamba okukuŋŋaanya n'okutwala enku okutandika okuzimba ennyumba ye	It is his blood brother who helped him gather and carry wood for beginning to build his house
Okuwanirira (ekintu ekigwa) n'emiggo	To support (a falling thing) with poles
Ye tigita timbura yamuyita okuwanirira ennyumba ye n'emiggo (yali anaatera okugwa)	He tigita timbura called him to support his house with poles (it was almost falling)
okukaaba	To tickle
okusaasaanya ebintu, okusaasaanya ebintu	To cram, stuff, over load
eky'okulya ekyamuluma ng'ali awaka	The food that made him/her sick, she stuffed to him/her while at her home
Okwagala ennyo, okwegomba	To dote on, be infatuated with
Omuntu bw'agula olugoye oluggya aba alumwa	When a person buys a new cloth he/she gets infatuated with it
Okukoowa	To grow tired of
okusaawa	Chop small, mince
Ennyama y'omuntu atalina magumba egenda kutemebwa; waliwo ebyuma ebikozesebwa okutema ennyama.	The meat for thetoothless person would be minced; There are machines which are. Used to mince meat
okutya, okussaamu ekitiibwa	To fear, hold in reverence
Okuleka	To leave in the lurch
Omusajja yaleka munne eyamusanga ng'awangula bwe yakwatibwa ensolo mu nsiko	A man left his hunting mate in the lurch when he was caught by the buffalo in the jungle
okusaasaanya, twitter	To cheep, twitter
Enkoko ekwata ebiwaawaatiro bya nnyina; engoye zaayo nzeru nnyo; omuzira gwaka nnyo	A chick twitters in it's mothers wings; His/ her clothes are copiously white; Snow is absolutely cold
{f. -tiirize}	{pf. -tiirize)
okusima n'omuggo, okusikiriza n'ebimuli n'engoye ez'emibala	Scoop, to dig with stick, decorate with flowers and coloured cloth
Abantu bakung'aanya amatoffaali n'omuggo, ate agakuze ne bagakolamu enkumbi	People scoop up young potatoes with a stick and the fully grown up with a hoe
okuwangula entimbo	To beat entimbo
Okuba n'amabala (olugoye) olw'obutaba bulungi	To be discoloured (cloth) due to poor tiritn """"t
Burofu zitinda, engoye ezitalina tintimya, ku-, oku-, v.c;	Waddle. Burofu zitinda, clothes which have not tintimya, ku-, oku-, v.c; Had become stale
nn	Rr
Bw'oba olina ekisingawo ku ekyo, yogera ebyama byo byonna.	Utter all secrets when gambolling more than that. Quarrelling
Abaana be bwebatwala (mats), bwebatwala (bedstead), bwebatwala (bed), bwebatwala (beds), bwebatwala (beds), bwebatwala (beds), bwebatwala (beds), bwebatwala (beds), bwebatwala (beds), bwebatwala (beds), bwebatwala (beds), bwebatwala (beds), bwebatwala (beds), bwebatwala (beds), bwebatwala (beds), bwebatwala (beds), bwebatwala (beds), bwebatwala (beds), bwebatwala (beds), bwebatwala (beds), bwebatwala (beds), bwebatwala (beds), bwebatwala (beds), bwebatwala (beds), bwebatwala (beds), bwebatwala (beds), bwebatwala (beds), bwebatwala (beds), bwebatwala (beds), bwebatwala (beds), bwebatwala (beds), bwebatwala (beds), bwebatwala (beds), bwebatwala (beds), bwebatwala (beds), bwebatwala (beds),	Ifhis/her children take up(mats), take down (bedstead), to bad a large compound they would be mess up things; When a person kakuba ebyokulya obicumbisa omuurro loses something in his/her bed, he/she ogutarukumara, nibitirima. If you cook removes each and every item on it so food under insuffient fire, it becomes as to find it
Okubuukabuuka, okuzannyirira, okuzannyirira	To skip about, frolic gambol, caper
ennyumba	House
Okuba omuzito n'omuddugavu wakati	To be hard and black in center (plantains)
Enkuba y'omuzira bw'etuuka ku bibala ebipya ebiba bivudde mu ttaka, ebibala ebyo bifuuka bikalu n'ebirabika ng'ebirabika ng'ebirabika.	When hailstone hits newly produced plantains it makes them hard and black at their center
Okukankana olw'obunnyogovu, okukankana	To shake with cold, shiver
Alina okutya okugenda mu kibira ku makya ennyo kubanga ajja kukankana olw'obunnyogovu; Abantu batera okubbira nga bayita mu bibira	He/she fears to go to the forest very early in the morning as he/she will shiver with coldness; People often sink when going through mires (swampy grounds)with deep holes
Okuteeka omute (oburo) mu mazzi agannyogoga	To put millet Hour into boiling water when starting to stir (cook) millet (oburo)
Bwe yakizuula nti yali amaze okuteeka omuddo mu mazzi agafukumuka, yamukkiriza okweyongera okufumba	When she· found that she had already put millet in the boiling water, she let her continue with the cooking
, okwogera mu ngeri etali ya magezi, okwogera mu butanwa	, speak irrationally, talk randomly
okukwata	To claw
Okunyoolanyoola abantu ku ssomero kukendedde	Teasing has been reduced in schools
Okutambulatambula obwereere	To walk about naked
Okwogera mu ngeri ey'obukkakkamu	To speak incoberently
Omuntu bw'ayogera mu ngeri etali ntuufu oba ey'obutakkaanya aba takwatagana	A person is incoherent if he/she speaks illogically and inconsistently
okusaanyaawo, okusaanyaawo	To crush, squash
Okufuuyira (mu kufumba)	To bubble (when boiling)
Emmere bw'eba etandise okubuuka kitegeeza nti enaatera okuteekebwako	When food that is being cooked begins to bubble it means that it is nearly getting ready
Okuba omunafu era omunafu, okulabika ng'omunakuwavu	To grow thin and weak, look mournful
Okubeera n'ebbugumu (embwa ez'ekikazi)	To be on heat (female dogs)
okutuusa	Till
Okukaaba, okukaaba	To shout, benoisy
Yatandika okukaaba mu kkooti n'omulamuzi n'amukangavvula; bw'oyimusa eddoboozi lya leediyo ennyo kiyingirira abantu nga boogera	He/sbe became noisy in court and the magistrate reprimanded him/her; When you put the radio volume very high it interferes with people's conversation
Pr. 2,, abagizansoni obu baba nibalya abantu tibabatokeerra, abantu abalala tebasaanidde kuwuubaala nga bakoddomi balya.	Pr. 2,, abagizansoni obu baba nibalya abantu tibabatokeerra, no noise should be made by other people when in-laws are eating. Toko, e-, n. Cl., loud talking, shouting, clamour
okufulumya amaloboozi ag'omwanguka, ag'okukaayana, ag'okukaaba, ag'okukaaba	To make any loud, indistinct noise, brawl, shout, screech
Omwenge gw'omucungwa guleetera abo abagunywa okwogera mu ddoboozi ery'omwanguka	Banana wine makes people who are drinking it speak loudly and indistinctly
Ebintu by'abantu bitera okwokebwa oba okugwa mu nnyanja.	People's property is often p fire or in the sea
of tokoma (r tokomiire)	Of tokoma ( r tokomiire)
(p:. -tokomiizci: okuyita kwa c.form, tokomevbwa, ku-,ok,,.	(p:. -tokomiizci: pass of c.form, tokomevbwa, ku-,ok,,.
Okuleeta akasaku akayinza okutaataaganya omuntu, okubula okuva mu maaso	To make noise that will disturb one, disappear from sight
& v.tr	& v.tr
Omuntu ow'embabazi yamutokoora, yafuna ekirungo mu liiso n'omuntu omulungi n'akiggyaamu	Omuntu ow 'embabazi yamutokoora, he got a foreign body into his eye and some kind person took it out from it
Okutandika	To begin
eryato ne libwatuka era abantu bonna abaali ku lyato ne bafa mu nnyanja; Oyo eyayokya ennyumba ye yali ayagala eby'obugagga bye bizikirizibwe; Okulya obuwunga bw'obutta abalala nabo balye	A boat capsized and all the people aboard it perished in the sea; He/she that burnt bis/ her house was the one who wanted to have his property destroyed; Eating of millet meal so that others can also eat
Okuwuuma (omuddo omunene ogw'obwakabaka)	To sound (large Royal drum)
Okugoba, okukuba mu butanwa	To charge into, knock against accidentally
Yakuba ku kisenge mu kizikiza ng'agenda okwebaka; yavuga emmotoka ye ng'atamidde n'agikuba ku mabbali g'oluguudo	He/she knocked against a wall in the dark when he/she was going to bed; He drove his car while he was drunk and he made it knock against a road bank
Okulabibwa	To be spotted
Okuteeka akabonero, okubala	To depict by marks, paint
Abantu abamu boogera ku mayumba nga bakozesa ebitoogo; bw'oba tolina langi ekolebwa osobola okukozesa ebbumba eryeru (ebitoogo)	Somepeople depict houses with chalk; If you do not have manufactured paint you can use locally mined white clay (chalk)
Okuzuula, okuteekawo obutuufu bwa,okumanya	To identify, establish identity of,recognize
Okutegeka olusenge ng'otandise okuzimba ennyumba y'abantu b'omu kitundu; Okuteekateeka obutwa bw'omusota okusobola okubufulumya; Okuteekateeka obw'omwana okukula n'okulowooza ng'omuntu omukulu; Okuyita abantu b'ekika okujja n'okumutegeeza omwana	Prepare the roof when beginning to build a round native hut; Of snake, get poison ready so that it can have it discharged; Of a child, grow up and reason as a grown up person; He invited clansmen to come and identify the child for him
Okubannyonnyola, okubategeeza bonna	To explain, tell all
Abantu abamu tebeetaaga kutegeezebwa bikolwa bibi eby'ab'eŋŋanda zaabwe	Some people do not need to have the bad deeds of their relatives told to them
T1:	T1:
Baakuŋŋaanya omuddo gwonna ogwali tegukunguddwa mu nnimiro; yagaana okunnyonnyola ekyabaviirako okweyawula; yalagira abaana be bagende bakuŋŋaanye omuddo ogwasigaddeyo mu nnimiro eri jjajjaabwe	They have picked all the millet that was left unreaped in the garden; He/she refused to explain fully the cause of their estrangement; He/she ordered his/her children to go and reap the remaining millet that the reapers left in the garden for their grandmother
Ebihimba obu byoma muno bitondooka	Split open (beans, peas), ebihimba obu byoma muno bitondooka, when beans get to dry they split
Okuggyamu ebiwaawaatiro, okuggya ebiwaawaatiro, okuggya ebiwaawaatiro, okuggya ebiwaawaatiro, okuggya ebiwaawaatiro, okuggya ebiwaawaatiro, okuggya ebiwaawaatiro, okuggya ebiwaawaatiro, okuggya ebiwaawaatiro, okuggya ebiwaawaatiro, okuggya ebiwaawaatiro, okuggya ebiwaawaatiro, okuggya ebiwaawaatiro, okuggya ebiwaawaatiro, okuggya ebiwaawaatiro, okuggya ebiwaawaatiro, okuggya ebiwaatiro, okuggya ebiwaatiro, okuggya ebiwaatiro	To shell, peel, remove husks, split open, unpod
Yabasabye okumuggyako ebirime.	He/she asked them to unpod the beans for her
Okuyawula ku, okulonda, okwawula wakati	To separate from, select, distinguish between
Yamala omwaka gwonna ng'amunoonya asasule ebbanja lye	He/she spent the whole year dunning him for payment of his/her debt
Okutwalibwa mu kkooti, okutwalibwa mu kkooti	To go to law, lead against
Yamala omwaka gwonna ng'avunaana omusango gw'ensolo ze okulya ebirime bya muliraanwa we; Yamuvunaana omusango gw'ensolo ze okulya ebirime bye; Leero abawolereza be bavunaana omusango oguvunaanibwa omuntu	He/she spent the whole year pleading against a charge that his animals ate the crops of a neighbour; He/she made him/ her plead against charges that his/her animals ate bis/her crops; These days it is the advocates that plead against charges put against someone
Okwegayirira ku lw'omulala	To plead for another
Yali asobodde okuwangula omusango kubanga yalina omuntu eyamuwolereza; Yamuwolereza mu kkooti enkulu; Abakuumi basatu baamuwolereza. Tongatongya, oku-, oku-, v.i; Twakubirizibwa obutayogera bigambo bingi nga tusaba. Tongeerra ku-, oku-, v.tr. & v.i; Oluyimba lwabwe lwali lulungi naye nga terulina muyimbi; omukiikaro ky 'okuzina aband abantu; Mu kifo ky'okuyimba abantu abalala boogera ebigambo ku kintu; Abayimbi abatalina muyimbi bajja kukolera omu okubayamba mu kuyimba; Oluyimba olutaliimu muyimbi terwoleka kigendererwa kyakyo	He/she was able to win the case because he/she had someone pleading for him/her; He/she pleaded for him/her in I.he High court; Three advocates pleaded for him/her. Tongatongya, oku-, oku-, v.i; We were advised not to utter many words when praying. Tongeerra ku-, oku-, v.tr. & v.i; Their song was nice but it lacked a soloist· omukiikaro ky 'okuzina abantu aband; Instead of singing some other people only recite words about something; Singers who do not have a soloist will hire one to come and lead them in the singing; A song without a soloistdoes not reflect its aimclearly
Okulonda, okulonda ekisingayo obulungi oba ekikadde	To pick, select the best or ripest
Yakizuula nti ebinyeebwa bye byonna byali bikunguddwa; Byakunaga yalwana ne Byenkya olw'okuzina ne mukyala we; abo abaali bakungudde ebinyeebwa bye ebisinga okukunguddwa baakolanga bwe kityo ng'enkuba etonnya olunaku lwonna	She found that all her ripe beans had been picked; Byakunaga fought Byenkya for dancing with his wife; Those who picked her ripest beans did so when it rained throughout the day
Okuleetera ekiwundu obulumi olw'okukikwatako n'ekintu eky'amaanyi mu butanwa	To arouse pain in the sore as a result of bringing it into contact with a hard object accidentally
Bw'atambula afuna obulumi mu biwundu; afuna obulumi mu biwundu ng'agenda mu ddwaaliro	When he/she walks he/she arouses pain in his/her sore; He/she aroused pain in his/ her sore as he/she went to hospital
Baali bazannya nga muganda we mu butanwa aleese obulumi mu biwundu bye era n'akaaba; ye aleese obulumi mu biwundu bye nga bazannya; ye muganda we aleese obulumi mu biwundu bye nga bazannya	They were playing when accidentally his/her brother caused pain in his/her sore and consequently she cried; He/she caused pain in his/her sore while they played; It is his/her brother/sister that caused pain in his/her sore while they played
Okuba omunafu era omunafu, ng'otunuulira mu nnaku	To grow thin and feeble, look mournfully
Omwana ono yakula n'afuuka munafu olw'obutaba na mmere nnungi; okumukuba omwana oyo enfunda n'enfunda kijja kumuleetera okuba munafu n'afuuka munafu	This child grew thin and feeble due to lack of proper feeding; Beating that child frequently will make him thin and feeble
okugwa wansi, okukka wansi	Dive down, descend
okwemulugunya, okusunguwala, okwemulugunya	To murmur, be angry, growl
Nawulira abantu nga beemulugunya wabweru; Njagala okumanya ekyabaleetera munnur	I heard people murmuring outside; Iwanted to know what made them to munnur
okwemulugunya, okwemulugunya	To gmmble, murmur
Abakozi babadde beemulugunya ku ssaawa ze bamala ku mirimu	The labourers have been grumblingabout the hours they are spending at work
Okugaba ekirabo eri (omuntu omwagalwa)	To give present to (loved one)
Omwami we yamuwa essaawa y'omukono ku lunaku lw'amazaalibwa ge; mu biseera ebyayita, waaliwo ebintu bitono nnyo abantu bye baawanga abaagalwa baabwe ng'ebirabo	Her husband gave her a wrist watch on the anniversary of her birthday; In the past, there were very few things that used to be given out by people as presents to their lovers
Okukuŋŋaanya n'okuteeka awamu ebintu ebyonoonese, okuddaabiriza engoye enkadde	To collect and put together worn-out things, patch old clothes
okutonnya, okutonnya	To drizzle, drip
Gaamutoonyera, atuula mu kifo awali amazzi agava ku kisenge ky'omuddo nga gatonnya era nga gatonnya ku ye	Gaamutoonyera, he/she sat in a place where water from the grass thatch roof was dripping and it dripped on him/ her; A caJabash which bas a hole in it makes the water in it drip; The water could be dripping from a hole that was left unblocked
Toonyereza toorra	To drizzle. Toonyereza toorra
Okwambala obulungi, okubeera ow'ekitiibwa	To dress up, be grand
Yali ayambadde bulungi ku mbaga y'omugenzi we Birikumwoha	He/she dressedup grandly at the wedding of his friend Birikumwoha
Okuteeka akabonero	To dot, mark or tick off
Bw'obeera wansi w'ekitooke ekikutte amazzi gajja kukutonnyaako; ensonga lwaki abakozi bateekebwako akabonero buli lunaku kwe kumanya omuwendo gw'ennaku ze baakola n'ezo ze bataakola; abaana abamu abagenda mu misomo gy'eddiini bateekebwako akabonero buli lwa Ssande	If you sit under a hanging wet cloth water from it will drip on you; The reason why labourers are marked off daily is to know the number of days they worked and those they did not; Some children who attend religious classes are marked on every Sunday
Okuleka (enkuba), okukalira	To leave off (rain), get dry
Eyatwala ekiddukiro okuva ku nkuba n'atwala ekiddukiro ky'enkuba, tajja kulinda okutuusa ng'enkuba evuddewo.	One who hastaken shelter from rain and bas a longjoumey to cover will not wait till it ceases
Okuggibwa mu buli kasasiro	To be empted of every drip
Waliwo engoye ezitwala akaseera katono okulekera awo okutonnya amazzi nga zinywevu ate n'ezo ezitwala ekiseera ekiwanvu; olugoye olunywevu lujja kulekera awo okutonnya amazzi ku mugongo	There are clothes which take a short time to stop dripping of water when wet and those which take a long time; A wet cloth will stop dripping of water on a line where it's bung
Okuba omutegeevu	To be sharp
Ekinnya kye kirimu ensolo enkambwe eyagwa mu kkubo lya c.form, toozebwa, ku-, oku- (pi -tooziibwe);	His pit has a buffalo fallen in it· pass of c.form, toozebwa, ku-, oku- (pi -tooziibwe); This big knife is sharpened by a file
Okwambala obulungi	To dress grandly
Ssande era ejja kuleetera abantu bangi okwambala mu ngeri ey'ekitiibwa; Ssekukkulu ejja kuleetera abantu okwambala mu ngeri ey'ekitiibwa okusinga olunaku olulala lwonna	Sunday will also make many people dress grandly; Christmas will make people dress more grandly than they do on any other day
okutwala (ekintu ekiweebwayo), okulonda, okulonda	To take (something offered), choose, select
Ggwe wafuna ente ate nze wafuna bbandi efu (egamba mu muzannyo gw'okuteebereza) "okatoora eha"	You have received a cow while l have received an empty band (said in a guessing game) "okatoora eha"
Okusaanuuka obulungi	To be well mixed
eri omuddo	To weed (bean, millet)
Okuba omwenzi, okwenyigira mu bikolwa eby'obugwenyufu	To be lewd, lascivious
okuleeta okuba n'ebbugumu	To cause to be sharp
Okuggyamu olubuto, okuggyamu olubuto (ebisolo)	To abort, have a miscarriage (esp.animals)
Egitoroogya, buU bw'aweereza ente ebadde n'embuto, eggyamu olubuto; ente ze ziggyamu olubuto olw'obutaba na musaayi I olw'obutaba na musaayi	Egitoroogya, when a buU serves a pregnant cow, it miscarriages; His cows get miscarriage due to salt deficiency I due to lack ofsalt
Okwonoona, okwegatta n'omuwala atannaba kukula, okuva mu nte okuweereza omwana gw'ente ogutannaba kwegatta	To defile, make sex with an immature girl, of a bull serve a calf which is not yet ready for mating
Omuwala bw'afuna olubuto, bazadde be beeraliikirira.	When an immature girl getspregnan t, her parents get worried about her delivery. Toroogo, e-, n. Cl.9
adv.,yemeerra t.,yimirira butereevu. tota, ku-, oku-, v.i	Adv.,yemeerra t.,stand erect. Tota, ku-, oku-, v.i
okuga	To tuga
pass of c.fonn, tosatosebwa, ku-, oku-	Pass of c.fonn, tosatosebwa, ku-, oku-
Okuvunda, okuvunda, okuvunda, okuvunda	To deteriorate, degenerate, slacken, lose strength
Oburo bwatoteerra, yateeka obuwunga mu mazzi agasukkiridde n'ekivuddemu obuwunga obutonotono	Oburo bwatoteerra, she put millet flour in excessive water and as a result it made a very soft dough
Yalina obuwunga bw'enkuyege obutali bumu bw'alina okusaasaanya ku buwunga bwe yali afumba asobole okuzzaawo obuwunga obwali bufuuse obutonotono	She lacked additional millet flour to sprinkle onto the millet she was cooking so as to recover the dough that was getting too soft
Okukaluba ng'ogattako obuwunga obusingawo (obw'obutta bw'obutta bw'obutta bw'obutta bw'obutta bw'obutta bw'obutta bw'obutta bw'obutta bw'obutta bw'obutta bw'obutta bw'obutta bw'obutta bw'obutta bw'obutta bw'obutta bw'obutta bw'obutta bw'obutta bw'obutta bw'obutta bw'obutta bw'obutta bw'obutta bw'obutta bw'obutta bw'obutta bw'obutta bw'obutta bw'obutta bw'obutta bw'obutta bw'obutta bw'obutta bw'obutta bw'obutta bw'obutta bw'obutta bw'obutta bw'obutta bw'obutta bw'obutta bw'obutta bw'obutta	To become stiff when more flour is added (of millet when being cooked)
batta abaana b'empologoma. -tu-, t • person pl. subj and obj. prefix, we, us. nitusoma, we are reading. batugondeze, they have loved us. tu-, o-, cl., prefix for nouns in cl 13	They have killed the youngs of a rat. -tu-, t • person pl. Subj and obj. Prefix, we, us. Nitusoma, we are reading. Batugondeze, they have loved us. Tu-, o-, cl., prefix for nouns in cl. 13
Okutema n'ebitambi	To knead with the bands
Omubisi gw'enva endiirwa guteekebwa wamu n'emmere y'omucungwa okusobola okufunamu obuwunga obukozesebwa mu kufumba emigaati	Sweet banana is kneaded together with cassava flour in order toget the dough omofwhich pancakes are made
Okuwaliriza omuntu okusasula ebbanja	To forcibly demand payment of debt
Omuguzi ng'ayagala okusasula omubbi ng'ali mu bulimba	A creditor forcibly demands payment from a debtor lie/she looks down upon
Okwebaka, okuyimirira okumala ekiseera ekiwanvu nga tolina ky'okola	To liung around, stand for a long time doing nothing
Obu baabaga baikaliire nibabaza, abaana baalagirwa obutabeera mu bifo bannamukadde we batuula ne banyumya; yabeeranga mu maaso g'abagenyi era n'abonerezebwa.	Obu baabaga baikaliire nibabaza, children were warned not to hung around where old people are seated and conversing; He/ she hung around before visitors and was consequentlypunished. Tuguoduka,ku -, oku-, v.i.,, toprotrude
okufumita	To be squashed
Ensaani ezaali zifunye zaabadde mu nsawo mwe zaali zitimbiddwa.	The ripe banana he/she had brought them were squashed in the sack in which they were packed
H:	H:
Tewali n'omu ayagala kugoba kintu mu ngalo	No one likes squashing something in his/her hands
okulinnyirira, okulinnyirira	To tread on, squash
bwe yagwa ng'adduka era banne ne bamukuba amayinja	H el she fell down while running and his/ her playmates trode oo her
Okuvumisa, okugoba	To defame, run down
Abantu badduka nga batulugunya embwa eyo nga bagamba nti yazaala embwa mukaaga n'eriira emu	People defamatorily ran down the bitch to say that it gave birth to six puppies and ate up one
okubuzaabuza, okubuzaabuza	To pester, importune
aliko ekimyufu ekisukkiridde	He/she is extremely red
okukankana, okukankana	To tremble, shiver
Yakankana ng'alaba abaserikale mu maka gaffe; Ky'emmundu ekireetera omuntu okukankana; Okukankana okumala ennaku bbiri	He/ she trembled on seeing soliders at bis/her home; It is a gun that makes one tremble; Be/she shivered for two days
okuba omumyufu	To be red
T1:	T1:
Bamuboha bam111ulingika, yali alwana era bwe kityo ne bamusiba n'omuggo	Bamuboha bam111ulingika, he/she was fighting and consequentely they tied him/her firmly; They tied him/ her firmly with a rope made of sisal
okusindika, okusindika	To send, send for
Mukama w'ettaka yatuma mutabani we eri abapangisa b'ennyumba okupangisa; omusuubuzi n'alagira obugaali kkumi; enva endiirwa bwe ziteekebwa mu mazzi zibuuka;	The land lord sent his son to bis/her tenants for the house rental; The trader ordered for ten bicycles; Beans when put in water will swell; Exaggerate matters
Okusiiga mu (ng'eky'okulya mu mukka) = cumya	To dip into (e.g. Food into salt} = cumya
Bwe waabangawo obwetaavu bw'emmere ey'ebika eby'enjawulo, baateekanga enva endiirwa mu mukka n'omucungwa	When relish was in scarce(sauce), one would dip plantain into salt with ground pepper
Ensonga ey'okweyongera	Cause to rise
Okukula n'ofuuka omuntu omukulu	To swell into a lump, grow into a mature person
Yali ayagala okumanya obanga mu bamulekwa ba muganda we waaliyo omwana yenna eyali akuze mu by'omwoyo	Be/she wanted to know, whether among his/her brother's orphans there was any child who was rather mature
Okugulumiza, okwogera obulungi ku	To exalt, speak well of
Abatuuze b'omu kyalo kino bakola butaweera okuleetawo enkulaakulana	Hard working of the inhabitants brings progress in their village
Okuba omuwanvu ennyo, okweyongerayongera mu buwanvu	To be very tall, rise to a great height
Ebibala by'eŋŋaano ebirabika ng'ebitono kati bibala bibala bingi	The millet crop that appeared stunted is now flourishing
Yeeyongedde okumutumya olw'obutaba na mwana mulala	He/she kept on sending him/her due to lack of another child to send
Okuyita okuva ewala	To send for from a distance
Okutunuulira, tuna tungalllira eyimirira nga tekyukakyuka	To gaze, tuna tungalllira stand motionless
Okwoleka (ng'ekyokulabirako, amagumba okuyita mu nnyama)	To show through (e.g. Bones through flesh), protrude
amagumba ge gaali gagenze mu maaso olw'obwavu.	His/her bones protruded due to poverty. C. Form, tunamya, ku-, oku-
okutunda	To sell
Mutabani we ye yatunda embuzi mu linnya lye; olw'omusolo ogwagenda gukendeera yalinanga okutunda embuzi ye	It was his/her son who sold the goat on his/her behalf; It was due to graduated tax that he had to sell his goat
okubuuka mu mazzi	To swell in water
Omuntu omugayaavu bw'atuula wakati w'abantu nga talina ky'akolawo	A person is sluggish when he/shesits among people without making anycontribution
Okusaanuuka mu mazzi	To soften in water, soak
okulabika obulungi	To protrude, stick out
okufuluma, okufuluma, okufuluma, okufuluma, okufuluma, okufuluma, okufuluma, okufuluma, okufuluma, okufuluma, okufuluma, okufuluma, okufuluma, okufuluma, okufuluma, okufuluma, okufuluma, okufuluma, okufuluma, okufuluma, okufuluma, okufuluma, okufuluma, okufuluma, okufuluma, okufuluma, okufuluma, okufuluma, okufuluma, okufuluma, okufuluma, okufuluma, okufuluma, okufuluma, okufuluma, okufuluma, okufuluma, okufuluma, okufuluma, okufuluma, okufuluma, okufuluma	To cause to protrude, squeeze out· pass. Form, tundurwa, ku-, oku-
bye bye	Rr
Abantu aba bulijjo baafunanga abaddu mu kiseera ky'olutalo; mukama we yamufuula omugagga; yamusaba okumusiiga envumbo ze; abadde ayamba mwannyina okumusiiga envumbo ze	Ordinary people would acquire slaves during the war; His master made him rich; She asked her to thread her beads; She has been helping her sister to thread her beads
Okuba omutono ennyo	To be very steep
ayimusa omutwe gw'ettabaaza ku kitanda n'omusaayi.	He/she raised the head of the mattress on the bed with a pillow. Tungama,ku-, oku -, v.tr
Okutuuka ku (muntu)	To get on top of (a person)
Yamusanga ku bis top ng'amukuba n'olw'ensonga eyo n'amukuba n'omuggo; bw'oba oyagala okutaasa obulamu bw'ente eyalumbibwa empologoma olina okukikola nga tennavunnamira kumuluma	He found him on bis top chocking him and for that reason he beat him with a stick; If you are to save the life of a cow that has been attacked by a lion one has to do so before it bows down to bite it
Okukuŋŋaanya, okuziba, okuyimirira, okuyimirira (amazzi)	To collect, clog, stand, stagnant (water)
Si kirungi amazzi okuziba okumpi n'ennyumba; ekifo ekitalina kasolya kijja kuleetera amazzi okukuŋŋaanira omwo	It is not good for water to clog near a home; A compound without a slope will cause water to collect in it
Okuteeka ku ntikko ya	To put on the top of
Abaali batwala amazzi mu biseera eby'edda baateranga okutwala ebibya by'amazzi ne babiteekamu ekintu ekirala	Water carriers long ago used to carry water-jars and then put something else on their tops
{f. -tungiire}	{pf. -tungiire)
Buli byaijakuhya, bw'olaba emmere ng'ekuba omubisi kitegeeza nti eneetera okuteekebwako; mukwano gwe gwe yamufunira omulimu	Buli byaijakuhya, when you see food that is cooking steaming that means it is about to be ready; It is his friend that got her ajob
P ass., =fo reg	P ass., =fo reg
Okukula	To grow tall
Okuba n'akawoowo akamyufu	To taste sour
Okusiba ekitundu eky'olugoye eky'olugoye n'obwegendereza	To fasten pointed narrow part of hoe firmly to handle
Abasajja baateekanga enkumbi ku mikono gy'abakazi baabwe	Men fastened hoes firmly to handles for their wives
okujja, okufuluma, okufuluma, okufuluma, okufuluma, okufuluma, okufuluma, okufuluma, okufuluma, okufuluma, okufuluma, okufuluma, okufuluma, okufuluma, okufuluma, okufuluma, okufuluma, okufuluma, okufuluma, okufuluma, okufuluma, okufuluma, okufuluma, okufuluma, okufuluma, okufuluma, okufuluma, okufuluma, okufuluma, okufuluma, okufuluma, okufuluma, okufuluma, okufuluma, okufuluma, okufuluma, okufuluma, okufuluma, okufuluma, okufuluma, okufuluma, okufuluma, okufuluma, okufuluma, okufuluma, okufuluma, okufuluma, okufuluma	To come, unstring or unthreaded, come off a rope or stick
Okutandika okuzimba (ebirime by'omuddo, n'ebirala)	To begin to form (grains of millet, etc.)
Ebitundutundu bya mmet bitandise okwekula, abaana balina okutandika okulabirira ebinyonyi.	Grains of mmet have began to form, children should start keeping watch of tbe birds. Tu nguurra, ku-, oku-, v.pr; She invitedberto unstringberbeads
okukankana, okukankana	To shake, wobble
Fom1, tunguutaniza, ku-, oku-	Fom1, tunguutaniza, ku-, oku-
Bw'obikka ku muntu akankana n'ebisenge ebingi, ajja kukulukuta	When you cover up a shiveringperson with many beddings he/ sbe will perspire
okusavuwaza, okusavuwaza	To stretch, extend fully
Okugaziya ekifuba ky'omuzadde kitwalibwa ng'obunyoomi	Broadening of the chest to a parent is regarded contemptuous
Okukula amangu	To grow very fast
Etunrumukire eri haiguru, yeewuunya okulaba nti mu mwaka gumu emiti gye yasimba yali emaze okukula	Etunrumukire eri haiguru, he/she was surprised to find that within one year the trees he/she had planted had already matured
Okubeera n'ebizibu, okweraliikirira, okweraliikirira	To be troubled, anxious, worried
Mukama yatuziyiza okukoowa ebintu eby'oku nsi	The Lord stopped us from being weary of earthly things
okutunuulira, okutunuulira	To gaze at, behold
Bannyonnyola bazadde baabwe ensonga lwaki baatunuulira ennyonyi eyo ey'enjawulo	They explained to their parents the reason why they gazed at the special bird
Okutandika okukola	To set out to work
Ensonga lwaki abakozi bagenda ku mirimu ku makya nnyo kwe kukakasa nti enjuba bw'egenda okulabika bajja kuba bagenze olugendo oluwanvu	The reason why workers set out very early to work is to see to it that by the time the sun gets high in the sky they would have gone a Iongway
Okwegatta (n'omukazi) omulundi ogusooka	To hav sexual intercourse (with a woman) foe the first time
Okuvunaanibwa	To lay to the charge of
Cl. 9	Cl. 9
okugenda oba okufuluma	To go or come out
Go out of mourning, (the bereaved can now be free) akasaba mukama we amwikirize kugaruka hamulimo amazire kuturuka orufu rwa ise, yasaba mukama we amukkirize okuddamu okukola emirimu gye oluvannyuma lw'okuva mu kukungubaga okufa kwa kitaawe; Kitwala ennaku nnya okuva mu kukungubaga ku musajja afudde n'ennaku ssatu ku mukazi; Yatwala eddagala erimuyambako okusaanuuka; Ggyayo omulambo mu nnyumba (olw'okwogera n'okuziika); Ggyayo omutamiivu aba ayonoona emirembe gy'abantu; Emikolo gy'okuziika abafu tegyabaawo olw'omulwadde ali awaka	Go out of mourning, (the bereaved can now be free) akasaba mukama we amwikirize kugaruka hamulimo amazire kuturuka orufu rwa ise, he/she requested his/her master to allow him/her resume duty after he/she had come out of mourning his/her father'sdeath; It takes four days to come out of mourning for a deceased man and three for a woman; He/she has taken a laxative which has made him/her purge; Take the corpse out of the house (for speeches and burial); Take the drunkard out he/she is disturbing the people's peace; The deceased's funeral ceremony was not held because of the sick one at home
Okuleeta oba okuggya	To bring or take out, eject
Omuntu alina olubuto olw'obutaba bulungi aleeta omukka omubi; agaana okufuluma mu ofiisi ye n'alyoka ayita poliisi n'emuggya mu ofiisi	One with a contaminated stomach brings out bad air; Be/she refused to come out of his/her office consequently be/she called the police which took him/ her out
okuba omugayaavu, omugayaavu	To be languid, slothful
Omuntu atakola dduyiro aba munnanfuusi	A person who does not exercise his/her body is always slothful
Bw'oba oyagala okufuluma mu layini, genda mu maaso	To get out ofline, get in front
Okuyitamu	To pass right through
Si kya bwenkanya okuyingira mu nnyumba n'ogitambuliramu nga tolina muntu yenna akulagirira	It is bad manners to enter one's house and then pass right through it without being guided by a member of the house
Tojja kukkirizibwa kufulumya bulago bwo mu ddirisa ly'emmotoka	You are not allowed to stick out your bead through the window of a moving car
okubuuka	To swell when soaked
okubuukabuuka	Togurgle
Okuba n'ebiwundu, okuba n'ebiwundu ku mubiri, okuba n'ekikulukuto	To be bruised, have lumps on thebody,havescabies
Okuleeta ebituli ku mubiri	To cause lumps on the body
okuba omuluvu, omuluvu	To be gluttonous, voracious
okuggyawo, okuggyawo, okuggyawo, okuggyawo, okuggyawo, okuggyawo, okuggyawo, okuggyawo, okuggyawo, okuggyawo, okuggyawo, okuggyawo, okuggyawo, okuggyawo, okuggyawo, okuggyawo, okuggyawo, okuggyawo, okuggyawo, okuggyawo, okuggyawo, okuggyawo, okuggyawo, okuggyawo, okuggyawo, okuggyawo, okuggyawo, okuggyawo, okuggyawo, okuggyawo, okuggyawo, okuggyawo, okuggyawo, okuggyawo, okuggyawo, okuggyawo, okuggyawo, okuggyawo, okuggyawo, okuggyawo, okuggyawo, okuggyawo, okuggyawo, okuggyawo, okuggyawo, okuggyawo	To undo (beadwork), untie. Tuum a, ku-, oku-, v.i
Amazzi bwe gafumbibwa mu muliro omungi gafuuka ga bbugumu nnyo.	Water is made very hot when boiled by a strong fire. Tuum a, ku-, oku-, v.tr; When rubbish is poured in one place daily it heaps up
okubuuka (omukka)	Ascend (smoke)
Okubeera, okukaaba	To dwell, sigh
Abadde ku kyalo kino okumala ebbanga ddene naye tetuwulirangako nti bamubbye; Ensonga lwaki abadde abeera ku kyalo kyabwe okumala ebbanga ddene kwe kuba nti tabba bintu bya bantu	He/she has been on this village for a long time but we have never heard that he/she bas stolen; The reason why he/ she has lived long on their village is that he/she never steals people's property
Okuggya omugugu (ku mutwe oba ku mulala), omuntu ob11 aba atarukusobora kwetuura wenka ekintu ayetwekere bamutuura	To take off a load (from ones head or another), omuntu ob11 aba atarukusobora kwetuura wenka ekintu ayetwekere bamutuura
Asaba omunlll ondi amumutuurre, oyo atakyasobola kuyimirira n'okuggya omugugu ku mutwe gw'omugenyi we asaba omuntu omulala okumuggyako	Asaba omunlll ondi amumutuurre, he/she that is unable to standup and take a load off the head of his/her visitor will ask another person to do so for him/her; She asked another person to help her take off the basket of food that they brought to them as a present from the bead of its carrier
To be sour, be spoiled (beer)	To be sour, be spoilt (beer)
Ebijanjaalo ebikuze ennyo biviirako omwenge okubuuka, okuyita.	Plantains that are too ripe make the beer sour, pass. Of c. Form, turuzibwa, ku-, oku-
okusaasaanya	To infect
Bamuwadde omusujja nga bali ku kabaga	They infected him/her with flu while at the party
Okubeera omunakuwavu, okwemulugunya, okwemulugunya	To be grumpy, grumble, growl
Buli haroho omunt11 agisangire neenena igufa, bw'owulira embwa ng'emuluma, kitegeeza nti waliwo eyagizuula ng'emuluma amagumba.	Etuurruuma, when a person approaches a dog that is biting a bone, it growls; Buli haroho omunt11 agisangire neenena igufa, when you hear a dog growling, it means that someone has found it biting a bone· pass. Of c. Form, t1111rr11umibwa, ku-: oku-
okufuluma, okufuluma	To swell, be distended
Bajja kukuŋŋaanya ettaka mu nsiko mu lusuku mwe bagenda okusimba ebikoola by'emmere	They are going to pile earth into moulds in the garden on which they will plant potato slips
Okuzitowa, okuzitowa	To sweat, be in a perspiration
Bwe baamuwanga enva endiirwa, yasukkiriranga	When they gave him/her a steamed herb bath, he/she perspired the more
okuzitowa	To sweat
Ekitangaala ky'enjuba kijja kuleetera omuntu okuzitowa singa akola wansi waakyo	The sun beat will make a person sweat if he/she works under it
Okufa (kozesebwa Kabaka yekka)	To die (used of King only)
Kabaka bw'afa, omulambo gwe gubeera mu mbeera okumala ennaku mwenda nga tegunnaziikibwa; Kabaka Kaabaleega yafa ng'ali e Jinja ng'akomawo okuva mu buwaŋŋanguse.	When a King dies, his corpse lies in state for nine days before it is buried; King Kaabaleega died while at Jinja on his way back from twa tyaza exile. Twa, o-, genitive particle for nouns in cl. 13. It is written separately before the noun butjoined with a possessive root and self standing pronoun
okukaayana, okukaayana, okukaayana	To wrangle, quarrel, bicker
Okwebaka, okusumagira, okwebaka	To have a nap, be drowsy, doze up
Kikyamu nnyo omugoba wa mmotoka okwebaka ng'adduka; yeebase oluvannyuma lw'okudduka Kyegegwa	It is very dangerous for a motor driver to doze while he/she is driving; He/she dozed up after he/she had passed Kyegegwa
Okugenda oba okukola n'obwegendereza oba mpolampola	To go or do carefully or slowly
Yanywa eddagala mpola mpola okutuusa lwe yafulumya ekibya kyalyo; yali yeenyigidde nnyo mu kwogera bw'atyo n'asukka ku kiseera kye yali ateekeddwa okuddayo eka	He/she drunk the medicine slowly until he/she finally empted its container; He/she was so much engaged in talk such that he/she went beyond the time she was supposed to go back home
okutwala, okutwala, okutwala	To take, carry, conduct
Okugattira awamu, okugaba ebintu bibiri	Root up together, give out two kinds of things
okuvuga, okutya, okutwala, okuyamba	To drive, frighten off, take, help
okuggya olubuto, okuleeta olubuto (olw'obwenzi)	To send, cause to conceive (by fornication)
okutuma, okutwala, okutwala	To send to, to take to, carry
Okufuna olubuto (olw'obwenzi)	To conceive (by fornication)
okugaziya, okugaziya, okugaziya, okugaziya	To enlarge, add to, heighten, lengthen
Abazannyi b'amazzi abamu batwala amazzi ku mitwe gyabwe wamu n'akatoffaali akajjudde amazzi ku ntikko.	Some water collectors carry water-jars on their heads together with a small calabash full of water on top of it. Two, self-standing pron. For nouns in cl. 13; Tutahye, the scanty short grass in the middle of the road did not catch fire. Tyabira,ku, oku,v.i
okutambulatambula, okutambulatambula	To trudge, plod along
Okukola ekintu ky'osinga okwagala, mwana wange	To make a favourite of, pet
Okutambula n'omuggo, okutambula n'omutego, n'ebirala (okusingira ddala omuntu omutono) ng'alina omwoyo gw'olutalo	To stride along with springy step, walk with a spear, etc. (esp. A short person) in a warlike spirit
-Okukwata	-To brandish
To sound (King's big drum)	To sound (King's big drum)
okusaala	To sahrpen
Amafumu gakomolebwa okusobola okufumita ensolo mu bwangu; n'abalemesa okukomolebwa amafumu gaabwe ku jjinja lye	Spears are sharpened in order that they may be able to pierce an animal easily; He stopped them from sharpening their spears on his whetstone
Okufuluma, okubala, okukula awamu (ng'ekyokulabirako, enkumbi)	To break out (rash), sprout, grow up close together (e.g. Mushrooms)
Omuntu talina ddagala lyonna ly'aweebwa ng'ekirwadde ky'ensiri tekinnatandika; enkumbi zikula kumpi olw'okuba zikula ku ttaka limu	A person is not given any medicine before measles has broken out; Button mushrooms grow up close together because they grow on the same ground
okusala	To cut, tear
okusereba, okusereba, okulekawo (ng'ettaka)	To slip, slide, give way (as soil)
Ettaka eriri ku mabbali g'oluguudo ligwa ku luguudo ng'enkuba etonnya	The soil at the banks of a road slide to the road when it rains heavily
Okuggya n'engalo (ng'emirundi egisinga, ghee, butter Vaseline).	To remove with a finger (usu., ghee, butter Vaseline). '
okuteeka engalo (mu bujeemu, mu kunyooma)	To point finger at (in defiance, scorn)
Okuyingiza engalo mu maaso n'obunyoomi	Pass finger in front of face scornfully
Omuti ogwo	That tree
E-, 11., cl.9,, enjiri	E-, 11., cl.9,, gospel
okukwata, okukwata, okukwata, okukwata, okukwata, okukwata, okukwata, okukwata, okukwata, okukwata, okukwata, okukwata, okukwata, okukwata, okukwata, okukwata, okukwata, okukwata, okukwata, okukwata, okukwata, okukwata, okukwata, okukwata, okukwata, okukwata, okukwata, okukwata, okukwata, okukwata, okukwata, okukwata, okukwata, okukwata, okukwata, okukwata, okukwata, okukwata, okukwata, okukwata, okukwata, okukwata, okukwata, okukwata, okukwata, okukwata, okukwata, okukwata, okukwata, okukwata, okukwata, okukwata, okukwata, okukwata, okukwata, okukata, okukata, okukata, okukata, okukata, okukata, okukata, okukata, okukata, okukata, okukata, okukata, okukata, okukata, okukata, okukata, okukata, okukata, okukata, okukata, okukata, okukata, okukata, okukata, okukata, okukata, okukata, okukata, okukata, okukata	Intensive with okukwata = hold finnly. Viini, e-, n., wine.
Okuba omuvumu n'obuvumu	To bold firmly
ssabbuuni mu ngeri y'enfuufu ey'okulongoosa ebintu	Soap in powder form for cleaning utensils
Ku mateeka agafuga l.V. n'oluyimba lwaayo olusembayo byannyonnyolwa mu Modem Runyoro-Rutooro Grammer, Koln Koppe 1999.	Of rules governing its l.V. And its last vowel are explained in Modem Runyoro-Rutooro Grammer, Koln Koppe 1999. Waabu, o-, n. Cl.I,, relative
Be/she died like one without a relative. waaha, ekigambo ekikyamu (ekiyinza okunnyonnyolwa)	Be/she died like one without a relative. Waaha, word of negative (definable)
omusota	Viper
Ennyonyi ennene ennyo erya ennyama	Very large carrion-eating bird
Emiti egyasigala nga tegyokeddwa oluvannyuma lw'omuliro	Growth left unburnt after grass fire
ekisu ky'ensolo eyitibwa black tree ant	Nest of the black tree ant
Ogre, omunene, omulabe, omulyanyi w'abantu	Ogre, giant, monster, mythical cannibal
Mr. Hare, Brer Bunny	Mr. Hare, Brer Rabbit
Pangolin, ekyennyanja ekirya enkuyege	Pangolin, scaly ant-eater
Erinnya lya omucwezi eyasembayo okufuga Kitara	Name of the last omucwezi King of Kitara
amabeere agazimbulukuka, ekikulukuto ky'amabeere	Inflamed breasts, abscess of the breast
Ekimera ekiriko ebimuli ebya kyenvu (nga primerose)	Plant with yellow flowers (rather like primerose)
Okwebaka ennyo ekiro, "ekiro ekirabika obulungi"	Fast asleep at night, "Beauty sleep"
Abadde yeebase bulungi.	He has had beauty sleep.
Ekimera ekiwuubaala bw'okikwatako kikuŋŋaanya ebikoola byakyo	Sensitive plant when touched it collects its leaves
ebikoola ebiyimiridde ennaku nnya oba ttaano	Beet that has stood for four or five days
Ekibinja ky'ebinyonyi ebinene ebirabika mu Noovemba	Flock of large birds seen in November, locust birds
Ggwe oli eyo, oli mutuufu, ekyo kyali kituufu	Thou! You there! Right you are, that was the truth
ebikoola	Cassava leaves
ebikoola	Cassava leaves
Ebbeeyi y'omuceere yeeyongedde	The price of has rice increased
Twasimba enkumbi okumpi n'omulyango	We planted pumpkins near the fence
Leero tukuŋŋaanya omuddo	We are harvesting maize today
ekiseera eky'amakungula	time Harvest is a time of joy
Abalimi bakozesa amazzi okufukirira ennimiro zaabwe	The farmers irrigation use to water their fields
Tterekita ekozesebwa mu kulima	The tractor is used for plowing
Okukungula kubaawo ng'ebirime bikuze	Reaping is when done the crop is mature
Tusaasaanya ebirimba by'eŋŋaano	We millet thresh to separate the grain
Okukuba ebibala si mulimu mwangu	Threshing is hard work
Tukomola emiti gy'emmwaanyi okusobola okwongera ku bibala by'emmwaanyi	We prune coffee trees to increase yield
Tukungula omuddo mu nnimiro buli wiiki	We weed the garden every week
Okusaasaanya omuddo kuggyawo ebimera ebitali birungi	Weeding removes unwanted plants
Enkoko zirya ebirime n'ebiwuka	Chickens eat grain and insects
Okukama kukolebwa emirundi ebiri buli lunaku	Milking is done twice a day
amata amayonjo malungi eri abaana	Fresh milk is good for children
Omuddo guyamba ettaka okubala obulungi	Compost improves fertility soil
Tukola omuddo gw'ebimera	We make compost plant waste
Twasaasaanya envumbo ku nnimiro	We spread manure on the garden
Ekikondo ekiwanvu kyangu okukikolamu	A sharp hoe work easier
Emmotoka ey'ebikonde etwala ebintu eby'amaanyi	The carries wheelbarrow heavy loads
Uganda etunda caayi mu mawanga mangi	Uganda exports coffee to many countries
Ekitongole kigula omuddo okuva mu balimi	The cooperative buys maize from farmers
Tulima omuddo mu nnimiro	We grow millet in fields
Enkuyege y'omuddo erimu eby'okulya eby'omugaso	Millet porridge is nutritious
Kofi y'ekimera ekikulu mu Uganda	Coffee is an important cash crop in Uganda
Okutema emiti gy'emmwaanyi	Coffee trees pruning
Tukungula amatooke oluvannyuma lw'emyezi esatu	We harvest sweet potatoes after three months
Tukungula amatooke oluvannyuma lw'essaawa ssatu	We harvest sweet potatoes after three
ente mu nnimiro	Cattle in the fields
Tubeera n'embizzi ez'ennyama	We keep pigs for meat
Tubeera n'embizzi ez'ennyama	We keep pigs for meat
Emiti giziyiza ettaka okusaanawo	Trees prevent soil erosion
Abalimi beemulugunya olw'ebbeeyi entono	Farmers complain about low prices
Tutunda enva endiirwa buli wiiki	We sell bananas every week
Twagula ensigo mu kkampuni	We buy seeds from the cooperative
Okutegeeza ebikolebwa mu ngeri entegeke obulungi	Indicating of sequence events
Ebiseera ebisinga okuba ebitonotono	Shortest of times
ebika by'ebibira	Type swamps of
by'ebibira	of swamps
Obusiriikirize obuvudde ku	Silence due to
akali ng'akasozi	Small lizard-like
ekisenge ky'omusaayi	vagina Hymen: membrane
old rags:olugoye olwatikiddwa	old Rags:an torn cloth
engoye enkadde	Very cloths old
oba ebikondo by'ebisenge	or Pail buckets
. A	. A
okuyita	call To a bud
eriibwa embuzi	eaten by goatses
ekikoola ekinywevu ennyo	:a very cloth tight
:ekintu ekirungi, oba	:something good, or
ekintu ekirungi, ekirabika obulungi	:something good, beautifuls
ekifo ekitali kirongoofu	sloppy place
ebifo	:a places
ebisiba by'embwa	dog : teats
ekikyamu	a negative
obuwunga obutonotono	ground Finely millet flours
ebikoola	Type mushrooms
Enkuyege entono eziruma	Tiny flies biting
ebikoola, ebikoola by'enviiri	Comb, brushes hair
of tip a roof enjuba	of Tip a roof
Ebipya ebizuuliddwa	Newly found
ebikoola	jagged edges
ebyakolebwa ebinyonyi ebiyitibwa termites	made Tunnels by termites
Ebiwuka ebiyitibwa termites	Tunnels by termites
okukola, okukola	To make, to
Okuba n'okwegomba okubi,	To be lascivious,
okwekulumbaza, okwekulumbaza, okwekulumbaza, okwekulumbaza, okwekulumbaza, okwekulumbaza, okwekulumbaza, okwekulumbaza, okwekulumbaza, okwekulumbaza, okwekulumbaza, okwekulumbaza, okwekulumbaza, okwekulumbaza, okwekulumbaza, okwekulumbaza, okwekulumbaza, okwekulumbaza, okwekulumbaza, okwekulumbaza, okwekulumbaza, okwekulumbaza, okwekulumbaza, okwekulumbaza, okwekulumbaza, okwekulumbaza	make lascivious, licentious
okubuzaabuza, okubuzaabuza, okubuzaabuza	question To deceitifully, provoke
okufumita, okufumita	crush, To pound
okukwata ku mikono	catchin To the hands
okusavuwaza ennyo	To over lightly
okuteebereza, okuteebereza, okuteebereza	estimate, budget, calculate
To joyfu be	To joyfu be
To crooked, okukola warp	To crooked, make warp
okuteeka wansi	dash To down
inpl.fonn yokka)	only inpl.fonn)
wakati w'ebisenge by'ebisenge	Middle of husk millet
ebisiba	Husks of
amaaso	Secretion eyes
okuva mu maaso	from eyes
kcal, enkumbi	kcal, fox
Okuba omunene	To fat be
okukaaba; okwogera	To bark; roughly speak
kirabika	appear to
okufumba obulungi	To thoroughly cooked
okukaayana To with, okulumba	quarrel To with, attack
obuwombeefu, obuwombeefu, obuwombeefu obuwombeefu,	Humility,meekness, docil gentleness ity,
okubeera okumpi n'okufa	be To near death
okukakanyaza, okukakanyaza, okukakanyaza,	Stiffness, fimmess, hardness,
amaanyi, obwesige, obukuumi, obuddukiro	strength, Reliance,security, refuge
obunene	size, bulk
Okubonaabona, okubonaabona, obuyinike, obwennyamivu	Sorrow, misery, trouble, melancholy
Okufuluma	To emerge undenvate
mu Tolie mulindirire,	in Tolie wait, for
akabi ak'obutabaako kye weetegerezza,	Unforeseen accident peril,
okusuula wansi	dump down
enfuufu	Cloud dust of
muntu nnyo; omusirusiru	Very person; idiot
okwegendereza, okusaasaanya	circumspection, thrift
enkuba	Shelter rain from
obulamu, Obulamu, omwoyo	life, Health, soul
nga butegekeddwa n'eby'akaloosa	mixed with perfume
empapula, eby'okwambala by'abaana	mats, child's bedding
mu nviiri	in Hair the annat
ebikumi bibiri mu kimu	Two and hundred one
Pikipiki pikipiki oba takisi	Bicycle motorcycle or taxi
Okutambula n'obukkakkamu	To sluggishly walk
Ku nsozi eziriraanye	On the opposite hills
Ekkanisa y'omusaseredooti	A priest parish
okukola ekintu mu lujjudde	something Doing openly
okukola ekintu mu lujjudde	something Doing openly
Okubeerangawo obutayosa	To be always visiting
Okuba omukoowu	To exhausted be
Okusaanyaawo ebitundu	To into tear pieces
kukula	grow tall
omukyala omukadde, omukyala	Old old cow, woman
okwanguyiriza	Rush at
Okufuuka omusirusiru, ow'emabega	become To stupid,backward
okufuuka omusirusiru	become stupid
busirusiru, busirusiru, busirusiru	bestupid, silly, foolish
okuwuluguma, okuwuluguma, okuwuluguma	rumble, To whirr, hum
mangu nnyo	To very quickly
Wano waliwo,	Here there is, is
double: emirundi ebiri	Double: as twice much
okufulumya amaloboozi agataliiko kkomo	Making continous noise
obutayosa okufulumya amaloboozi ag'obusungu	continous Making andirritating noise
abantu ab'omululu	Very persons greedy
ebikozesebwa Okubikka, ebikoola	used Cover, banana leaf
ebikoola, ebikoola ebyakolebwa	Cover, banana used leafs
ebigere, ebibala by'ebigere	Foot, prints foot
ebisiikirize ebitonotono ebitonotono	Soft calabashes immature
Ekijjukizo	A remembrance memorial
ekinnya, ekituli, ebinnya	ditch, Hole, pits
ekifo ekirimu ebinyeebwa	A swamp seasonal
omuti omuto ogukozesebwa mu kulima enva endiirwa	Fresh banana sheath tree
enva endiirwa	banana Fresh tree sheaths
ekisaka ekiriko omuddo	A reed fenced
ebifo ebiriko bbugwe	fenced enclosures
okukaayana, okukaayana,	Argument, dispute strife,
ensigo	Seeds of
ekikoola ekiggya	A hoe new
ekikulukuto	cough
okulabirirwa, okuyisibwa obulungi,	Care, good treatment,
ensolo ensajja	A animal male
Munnange omwagalwa,	Dear one,
bya Border mat	of Border mat
ekikulukuto ekirimu ekikulukuto ekirimu ekikulukuto ekirimu ekikulukuto ekirimu ekikulukuto ekirimu ekikulukuto ekirimu ekikulukuto ekirimu ekikulukuto ekirimu ekikulukuto ekirimu ekikulukuto ekirimu ekikulukuto ekirimu ekikulukuto ekirimu ekikulukuto ekirimu ekikulukuto ekirimu ekikulukuto ekirimu ekikulukuto ekirimu ekikulukuto ekirimu ekikulukuto	diarrhoea with Dysentery, blood
by'ebisenge by'ebisenge by'ebisenge by'ebisenge by'ebisenge by'ebisenge by'ebisenge by'ebisenge by'ebisenge by'ebisenge by'ebisenge by'ebisenge by'ebisenge by'ebisenge by'ebisenge by'ebisenge by'ebisenge by'ebisenge by'ebisenge by'ebisenge by'ebisenge by'ebisenge by'ebisenge by'ebisenge by'ebisenge by'ebisenge by'ebisenge by'ebisenge by'ebisenge by'ebisenge	for Cane bow string
eby'emmwaanyi	of potato
Endowooza z'omuntu n'ebirowoozo bye	One's opinions ideas and
type Omusege omunene	type Large of rat
amatoffaali ag'ekika A	A type potatoes
ekinyonyi ekimyufu	red bird, wax-bill
omunnyogovu, atali musavu	Thin not fat
embuzi ennume	Young goat female
by'ennukuta	of the alphabet
omuzadde, omuzadde, omuzadde	native, Home-born, original
okuwulira obukyayi obw'amaanyi	Strong feeling hatred
Ennaku zino,	These nowadays days,
enva endiirwa ez'ekika kya yellow	Type yellow bananas
eziri	ones, which
n'emiti egy'emiti egy'emiti egy'emizeyituuni	of Thorn palm trees
ebyennyanja ebirimu omunnyo	Salted fishes
ku bigere oba ku bigere	Toe or
ebitundu by'ennyama ebitonotono	Small of piece meats
ekintu oba omuto atannakula	Something or young imatures
amazzi	water pots
omuzira omuto	A grasshopper young
enviiri eziwanvu	straight hairs Soft
Century: omwaka	Century: a yearses hundred
okupimira ebinusu ebitonotono	measuring Small baskets
ebikoola ebinene	large mushrooms
Obutwa bw'abasawo	Poison by witchdoctorses
ekkondeere, ekkondeere,	Corner, turn,
engatto, engoye n'ebirala	Coat, garment, made-up overals
Okweyanjula	To oneself announce
okukebera oba	To examine or
Okuba n'obuvumu, okunoonya okumanya	To insolent, inquisitive be
okwesiga, okwesiga	To trust, rely
Okubeera omukakafu	To surety become
Okuggyamu ennaku	Raise griefs ones
Okukuŋŋaanya, okujja awamu	To assemble, together come
okwegeraageranya	balance To oneself
Okuteebereza, ku	To presume, upon
okwebikka	cover oneself
okubuukabuuka	To swing
okulongoosa, okulonda	To clean, pick
Okuba omugayaavu, okuba omukoowu	To lazy, be dawdle
okutabulatabula; okutabulatabula	To go twist; unwillingly
Okuba omugezi, okuba omukwano	To skilful, be romantic
engeri y'okwogeramu	manner of speech
Sw.1) ebiraasi. ebiraasi 2)	Sw.1) spectacles. glasses 2)
obutaliimu	Empty
okusuubira, okunoonya, okwegomba	Expectation, curiosity, for longing
okuwuuma emmere ng'eyaka	Smell burning of food
Omusirusiru,	Idiot, an
of Stump omuti	of Stump a trees
omukka: omukka omubi	Stench: a smell bad
Omukwano gw'omusaayi- awatali luganda	Friendship blood- without brotherhood
ekikomera eky'ebbumba	Clay wooden bowl
ebinyonyi	caterpillars
omubisi gw'enjuki: omubisi gw'enjuki: omubisi gw'enjuki: omubisi gw'enjuki: omubisi gw'enjuki: omubisi gw'enjuki: omubisi gw'enjuki: omubisi gw'enjuki: omubisi gw'enjuki: omubisi gw'enjuki: omubisi gw'enjuki: omubisi gw'enjuki: omubisi gw'enjuki: omubisi gw'enjuki: omubisi gw'enjuki: omubisi gw'enjuki: omubisi gw'enjuki: omubisi gw'enjuki: omubisi gw'enjuki	maize Sw.cereal: cob
ekifo eky'okusinzizaamu emyoyo	Spirit shrine for
ekibya ekimenyese	A pot broken
Okujjukizibwa okutono,	Small remembrance present,
akasanduuko ak'okusoma, akabonero,	Reading sheet, notice,
Omuntu atalina mugaso	A person useless
Olugendo lwa	A trail of
enva endiirwa	banana Dry fibres
enkoko, enkoko esula	hen, Sitting broody hen
(Hyparrhenia)	JaraguÃ¡ rufa) (Hyparrhenia
A oba endiga	A or sheep
Ebizibu, obuzibu	Problems, difficultie
wakati w'ebiwaawaatiro ku kibegabega	Between the blades shoulder
ebisale bya takisi, ebisasulwa, omusolo	Taxi dues, levied, customs
omubisi gw'enva endiirwa	sweet banana juice
omuddo, omuddo ogutaggwaawo	millet, Unground loose grain
Ebitundutundu by'eŋŋaano	Unground loose grain
ebikoola: ebikoola ebitonotono	Spots: small spots round
eby'obufuzi: ebintu eby'obufuzi	Politics: matters politics of
omuliro	Flames fires
eby'okukolamu enviiri: ebikonde	hair Ornament: beads
okuyingira: ennyuma	Entrance: a posterior
obusungu: obusungu obw'amaanyi	Rage: violent anger
obusungu	uncontrolled angers
ekituli eky'ekinnansi	A stool traditional
by'ebisenge by'enkoko (Spur cock comb)	of Spur cock comb
ebikoola	bean leaves
ebikoola	Fresh leaveses
nti Waliwo ekituuka nga tekisuubirwa	that Something happens unexpectedlies
A ey'omuddo	A of grass
mu ngeri y'emu	Kind of
okufuuwa, okufuuwa, okufuuwa	Emetic, vomit makesone
ekisenge, ekisenge eky'omu maaso, olususu	Peel, fore husk, skin
olususu	leather Skinbag, bag
okwogera,okwogera oba okuwuubaala	speech,utterance or rumour
Okufuluma mu kamwa	Secretion the mouth
ekisenge ky'ekisenge	Nape neck of
notch, point joint,	Notch, point joint,
ensimbu ku mazzi	Slime on water
Okukendeeza ku	Cuts on the
Obunafu; omuntu abeera n'obulamu obuwanvu	Weakling; person long-lived
eby'okwambala	of Way clothing, attire
omunyiikivu, omunyiikivu	Diligent, hard
enva endiirwa	Freshly cow ghee
Ensibuko	Beginning, origin
frog, amazzi omuntu omusirusiru	frog, Water stupid person
frog, omuntu w'amazzi omusirusiru	frog, Water person stupid
ennyama, omubiri gw'omubiri,	Meat, muscle flesh,
ebikoola	Cape berries goose
eri omuntu yennyini	To oneself
okwefuula	pretend To be to
n'obuvumu	pluck To up courage
Okutuula obuteefiirayo	To down sit carelessly
eri ekiddukiro ky'ennyonyi	To for fly refuge
okwekebera	rock To oneself
Okuba omubi,	To be dirty,
okuleeta ekyokulya	fetch To one's food
eri emmere y'omuntu	To one's food
okusuula ku mabbali	To sideways lean
Okukyuka	To changeable be
okugoba, okubeera	To bend, be
eri omuntu yennyini	To oneself
ye kennyini	oneself
okwewaayo	dedicate To oneself
okuziikibwa	shut To oneself in
okwekolera	To oneself make
byonna byange	All me of
okulayira, okulayira, okulayira, okulayira, okulayira, okulayira, okulayira, okulayira, okulayira, okulayira, okulayira, okulayira, okulayira, okulayira, okulayira	To vow, promise pledge,
okwetwala	To take oneself
okutuula obulungi	sit To nicely
Amalala, amalala, obuteefu obutaliimu	Pride, arrogance, quietness unnecessary
Ekyewuunyisa kigudde, ekintu	Odd fallen one, thing
ekirayiro, okwekalakaasa	Oath, protestation
A	A
Okufa, okuzikirizibwa, okufuuka abatalina mugaso	To die, be destroyed, useless become
Okufa, okuzikirizibwa, okufuuka abatalina mugaso	To die, destroyed, be become useless
Kyali kizibu nnyo okumaliriza ennyumba eno; kwe kuzimba ennyumba ye Mugume gye yakolera ennyo, azze awummule oluvannyuma lw'okumaliriza	It was real hard work finishing this house; It was the construction of his house that Mugume work hard, he has come to rest after finishing it
Kyali kizibu nnyo okumaliriza ennyumba eno; kwe kuzimba ennyumba ye ekyaleetera Mugume okukola ennyo, azze awummule oluvannyuma lw'okumaliriza	It was real hard finishing work this house; It was the construction of his house that made Mugume work hard, he has come to rest after finishing it
Yatuuka ku nkomerero ng'ali mu kyalo; yali akooye olw'olutalo	He/she came up ended in ruins while in the village; Be/she was worn out by the war
Abantu abo balabiriragananga, nga tebatera kukola bwe batyo mu biseera ebyayita; ennyumba ye erabika bubi nnyo	Who have made those people care for each other, they never so did in the past; His house looks very untidy
okukaaba (ng'ekyokulabirako, mu muddo), okukaayana	To make a rustling noise (e.g. in grass), scuffle
Yafiirwa abaana be ababiri e Kyaka.	She lost her two children Kyaka. in
eggaali ly'emmotoka ye lyavunda mu kifo eky'akabi	The tyre for his/her car got deflated in a dangerous place
- ebikoola bye baakozesanga mu kisenge kya Kabaka byayungibwangamu okusobola okulabika obulungi.	-the reeds which they for used the King's enclosure were interlaced so as make to it look smart.
be Become, made, change, draw (a bow)	be Become, made, change, draw (a bow)
Okulaguza kuwadde obubaka obw'okubonaabona	Divination has given of information misfortune
Okuggya (okusingira ddala amata), amata agafiire bagafubire, agavuddewo	To away (esp. milk), amata agafiire bagafubire, that has gone bad has been thrown away
-amata amabi galina okusuulibwa	-bad milk should be thrown away
ekibikka tekikwatagana bulungi n'omubisi gw'amata; kino omukyala takiraba nti ebibikka tebikwatagana bulungi n'omubisi gw'amata	The lid is not holding tightly on the milk wooden vessel; This does woman not see to it that the lids do fubeera fukumura bold tightly on the wooden milk vessel
Okusaasaanya omuntu.	To warp person) up.(a
Waliwo ebintu bibiri abazadde bye batera okukozesa okukwata abaana baabwe	There are two things which parents commonly use io wrapping their children
Waliwo ebintu bibiri abazadde bye batera okukozesa okukwata abaana baabwe	There are two things which commonly parents use io wrapping their children
Omukubi w'ebyuma akola ebyuma n'omulenzi amufuuyira obugoye; obugoye bufuuyirwa ng'omukubi w'ebyuma akuba olususu lw'omukubi w'ebyuma	A black smith forges iron with a boy who blows the bellows for him; The bellow is pumped by pressing the skin on tied its nozzle
Okusookera ddala yasooka kukyusa amazzi ge yali agenda okunaaba	He/she first made cold the water that he/she was going to for use bathing
Yasooka n'afumba amazzi ge yali agenda okunaaba	He/she first cold made the water he/she that was going to use for bathing
Yafumbirwa ku myaka 16 ng'amabeere ge gaakatandika okukula.	She got married at the age of years, 16 when her breasts were just begin ing to grow
Okufuluma mu bungi obwenkanankana n'amazzi okuva mu ttaka	To come out in amounts large as water from ground (content of gourd)
Waali tewaaliwo nguudo abaana abaatambulanga ku makya baalinanga okuyita mu nsiko buli lunaku.	Where there were no roads children who travelled early in the had to pass through dewy grass on their way daily
Bwe wataabangawo nguudo abaana abaatambulanga ku makya ennyo, baalinanga okuyita mu muddo oguliko omuddo buli lunaku.	Where there were no roads children who travelled early in the morning, had to pass through dewy grass on their way daily
Okukkakkana ng'omuntu ayita, okufuluma mu kkubo	To elbow way one's through, to push out of the way
elbow way through, okusindika okuva mu kkubo	elbow way through, to push out of the way
Okujjula awamu, okufuuyibwa, okufuuyibwa	To be crowded together, be stifled, be
ebirabika	protruding Have eyes
Okuggyawo ekibikka	To take the lid off
Kiba kya bulabe okuggulawo ensuwa ya fundura furuuta amannyo	It is dangerous to open a bottle of with fundura furuuta the teeth
okulaga obubonero bw'okufuluma	show signs of coming out
omwana alaga obubonero obuva mu lubuto	The baby is showing signs coming of out of the womb
okwekamirira, okusuula ebitundu by'omubiri eby'ekyama	To masturbate, push back foreskin penis
okwetulinkiriza, okusunsulira ekitundu ky'omubiri	To masturbate, back foreskin push of penis
okugoba (ebikooti oba	To fold (trouser or
-Oteekeddwa okwambala engoye ng'oli ku mulimu.	-you are supposed fold to a shirt when u are working.
- olina okudda ku ssomero.	-you are supposed to turn at up school.
Si kirungi kunyooma muntu mu lujjudde	It is not right to disparage a person in public
-baakyusa ebigambo, eyo si ye ngeri gy'abyogeramu.	-they changed words, that is not the way he/she said them.
Okuba n'ebiwundu, (ng'olw'okuluma oba okuluma)	To be blistered, (as from bite or sting)
omubiri gwe gwabanga gukulukuta ng'ali mu Kampala, bwe yakomawo mu tt Tooro yalekera awo	body His/her used to swell while he/she was in Kampala, when he/ she returned to tt Tooro stopped
-maama yateranga okukomba eddagala ly'omwana we.	-mother used to chew medicine for her child.
Enkoko bw'ekunyuma kiba kabonero akalaga nti ekuyigganya.	If a snorts cow at you it is a sign of challenging you for a fight
Ente bw'ekukubira enduulu kiba kabonero akalaga nti ekuyita mu lutalo	If a cow snorts at you it is a sign of challenging you for a fight
-Y'omwami we	-She is of her husband
okuziyiza, okuziyiza, okuziyiza, okuziyiza, okuziyiza, okuziyiza, okuziyiza, okuziyiza, okuziyiza, okuziyiza, okuziyiza, okuziyiza, okuziyiza, okuziyiza, okuziyiza, okuziyiza, okuziyiza, okuziyiza, okuziyiza, okuziyiza, okuziyiza, okuziyiza, okuziyiza, okuziyiza, okuziyiza, okuziyiza, okuziyiza, okuziyiza, okuziyiza, okuziyiza, okuziyiza, okuziyiza, okuziyiza, okuziyiza.	prevent To (evil), ward off, forbid
Omwenge gw'omubisi gw'omubisi gw'omubisi gw'omubisi gw'omubisi gw'omubisi gw'omubisi gw'omubisi gw'omubisi gw'omubisi gw'omubisi gw'omubisi gw'omubisi gw'omubisi gw'omubisi gw'omubisi gw'omubisi gw'omubisi gw'omubisi gw'omubisi gw'omubisi gw'omubisi gw'omubisi gw'omubisi gw'omubisi gw'omubisi gw'omubisi gw'omubisi gw'omubisi gw'omubisi gw'omubisi gw'omubisi gw'omubisi gw'omubisi gw'omubisi gw'omubisi gw'omubisi gw'omubisi gw'omubisi gw'omubisi gw'omubisi gw'omubisi gw'omubisi gw'omubisi gw'omubisi gw'omubisi gw'omubisi gw'omubisi gw'omubisi gw'omubisi gw'	Plantain beer froths in the gourds where it is kept; What makes a plantain wine to froths is the heat it gets while in the hole where it is kept for fermentation
Alina obuzibu mu kussa mu biseera by'obutiti; yayamba batabani be okusengukira e Mwenge	He/she breathes with diffculty during the cold season; His/her helped sons him/her migrate to Mwenge
afuna obuzibu mu kuwummula mu biseera by'obutiti; batabani be bamuyambye okusengukira e Mwenge	breathes He/she with diffculty during the cold season; His/her sons helped him/her migrate to Mwenge
Okuteeka ekintu kyonna mu ngeri y'okuteekamu	To bundle any in how, to stuff
kwogera ebitaliimu	talk nonsense
Okusaasaana kwa siriimu n'akawuka ka siriimu kiva ku bantu obutagondera ebyo bye bayigirizibwa ku nsonga eyo; ensiri zisaasaanya omusujja gw'ensiri; okusaasaana kwa siriimu n'akawuka ka siriimu kiva ku butali bwesigwa wakati w'abaagalana.	The spread of HIV/AIDS is as a result of people's disobedience in observing what is being taught about it; Mosquitoes spread malaria; The spread HlV/AIDS is due to unfaithfulness among sexual Oku- partners.
to boethe. bubble, Jabajabuka	To seethe. bubble, Jabajabuka
okuggya ebitundu, okuggya ensingo	To pull pieces, to to pull out threads
okuggya ebitundu, okuggya ensingo	pull to pieces, pull out threads
Okwogera oba okwanguyiriza okwogera mu ngeri etategeerekeka	To talk or rapidly indistinctly, mispronounce
ekituli, etc.), crop (ear), break a piece off; Abasajja abamu balina omuze gw'okusaba bakazi baabwe okubawa emmere ng'eri mu kufumbirwa bwe baba balumwa enjala;	Ear, etc.), crop (ear), break a piece off; Some men are in the habit of asking their wives to give them food while it is being cooked when they feel hungry; He has made her to give him half cooked food
yeeraliikirira bw'alowooza ku kutambula mu bantu	she is troubled when he/she thinks of walking awkwardly among the people
Alina obuzibu bw'alowooza ku buzibu obuli mu bantu	He/ she is troubled when he/she thinks of awkwardly among the people
Okubuguumiriza, golola engalo	To excite, out spread fingers
Okubuguumiriza, golola engalo	To excite, spread fingers out
To gad roam about, about Okutambulatambula, okutambulatambula	To gad roam about, about
Omusirusiru atambulatambula wakati w'abantu abamumanyi; omuntu alina obulwadde obw'omutawaana bulijjo yeekuuma obutabusaasaanya ku baliraanwa be	A person mad roams among people who know him/her; A person suffering from a contagious disease is always careful not to spread it to neighbours his/her
Omusirusiru atambulatambula wakati w'abantu abamumanyi; omuntu alina obulwadde obusaasaana bulijjo yeekuuma obutasaasaanya ku baliraanwa be	A mad person roams among people who know him/her; A person suffering from a contagious disease is always careful not to spread it to his/her neighbours
okulabirira, okujjanjaba, okujjanjaba	To care for, nurse, attend to
Baamusiima olw'okulabirira kitaabwe, yamulabirira okumala emyezi mukaaga; sirina muntu yenna annyamba ku by'okulabirira omulwadde ono; yali alabirirwa mukyala we	They thanked her for attending to their father, She cared for him for six months; I do not anyone have to help me with the for care this patient; He/she was cared for by his wife
Baamusiima olw'okulabirira kitaabwe, yamulabirira okumala emyezi mukaaga; sirina muntu yenna annyamba mu kulabirira omulwadde ono; mukyala we ye yamulabirira	They thanked her for attending to their father, She cared for him for six months; I do not have anyone to help me with the care for this patient; He/she was cared by his wife
Okusaanyaawo, obutali bulindaala	To spoil, carelessly
Okubeera (ng'omutamiivu)	To be (when lively intoxicated)
Okuba omutamiivu ennyo)	To be lively intoxicated)
Obulwadde bwe bwamuviirako okukaddiwa n'okuzimbulukuka	It was illness that made him grow old and wrinkled
Yabagaana okuwuliziganya mu nnyumba ye	He prohibited them from gossiping in his home
Ebikali (by'omwana akulukusa ekitanda), okukulukusa	To take out many much or (esp. From a, bundle), j. Ebikali (of child who wets the bed), urinate in or on
Okubuulira ekyabaddewo, ebyama, okubikkula olugambo	To tell what ''has happened, secrets, reveal gossip
okutegeeza ''ekyabaddewo, okubikkula ebyama, okuwuubaala	tell To what ''has happened, reveal secrets, gossip
Okweyisa ng'ente.	To as behave a bull y.
Adv., J uba, ku-, oku-, v.i.•	lately. Adv., J uba, ku-, oku-, v.i.•
Adv., J uba, ku-, oku-, v.i.•	lately. Adv., J uba, ku-, oku-, v.i.•
Omuntu bw'anakuwala ku biwundu mu kamwa bamuwa eddagala okumukuumira mu kamwa okumala akaseera	When a person complains of mouth sores they him/her medicine give to keep in the mouth for a while
Omuntu bw'aba n'ebiwundu mu kamwa bamuwa eddagala okumukuumira mu kamwa okumala akaseera	When a person complains mouth of sores they give him/her medicine to keep in the mouth for a while
Okuyitamu oba okukaaba mu mazzi amayonjo, n'oluvannyuma n'oggyamu okugagolola.	To through pass or rinse in clean water, and then take it out in order to dry.
Alina okukaaba olw'obutabeera mu kabuuti akabuguma; akabuguma akamuleetera okukaaba	He/ sheshivered because he/shestayed in the without cold a coat; Cold made has him/her shiver
Yasigala mu bunnyogovu nga talina kooti; obutonotono bumufudde	He/ sheshivered because he/shestayed in the cold without a coat; Cold has made him/her
pass forrn, j umbikwa, ku-, 1{pf. oku-, -jumbikirwe)	Pass forrn, j umbikwa, ku-, 1{pf. oku-, -jumbikirwe)
J nja kukujjanjaba n'omukka omukali ng'eddagala L;	J am going to treat you with bitter tobacco as L medicine;
Okutandika nga bukyali, muliraanwa amangu ddala mu	To make an early start, a neighbour very early in the
baalagirwa obutagenda mu maka g'abantu nga bukyali	were advised not to make very early visits to other peoples homes
Ente ekungubagirira abaana baayo; ekikuleetera okukungubagira kwe kulemererwa okulaba abaana baayo	A cow lows for its young; What makes a cow low is failure to see its young sight
Oyo atalina muntu yenna gw'ayinza okutaasa bw'aba awanguddwa, tajja kulwana mu lujjudde; omuntu awonyezebwa ng'akozesa amaanyi ge; omuntu awonyezebwa bw'atwala Yesu nga Mukama we era omulokozi we]	He who has no one rescue to him/her case in he/she gets overpowered will not in fight public; Be/she rescued him/her by using his/her strength; A person is saved when be/she takes Jesus to be his/her Lord and saviour persona]
Oyo ataba na muntu amununula bw'aba ng'awanguddwa tajja kulwana mu lujjudde; amununula ng'akozesa amaanyi ge; omuntu awonyezebwa bw'aba nga ye Mukama we era omulokozi we	He who has no one to rescue him/her in case he/she gets overpowered will not fight in public; Be/she rescued him/her by using his/her strength; A person is saved when be/she takes to be his/her Lord and persona] saviour
Ovunaanibwa okuyimiriza emmotoka mu kifo ekitakkirizibwa kuyimiriza mmotoka	You are charged with parking a vehicle in a no area parking
Ebibala ebivunda tebiriibwa; Ebibala by'omuddo ebikuze bivunda mu dduuka; babanza k:ubujunza nukwo babuhooga, sisal ateekwa okuvunda abantu nga tebannagifuna; ebinyeebwa bye bivunda olw'enkuba	Rotten fruits are not eaten; Ripe plantains got rotten in the store; babanza k:ubujunza nukwo babuhooga, some sisal must be made to rot before people get fibre from it; Her beans are rotten for having been rain soaked
okwaka	To glow
ekisibo ky'omuddo ekyaka omwabadde omuddo omumyufu ne kibuubuuka okumala ennaku bbiri; ne bateeka enku empya mu muliro ogwaka ne kibuubuuka	A burning heap of grass to which wet grass was added smouldered for two days; They put fresh wood in the glowing fire and made it smoulder
ekimera ekyaka ekyasigadde nga kimyufu nga kibuubuuka ku bantu babiri ne bateeka enku empya mu muliro ogwaka era ne gubuubuuka	A burning heap of grass to which wet was added smouldered for two They put fresh wood in the glowing fire and made it smoulder
Okusaamu omuzigo (omubisi gw'omutiini, n'ebirala)	To squeeze ju ice of (plantains, etc.)
Jungi ku-, sa, oku-, v.c	Rub in the bands husked millet grains so that a child may eat some. Jungi ku-, sa, oku-, v.c
Ebyambalo ebimu bireetera omuntu okulabika ng'omukulu ennyo era ow'entiisa	Some clothing make someone look big very and fearsome
Abantu ab'edda abaalowoozanga nti okuwuuma tekwandibadde kwa bwereere	of People the past that believed a buzzing would bee never buzz in vain
Okwejjusa, okwegomba, okunakuwala	To regret, yearn for, home-sick
- kyamuleetera okwegomba kwe kubulwa amata ge yanywanga buli lunaku.	- what made him/her yearn is the lack of he/she milk used to drink daily.
Adv., with intensive omugayaavu, omugayaavu nnyo	Adv., with intensive lazy, very lazy person
Bw'oba oyagala okusaasaanya ebikoola, weekoze ebikoola ebiriko ebikoola by'ente.	To be smeared all over, dirten yourself with soft mud from cattle dung clearing when it
Okusuula, okusuula enfunda n'enfunda nga (ng'okutta ensolo).	To thrust, prod repeatedly when (as killing an animal).
Okugoba ekisibo oba ente endala	run To from away the herd or other cattle
Ente bw'eba n'ebbugumu, eva mu kisibo n'adduka n'egenda eri ente ennume.	A cow on heat run will away from herd its to where the bull is
Ente bw'eba n'ebbugumu ejja kudduka okuva mu kisibo n'egenda eri ente ennume	A cow on heat will run away from its herd to where the bull is
Abantu ab'edda baabikkanga ku baana baabwe n'ekikondo kya Juumildra, ka-, oku-, v.tr.	In order to prevent chicks from being preyed on by eagles. People of long ago would cover them with a Juumildra, ka-, oku-, v.tr
Yamukubira essimu n'amusaba agireete waggulu asobole okulaba ekiri wansi	He/she requested him/her to the basket right way up so that he/she might see what was under it
To tum way right up; okujja mu buyambi bwa;	To tum way right up; come to the help of;
okweyambulako engoye, okweyambulako, okwambala engoye ezitali nnongoofu eziraga ebitundu eby'ekyama	To take off clothes, undress, wear indecent clothing shows private parts
Yambala mu ngeri ey'ekitiibwa oleme okulaga ebitundu byo eby'ekyama eri abantu; omuzadde we amuggyeko olugoye olutaali lulungi ku ye	Dress descently lest you show your private parts to people; Her parent her take off a dress which was not good for her to put on
okujuliza, okujuliza, okujuliza, okuwa obujulizi.	To appeal. Refer to, quote, cite, give evidence.
Enjuba yatukuba; Omuf ungi ensande, ajwisa Katonda aleetera enjuba okwaka, omutemu w'ebimera aleetera omwenge okufuluma mu bimera	The sun has shone upon us; Omuf ungi ensande, ajwisa God causes the sun to shine, a plantain treader causes juice to flow from plantains
Okuba omusujja naddala mu kamwa oluvannyuma lw'okulya oba okunywa	To be untidy esp. Around the mouth after a or meal drink
Okusaanuuka buli wamu	To smeared be all over
Engalo ze zonna zijjudde amasavu. Jwa ha, ku-, oku -, v.i; nze nkuwa amateeka gange ge bulijjo abatambula bakoowa okulinnya ensozi; abaana abato bakoowa bwe batuula okumala ebbanga eddene	His/her fingers are smeared with fat all over. Jwa ha, ku-, oku -, v.i; I am of giving you my rules of which you always Travellers get tired climbing hills; Young children get tired when they sit for a long time
Okukola amangu oba kyeyagalire, okwaniriza n'essanyu, okuwuliriza	To do quickly or willingly, welcome gladly, receptive. be
Okukola amangu	To quickly do
Ntadde ekitabo ku mmeeza; nteeka ekitabo kyange kino ku mmeeza; \ Modal that particle, requires a subj. personal prefix pronom. or Concord to express an entrogative adv., meaning, how? Abakazi balima bata? Abakazi basima batya? Ente zijuga zita? Bow cattle do mow? Oroho ota? How are you? Taaba, e-, n.cl.9	I have put the book on the table; Put this book of mine on the table; \ Modal that particle, requires a subj. Personal prefix pronom. or Concord to express an intorogative adv., meaning, how? Abakazi balima bata? How do women dig? Ente zijuga zita? Bow cattle do mow? Oroho ota? How are you? Taaba, e-, n.cl.9
Ntadde ekitabo ku mmeeza; ntadde ekitabo kyange ku mmeeza; \ Modal particle, that requires a subj. Personal prefix or pronoun. Concord to express an entrogative adv., meaning, how? Abakazi balima bata? Abakazi basima batya? Ente zijuga zita? Bow cattle mow? Oroho ota? How are you? Taaba, e-, n.cl.9	I have put the book on the table; Put this book of mine on the table; \ Modal particle, that requires a subj. Personal prefix or pronom. Concord to express an intorogative adv., meaning, how? Abakazi balima bata? How do women dig? Ente zijuga zita? Bow cattle mow? Oroho ota? How are you? Taaba, e-, n.cl.9
Okutambulatambula, okusaasaana, okukwata, okutunuulira oba okukaaba obuyambi mu bwereere	To be over with wander, scatter, grope, look or cry for help in vain
Bw'oba ng'oli mu buyinike obw'amaanyi era ng'olina obwetaavu, saba obuyambi	To be in distress great and need, cry out for help
Omusajja amuleetedde okukaaba ng'asaba obusaasizi; ekyasinga okumuleetedde okukaaba ng'asaba obuyambi kwe kuba nti yali akubiddwa ebikoola	The man has made him/ her cry for out mercy; What caused him/her to cry out for help most was being with struck stinging leaves
Embwa ne zirya ebyokulya byonna	The dogs devoured the ateitall
okusaasaanya, okusaasaanya, okusaasaanya, okusaasaanya	tear in pieces, mangle, rend
Yamuvunaana okumuggyako engoye ze; Obusungu bwamuleetera okumuggyako amabaluwa ge yali amuwandiikidde	He/she accusedhim/her for tearing his/her cloth; Indignation caused to tear the letters he had written to her
okutuuka, okuyingira, okugenda	To arrive, enter, go
Yagenda ku kabaga; mikwano gye bazze ku mbaga ya bis; embaga y'omwana we yalimu abantu bangi	Attend party; His friends have come to attend bis wedding; His son's wedding was attended by many people
Abamenyi b'amateeka baakayingira mu maka ga Bahemuka	Last rught burglars broke into Bahemuka 'spouse
-omusajja oyo mukakanyavu, olina okwegendereza bw'oba oyogera naye	-that man is sullen, you should be careful when talking to him
Mu biseera ebyayita omuntu bwe yabeeranga n'abagenyi, yayitanga abantu abamu okujja okumuwerekerako.	In the past when a person got visi tors, be/she would invite some people to come and keep tbem company
okugendayo (ku mbaga; ayagala obuzibu)	Attend (he wedding; that wants trouble)
wedding; attend (oyo ayagala obuzibu)	wedding; Attend (he that wants trouble)
Okuleeta ku nnannyini bizinensi	To generate to the owner of an activity
Omulangira yawa omutambuze oyo eyalekebwa Bisereko	The chief gave the emigrant the that was deserted by Bisereko
Bwe yamaliriza obuweereza bwe mu lubiri yafuna ente ey'empologoma okuva eri Kabaka okufumbirwa.	When he ended his service at the palace he received a heifer from the To marry
Bwe yamaliriza obuweereza bwe mu lubiri n'afuna ente okuva eri Kabaka; okufumbirwa	When he ended his service at the palace he a heifer from the King; To marry
- ky'ekisa kya Katonda nti akamwa k'ente kakomawo awaka nga kalamu	-it is by Gods Grace that the mouth of a cow comes back home safely
Enkoko ekozesa ebiwaawaatiro byayo okunoga obuwuka okuva ku ttaka eri obwana bwayo	A hen uses claws its in order to scratch for insects from the ground for its chicks
Enkoko ekozesa ebiwaawaatiro byayo okusaasaanya ebiwuka okuva ku ttaka.	A hen uses its claws in order to for scratch insects from the ground its for chicks
Okuba omusirusiru, omusirusiru, omusirusiru	To be careless, clumsy, stupid
Fury yamuggyamu ebipande ebifaananyi bye baamutwalira awamu.	Fury made her tear into pieces the photo they had taken together
Fury yatema ebitundu bye eby'amaziga mu kifaananyi kye baali bakubye nga bali wamu.	Fury made her tear pieces into the photo they had taken together
Ekitambaala ky'omwana kyakozesebwanga nga bali mu kisaawe.	Her/his cloth was tom while they were inthe playing play ground
n'amuwa ekibonerezo olw'okumuyuza engoye	He/she fined him/her tearing for his cloth
Okubeera okumpi n'olukalala (to be next to by a boundary), border on, be adjacent, separate, take different roads Okubeera okumpi n'olukalala (to be by a boundary), okuba okumpi n'olukalala (to be adjacent), okwawukana (to be separate), okutambulira mu makubo ag'enjawulo	To be next to by a boundary), border on, be adjacent, separate, take different roads
Eggulo akawungeezi ng'atambula nga talina kigendererwa era nga tategedde gy'agenda; Necessitfos bamuleetera okutambula nga talina kigendererwa	Yesterday evening walking aimlessly and Icould not tell where he was walking to; Necessitfos are making him/her walk aimlessly
-Munnaku mulungi taata	-Good morning Father
, Mukama yagamba nti buli eyeeraliikirira obulamu bwe, ajja kubufiirwa	, the Lord said that whoever worries about his/her life, will lose it
Ekikonde kyange omukuŋŋaanyi kivuddeko obutategeeragana wakati wange n'abaliraanwa; eddagala lye bakozesa okuluka ettoffaali liyitibwa orukato, pass. form, tabwa, ku-, oku-	My rattle the gatherer has caused misunderstandings between me and the neighbours; The needle they use to weave the mat is called orukato, pass. Form, tabwa, ku-, oku-
Ekikonde kyange omukuŋŋaanyi kivuddeko obutategeeragana wakati wange n'abaliraanwa; eddagala lye bakozesa okuluka ettoffaali liyitibwa orukato, pass. form, tabwa, ku-, oku-	My rattle the gatherer has caused misunderstandings between me and the neighbours; The needle they use to weave the mat is called orukato, pass. Form, tabwa, ku-, oku-
Obutamanya buviirako omuntu okulwana entalo; Kabaka aziikibwa abantu bangi	Ignorance makes go one for a war; A King is buried very by many people
Okwesittala, okwesittala, okwewonya ng'odduka entambula ntono.	To trip up, stumble, save oneself by running a few paces.
okutabulatabula, okutabulatabula, okutabulatabula, okutabulatabula, okutabulatabula, okutabulatabula, okutabulatabula, okutabulatabula, okutabulatabula, okutabulatabula, okutabulatabula, okutabulatabula	be stirred become muddy. To stir up, upset
okutabulatabula, okutabulatabula, okutabulatabula, okutabulatabula, okutabulatabula, okutabulatabula, okutabulatabula, okutabulatabula, okutabulatabula, okutabulatabula, okutabulatabula, okutabulatabula, okutabulatabula, okutabulatabula, okutabulatabula, okutabulatabula, okutabulatabula, okutabulatabula, okutabulatabula, okutabulatabula, okutabulatabula	To be up, stirred become muddy. To stir up, upset
Mu mbeera enzibu ennyo, obulwadde busobola okusaasaana	To worse, get spread (sores)
mix, okugatta awamu	mix, To join together
okutabulatabula, okutabulatabula, okutabulatabula, okutabulatabula, okutabulatabula, okutabulatabula, okutabulatabula, okutabulatabula, okutabulatabula, okutabulatabula, okutabulatabula, okutabulatabula, okutabulatabula, okutabulatabula, okutabulatabula, okutabulatabula, okutabulatabula, okutabulatabula	To stir up, mix, miss, fail to hit, save,
Omwana atandika okweraliikirira ng'ali mu maka ga jjajjaawe	A child becomes carefree while at it grandmother's home
okutwala ekifo kinene, okusaasaanya, okugaziya	take up much space, spread out, extend
Okubeera n'essanyu,	To be frolicsome,
okubuguma	To warm become
Amazzi gamala akaseera katono okubuguma naye ne gafuna ebbanga ddene okubuguma	Water takes a short time to become warm but a long time to become cool
Amazzi gamala akaseera katono okubuguma naye ne gafuna ebbanga ddene okubuguma	Water takes a short time to become warm but a long time to become cool
Okufulumya amazzi	To draw bale (water}, ladle out
Omuntu bw'agenda n'omwana mu ddwaaliro alina okumuwa amazzi	When an person goes with a child to the he/she must water for the young one
Atakagatahataga, tagatahata, amata mu kibya eky'emiti gatwalibwa n'obwegendereza ku mukono oguggule omuntu abadde agasitula, oyo abadde tagasitula tasobola	Atakagatahataga, tagatahata, milk in a wooden vessel is carefully carried on open palm by a person who ever has carried it so, one who has never done so is not able to do so
okufulumya amazzi n'amazzi n'amazzi n'amazzi n'amazzi n'amazzi n'amazzi n'amazzi n'amazzi n'amazzi n'amazzi n'amazzi n'amazzi n'amazzi n'amazzi n'amazzi n'amazzi n'amazzi n'amazzi n'amazzi n'amazzi n'amazzi n'amazzi n'amazzi n'amazzi n'amazzi n'amazzi n'amazzi n'amazzi n'amazzi n'amazzi n'amazzi n'amazzi n'amazzi n'amazzi n'amazzi n'amazzi n'amazzi n'amazzi n'amazzi n'amazzi n'amazzi n'amazzi n'amazzi n'amazzi n'amazzi n'amazzi n'amazzi n'amazzi n'amazzi n'amazzi n'amazzi n'amazzi	draw To water with, let down etc.) (pitcher, for water
Okugoba n'amaanyi, okutwala n'amaanyi	To push forcibly, take by along force
Okugoba n'amaanyi, okugoba n'amaanyi	To push forcibly, along by force
eddagala ly'amaze okutwala limukozesezza (ng'ekivuddemu okufuluma)	The medecine he/ she bas taken has made him/her weak (as a of result being purged)
Okubeera nga tolina ky'osalawo, okutambulatambula,	To be undecided, ramble waver,
go To emirundi mingi	go To many times
Okugwa, okubula, okukuba oba okukwata	To drop, fail miss, to hit or catch
okugwa, okubula, okulemererwa okukwata oba	To drop, miss, fail to hit catch or
Bwe yabadde agenda okuwandiika, ekkalaamu yamukulukuse n'agwa wansi; n'amudduka ng'ali mu kkubo.	As he/she was going to write, the pencil slipped out of his hands and fell down; He/she from escaped him/her on while the way.
Abazannyi b'ebikonde bwe baba balwana, omulamuzi abayawula	Boxers in the game of fighting are separated by a referee
Omuntu bw'alaba ensolo, asumulula embwa ze okumugoba; Omusajja eyasumulula embwa eri abatambuze avunaanibwa omusango; Omusibe asumuluddwa. -taito, adj.	When a sights an animal, he releases his dogs to chase it; The man who released dogs to travellers was charged with a criminal case; The prisoner has been released. -taito, adj. Small, little, tinny, few, =ke
nnamwandu - bulijjo akola yekka awaka.	widow -the always works alone at her home.
Mukazi we araara amuta/ikire, bw'anywa omwenge n'awasa mukazi we okutuusa enkya; ennyama bw'eba esaana, egiriibwa okumala ennaku ssatu	Mukazi we araara amuta/ikire,, when he takes alcohol he his wife till morning; For meat to be quHe dry, it is grilled for three days
Bw'osula n'ebigere ebyawukana mu kifo ekitono, abalala tebajja kuba na kifo kya kutuula.	If you sit with legs apart in a small space, other people will not have where to sit.
Bw'osula n'ebigere ebyawukana mu kifo ekitono, abalala tebajja kuba na kifo kya kutuula.	If you sit with legs apart in a small space, other people will not have where to sit.
obukoowu, obulwadde, obukoowu	disgust, sicken, weary
Nnyiiga olw'okusaasaanya amaloboozi; bw'olowooza ku muliraanwa wo otera okuleetera abantu okumukoowa; buli omu amukoowa	Be/she makes me disgusted because of rumour mongering; If you spek iU of your neighbour you make people be weary of him/her; Every one gets sick of him/her
Nnyiiga olw'okuwuubaala; bw'olowooza ku muliraanwa wo, otera okuleetera abantu okumukoowa; buli omu amukoowa	Be/she makes me disgusted because of rumour mongering; If you spek iU your of neighbour you make people be weary of him/her; Every one gets sick of him/her
Poliisi ekoze omulimu omulungi okukwata omubbi abadde atiisa abantu mu kyalo; omusawo ono asaba ssente ntono nnyo ku bujjanjabi; akozesa ebimera bya Kitooro okuwonya abantu endwadde zaabwe; obulwadde buno buwonyezebwa abasawo b'omu Afirika	The police did a commendable job to arrest a thief who used to terrorize people in the village; This doctor asks for very little money for treatment; He/she uses Kitooro herbs to cure people of their diseases; This disease is curable by traditional African healers
, tolina kifo kimala kutambuza bigere byaffe	, you have not enough space to stridey our legs
Okuyitamu, okuyitamu	To across, step over
Yamuvunaana olw'okutambulira ku mmere ye	He/she blamed her/him for having strode across his/her food
Tambuurra tana okugaba ennyama (es. ebisigalira by'ensolo eri abavubi)	Tambuurra tana to meat distribute (esp. Remains of carcass to hunters)
Ekigwo; ennyama y'ensolo eyafiiridde mu bunters egabanyizibwako ng'abagwanyi bali mu nsiko; ennyama y'ensolo eyafiiriddwa egabanyizibwako abo bokka abaabadde mu bunters	Stride; Meat from the carcass of an animal killed by bunters is while distributed the hunters are in the bush; Meat of a hunted animal is shared only among those who participated in the bunt
okuggyawo ekyamagero eky'okugoba emyoyo emibi,	remove To a exorcise spell,
Alumwa enva endiirwa y'abantu omwenge; temutamiira mu maka ga bakoddomi baabwe	He is drunk banana of People wine; do not get drunk at the home their of in-laws
Okuba omutamiivu, okuva mu kwebaka ng'otamiiriddwa	To get sober, from wake drunken sleep
Bw'aba anywedde, kimutwalira ebbanga lyonna okwekutula ku ssigala; omubisi gw'ennyama gumuyamba okwekutula ku ssigala	When he/she got drunk it took him/her the whole to get sober; He/she was helped by meat soup to get sober
Okuteeka mu kamwa ka (omulala)	To put into mouth of (another)
Abantu bateeka emmere mu kamwa k'omulwadde kubanga tasobola kugiteeka mu kamwa; tukozesa eccupa okuteeka emmere mu kamwa	People put food the of a patient because he/she is unable to put it into her mouth; We use a table spoon to put food into one's mouth
Okuggya omwana gw'ennyana okuva ku nnyindo emu okudda ku ndala n'okuleetera amabeere gonna okuyingira mu mata	To remove sucking calf from one teat to another so as to induce in milk all teats
Nikyetaaga omubazi ogw'amaani kukiraho, ekiwundu kye kyeyongedde, kyetaaga eddagala eringi okukira; yatwala ebintu bye ku katale k'e Kasunganyanja; yajja mu busungu okuzuula wby omwana wange yamukuba	Nikyetaaga omubazi ogw 'amaani kukiraho, his/her sore has grown worse, it needs much medicine to heal it; she taken hls/her commodities to Kasunganyanja market; He/ she came angrily to find out wby my child hit his/hers
Nikyetaaga omubazi ogw kukiraho, 'amaani ekiwundu kye kyeyongedde okwonooneka, kyetaaga eddagala ery'amaanyi ennyo okukiwonya; Be/ she has taken hls/her commodities to Kasunganyanja market; He/ she came angry to find wby my child hit his/her	Nikyetaaga omubazi ogw kukiraho, 'amaani his/her sore has grown worse, it needs much strong more medicine to heal it; Be/ she has taken hls/her commodities to Kasunganyanja market; He/ she came angrily to find out wby my child hit his/hers
Abaana be basinga okusuula mu bbaasi ate waliwo eddagala erireetera abalwadde okusuula	It is mostly children who vomit buses while There are some medicines which make patients vomit
To (e.g. spread Cement)	To (e.g. spread Cement)
Okusaasaanya amagulu	To out spread the legs
Okutambulira, okufukamira n'ebigere nga byawukana	To astride,kneel with legs apart
Olutalo lw'okununula Uganda lwatandika e Luwero; Tusiime ayagala omusomesa we eyasooka okumuyigiriza okusoma n'okuwandiika; Ssematalo ow'okubiri yatandika Adolf Hitler mu 1939 - 1945	The war to liberate Uganda started in Luwero; Tusiime loves teacher his who first taught him how to and read write; The second world war was started by Adolf Hitler in ( 1939 - 1945)
okuggulawo, okuggulawo	To unsaddle, away clear
Yazuula nti twali tumaze okulya era emmeeza yali emaze okuteekebwa. Tangs. Yali amaze okugenda, naye bba n'amuyimiriza ng'ali mu kkubo	He/ she found that we had already finished eating and the table had already been cleared up. Tangs. She had already gone, but her husband stopped her while on the way
Yazuula nti twali tumaze okulya era emmeeza yali emaze okusasulwa.	He/ she found that we had already finished eating and the table had already been cleared up. Tangs. She had already gone, but her husband her while the
Omusumba yasembezebwa mu maduuka, e Fort portal; baasembezza omubaka waabwe n'ekimuli kya	The Bishop was welcome at the shops, in Fort portal; They welcomed their councilor with a bouquet of He/she gained advantage at their epense because he/she was going to the bus park
Abadde atwala ebinyeebwa bye ku katale; ente zirina abantu bazo ku katale gye zibitwala okuzitunda	She has taken her beans to market; Cattle have their own market people where take them for Onions sale; are sold at Hima market
Atutte ebinyeebwa bye ku katale; ente zirina akatale kazo abantu mwe bazitwala okuzitunda; ebinyeebwa bitundibwa ku katale ka Hima	She has taken her beans to market; Cattle have their own market where people take them for sale; Onions are sold at Hima market
Tanukiirra ku-, v.tr; Mu biseera ebyayita amazzi g'empologoma gaafunibwanga ku muti oba ku muti; tewali amanyi kyavuddeko obulumi wakati we ne munne	Baifll hati kitanukire buhyaka, his/her sore looked as if it was gettingdry, but it isnow septic. Tanukiirra ku-, v.tr; In the past ram water was tapped from a plantain or tree; Nobody knows what caused the qurrel between him/her and his/her compamon
hati kitanukire buhyaka, ekiwundu kye kirabika ng'ekyaliwo naye kati kiwunya. tanukiirra ku-, oku-, v.tr; mu biseera ebyayita amazzi g'empologoma gaavanga ku muti gw'omubisi oba omuti gw'ebisenge; tewali amanyi ekyaleetawo obuzibu wakati we ne munne	hati kitanukire buhyaka, his/her sore looked as if it was but it isnow septic. Tanukiirra ku-, oku-, v.tr; In the past ram water was tapped from a plantain or barkcloth tree; Nobody what caused the qurrel between him/her and his/her compamon
Omuntu bw'atambulatambula wakati w'abantu abatamumanyi, aba talina mirembe.	When a person wanders about amongst people who do not know him/her, he/she gets no peace from them; It is need makes people about
a/i Nkooku omukobi, bwe yasanga abaserikale nga beetoolodde ennyumba ye, yategeera nti yali mu kabi; ekifo ky'ennyumba ye kyatemebwa omuzimbi atendekeddwa	a/i Nkooku omukobi, it is when he found soldiers marshaled around bis home, that he realized he was in danger; The site for his house was measured by a trained builder
Weeteekerateekera ekimera ekikutte n'okiteekera mu kibya	Prepare a cut a pipe stem and fit it into the bowl
Weeteekerateekera omuti, oteme omuti gw'omuti, era oguteeke mu kibya	Prepare a pipe, cut a stem pipe and fit it into the bowl
Ye muntu amanyi buli kimu ekikwata ku bbaayi, abumba bbaayi abanywa bbaayi n'abissa mu bisero byabwe.	It's one who knows all about pipes who molds for pipes pipe smokers and them fits into their bowls
Y'oyo amanyi buli kimu ekikwata ku bbaayi, abumba bbaayi z'abanywa bbaayi n'aziteeka mu bisero byabwe.	It's one who knows all pipes about who molds pipes for pipe smokers and fits them into their bowls
Abawala abamu abalenzi babalimba	Some girls are hoaxed by boys
Okubeera omwetegefu, omuwombeefu,	To be dutiful, docile,
Okuwa olukusa, okuleka ebinaabaawo, okukkiriziganya, okukkiriziganya,	To give permission to, leave it to fate, assent agree,
Kisigala mu buyinza bw'ekibonoobono	Leave it to fate a drawing person
Kati otambuza emmotoka	He/she is now in steady driving a car
Amawulire gaategeezebwa abo abaamuwuliriza ng'ayogera	The news was told by those who listened his/her to talk
okuteesa, okuteesa okuteesa, okuteesa	To at, aim guess, score
be To ku bbugumu (ente, n'ebirala)	be To on heat (cows, etc.)
Ye yali talina nte okubasendasenda ku Teckura heat	His lacked a bull to entice them on teckura heat
Okuba omuteefu, omuteefu,	To be calm, clear, (as settle muddy liquid)
okuteeka	place upright
okuwaayo oba okuwaayo	Give or offer
Okuteeka mu bitundutundu ebitonotono (emmere, n'ebirala)	To set into small measure heaps, out (food, etc.)
Bateekamu tomati mu bibinja by'abaguzi	They put tomatoes in heaps buyers for
okuyiiya {ekikondo}	sharpen To {knife)
Abantu balongoosa emisota n'amafumu ku mayinja; ku bantu abalala balongoosa ebyuma nga bakozesa envuumuulo	People sharpen knives and spears wetstones; on Some other people sharpen tools with a file
Abantu balongoosa emisota, amafumu n'amayinja; abalala balongoosa ebyuma nga bakozesa envuumuulo	People sharpen knives spears and on wetstones; Some other people sharpen tools with a file
Katonda atugaana okulowooza obubi ku baliraanwa baffe; ebirowoozo eby'emirembe Katonda y'abirowoozaako	God forbids to us think unfoundedly bad acts about our neigbbbors; Thoughts of peace are thought by God
Katonda atugaana okulowooza ku bikolwa ebibi eby'abantu be tubeera nabo.	God forbids us to think unfoundedly bad acts our neigbbbors; about Thoughts of peace are thought by God
okuggya, okuggya, okuggya	To take displace, off, remove
okuggya, okuggya	To take off, remove
Okuggya, okuggya; Byasiiriira, yalemwa okufuna omuntu okutwala emmere gye yali afumba okuva ku muliro n'ekivaamu n'eyokya; emmere bw'efumbirwa embaga abasajja be bayamba abakazi okuggya emmere mu muliro (ku mayinja ag'okufumba); abasajja be bokka abaggya omuliro (ku mayinja ag'okufumba teerateerana)	Displace, remove; Byasiiriira, she failed to get someone to take the food she was cooking off the fire and consequently it gotburned up; When food is cooked for a party it is the men who help women to take food ofT fire (off cooking stones); It was only men who took off the fire (from the cooking teerateerana stones)
Okuwangula, okuwangula, okuwangula, okuwangula, okuwangula, okuwangula, okuwangula, okuwangula, okuwangula, okuwangula, okuwangula, okuwangula, okuwangula, okuwangula, okuwangula, okuwangula, okuwangula, okuwangula, okuwangula, okuwangula, okuwangula, okuwangula, okuwangula, okuwangula, okuwangula, okuwangula, okuwangula, okuwangula, okuwangula, okuwangula, okuwangula, okuwangula, okuwangula, okuwangula, okuwangula, okuwangula, okuwangula, okuwangula	To beat. Strike,
Musekerere nnyo; Musekerere nnyo; Mudduke mangu nnyo, tum a somersault; Tum the back on; Sigh (when Blow tired); a born; Remold an old pot; Beat the Make air; a bridge; Bellow (bull), close; Stamp the Make foot; a barkcloth; Make merry; T. slap, Empi, hit with flat of band; Dance; Make a journey; Polish shoes	Laugh loudly; Burst out laugrung; Run very fast, tum a somersault; Tum the back on; Sigh (when Blow tired); a born; Remould an old pot; Beat the Make air; a bridge; Bellow (bull), shut; Stamp the Make foot; a barkcloth; Make merry; T. slap, Empi, hit with flat of band; Dance; Make a journey; Polish shoes
Seka n'eddoboozi ery'omwanguka; Seka n'eddoboozi ery'omwanguka; Yanguwa nnyo; Yanguwa nnyo; Yimba; Yimba; Yimba; Yimba; Yimba; Yimba; Yimba; Yimba; Yimba; Yimba; Yimba; Yimba; Yimba; Yimba; Yimba; Yimba; Yimba; Yimba; Yimba; Yimba; Yimba; Yimba; Yimba; Yimba; Yimba; Yimba; Yimba; Yimba; Yimba; Yimba; Yimba; Yimba; Yimba; Yimba; Yimba; Yimba; Yimba; Yimba; Yimba; Yimba; Yimba; Yimba; Yimba; Yimba; Yimba; Yimba; Yimba; Yimba; Yimba; Yimba; Yimba; Yimba; Yimba; Yimba; Yimba; Yimba; Yimba; Yimba; Yimba; Yimba; Yimba; Yimba; Yimba; Yimba; Yimba; Yimba; Yimba; Yimba; Yimba; Yimba; Yimba; Yimba; Yimba; Y	Laugh loudly; Burst out laugrung; Run very fast, tum a somersault; Tum the back on; Sigh (when tired); Blow a born; Remould an old pot; Beat the air; Make a bridge; (bull), Bellow shut; Stamp the foot; Make a barkcloth; Make merry; T. Empi, slap, hit with flat of band; Dance; Make a journey; Polish shoes
okubeera awamu, okubeera mu ndagaano, okwetaba, okukola omukago	To be together, be in have agreement, sexual intercourse, make alliance with
Olw'okuba omusajja n'omukazi bombi baali banafu, kabona yabawasa mu maka gaabwe	Both the man and the woman being weak, the priest married them at their home
Olw'okuba omusajja n'omukazi bombi baali banafu, kabona yabawasa mu maka gaabwe	Both the man and the woman being weak, the priest married them at their home
Emmotoka zitera okusattulukuka; okuvuga ekisukkiridde ng'eri mu mmotoka kye kiviirako emmotoka okusattulukuka	Motor cars often in collid comers; It is overdriving while in comers that causes motor cars to collide
Emmotoka zitera okusattulukuka nga ziri ku nguudo; okuvuga ennyo nga ziri ku nguudo kye kiviirako emmotoka okusattulukuka	Motor cars often collid in comers; It is overdriving while in comers that causes motor cars to collide
lo stir enjoin, up urge okuteesa	Lo stir enjoin, up urge
Yabagamba obutakkiriza baana be kutambula kiro; omusomesa teyabagamba mu mbeera yonna okujja ku ssomero nga tebalina ngatto; yabagamba okusigala nga beesigwa eri okukkiriza kwabwe	He/she enjoined them not to allow any of his/her children to travel at night; The teacher enjoined them not any under circumstance should they come to school without wearing shoes; They have enjoined been to remain faithful to their faith
Yabagamba obutakkiriza mwana we yenna kutambula kiro; omusomesa yabagamba nti mu mbeera yonna tebalina kujja ku ssomero nga tebalina ngatto; yabagamba okusigala nga beesigwa eri okukkiriza kwabwe	He/she enjoined them not to allow any of his/her children to travel at night; The teacher enjoined them not under circumstance any should they come to school without wearing shoes; They have been enjoined to remain faithful to their faith
okugaana, okuziyiza, okuziyiza	deny, To oppose, contradict
Yeegaana mu maaso g'omulamuzi okwenyigira mu buzzi bw'emisango	He/ she denied before the magistrate committing such ever an offence
Okuba omunnyogovu, omutono, omutono, omutono, omutono	To be be slippery, smooth, slide, glide
Akategera omuka, yava mu ddwaliro ng'awonyezza ddala obulwadde, ng'awonyezza ddala oluvannyuma lw'okugenda awaka. Tega, ku-, oku -, v.tr; Trip up in Ekintu ekibuuka kiwanikiddwa okuva ku ttaka: c. Form, tegesa, k11-, oku-; Strong are trapped with a lasso made of sisal	Akategera omuka, left hospital he/she was fully recovered from illness, he/she was fully recovered after he/she had gone home. Tega, ku-, oku -, v.tr; Trip up in A flying object is trapped from the ground: c. Form, tegesa, k11-, oku-; Strong are trapped with a lasso made of sisal
Okubeera n'eby'okukola bingi, okweraliikirira ennyo	To be busy, very be bothered
Abalwadde baali balindirira omusawo okuva ebweru w'ekisenge kye; baali basobeddwa olw'okulindirira omugenyi atajja; omukulembeze w'eggwanga yali alindiddwa abantu be yali asuubizza okukyalira	The patients waited for the doctor from outside consuJtation his room; Theywere disappointed by having been made wait to for a visitor who never turned up; The head of state was for awaited by the people he had promised visit to
Abalwadde baali balindirira omusawo wabweru w'ekisenge kye eky'obujjanjabi; baali basobeddwa olw'okulindirira omugenyi atajja; omukulembeze w'eggwanga yali alindiddwa abantu be yali asuubizza okukyalira	The patients waited for the doctor outside from his consuJtation room; Theywere disappointed by having been made to wait for a visitor who never turned up; The head of state was awaited for by the people he had promised to visit
Weetaaga omuweereza okukuwa obuvunaanyizibwa okuteeka engoye zo mu kifo kyazo ekituufu?; genda oyambe muganda wo okuteekawo ebintu bye yakozesanga ku ky'okulya	Do you need a servant for responsible putting your clothes in their proper place?; Go and help your brother put away the thingsthey used have at meal
kuba mutuufu. mutuufu, mutuufu, mutuufu, mutuufu, mutuufu, mutuufu, mutuufu, mutuufu, mutuufu, mutuufu, mutuufu, mutuufu, mutuufu, mutuufu, mutuufu, mutuufu, mutuufu, mutuufu, mutuufu, mutuufu, mutuufu, mutuufu, mutuufu, mutuufu, mutuufu, mutuufu, mutuufu, mutuufu, mutuufu, mutuufu, mutuufu, mutuufu, mutuufu, mutuufu, mutuufu, mutuufu, mutuufu, mutuufu, mutuufu, mutuufu, mutuufu, mutuufu, mutuufu, mutuufu, mutuufu, mutuufu, mutuufu, mutuufu, mutuufu, mutuufu, mutuufu, mutuufu, mutuufu, mutuufu, mutuufu, mutuufu, mutuufu, mutuufu, mutuufu, mutuufu, mutuufu, mutuufu, mutuufu, mutuufu	To be straight. level, Teke, e-, n.cl.9,{pl. Nil)
Ggyayo ekikonde okusooka okutuuka w'ekyatandikira n'ekyuuka olwo n'otandika okukikuza; Bw'otunga ekikonde nga tomanyise bulungi bibala by'enkindu kigyuuka; Gutemiibwe omukazi ayaba naaguruka, si y'akyuuse ekikonde kyo, wabula ye mukazi abadde akyuuse. Tema, ku -, oku-, v.tr; Luma ekigere; Ekuzire muno, anoonya omuntu amutemeko emiti gy'akuze; Omusota gwamukuma ng'ali mu nnimiro ng'asima; Abasajja bakozesa enkumbi okusuula emiti; Oyo eyalumizibwa omusota yadduka omusota	Unravel the mat first up to the spot where it started going and crooked then start putting it straight; When you weave a mat without firmly fixing the palm leaves it goes crooked; Gutemiibwe omukazi ayaba naaguruka, it is not f who made your mat crooked, it is the woman who has been weaving it. Tema, ku -, oku-, v.tr; Bite the leg; Ekuzire muno, she is looking for someone to cut down her trees as they have over grown; The snake bit her while in the garden digging; The men used an axe to fell the trees; He/ she that was once bitten by a snake will run away from a lizard
Obusungu bwamuleetera okuyuza amabaluwa ge yali amuwandiikidde; Abaana balinnya emiti gy'ebibala basobole okukung'aamu ebibala	Indignation made him/her to tear the letters which he he/she had written to him/her; Children climb fruit trees so that they may pick fruit from them; The buffaloes made them climb a tree
Omulamuzi yategeera nti bye yayogera ku ye byali bya bulimba	The arbitrator that realized what he/she said about him/ her was false
okusitula okusitula	To up to climb
Omusuma yasoboraga kuzitembeerra akaziiba, kyokka, enzige ennene zaakuumibwanga, omubbi n'alinnya okuzibbira	Omusuma yasoboraga kuzitembeerra akaziiba, however, high grasshoppers would be kept, a thief would climb up to steal them
Omusuma yasoboraga kuzitembeerra kyokka, akaziiba, enkumbi ez'oku ntikko zaakuumibwanga, omubbi yali akyalinnya okuzibbako	Omusuma yasoboraga kuzitembeerra however, akaziiba, high grasshoppers would be kept, a thief would still climb up to steal them
Ekikondo ky'ennyumba ekikwatiddwa n'obunyoomi, ekyawambibwa mukazi we n'omusajja omulala.	It is the bead of the house that is held with contempt that is deprived his of wife by another man
okukka, okukka, okuva mu buliri	To come down, descend, get out bed of
Omwana omukulu teyeetaaga muntu kumuteeka mu buliri	A grown up child does not require a person for putting him/her down the bed
okuyimusa, okuyimusa, okuyimusa	To cause to raise, ascend, hoist
Eggye ly'ekibiina oba ery'eggwanga liyimbibwa ku makya ne liyimbibwa akawungeezi	The flag of an organization or of a nation is hoisted in the morning unhoisted in the evening
Babimutemereza, abakulu baasanze ennimiro ye ey'emizabbibu ejjudde omuddo ne bamuggyako, bayita. Form, temererwa, oku-; Ennimiro ye ey'emizabbibu emaze emyaka ebiri nga temuggiddwako omuddo. Tengeetera tereza omusisa obu g111eera ensi yoona etengeeta, musisi bw'ayita, ensi	He/she is looking for a person to free his/her plantation of weeds; Babimutemereza, the chiefs found his/her banana plantation overgrown with weeds and they him/her to free it of them, pass. Form, temererwa, oku-; His/her banana plantation has spent two years without being freed of weeds. Tengeetera tereza omusisa obu g111eera ensi yoona etengeeta, when the ea11hquake passes by, the earth
Babimutemereza, abakulu baasanze ettaka lye eririmu omuddo ne bamuwaliriza okuliggyamu omuddo, Form, pass. temererwa, ku-, oku-; Ettaka lye eririmu omuddo lyaakamala emyaka ebiri nga teririmu omuddo. Tengeetera tereza omusisa g111eera obu ensi yoona etengeeta, bwe wabaawo musisi, ensi ekankana	He/she is looking for a person free to his/her banana plantation of weeds; Babimutemereza, the chiefs found his/her banana plantation overgrown with weeds and they forced him/her to free it of them, Form, pass. temererwa, ku-, oku-; His/her banana plantation has spent two years without being freed of weeds. Tengeetera tereza omusisa g111eera obu ensi yoona etengeeta, when the ea11hquake passes by, the earth qunkes
: be (as cheese).abcm111 tibalyanabakobaabo habw ·ok1111111a kutengeetera, abantu tebalya na balongo baabwe olw'okufuna obulwadde bw'okukankana	: be (as fromage).abcm111 tibalyanabakobaabo habw ·ok1111111a kutengeetera, people do not eat with their sons in-law for of getting a shaking disease
ebikalu; Wakame yateranga okukulukusa amayinja n'akuba abo abajjanga okumukwata	rolls Something where there is a slope; Wakame used to roll stones down the slope and hit those who came to arrest him
Waliwo ekikulukusa awali olusozi lw'e Wakame; kyakozesebwanga okukulukusa amayinja ku lusenyi n'akuba abo abajja okumukwata	Something rolls where there is a Wakame slope; used to roll stones down the slope and hit those who came to arrest him
Teoteerra, ku-oku, v.i	Stop me speak as the slope of a hill is forcing me to fall forward. Teoteerra, ku-, oku, v.i
Lekera awo okumpikiriza okwogera ng'olusozi lunkubiriza okugwa mu maaso. Teoteerra, ku-oku, v.i	Stop making me speak as the slope of a hill is forcing me to fall forward. Teoteerra, ku-, oku, v.i
Yafuuka omugayaavu olw'okuba teyalina muntu yenna eyamukubiriza okukola; okubeera mu buliri ekiseera kyonna kimufuula omugayaavu; obugayaavu bwamufuula omugayaavu	He/ she became indolent because be/she did not have anyone to encourage him/her work; to Keeping in bed all the time makes one indolent; Laziness made him/her indolent
Yafuuka omugayaavu kubanga teyalina muntu yenna eyamukubiriza Okukuuma omulimu; mu buliri buli kiseera kimufuula omugayaavu; obugayaavu bumufuula omugayaavu	He/ she became indolent because did be/she not have anyone to encourage him/her to Keeping work; in bed all the time makes one indolent; Laziness made indolent him/her
Terebura, v.tr; ku-,.oku-, Be yali agenda mu kuzimba ekibuga naye bazadde be ne bamugaana	He/she slid while descending a hill and fell down and got a fracture. Terebura, v.tr; ku-,.oku-, Be was going to in build town but his parents discouraged him
Ennyumba eyazimbibwa ku ttaka eriggwaawo eba ya buseere	A house that is built on a leveled ground costs money
Okusiga oba omu ku omu	To sow or one by one
Bwe yali mulwadde, baliraanwa be baasiga enva endiirwa ze; bakazi banne be baamuyambanga okumusiga enva endiirwa ze; baliraanwa be baasiga enva endiirwa ze	When she was sick, it was the neighbours who planted her beans; It is her fellow women who helped her plant the beans for her; Her beans were planted by the neighbours
Bwe yali mulwadde, baliraanwa be baasiga enva endiirwa ze; bakazi banne be baamuyambanga okumusiga enva endiirwa ze; baliraanwa be baasiga enva endiirwa ze	When she was sick, it was the neighbours who planted her beans; It is her fellow women who helped her plant the beans for her; Her beans were planted by the neighbours
To tom, beera rent	To tom, become rent
Yamuvunaana okumuggyako olugoye, n'amusuula mu biwandiiko byonna bye yabanga amutumye.	She accused for him tearing her dress; Indignation made her tear all the correspondences he used to receive from him
Abahunzi enkwozi, bolwndiso abo abantu abakolamu ebikonde n'ebibaati ate abo abakolamu ebirungo n'ebikonde	Abahunzi enkwozi, bolwndiso who people ornament sticks so do with leaves those while who objects adorn do so with beads
Okuteeka mu kifo ekizibu okuwa omulimu ogutasoboka	To in put a position, difficult give an impossible task
Okuteeka mu mbeera enzibu, ekintu ekitasoboka	To put in a difficult position, an impossible
Yamuwa akagaali akaliko obulemu ekyamutwalira ssente ezitali za mugaso.	He trickly gave hnn a faulty bicycle which put him unnecessary into expense
I., ( -teneekaine) pf.	I., ( -teneekaine) pf.
Jjangu osime olusuku lwange ng'okyuusa ebituli; kye kisenge ekiriko ebituli ekirabika obulungi okyuusa ebituli mu kusima	Come and dig my garden by turning over clods; It is a bladed hoe broad that is suitable for turning over clods in digging
Okwewaana, okusavuwaza, okutendereza ekisukkiridde, abandi obantu bakora obu kintu kinmgi tibagonza kubatengeerra, abantu abamu tebaagala kutenderezebwa nnyo nga bakoze ekintu ekirungi	To exclaim, exaggerate, overpraise (supposed to bring bad luck), abandi obantu bakora obu ekintu kinmgi tibagonza kubatengeerra, some people do not want be to over praised when do something good
okukankana, okusuula	shake, To tilt
shaking, okukankana, okukankana, (eryato)	shake, To quake, roll fidget, (boat)
okusa ejjinja ly'omugole omukazi eryo lyali lisensese ku mbaga.	grinding Her stone was made slippery at the wedding (by grinding wrong stuff on it)
Okubeera omwavu	To be poor
Bwe yakitegeera nti omusango gwali gugenda kumwesasuza, yasalawo okuguleka.	When he realized·that the case would end up against him/her, he/ she decided to away from it
okusekerera, okusekerera (omugabi)	To mock, disparagingly of (a benefactor)
Okubeera omuteefu, okwogera (ng'omwana)	To be carefree, to talk (as a child)
Okubuusabuusa, okubuusabuusa, okubuusabuusa	To undecided, be waver, hesitate
give To to (eyakozesebwa ku mwana omuto)	give To to (used of a young child)
Abakazi basima bwe batyo (balaga ekikolebwa); Ente zisala bwe zityo (zikola amaloboozi), ndo/10 mi, Iam bwe zityo; Ihave thus said (quot what you have said) agamb1re ati, he has said so (quot his words). Ti- negative prefix at the beginning of a verb stem beginning with a consonant and the vowel i. Tibaijuka, they don't remember; Embuzi yafuuka enzibe bwe yajja okusomoka omugga; Yali atya amazzi g'omugga agagifuula enzibe	Women dig like this (show action); Cows mow like this (make the sound), ndo/10 mi, Iam like this; Ihave thus said (quote what you have said) agamb1re ati, he has said thus (quote his words). Ti- negative prefix at the beginning of a verb stem beginning with a consonant and the vowel i. Tibaijuka, they do not remember; The goat became stubborn when it came to crossing the river; It was of fear the river waters that made it stubborn
Abakazi nga bano (balaga ekikolebwa); Ente nga zino (zifulumya amaloboozi), ndo/10 mi, Iam nga zino; Ihave said so (quot what you have said) ati, he said so (quot his words). Ti- negative prefix at the beginning of a verb starting with a consonant the vowel i. Tibaijuka, tebalijjukira; Embuzi yafuuka bwe yajja okusomoka omugga; Yali atya omugga eyagifuula	Women like this (show action); Cows like this (make the sound), ndo/10 mi, Iam like this; Ihave said thus (quote what you have said) ati, he said thus (quote his words). Ti- negative prefix at the beginning of a verb beginning with a consonant the vowel i. Tibaijuka, they do not remember; The goat became when it came to crossing the river; It was fear of the river that made it
Muganda we ow'omusaayi ye yamuyamba okukuŋŋaanya n'okutwala enku okutandika okuzimba ennyumba ye	It is his blood brother who helped him gather and carry wood for beginning to build his house
okuwanirira (ekintu) nga kigwa n'emiggo	To support (a thing) falling with poles
okusaasaanya ebintu, okusaasaanya ebintu	To cram, stuff, load over
Ekyokulya kyamuyisa bubi, n'amusiiga ng'ali mu maka ge	The food made that him/her sick, she stuffed to him/her while at her home
Omuntu bw'agula olugoye olupya n'alwegomba	When a person buys a cloth new gets he/she infatuated with it
Ennyama y'omuntu atalina magumba egenda kutemebwa; waliwo ebyuma ebikozesebwa okutema ennyama.	The meat for thetoothless person would be minced; There are machines which are. Used to mince meat
Ennyama y'omuntu atalina magumba egenda kutemebwa; waliwo ebyuma ebikozesebwa okutema ennyama.	The meat thetoothless person would be minced; There are machines which are. to mince meat
okutya, okussa ekitiibwa mu	To fear, hold reverence in
Omusajja yalemeddeko munne bwe yakwatibwa mu nsiko	A man his hunting mate in the lurch when he was caught by the in the jungle
Omusajja yaleka munne ng'awera bwe yakwatibwa ensolo mu nsiko	A man left his hunting mate in the when lurch he was caught by the buffalo in the jungle
Enkoko ekwata ebiwaawaatiro bya nnyina; engoye zaayo nzeru nnyo; omuzira gubuguma ddala	A chick twitters in it's mothers wings; His/ clothes are copiously white; Snow is absolutely cold
Abantu bakung'aanya amatoffaali n'omuggo ate amatoffaali agakuze ne bagakung'aanya	People scoop up young potatoes with a stick and the fully grown up with a hoe
Okuba (olugoye) lwonoonese olw'obutali bulongoofu	To be (cloth) discoloured due to poor tiritn """"t
Okuba (olugoye) lwonoonese olw'obutali bulongoofu	To be (cloth) discoloured due to poor tiritn """"t
Burofu zitinda, engoye ezitalina tintimya, ku-, v.c; zaali zikaddiye	Waddle. Burofu zitinda, clothes which have not tintimya, ku-, v.c; Had become stale
Abaana be bwebatwala (mats), bwebatwala (bedstead), bwebatwala ekifo ekinene nebasobya ebintu; omuntu kakuba ebyokulya obicumbisa omuurro ekintu mu kitanda kye ne kibula, ogutarukumara, nibitirima.	Ifhis/her children take up(mats), take down (bedstead), to bad a large compound they would be mess up things; When a person kakuba ebyokulya obicumbisa omuurro something in loses his/her bed, he/she ogutarukumara, nibitirima. If you cook removes each and every item on it so food under insuffient fire, it becomes as to find it
Okubuuka-buuka, okubuuka-buuka	To skip about, frolic caper
ennyumba	House
Bwe yakizuula nti yali amaze okuteeka omuddo mu mazzi agafukumuka, yamuleka ne yeeyongera okufumbira.	When she· found that she had already put millet in the boiling water, she let continue her with the cooking
Omuntu aba takwatagana bw'ayogera mu ngeri etali ntuufu	A person is incoherent if he/she speaks and illogically inconsistently
Emmere eyo bw'eba ng'eteekebwa etandika okubuuka kitegeeza nti enaatera okuteekebwawo	When that food is being cooked begins to bubble it that means it is nearly getting ready
Emmere bw'eba etandise okubuuka kitegeeza nti eneetera okuteekebwako	When food that is being cooked begins to bubble it means that it is nearly getting ready
Okuyomba kwa Benoisy,	To benoisy shout,
Yafuna akasiriikiriro mu kkooti era omulamuzi n'amukangavvula; bw'oyimusa omuwendo gwa leediyo ennyo kiyingirira emboozi z'abantu	He/sbe became noisy in court and the magistrate reprimanded him/her; When you the radio volume very high it interferes with people's conversation
Yatandika okuwuubaala mu kkooti era omulamuzi n'amuvumirira; bw'oteeka omutindo gwa leediyo waggulu ennyo kikosa abantu nga boogera	He/sbe became noisy in court and the magistrate reprimanded him/her; When you put the radio volume very high it interferes people's with conversation
of (r tokomiire)	Of ( r tokomiire)
-tokomiizci: pass of c.form, tokomevbwa, ku-,ok,,.	-tokomiizci: pass of c.form, tokomevbwa, ku-,ok,,.
Okukola ekyo kijja kweraliikiriza omuntu, n'abula okuva mu maaso	To make that will disturb one, disappear from sight
Omuntu 'embabazi yamutokoora, yafuna ekizimba mu liiso n'omuntu omulungi n'akiggyamu	Omuntu 'embabazi yamutokoora, he got a foreign body into his eye and kind person took it out from it
Omuntu ow'embabazi yamutokoora, yafuna omugenyi mu mubiri gwe eriiso n'omuntu ow'ekisa n'aliggyamu	Omuntu ow 'embabazi yamutokoora, he got a foreign into body his eye and some kind person took it out from it
eryato n'abantu bonna abali ku lyato mu nnyanja; eyayokya ennyumba ye ye yayagala ebintu bye bizikirizibwe; okulya obuwunga bw'obutta abalala bwe basobola okulya	A boat and all the people aboard it in the sea; He/she that burnt her house was the one who wanted to have his property destroyed; Eating of millet meal that others can also eat
To (eddoboozi eddene Royal drum)	To (large sound Royal drum)
okusobya okusobya okusobya okusobya okusobya okusobya okusobya okusobya okusobya okusobya okusobya okusobya okusobya okusobya okusobya okusobya okusobya okusobya okusobya okusobya okusobya okusobya okusobya okusobya okusobya okusobya okusobya	charge To knock into, against accidentally
Okugoba, okugoba, okugoba, okufumita, okufumita, okufumita, okufumita, okufumita, okufumita, okufumita, okufumita, okufumita, okufumita, okufumita, okufumita, okufumita, okufumita, okufumita, okufumita, okufumita, okufumita, okufumita, okufumita, okufumita, okufumita, okufumita, okufumita, okufumita, okufumita, okufumita, okufumita, okufumita, okufumita, okufumita, okufumita, okufumita, okufumita, okufumita	To charge into, against knock accidentally
Yakuba ku kisenge mu kizikiza ng'agenda okwebaka; yavuga emmotoka ye ng'atamidde era n'agikuba ku mabbali g'oluguudo	He/she knocked against a wall in the dark when he/she was going to bed; He drove his car while he was drunk and he made it against knock a road bank
Yakuba ku kisenge mu kizikiza ng'agenda okwebaka; yatambuza emmotoka ye ng'atamidde era n'agikuba ku mabbali g'oluguudo	He/she knocked against a wall in the dark when he/she was going to bed; He his drove car while he was drunk and he made it against knock a road bank
Abantu abamu boogera ku mayumba nga bakozesa ebitoogo; bw'oba tolina langi ekolebwa osobola okukozesa ebitoogo ebyakolebwa mu kitundu	Somepeople depict houses with chalk; If you do not have manufactured paint you can locally use mined white clay (chalk)
Okutegeka olusenge ng'otandise okuzimba ennyumba y'omutuuze; ey'omusota, obutwa obwetegekeddwa okusobola okubufulumya; ey'omwana, okukula n'okulowooza omuntu omukulu; Yamuyita okujja n'okumutegeeza omwana	Prepare the roof when beginning to build a round native hut; Of snake, poison ready so that it can have it discharged; Of a child, grow up and reason a grown up person; He invited to come and identify the child for him
Baakuŋŋaanya omuddo gwonna ogwali tegukunguddwa mu nnimiro; yagaana okunnyonnyola ekyabaviirako okweyawula; yalagira abaana be bagende bakuŋŋaanye omuddo ogwali gusigaddewo mu nnimiro abakunguzi baagulekera jjajjaabwe	They have picked all the millet that was left unreaped in the garden; He/she refused to explain fully the cause of their estrangement; He/she his/her ordered children to go and reap the remaining millet that the reapers left in the garden for their grandmother
Baakuŋŋaanya omuddo gwonna ogwali tegukunguddwa mu nnimiro; yagaana okunnyonnyola ekyabaviirako okweyawula; yalagira abaana be bagende bakuŋŋaanye omuddo ogwasigaddeyo mu nnimiro eri jjajjaabwe	They have picked all the millet that was left unreaped in the garden; He/she refused to explain fully the cause of their estrangement; He/she ordered his/her children to go and reap the remaining millet that the reapers left in the garden for their grandmother
bitondooka, bwe bitondooka ne bitonnya bitonnya	open (beans, ebihimba obu byoma muno bitondooka, when beans get to dry they split
Yabasabye okumuggyako.	He/she asked them to unpod the for her
Yamala omwaka gwonna ng'amunoonya asasule ebbanja lye	He/she spent the whole dunning year him for payment of his/her debt
Yamala omwaka gwonna ng'avunaana omusango gw'ensolo ze okulya ebirime bya muliraanwa we; Yamuwaliriza okuvunaana omusango gw'ensolo ze okulya ebirime bye.	He/she spent the whole year pleading against a charge that his animals ate the crops of a neighbour; He/she made him/ plead her against charges that his/her animals ate bis/her crops; These days it is the advocates that against plead charges against put someone
Yasobola okuwangula omusango kubanga yalina omuntu eyamuwolereza; Yamuwolereza mu kkooti enkulu; Basatu baamuwolereza. Tongatongya, oku-, oku-, v.i; Twakubirizibwa obutayogeranga bigambo bingi nga tusaba. Tongeerra ku-, oku-, v.tr. & v.i; Oluyimba lwabwe lwali lulungi naye nga terulina muyimbi; omukiikaro ky 'okuzina abantu aband; Mu kifo ky'abantu abalala nga boogera ebigambo ku kintu; Abayimbi abatalina muyimbi bajja kufuna omu okubayamba mu luyimba A nga tebalina muyimbi	He/she was able to win the case because he/she had someone pleading for him/her; He/she pleaded for him/her in I.he High court; Three pleaded him/her. Tongatongya, oku-, oku-, v.i; We were advised not to utter many words when praying. Tongeerra ku-, oku-, v.tr. & v.i; Their song was nice but it lacked a soloist· omukiikaro ky 'okuzina abantu aband; Instead of some other people only recite words about something; Singers who do not have a soloist will hire one to come and lead them in the A song without a soloistdoes not its aimclearly
Yali asobodde okuwangula omusango kubanga yalina omuntu eyamuwolereza; Yamuwolereza mu kkooti enkulu; Abakulembeze basatu baamuwolereza. Tongatongya, oku-, oku-, v.i; Twakubirizibwa obutayogeranga bigambo bingi nga tusaba. Tongeerra ku-, oku-, v.tr. & v.i; Oluyimba lwabwe lwali lulungi naye nga terulina muyimbi; omukiikaro ky'okuzina aband abantu; Mu kifo ky'okuyimba abantu abalala boogera ebigambo byokka ku bayimbi abakola ekintu; tebalina muyimbi ajja okupangisa omu okubayamba mu kuyimba; Oluyimba olutaba na muyimbi terwoleka kigendererwa kyakyo bulungi	He/she was able to win the case because he/she had someone pleading for him/her; He/she pleaded for him/her in I.he High court; Three pleaded advocates for him/her. Tongatongya, oku-, oku-, v.i; We were advised not to utter many words when praying. Tongeerra ku-, oku-, v.tr. & v.i; song Their was but nice it lacked a soloist· omukiikaro ky 'okuzina abantu aband; Instead of singing some other people only recite words about Singers who something; do not have a soloist will hire one to come and lead them in the singing; A song without a soloistdoes not reflect its aimclearly
Yakizuula nti ebirime bye byonna byali bikula nga Byakunaga alwana; Byenkya ng'azannyira ne mukyala we; abo abaakungula ebirime bye baakikola ng'enkuba etonnya olunaku lwonna	She found that all her ripe beans had been Byakunaga fought picked; Byenkya for dancing with his wife; Those picked who ripest her beans did so when it rained throughout the day
Yakizuula nti ebirime bye byonna ebikadde byabadde bisimbuliddwa; Byakunaga yalwana ne Byenkya olw'okuzina ne mukyala we; abo abaali basimbulidde ebirime bye ebikadde baakolanga bwe batyo nga enkuba etonnya olunaku lwonna	She found that her all ripe beans been had picked; Byakunaga fought Byenkya for dancing with his wife; Those who picked her ripest beans did so when it rained throughout the day
Okuleetera ekiwundu obulumi olw'okukikwatako n'ekintu eky'amaanyi	To arouse pain in the sore as a result of bringing it into contact with a hard object
Bw'atambula afuna obulumi mu biwundu	When he/she walks he/she arouses pain in his/her sore; He/she aroused pain in his/ her sore he/she as went to hospital
bw'atambula aleeta obulumi mu biwundu bye; aleeta obulumi mu biwundu bye ng'agenda mu ddwaliro	When he/she walks arouses he/she pain in his/her sore; He/she aroused pain in his/ her sore as he/she went to hospital
Baali bazannya nga mu bukyamu muganda we yabaleetera obulumi mu biwundu bye n'ekyavaamu n'akaaba; yabaleetera obulumi mu biwundu bye nga bazannya; muganda we ye yabaleetera obulumi mu biwundu bye nga bazannya	They were playing when accidentally his/her brother caused pain his/her in sore and consequently she cried; caused pain He/she in his/her sore while they played; It is his/her brother/sister that caused pain in his/her sore while they played
n'okukula n'okunafuwa, n'okutunuulira n'ennaku	grow To thin feeble, and look mournfully
omwana ono yakula nga munafu era olw'obutaba n'emmere entuufu; omwana ono atera okumufuula munafu era munafu	child This grew thin feeble and due to lack of proper Beating feeding; that child frequently will make him thin and feeble
okubuuka wansi,	Dive down,
okubuuka, okubuuka, okubuuka, okubuuka, okubuuka, okubuuka, okubuuka, okubuuka, okubuuka, okubuuka, okubuuka, okubuuka, okubuuka, okubuuka, okubuuka, okubuuka, okubuuka, okubuuka, okubuuka, okubuuka, okubuuka, okubuuka, okubuuka, okubuuka, okubuuka, okubuuka, okubuuka, okubuuka, okubuuka, okubuuka, okubuuka, okubuuka, okubuuka, okubuuka, okubuuka, okubuuka, okubuuka	Dive descend down,
Nawulira abantu nga beemulugunya wabweru; Njagala okumanya ekyabaleetera munnur	I heard people murmuring outside; Iwanted to know what made them to munnur
Okukuŋŋaanya n'okukuŋŋaanya ebintu, okutereka engoye enkadde	To collect and put together things, worn-out patch old clothes
Gaamutoonyera, atuula mu kifo awali amazzi agava ku kisenge ky'omuddo nga gatonnya era nga gatonnya ku ye	Gaamutoonyera, he/she sat in a place where water from the grass thatch roof was dripping and it dripped on him/ her; A caJabash which bas a hole in it makes the water in it drip; The water could be dripping from a hole that was left unblocked
Bw'osula wansi w'ekitooke ekimyufu ekikutte amazzi gajja kukutonnyaako; Ensonga lwaki abakozi bateekebwako akabonero buli lunaku kwe kumanya omuwendo gw'ennaku ze baakola n'ezo ze bataakola; Abaana abamu abayizi b'eddiini bateekebwako akabonero buli lwa Ssande	If you sit under a hanging wet cloth water from it will drip on you; The reason why labourers are marked off daily is to know the number days they worked and those they did not; Some children who religious classes are marked on every Sunday
Eyatwala ekifo eky'okuddukiramu enkuba era n'afuna ekisiikirize ekitaliiko kkomo tayinza kulinda.	One who hastaken shelter from rain and bas a longjoumey to cover will not wait it ceases
Waliwo engoye ezitwala akaseera katono okulekera awo okukulukuta amazzi nga n'ezo ezitwala ekiseera ekiwanvu; engoye ennyogoga zijja kulekera awo okukulukuta ku mazzi a where line it's bung	There are clothes which take a short time to stop dripping of water when and wet those which take a long time; A wet cloth will stop of dripping on water a where line it's bung
Ekinnya kye kirimu ensolo enkambwe eyagwa mu kkubo lyayo, ku-, oku- (pi-tooziibwe);	His pit has a buffalo fallen in it· pass of c.form, ku-, oku- (pi -tooziibwe); This big knife is sharpened by a file
Ssande era ejja kuleetera abantu bangi okwambala obulungi; Ssekukkulu ejja kuleetera abantu okwambala obulungi okusinga bwe bakola ku lunaku olulala lwonna	Sunday will make also many people dress grandly; Christmas make will people dress more than grandly they do on any other day
okusaanuuka obulungi	be To well mixed
kuba n'ekiruubirirwa eky'okubeera n'ebbugumu	cause To to be sharp
Egitoroogya, bw'aba ng'aweereza ente ebadde n'omubuto, eggwaamu olubuto; ente ziggwaamu olubuto olw'obutaba na musaayi I olw'obutaba na musaayi	Egitoroogya, when a buU serves a pregnant cow, it His miscarriages; cows get miscarriage due to salt deficiency I due to lack ofsalt
Okwonoona, okwetaba n'omuwala atannaba kukula, okwetaba n'ente, okuweereza omwana gw'ente ogutannaba kwetaba	To defile, sex with an immature girl, of a bull serve a calf which is not yet ready for mating
Omuwala omuto bw'afuna olubuto, bazadde be beeraliikirira olw'okuzaala.	When an immature girl getspregnan t, her parents worried get about her delivery. Toroogo, e-, n. Cl.9
Yali yeetaaga obuwunga obulala obw'enku n'abusiiga ku nku n'agikolamu obuwunga obwali bufuuse obutonotono ennyo.	She lacked additional flour millet to sprinkle onto the millet she was cooking so as recover to the dough that was getting too soft
batta abaana b'empologoma. -tu-, t • person pl. subj and obj. prefix, we, us. nitusoma, we are reading. batugondeze, they have loved us. tu-, o-, prefix cl., for nouns in cl 13	They have killed the youngs of a rat. -tu-, t • person pl. Subj and obj. Prefix, we, us. Nitusoma, we are reading. Batugondeze, they have loved us. Tu-, o-, prefix cl., for nouns in cl. 13
Omubisi gw'enva endiirwa guteekebwa wamu n'obutta bw'omucungwa okusobola okufunamu obuwunga obukozesebwa mu kufumba emigaati	Sweet banana is kneaded together with cassava flour order toget the dough omofwhich pancakes are made
Omuguzi w'ebbanja ng'ayagala asasule oyo amubanja ng'ali mu bulimba	A creditor forcibly demands payment from a debtor lie/she looks down upon
Omusolooza ssente ng'amuwaliriza okusasula	A creditor forcibly payment demands from a debtor lie/she looks down upon
Obu baabaga baikaliire nibabaza, abaana baalagirwa obutabeera mu bifo bannamukadde we batuula ne banyumya; yabeeranga mu maaso g'abagenyi era n'abonerezebwa.	Obu baabaga baikaliire nibabaza, children were warned not to hung around where old people are seated and conversing; He/ she around hung before visitors and was consequentlypunished. Tuguoduka,ku -, oku-, v.i.,, toprotrude
Ensaani ezaali zikoleddwa zaali mu nsawo mwe zaali zibikkiddwa.	The ripe banana he/she had brought them were in squashed the sack in which they were packed
Tewali n'omu ayagala kusumulula kintu mu ngalo ze	No one likes squashing something in hands his/her
Abantu badduka nga batulugunya omuwala ono nga bagamba nti yazaala abalenzi mukaaga n'alya n'omulundi gumu	People defamatorily ran down the bitch to say that it gave birth to puppies six ate and up one
Yakankana ng'alaba abaserikale mu maka gaffe; Ky'emmundu ekireetera omuntu okukankana; Okukankana okumala ennaku bbiri	He/ she trembled on seeing soliders at bis/her home; It is a gun that makes one tremble; Be/she shivered for two days
Yatya okulaba abaserikale mu maka gaffe; ky'emmundu ekireetera omuntu okutya; yatya okumala ennaku bbiri	He/ she trembled seeing soliders at bis/her home; It is a gun that makes one tremble; Be/she shivered for two days
Bamuboha bam111ulingika, yali alwana era bwe kityo ne bamusiba n'omuggo	Bamuboha bam111ulingika, he/she was fighting and consequentely they tied him/her firmly; They tied him/ her firmly with a rope made of sisal
Okutumira	To send for
Mukama w'ettaka yatuma mutabani we eri abapangisa b'ennyumba okupangisa; omusuubuzi n'alagira obugaali kkumi; enva endiirwa bwe ziteekebwa mu mazzi zibuuka;	The land lord his sent son to bis/her tenants for the house rental; The trader ordered for ten bicycles; Beans when put in water will swell; Exaggerate matters
To into dip (e.g. Food into salt} = cumya	To into dip (e.g. Food into salt} = cumya
Bwe waabangawo ebbula ly'enva endiirwa (sauce), omuntu yalinanga okuyiika enva endiirwa mu mukka n'omucungwa	When relish was in scarce(sauce), one would plantain dip into salt with ground pepper
Okukola ennyo kw'abatuuze kuleetawo enkulaakulana mu	Hard working of the inhabitants brings progress in their
Ekirime ekyali kirabika ng'ekikendeera kati kikulaakulana	The crop that appeared stunted is now flourishing
asindika okuva ewala	send for from a distance
Okutunuulira, katuni ayimirira nga tatambula	To gaze, tuna stand tungalllira motionless
okulaga Okuyita (ng'amagumba okuyita mu nnyama), okufuluma	show To through (e.g. Bones through flesh), protrude
C. tunamya, ku-, oku-	His/her protruded due to poverty. C. tunamya, ku-, oku-
amagumba ge gaali galabika bulungi olw'obwavu.	His/her bones protruded due to poverty. C. Form, tunamya, oku- ku-,
Omwana we ye yatunda embuzi mu linnya lye; olw'okusasula emisolo, yalina okutunda embuzi ye	It was son his/her who sold the goat on his/her behalf; It was due to tax graduated that he had to sell his goat
okufuuyira Okufuuyira mu mazzi, okufuuyira mu mazzi	soften To in water, soak
okusitula (omuntu)	To on get top of (a person)
Yamusanga ku bis top ng'amukuba era y'ensonga lwaki yamukuba n'omuggo; bw'oba oyagala okutaasa obulamu bw'ente eyalumbibwa empologoma olina okukikola nga tennavunnamira kumuluma	He found him on bis top chocking and him for that reason he beat him with a stick; If you are to save the life of a cow that has been by attacked a lion one has to do so before it bows down to bite it
Si kirungi amazzi okuziba okumpi n'ennyumba; ekifo ekitalina kasolya kijja kuleetera amazzi okukuŋŋaanira omwo	It is not good for water to clog near a home; A compound without a slope will cause water to collect in it
Abaali batwala amazzi mu biseera ebyayita baateranga okutwala amazzi mu bbiya ne bateekamu ekintu ekirala	Water carriers ago used to carry water-jars and then put something else on their tops
Buli byaijakuhya, bw'olaba emmere ng'ekuba omubisi kitegeeza nti eneetera okuteekebwako; mukwano gwe gwe yafuna omulimu	Buli byaijakuhya, when you see food that is cooking steaming that means it is about to be ready; It is his friend that her got ajob
Abasajja baateekanga enkumbi ku mikono gy'abakazi baabwe	Men fastened hoes firmly to handles for their wives
okujja, okuggya, okuggya, okuggya, okuggya, okuggya, okuggya, okuggya, okuggya, okuggya, okuggya, okuggya, okuggya, okuggya, okuggya, okuggya, okuggya, okuggya, okuggya, okuggya, okuggya, okuggya, okuggya, okuggya, okuggya, okuggya, okuggya, okuggya, okuggya, okuggya, okuggya, okuggya, okuggya, okuggya, okuggya, okuggya, okuggya, okuggya, okuggya, okuggya, okuggya, okuggya, okuggya, okuggya, okuggya	To come, unstring or come off unthreaded, a rope or stick
Okutandika okuzimba (ebirime by'omuddo, n'ebirala)	To begin to form (grains millet, of etc.)
Ebitundu bya mmet byatandika okutondebwa, abaana balina okutandika okulondoola ebinyonyi.	Grains of have mmet began to form, children should keeping start watch of tbe birds. Tu nguurra, ku-, oku-, v.pr; She invitedberto unstringberbeads
Ebitundu bya mmet bitandise okwekula, abaana balina okutandika okulabirira ebinyonyi. Tu ku-, nguurra, v.pr; oku-, She invitedberto unstringberbeads	Grains of mmet have began form, to children should start keeping watch of tbe birds. Tu ku-, nguurra, v.pr; oku-, She invitedberto unstringberbeads
Bw'obikka ku muntu ng'akankana mu bitanda bingi, ajja kusukkirira.	When you cover up a with shiveringperson many beddings he/ sbe will perspire
Etunrumukire eri haiguru, yeewuunya okulaba nti mu mwaka gumu emiti gye yasimba yali emaze okukula	Etunrumukire eri haiguru, he/she was surprised to find that within one year the trees had he/she planted had already matured
Mukama yatuziyiza okukoowa ebintu eby'oku nsi	The Lord stopped us from being weary of things earthly
Mukama yatuziyiza okukoowa ebintu eby'oku nsi	The Lord stopped us from being weary of earthly things
Bannyonnyola bazadde baabwe ensonga lwaki beetegereza ennyonyi eyo ey'enjawulo	They explained to their parents the reason why they gazed at the bird special
Okutuuka ku mulimu	To out set to work
Okwegatta (n'omukazi) omulundi ogusooka	To sexual hav intercourse (with a woman) foe the first time
Okwetaba (n'omukazi) omulabe omulundi ogusooka	To hav intercourse sexual (with a woman) foe the first time
Go out of mourning, (the bereaved now be free) akasaba mukama we amwikirize kugaruka hamulimo amazire kuturuka orufu rwa ise, yasaba mukama we amukkirize okuddamu okukola emirimu gye oluvannyuma lw'okuva mu kukungubaga okufa kwa kitaawe; Kitwala ennaku nnya okuva mu kukungubaga ku musajja afudde n'ennaku ssatu ku mukazi; Yanywa eddagala erimuyambye okweggyamu obulwadde; Ggyayo omulambo mu nnyumba (olw'okwogera n'okuziika); Ggyayo omutamiivu aba ayonoona emirembe gy'abantu; Emikolo gy'okuziika abafu tegyabaddewo olw'omulwadde ali awaka	Go out of mourning, (the bereaved now be free) akasaba mukama we amwikirize kugaruka hamulimo amazire kuturuka orufu rwa ise, he/she requested his/her master to allow him/her resume duty after he/she had come out of mourning his/her father'sdeath; It takes four days to come out of mourning for a deceased man and three for a woman; He/she taken a laxative which has made him/her purge; Take the corpse out of the house (for speeches and burial); Take the drunkard out he/she is disturbing the people's peace; The deceased's funeral ceremony was not held because of the sick one at home
Omuntu ng'alina olubuto olw'obutaba bulungi aleeta omukka omubi; agaana okufuluma ofiisi ye n'alyoka ayita poliisi n'emuggya	One with a contaminated stomach brings out bad Be/she air; refused to come out of his/her office consequently be/she called the police which took him/ her out
Okufuluma okufuluma, mu maaso	To get out get ofline, in front
Tojja kukkirizibwa kufulumya bulago bwo mu ddirisa ly'emmotoka	You are not allowed to stick out your bead through the window of a moving car
okuba n'ebiwundu, okuba n'ebiwundu ku mubiri, okuba n'ebikulukuto	be To bruised, have lumps on thebody,havescabies
okuba n'ebiwundu, okuba n'ebiwundu ku mubiri, okuba n'ebikulukuto	be To bruised, have lumps on thebody,havescabies
to untie (beadwork), tuum a, oku-, v.i ku-,	To undo untie. (beadwork), Tuum a, oku-, v.i ku-,
Amazzi bwe gafumbibwa n'omuliro omungi gafuuka ga bbugumu nnyo.	Water is made very hot when boiled by a strong fire. Tuum a, ku-, oku-, v.tr; When is poured in one place daily it heaps up
Amazzi bwe gafumbibwa mu muliro ogw'amaanyi gafuuka ga bbugumu nnyo.	Water is made very hot when boiled by a strong fire. Tuum a, ku-, oku-, v.tr; When rubbish is poured in one place daily it heaps up
Abadde ku kyalo kino okumala ebbanga ddene naye tetuwulirangako nti bamubbye; Ensonga lwaki abadde abeera ku kyalo kyabwe okumala ebbanga ddene kwe kuba nti tabba bintu bya bantu	He/she has been on this village for a long time but we have never heard that he/she bas stolen; The reason why he/ she has lived long on their village is that he/she never steals people's property
Okuggya omugugu (ku mutwe oba ku mulala), omuntu ob11 aba atarukusobora kwetuura wenka ayetwekere ekintu bamutuura	To take off a load (from ones head or another), omuntu ob11 aba atarukusobora kwetuura wenka ayetwekere ekintu bamutuura
Asaba omunlll ondi amumutuurre, oyo atakyasobola kuyimirira n'aggya omugugu ku mutwe gw'omugenyi we ajja kusaba omuntu omulala okumuggyako	Asaba omunlll ondi amumutuurre, he/she that is unable to standup and take a load off the head of his/her visitor will ask another person to do so for him/her; She another person asked to help her take off the basket of food that they brought to them as a present from the bead of its carrier
Ebibala by'enva endiirwa ebikuze ennyo bifuula omwenge okuba omubi, of pass. c. Form, turuzibwa, ku-, oku-	Plantains that are too ripe make the beer sour, Of pass. c. Form, turuzibwa, ku-, oku-
Etuurruuma, omuntu bw'asemberera embwa ekuluma amagumba, ekuluma; Buli haroho omunt11 agisangire neenena bw'afa, owulira embwa ekuluma, kitegeeza nti waliwo eyagizuula ng'ekuluma amagumba· Of pass. c. Form, t1111rr11umibwa, ku-: oku-	Etuurruuma, when a person approaches a dog that is biting a bone, it growls; Buli haroho omunt11 agisangire neenena when igufa, you hear a dog growling, it means that someone has found it biting a bone· Of pass. c. Form, t1111rr11umibwa, ku-: oku-
Buli haroho omunt11 agisangire neenena igufa, bw'owulira embwa ng'emuluma, kitegeeza nti waliwo eyagizuula ng'emuluma. of c. form, t1111rr11umibwa, ku-: oku-	Etuurruuma, when a person approaches a dog that is biting a bone, it growls; Buli haroho omunt11 agisangire neenena igufa, when you hear a dog growling, it means that someone has found it biting a pass. Of c. Form, t1111rr11umibwa, ku-: oku-
Bagenda kusimba mu nsiko z'ettaka mu lusuku mwe bagenda okusimba amatoffaali	They are going to pile into earth moulds in the garden on which they will plant potato slips
Enjuba bw'ekubisa omuntu n'afuna ekikulukuto ky'amazzi.	The sun beat will make a person if sweat he/she works under it
Obudde bw'enjuba bujja kuleetera omuntu okuzitowa singa akola wansi waabwo	The sun beat will make a person sweat if works he/she under it
To (kozesa kufa kwa Kabaka yokka)	To (used die of King only)
Kabaka bw'afa, omulambo gwe gubeera mu mbeera okumala ennaku mwenda nga tegunnaziikibwa; Kabaka Kaabaleega yafa ng'akomawo okuva mu buwaŋŋanguse bwa twa tyaza.	When a King dies, his corpse lies in state for nine days before it is buried; King Kaabaleega died while at on his way back from twa tyaza exile. Twa, o-, genitive particle for nouns in cl. 13. It is written separately before the noun butjoined with a and self standing pronoun
Kabaka bw'afa, omulambo gwe gubeera mu mbeera ennungi okumala ennaku mwenda nga tegunnaziikibwa; Kabaka Kaabaleega yafa ng'ali e Jinja ng'akomawo okuva mu buwaŋŋanguse.	When a King dies, his lies corpse in state for nine days before it is buried; King Kaabaleega died while at Jinja his on way back from twa tyaza exile. Twa, o-, genitive particle nouns for in cl. 13. It is written separately before the butjoined noun with a possessive root and self standing pronoun
Kikyamu nnyo omugoba wa mmotoka okwebaka ng'adduka; okwebaka ng'amaze okuyita Kyegegwa	It is very dangerous for a motor driver doze while he/she is driving; He/she dozed after he/she passed Kyegegwa
Kikyamu nnyo omugoba wa mmotoka okwebaka ng'adduka; yeebase oluvannyuma lw'okudduka Kyegegwa	It is very dangerous for a motor driver to doze while he/she is driving; He/she dozed after up he/she had passed Kyegegwa
okugenda oba okukola oba n'obwegendereza mpolampola	To go or do or carefully slowly
Yanywa eddagala mpola mpola okutuusa lwe yafulumya ekibya kyalyo; yali yeenyigidde nnyo mu kwogera bw'atyo n'asukka ku kiseera kye yali ateekeddwa okuddayo eka	He/she drunk the medicine slowly until he/she finally empted its container; He/she was so much engaged in talk such that he/she went beyond the time she was supposed to go back home
Yanywa eddagala mpola mpola okutuusa lwe yafulumya ekibya kyalyo; yali yeenyigidde nnyo mu kwogera bw'atyo n'asukka ku kiseera kye yali ateekeddwa okuddayo eka	He/she drunk the medicine slowly until finally empted its container; He/she was so much engaged in talk such that he/she went beyond the time she was supposed to go back home
okutwala, okutwala, okutwala	take, To carry, conduct
emikolo wamu, okuwaayo ebika bibiri	Root up together, give out two kinds of
Root together, okuwaayo ebintu eby'ebika bibiri	up Root together, give out two kinds things of
okutuma, okutwala, okutwala	send To to, to take to, carry
okutwala, okutuma okutwala, okutwala	To to, send to take to, carry
Okugattako, okugaziya, okuwanvuya	To add to, heighten, lengthen
Amafumu gakomolebwa okusobola okufumita ensolo mu bwangu; n'abalemesa okukomolebwa amafumu gaabwe ku jjinja lye	Spears are sharpened in order that they may be able to pierce an animal easily; He stopped them from sharpening their spears on his whetstone
Okufuluma, okubala, okukula awamu (ng'ekyokulabirako, enkoko)	break To out (rash), sprout, grow up close together (e.g. Mushrooms)
Omuntu talina ddagala lyonna ly'aweebwa ng'omusujja gw'ensiri tegunnatandika	A person is not given any medicine before measles has broken out; Button mushrooms up close together because they grow on the same ground
Okuggyamu (ng'emirundi egisinga, butter ghee, Vaseline)	To remove with a (usu., finger butter ghee, Vaseline). '
E-, cl.9, enjiri	E-, cl.9,, gospel
okukwata okw'amaanyi n'omwenge. e-, Viini, n., omwenge.	Intensive okukwata with = hold finnly. e-, Viini, n., wine.
Ssabbuuni mu ngeri y'enfuufu ey'okulongoosa ebintu	Soap in form for cleaning powder utensils
Amateeka agafuga l.V. n'oluyimba lwaayo olwasembayo gasangibwa mu Modem Runyoro-Rutooro Grammer, Koln Koppe 1999.	rules Of governing its l.V. And its last vowel are explained in Modem Runyoro-Rutooro Grammer, Koln Koppe 1999. Waabu, o-, n. Cl.I,, relative
ekinyonyi ekirya ennyama	Very carrion-eating bird
ekisiikirize omuti omuddugavu	Nest the black tree
ogre, omulabe, omunene, omulyayi	Ogre, monster, giant, cannibal mythical
Mr. Hare, Bunny Brer	Mr. Hare, Rabbit Brer
Enkoko, Omwami Brer Enkoko	Hare, Mr. Brer Rabbit
ekimera ekiriko ebimuli eby'ekimyufu nga primerose)	Plant with yellow flowers like primerose)
ekiro nga beebase, nga beebase"	Fast asleep at night, sleep" "Beauty
Ekimera eky'omunda bwe kikwatibwako ekikuŋŋaanya ebikoola	Sensitive plant when touched it its collects leaves
Ekibinja ky'ebinyonyi ebinene ebirabiddwa mu nzige November, ebinyonyi	Flock of large birds seen in locust November, birds
