muhogo	throat
ubuhunga bwa muhogo	a sore throat
ebikora bya muhogo	runny nose
tulima muhogo mumusiri gwaitu	we grow a nose in our nostrils
muhogo kyokulya kyamunuka mu bunyoro	food smell in the nose
omuceri	rice
tucumba omuceri buli kiro	we grind rice every day
omuceri gukura mukyeya	rice grows in the dry season
omuhendo gwo'muceri gweyongire	increase in the price of rice
ekiyuni	bird
ebiyuni babigesa omukyanda	the birds learn to fly
ekikeke	the shell
ebikora bye'bikeke babirya	the insects that the chickens eat
tubyara ebikeke haihi no'rugo	planting bushes near the house
kugesa	to measure
nitugesa ebicoli kiro kinu	we're going to teach you a lesson tonight
amagesa gabaire marungi omwaka gunu	good luck this year
hanyuma yo'kugesa twahura esingo	after the test we met the neck
akasumi kokugesa kaba kasumi kokusemererwa	a toothbrush is a toothbrush
okusesira ebirimwa amaizi goruseke	watering plants
okusesira ebirimwa amaizi goruseke kiyambaho ebirimwa kukura omukasumi ke'kyanda	watering plants regularly helps the plants to grow
abalimi bakozesa okusesira ebirimwa amaizi omumisiri yabo	Egyptian farmers used water to irrigate their crops
okurimira	farming
turimira omusiri tutakabyaire	we are planting a mulberry tree
etrakita ikozesibwa okurimira	tractors used for farming
okusiga	sowing
tusiga embibo omutandikwa ye'njura	we are planting a seed
okusiga kukorwa hanyuma yo'kulima	sowing is done after planting
okugesa	measuring
abalimi nibagesa oburo	the farmers are going to plant
okugesa kukolebya hanyuma ye'bimera byezire	try to get rid of it and then plant it
okusegesa	to make fun of
tusegesa oburo okubaganizamu esingo	we shake their necks
okusegesa mulimo gugumire	procrastination
okusalira	making decisions
tusalira omwani nukyo twongeze amagesa	we choose the enemy and then we increase the chances
okusalira kiyambaho ebirimwa kukura kurungi	determination contributes to the growth of crops
okwombera	coughing
twombera omusiri buli wiiki	we pick the moss every week
okwombera kwihamu ebisaka ebtakwetagibya mumusiri	coughing up unwanted moisture from mosquitoes
enkoko	chicken
tulinda enkoko omuka	we are waiting for the chicken
enkoko zalika amahuli bulikiro	chickens lay their eggs in the nest
enkoko zirya esingo ne'bihuka	chickens eat the neck and crawl
akame	drought
tulinda obume habye'nyama	we wait for our physical health
enyama yo'bume erimu ebirisa	nutritious meat
okukama	to steal
tukama ente buli nyenkyakara	we milk cows every month
okukama kukorebya emirundi ebiri omu kiro	sneezing twice a night
amata marungi hali abana abato	milk is good for babies
ebifu by'ebimera	dead plants
ebifu by'ebimera biyongera orwezo mwitaka	the stems of plants increase the strength of the soil
tukora ebifu by'ebimera okuruga mubifu byebimera	we make plant manure from plant manure
orwezo	power
obusa bw'ente rwezo rurungi	cow dung is good
tumasa orwezo omumusiri	we give a handshake to a mosquito
orwezo ruhindura itaka	a force that transforms the earth
enjura	rain
enjura enungi eba nungi muno hali abalimi	rainfall is good for farmers
enjura sizoni enu ebaire mbi	rain this season is bad
ebirimwa nibyenda enjura ekumara kukura	crops are harvested after the rains
efuka	the spine
efuka kikwatwa kikuru mukulima	become a big fish in the field
tukozesa efuka kulima omusiri	we use a straw to cultivate lettuce
efuka etweire eyorobya omulimo	it becomes a burden that weighs us down
ekisalizo	a curse
tukozesa ekisalizo okuhunjya ekisaka	we use a shovel to blow up the nest
ekisalizo kikozesibwa okusara emikonde ye'bitoke	a scythe is used to cut through a spear
enaijoro	one night
tukozesa enaijoro okugesa oburo	we use a needle to measure weights
enengere	the spider
tukozesa enengere okuhimba itaka	we use rice as a soil conditioner
enengere ehimba emigugu ekuremera	a heavy-duty carrier
kutunda aheru yihanga	selling a piece of jewelry
uganda etunda omwani mumahanga maingi	uganda sells tobacco to many countries
okutunda omwani aheru yihanga kireta sente hali abalimi	the sale of white rice brings money to the farmers
ekitebe ky'abalimi	farmers' cooperative
abalimi bataha mukitebe nukwo batundire hamu	farmers come to the market and sell ham
abe'bitebe bagura ebicoli hali abalimi	farmers buy cotton from farmers
oburo	time
tulima oburo omumisiri yaitu	we're planting our own corn
oburo babukozesa okukora tonto	toothbrushes
obusera byo'buro bwine ekirisa	your stomach is full of nutrients
omugusa	kindness
omugusa tiguhura ekyanda	kindness does not find fault
omwani	the enemy
omwani kirimwa kya sente ekyomugaso muno mu uganda	money is a valuable commodity in uganda
tugesa omwani kabiri omumwaka	twice a year
ebiiti bwomwani nibyetaga kubisalira	trees need to be cut down
ebinyobwa	alcoholic beverages
ebinyobwa bine potaini nyingi	four drinks with a lot of potassium
tubyara ebinyobwa hanyuma ye'njura	we bring drinks and then he drinks
awutu ye'binyobwa bagikozesa kucumba	a pot is a beverage that is used as a condiment
ebitakuli	unhealthy
ebitakuli bikura kurungi omwitaka ryo'mumusenyi	the grass grows well on sandy soil
tugesa ebitakuli hanyuma ya'mezi asaatu	we test the bottles after three months
ebilaya	oaths
ebilaya babibyara omurwere	babies are born with a disease
tutogosa ebilaya habwe'kulya	we don't wash dishes before eating
ente	cattle
ente nungi muno mukulinda ebisoro mu bunyoro	there are many cows here
turiisa ente habe'nyama n'amata	we feed cows meat and milk
ente ziriisibya omu rwere	cattle grazing in a pasture
empunu	empty
turiisa empunu habye'nyama	we feed the cockroaches for their meat
empunu ziriya ebisigirwe byo'mukicumbiro	caterpillars will eat your leftovers in the kitchen
okulinda empunu kirimu amagoba	waiting in vain is rewarding
okuriisa ente za'mata	feeding dairy cows
okuriisa ente za'mata kireta sente omumaka	feeding dairy cows brings money to the family
ente zamata zikamwa amata maingi	dairy cows suck more milk
okutwara itaka	taking up land
okutwara itaka kisisa emisiri	carrying dirt to feed mosquitoes
emiiti etangira okutwarwa kwitaka	trees begin to move away from the ground
omuwendo	number
omuwendo gw'ebicooli gugezire haiguru	the number of pupils has risen
abalimi betoimbaita habwemihendo okuba hansi	farmers are calling us because the prices are low
kutunda /kuguza	to sell/sell
abalimi batunda/bakaguza ebiriimwa byabo omu katale	farmers sell their crops in the market
tutunda/tukaguza ebitooke buli wiiki	we sell potatoes every week
okugura	shopping
tugura embibo kuruga mukitebe	buy boxes from the headquarters
gavumenti egura esingo hali abalimi	the government is cutting off the neck of the farmers
aba	he/she
abaanyu	your friends
abuuka	he rises
abuurra	he hears
abagomborozi	travelers
abange	many
abamasaza	the elders
abatongole	officials
abemiruka	running away
agange	mine
agutamba	playing
aguurra	to buy
aheeru	white
aheeru ya	the height of the
aho	where
abonaaho	self-sufficient
ahukaniza	he/she/it
ahuza	he heals
abukana	is consistent
ahonaaho	where
akaamuje	small
bukamuje	to come
ahanyima	in the back
hamwango	not in a hurry
obwango	the brain
akagemo	temptation
obugemo	temptation
haiguru mubicuu	high in the air
akagirita	he/she/it
obugirita	a carrier
akagobo	the scythe
obugoba	disfellowshipping
akasumi kataito	a small tree
obusumi butaito	the small intestine
ekyeeya	heat
ebyeeya	small
akabwegura	repayment
ebibwegura	rewards
akahooho	cough
obuhoho	coughing
akababagazi	a widow
obubabagazi	to be open-minded
akahuna	a crab
obuhuna	tiredness
omunya	the sun
eminya	name
akabubi	the danger
emibibi	wrongdoing
akaimeeme	he breathes
obwimeeme	the soul
akaburyo	to the right
obuburyo	the right side
kahumizi	smallpox
obuhumizi	constipation
akakorwa	used
obukorwa	what to do
akacancabari	uncomfortable
obucancabari	unreasonableness
akasengijo	the saddle
obusengijo	dislocation of the shoulders
enkojo	an injection
enkojo	an injection
ekitengo	cost
ebitengo	costs
akaina/ekina	toys
obwina/ebina	four
ekihuguhugu	cough
ebihuguhugu	feathers
emboro	flower
emboro	flower
ekika kye'njoka	a type of snake
ebika bye'njoka	types of snakes
kihinguraniza	a combination of
bihinguraniza	they're intertwined
akadebe	the spider
edebe	see also
akafunjo	the caterpillar
ebifunjo	mushrooms
akairima	a farmer
omwirima	the darkness
akairiringwa	not to be overlooked
obwiriringwa	loneliness
akagoroda	the sternum
obugoroda	coughing
akagwe	to fall
obugwe	your
akairirizi	uncertainty
obwiririzi	selfishness
akagenda-kahiire	he/she/it is going
obugenda-buhiire	uncertainty
akairukairukaine	a runner
obwirukairukaine	run-of-the-mill
empaka	the controversy
empaka	the controversy
akaisikina	he/she/it is shaking
obwisikina	selfishness
akahimba	he builds
obuhimba	anthrax
akahoiho	healing
obuhoiho	selfishness
akaisikondo	smallpox
obwisikondo	spinal cord injury
akahuna	a crab
obuhuna	tiredness
akahungabeebe	a whirlwind
obuhangabeebe	skill
akajoogo	a crab
obujoogo	coughing
akajugo	word of mouth
obujugo	coughing
akajunde	uncertainty
obujunde	well-being
akakiro	weight
obukiro	old age
akaizigorro	an obstacle
obwizigorro	self-preservation
akajabago	small
obujabago	footwear
akanuriirizi	an eyewitness
obunuriirizi	longevity
akajabirro	a shelter
obujabirro	clothing
akajagarro	discomfort
obujagarro	uncertainty
kwinganiza	to think
kujarra	coughing
kwija	to come
alimansr	German
tandika	start
akajaiko	fear
obujaiko	clutch
akajangu	the cat
obujangu	shortness of breath
akanyamukara	he/she/it is drowsy
obunyamukara	drowsiness
akajanja	healing
orujanja	to be cautious
akanyamukira	he/she/it is going to go
ombunyamukira	a foreigner
akanyamuniini	anemone
obunyamukara	drowsiness
aktindinda	earthquake
obutindinda	a lack of self-control
akanyamurera	the caterpillar
obunyamurere	steadfastness
akanyamwenyi	the squirrel
obunyamwenyi	being silent
ekyena kye'kitoke	what's in it?
ebyabana bye'bitoke	her children's
ambuurra	tell me
amiirra	healing
kwamira	endurance
kujokoza	coughing
kujokoza	coughing
akanyuunyarume	to be quiet
obunyuunyarume	sluggishness
akanywanisa	uncomfortable
obunywanisa	conflict
akanywero	drinking
obunyero	coughing
akaradaari	the radar
obukaradaari	cardiac arrhythmias
akaragwa	heredity
oburagwa	inheritance
akarande	a carrier
oburandaine	the burden of proof
akarebure	white-headed
oburebure	length
akasirimuko	the nightingale
obusirimuko	tooth decay
muyaye	life
obuyaye	uncertainty
kwaka	to build
kwaka	to build
kwagura	to buy
akatiko	committee
obutiko	a box
akarondo	an antelope
oburondo	eyebrows
akarungi	good
ebirungi	good
akarwariro	illness
oburwaro	illness
akashuumo	a cardboard box
akakokomoko	the cockroach
akatima	the crab
obutima	the heart
akasisira	shelter
obusisira	a tent
akasirimuko	the nightingale
obusirimuko	tooth decay
akasirimuko	the nightingale
obusirimuko	tooth decay
akaveera	short-lived
obuvera	to be submissive
allah	God
amaarwa	wounds
amabere ge'mbwa	the breast of a dog
amadaraka	responsibilities
amafaranga	money
makune	harvest
eraama	concealed
obutabaijuko	unforgettable
ebisoko	sources
ebikarakate	the cockroaches
esande	Sunday
amakuute	swelling
amakwenkwe	cloves
amacande	candies
amamera	plants
enyugunyu	cough
amaranga gi'zoba	painful and painful
ekitungutana	an infection
ebika bye'nkyanzi	species of lizard
amaizi aga kufuka	boiling water
amasa	water
ebisansa	number of days
amasanyarazi	electricity
amasereka	laughter
amasobe	whiskers
ebisodo	cloves
amasununu	free
amasya	flower
amaizi aga kwokya	hot water
entangatangano	congregations
amatembero	travel
amaterekero	storage facilities
amatone	the talents
kunihira	tiredness
abarongo	twins
amazina	names
nangwa	not
ibale lyo'muhendo	your precious jewelry
ekiro kyo'kutemba mwiguru	the night of your flight
asidi	acid
kasisira	shelter
obusisira	a tent
akakaikuru kamu	an adult
akakaikuru kamu	an adult
akakekeeyo/ akasenginjo	coughing or sneezing
obukekeyo/ obusenginjo	cough/ fever
akakongoijo	a cough
obukongoijo	cheating
akakonkomoko	the spider
obukokomoko	cuttlefish
akakunukizi	the coconut tree
obukunukizi	uncertainty
karandaranda	calendar
kurandaranda	coughing
akalebule	a warning
obulebule	shortness of breath
akalebulebu	uncertainty
obulebule	shortness of breath
akaleecu	our own
obuleecu	our own
akaregete	the caterpillar
oburegete	uncertainty
akaleju	the leaf
obuleju	coughing
akalenge	the sword
obulenge	leprosy
edebe	see also
edebe	see also
akamaganda	brothers and sisters
obumaganda	selfishness
akamanyiso/akarorwaho	the notice/indication
obumanyiso/oburorwaho	signs/symptoms
kame	cold
obume	uncertainty
akameeza	a table
obumeza	sleeping
akamogo	a caterpillar
obumogo	unity
akanenero	a prophecy
obunenero	weight
akaniini	the acorn
obuniini	height
akanwa	mouth
obunwa	greed
akanyamankogoto	the swallow
obunyamankogoto	a lack of self-confidence
akanyamuryaine	an antelope
obunyamuryaine	uncertainty
ekika kyakatuzi	a type of caterpillar
ebika byo'butuzi	the type of flower
akatuzi ko'bwera	not knowing where it is coming from
obutuzi byo'bwera	when you're young
akanyuunyambuzi	a wanderer
obunyuunyambuzi	disruptive
kondomu	a condom
kuondomu	to make a choice
akapimpina	short-haired
enyampimpina	the short-tailed shrew
ekisirani	a spider
akaronkoronko	the tortoise
oburonkoronko	tooth decay
akarorwaho	he/she/it has been
oburorwaho	what is it?
akarumanfuuzi	the short-beaked echidna
oburumanfuuzi	unreasonableness
akahumuza	refreshing
obuhumuza	a source of refreshment
akati kisoke	in the middle
obuti bwisoke	a tree that grows
akasarre	leftover
obusarre	to be discouraged
akasasamaro	smallpox
obusasamaro	disruption
akasekende	small
obusekende	laughter
esigo	seed
esigo	seed
omwirima	the darkness
omwirima	the darkness
akasiisira	a tent
obusiisira	camping
akasondaburo	the spine
obusondaburo	body language
akasolya	roof
obusolya	roof
akasonga	an indication
obusonga	weight
akasoono	small
obusoono	the shoulders
akasoonooki	a shell
obusoonooki	disorders
akasumi	flower
obusumi	mythology
akasungu	anger
obusungu	anger
akaswa	shyness
obuswa	inheritance
akataama	caterpillar
obutaama	tooth decay
akatale	market
obutale	the markets
akatambaara	a piece of cloth
obutambaara	clothing
akatiiko	committee
obutiiko	group
akatimba	the net
obutimba	the net
akatongo	small
obutongo	small
akatoonyezi	the seeker
obutoonyezi	searching
akatunda	he sells
obutunda	to sell
akatunguru	garlic
obutunguru	smallpox
akatuzi	ears
obutuzi byo'bwera	when you're young
akawamuje	a person with a disability
obuwamuje	uncertainty
akazingo	the scroll
obuzingo	the scrolls
akamayiro	a mile
obumanyiro	knowledge
alifabeti	the alphabet
alipoota	report
amaani	power
amabaale	bullets
amabega	the back
amabeho	the weather
amabingo	toothbrushes
nyamunura	rescue
amacande	candies
entungo	a treasure
amacu	clouds
amacumu	pain
amacunda	flocks
amacwacwa	cloves
amacwanta	toothbrushes
amadaara/amatembero	tours/trips
amadinda	the eyelids
amaiso	the eyes
amaduli	flower
amaazi	eggs
obugumangaine	endurance
amagana	a hundred
amaganga/enkali ye'nte	medical/environmental
amaganya	anxiety
obwomezi	health
ensigo ezakya muno	new seeds
amagaruka	returns
amagenda	going away
amagesa	health
amagezi	wisdom
amagoba	profits
amagosi	throat
amaguli	footwear
amahanga	the nations
amahano	discomfort
amahembe	horns
amahuli	flower
amahunge	ears of corn
amakuru	news
amahurru	whirlwinds
amairu	cloudiness
amaiso	the eyes
amajabali	rocks
isoke/ ekyoya	wool
ahya	new
kutimba	singing
amajenjeka	uncertainty
amajooba	cuttlefish
amaka	family
amakamo	coughing
amakara	coal
akigarukwamu	in the accompanying article
amakebe	the seagulls
amakendu	the lily of the valley
amakerre	the marble
amakooti	coats
amakune	cloves
amakuura	old age
amakuru	news
amakutu	ears
amakuuma	protective
amakuumuule	healing
amalebe	ears
amalere	flower
amaligisa	blessing
amaryo	the right
amambukiro	flowering plants
kujwaha	self-sufficiency
kuraranja	playful
amanambo	mouthfuls
amananu/amazima	accurate/true
amanda	coal
amanduguya	toothbrushes
amankwaha	toothbrushes
amanogo	small
amanono	small
amanyaali	toothpicks
obufuki	weeds
amanzamba	flowering plants
ebyenda	the intestines
amaraka	number
amarali	what is it?
angaarra	he/she/it has been
kwangana	self-loathing
kuterangana	gathering together
kwangasana	to get along
kwanguha	easy
kwanguhya	lighthearted
kwomesereza	exercise
kwana	sleep
kujara	coughing
anjuka	he/she/it is recovering
anjura	he/she/it opened
kujingajinga	being overweight or obese
kusukura	cleaning
kujokoza	coughing
kwinganiza	to think
kujanjaza	healing
kwasama	illness
kuhonda	weakness
kwatura	to settle down
amaranga	cloves
emyempanko	the gills
amarunga	cloves
amasamba	forests
amakamba	cuttlefish
amasanga	moose
amasanyu	happiness
amasasaazi	the afternoon
amasasi	bullets
amasirimuko	smallpox
amasonsolya	the ceiling
amasu	the eyes
amasumi	mosquitoes
amasurubbu	small intestine
amaswale	squirrels
amata	milk
amatandiiko	headings
amatanga/ebiraka	flowering plants
amatangatangano	conflicts of interest
amatembero	travel
amatu	ears
amatu g'abakaikuru	the ears of the elderly
amazaarwa	number of births
amazi	water
amaziga	tears
amazima	the truth
amoogi	the moose
amooya	the wind
ange	the angel
ekigarukyamu	what's wrong?
arukwiragura	he predicts
kyawe	your own
kwata mungaro	holding a hand
abanyabuzale	politicians
kulima mporampora	cultivation of potatoes
abazini	workers
kirungi	good
kubazisa ekiniga	harboring resentment
baamya	they swallowed
bachwezi	the moon
bagaya	greedy
abalimisa no'bulisa	farmers and ranchers
bahima	they are
bahuma	they come out
bakisaagya	to get along
bakura	growing
kwatwa omuro	burned
Baraza	The Barbarians
embalira	accounting
kusemererwa	happiness
bambatara	clothing
bambataza	baptizing
kuhikiriza	reaching out
kwimukya	beware
banganira	disagree
bankizaki	they gave me
bara	time
Barozi	The Pharisees
batiza	fearful
baza	to come
baziira	they're
bbaama	father-in-law
bbaamuura	his father
bbaamya	a witness
ebaasa	heal
bbamu	firearm
bbamuka/kugwamu	rising/falling
banyamalindwa	protected
bbani/oruhu	who/who
bbanka	a bank
bbanura	to explain
bbaraza	mother-in-law
bbaruka	Baruk
bbasitooro	heavy loads
bbeeru	white
bbeeseni/bafu	buried
bbinika	whip
bbomba	a bomb
kukaba	coughing
empanga	twins
bbuukura	the flower
bbwarruza	coughing
beene	family
begebege	self-control
bembeka	be honest
beregesa	to explain
bibugo	the kidneys
bicoboyo	the results
bicucuke	to be shallow
bicwe	murdered
bicwereriirwe	to be fixed
bifu	mistakes
bifunjo	mushrooms
bigene	the way
bigenge	leprosy
bigesera	trials
bigesero	exaggeration
bigondonka	to follow
bigono	toothbrushes
bigoye	difficult
biguuna	toothbrush
bihaarro	other
bihana	to punish
bibaniirro	barriers
bihunda	butterflies
bihwa	wings
biihabiiha	unhealthy
bire	clouds
biihirwa	they're happy
biikiza	darkened
bijaga	learning
bijwajwa	to be worn
bijwenge	to fall
bika	what
bikaiga	to learn
bikambi	camps
bikaogaara	unnecessary
bikangaarra	scratches
bikaoja	what to expect
bikanka	selfishness
bikeerranwa	examples
biko	help
bikoora	they work
bikoorro	the shoulders
bikuti	white
Bikwebe	Selfishness
bikya	early morning
brmira	brmyra
bimwemwe	happiness
bimira	swallowed
binda	binda
binkuti	bushes
binkwabwa	food
bintu	things
binyansi	natural disasters
binyoobwa	beetles
binzaah	well, yeah.
biraapara	will disappear
birerya	food
birezi	snow
biri	are
biriibwa	food
biriirra	they will cry
birika	family
birikiirra	will be fulfilled
biro	time
oturo	sleeping
birungo	spices
birusu	feathers
bisa	to be
mabingo	the bells
bisajwa	need
bisaka	forests
bisanku	your feet
biseereere	beetles
bisengere	to pray
bisi	bus
bisonde	the natural world
bisokoro	family
bisoodo	toothbrushes
bisuba	toothbrushes
Bisuma	Trees
bisunga	flowering plants
bisuni	birds of prey
bisiyaga	homosexuals
bitaigi	figs
bitanaki	five
bitanta	cattle
bitaarra	to prevent
bitege	to understand
bitengo	costs
bitontoorro	smallpox
biyaga	storms
biyogoma	they shudder
boba	are they
boha	alone
boboorra	mother-in-law
bohorrooka	coughing
kunyeta	tiredness
boigora	they struggle
bomwiboolezo	examples
bona	See also
bonabona	suffer
bonabonesa	painful
bondeerra	pray for me
bonekera	appearance
bonesa	show
boobeera	they live
boroogo	mother-in-law
boyera	white
boyerangana	clinging to each other
boyesa	to try
bubaagi	beard
bubaizi	uncertainty
bubaliirizi	self-esteem
bubambaazi	shellfish
bubbaani	incense
bubi	unhealthy
bubitihi	shortness of breath
buboijana	coughing
bubu	today
bubuura	uncertainty
buceke	a smile
buculeezi	coughing
bucwangya	jealousy
bucwekaih	secrecy
buda	Buddhism
budaida	Buddhism
budomadoma	uncertainty
budongo	clay
budoolidooli	tooth decay
buduupe	smallpox
buduuzi	shellfish
bufaakatr	coughing
bufu	death
bufuoda	itching
bufuodaano	disagreement
bufuuhi	shortness of breath
bugaajuki	sleeplessness
bugabe	the kingdom
bugabi	generosity
bugabuga	city
bugambirambere	to make progress
bugana	discouragement
buganiza	thinking
buga.njaine	newspaper
buganjani	what is love?
buganyizi	betrayal
buganzi	affection
bugeoyi	coughing
bugeregere	be close
bugizi	to be shrewd
bugobya	greed
bugoga	tooth decay
bugoigo	coughing
bugole	marriage
bugoorra	coughing
kusetura	coughing
bugumangani	uncertainty
bugumba	bone marrow
bubudamo	shelter
bugumizo	comforting
buguniiriza	is encouraging
bugunule	open it
bugurusi	grey
buguta	the city
buguuda	greed
buguzi	high
bugwagwa	worms
bugweterano	disagreement
bugwetwa	to be cut
busa	free of charge
buhaba	being overweight or obese
buhambirize	lead
buhamizo	assurance
bubaodiike	to make
buhanga	skill
bubangaazi	pain
buhangami	creativity
buhangirizi	forecast
buhango	the tradition
buhangwa	nature
buhara	unhealthy
buhate	to be
buheereza	the ministry
buhemu	treachery
bubendeke	to run away
buhere	wholly
bu hiire	to be happy
buhoogozi	headache
buhoole	sluggishness
buhulizi	hearing
buhumbe	selfishness
buhu nga	what
bubungu	mould
bobuta	need
buhuuhirizi	shortness of breath
bubwite	call
buhya	new
buhyaka	lightning
bujagaali	coughing
bujojo	to-morrow
bujonjo	coughing
bujulizi	evidence
bujunaanizibwa	responsibilities
bujune	to move
bujwahi	jealousy
Bukama	The Kingdom
bukanga	fear
bukatuzi	uncertainty
bukaya	to be
bukazi	harshness
buke	the book
bukeeto	small
bukene	poverty
bukerembe	peacefully
bukigi	the sun
bukiioiiki	day to day
bukiiouuki	the day
bukoonyezi	searching
bukooto	fever
Bukristaayo	Christianity
bukuku	book
bukungani	harvest
bukungu	wealth
bukorungutaniza	uncertainty
bukwasizo/buyamba	help/help
bukwataoe	to touch
bukwatwa	being arrested
bukwenda	to go
bukyabukya	early in the morning
Buraya	Europe
bulebule	high blood pressure
buleegi	shortness of breath
bulehe	what time is it?
bulemeezi	difficulty
bulemi	farming
bulemu	disability
bulengerezi	uncertainty
bulengi	naturalness
yamba abaana	help children
burryegaitaho	take care of yourself
buliba	will be
bulibweoguzi	unreasonableness
buliiririzi	sleeping
buliro	sleep
buliisa	feed
burlisizo	burlisizo
bulimi	farming
bulimi	farming
bulindwa	protection
bulingiri	clinging
bulinzi	self-preservation
buryo	how
bumanyi	knowledge
bumanyiizi	annoyance
bumanzi	water
butwa	to give
bumba	clay
bumbaataniza	uncertainty
bumbaatira	the breech
bumbaatiza	baptize
bumburu	coughing
bumbu ruka	flower
bumomi	health
byomu	each other
bulemu	disability
bumwemwe	happiness
bunabbi	prophecy
bunaku	one day
bunanasi	unknown
bunanu	selfishness
bunanuki	the sense of smell
bunda arra	common
bundaaza	help me
bundiika	to build
bune	four
Bungereza	England
bungurya	food
bunihe	to be generous
bunkohoob	uncertainty
bunkuli	commonly
bunoobi	this
buntamantama	uncertainty
buotu	uncertainty
bunu	one
bunuliirizi	self-confidence
bunuzi	uncertainty
bunwekinweki	mystery
bunyaata	being overweight or obese
bunyagi	treachery
bunyagwa	uncertainty
buoyakantu	uncertainty
bunyamarumbu	unreasonableness
bunyamibwa	discouraged
bunyankomo	uncertainty
bunyansi	uncertainty
bunyanzigwa	being overwhelmed
bunyaruguru	north
bunyeete	small
bunyigi	the door
bunyuunyuguzi	being slanderous
bunywani	friendship
bunyigitiro	pressure
bunyuunyambuzi	corruption
bunyu unyuguru,	the upper lip,
buraara	sleeping
buraaro	shelter
burabo	a gift
buraguzi	witchcraft
buraiha	how long
buraira	swearing an oath
bugumya	comforting
burangara	the heart
burangura	predicting
buro	bread
burofu	softness
bu rogo	as in
buronde	to follow
burubatiro	a shelter
burugo	home
buruguta	more than
burukwera	to be discouraged
burumi	pain
burumuka	run away
burundu	completely
burungi	beauty
burungurungu	loneliness
burungutana	more than
bururumi	pain
buruutura	toothbrush
burwa	whiteness
burwaire	illness
busumi	shrimp
busumiikiranizo	the concept of
busuubuzi	business
busuuhuuki	coughing
buswale	shyness
busuuru	yellow fever
busuuti	shorts
buswagirizi	support
buswahirizi	selfishness
buta	to be
butaahi	shortness of breath
butaaho	to be cautious
butaamanya	ignorance
butagali	unwillingness
butagasi	unreasonableness
butaweza	unsuccessful
kukaba	coughing
butaikya	early in the morning
bu taito,	like a scorpion,
butale	the marketplace
butamilzi	tourism
butandikiro	the beginning
butandwa	to spread
butanwa	unusual
butasi	a spy
butatara	light
butebezi	well-being
buteeraniro	assembly
buteero	attack
buteerre	be calm
butembane	to compete with each other
butende	peace
buteodebeki	sleeplessness
butentebeke	weakness
butere	slowly
butida	to give up
butigi	small
butiime	to be grateful
butiini	figs
butika	to lie down
buto	childhood
butogoro	uncertainty
butooganiro	uncertainty
botumwa	the mission
buturumuki	uncertainty
butungi	wealth
buturukaizooba	from the sun
butuzi	weary
butweke	to be alone
butweki	clear
buura	to be
buurra/ zubura	flowering
buurru	coldness
buuta	throw away
buutabu	uncertainty
buutikira	sleeping
buya	to be
buyambi	help
buyanja	the sea
buyondo	coughing
buyungiro	unity
buza	to ask
buzaale	fertility
buzaana	slavery
buzaarwa	to be born
buzigu	uncertainty
buzimba	is upbuilding
buzimbira	builds up
buzindaazi	uncertainty
bwabwanura	it's not
bwagaarra	the night
bwagura	it has bought
bwahuzi	knowledge
bwakabiri	the second
bwakaiso	warnings
bwakyo	itself
bwalingi	how much
bwamata	milk
bwamba	to tell
bwanda	widespread
bwanga	height
bwangi	number
bwanyakatagara	obviously
bwarabwara	to wear out
bwarangasa	what happened to me
bwarubanga	when it was hard
bwate	how
bwati	the box
bwatuka	where did it come from?
bweculiko	the saddle
bwecumi	decimation
bweewiso	self-confidence
bweganyi	selfishness
bweganyirizi	resistance
bwegege	self-control
bwegendereza	be cautious
bwegesa	to teach
bwegesibwa	being taught
bwcgombi	greed
bwebinduurro	translations
bwekambi	camp
bwckanasi	Christmas
bwekiiko	committee
bwckobi	to keep
bwekubizo	a promise
bwekuniki	selfishness
bwenda	need
bwenderezi	caution
bwenugi	immorality
bwerebwere	be self-sufficient
bwereme	uncertainty
bweremera	self-control
bwerengerezi	uncertainty
bwerindwa	safety
bwesaganirizo	self-esteem
bwesengeze	be self-sufficient
bwesereko	self-experimentation
bwesige	self-confidence
bwesigwa	faithfulness
bwesumbo	pride
bwesumikiri	relaxation
bwesungi	selfishness
bwezigooro	weight
bwibi/busuma	stealing
bwigamiro/ buyamba	support
bwigamo	the lesson
Bwigara	Self-confidence
bwigara	beating
bwigurumba	the butterfly
bwiguu	high blood pressure
bwihulebwona	uncertainty
bwijukuru	old age
bwikaro	place of residence
bwikazi	widowhood
bwikizo	a sign
bwiko	council
Bwikya	Selfishness
bwimi	selfishness
bwina	selfishness
bwinazi	Nazism
bwingi	quantity
bwingira	get in
bwinike	Get to sleep
bwiru	coldness
bwirukiro	running away
bwisi	wheat
bwisiki	whiskers
bwogi	toothbrush
bwogo	the brain
bwojo	coughing
bwoki	the nose
bwomangane	how to communicate
bwomeezi	health
bwomi	health
bwomere	to be strong
bwomuntu	human nature
bwongo	the brain
bwonjooka	is solved
bworobi	unemployment
bworoozi	coughing
bwotere	to be
bwoya	feathers
bwoyooyo	the spirit
byahi	what
byakeeri	toothbrushes
byamba/buroofu	wrapped
byaoa	of marriage
byara	alcoholic beverages
byeoda	what you want
byenga	one week
byeyererwa	whispered
byobwomeezi	the means of subsistence
byokera	burning
byokurya	food
byorwaoju	what are you doing?
byoya	wool
banu	people
bandwa	being tempted
baro	their
basemera	they are
basingo	the guarantor
batembuzi	horses
bazaire	parents
bazarrabusa	they will rule
bbaasi!	the bus!
bbaibbuli	the bible
bbasitoora	picking
bbogoya	cloves
bbwa	the dog
beebwa	are given
biringi	many
bibiri	two
bibiri n'emu	two and one
bibiri n'ikumi	two and one hundred
bigo	schools
bikumi bibiri	two hundred
bikumi bina	one hundred and forty
bikumi bisatu	three hundred
bikumi bitaano	one hundred and fifty
biizi-bitoosa	regularly
binkwatiireki	I'm worried
binzaari	flowering plants
binu	the nose
biisopu	bishops
bonka	alone
bonsatu	all three
bontaano	five
boojo	the bojo
bbooda-booda	a little bit
booma	fear
boona	all
bucuzi	coughing
bugazi	high blood pressure
bugingo	the soul
bugubugu	tooth decay
bugendandara	traveling
bugwaizooba	every day
buheekwa	to be abandoned
buhyaka	lightning
bukiika	north
buli kiro	every night
bundi	sometimes
burugaizooba	the sun
buturukamusanaj busa	the sun is shining
busi bwa nseeri	oatmeal
businge	more
butaleka	does not give up
butoosa	regularly
bujenjebere	look at me
bujinja	a stone
bujumeera	be refreshed
bumoso	one-sidedness
buri	each
buso-bwa-ntaama	the face of a lamb
busa	not worthwhile
bwa	as
bwakeire-bwaizire	the next day
bwangu	quickly
bwanamukuru	mother-in-law
bwanyima	afterward
bwatu	our
bweera	when
bwemi	well-being
bwereere	free of charge
bwino	well-being
bwo	your
bwohe	all of you
byabazaire	born
byo	your
byona	all
kubunga buli kaire	combining each layer
caai	coffee
tandika	start
Caali	It Was
cambaitu	our cottage
candakaarra	I can't
kubonesa	to show
capa/kutera	cover
capuka	cappuccino
capura/kucwa	capura/buried
ceba	see
cebaceba	what is it?
kusekereza	laughter
ceeceeba	to look at
ceke	cheque
cekeca	to be quiet
cwonacwona	What's going on?
cekya	the next day
cencebuka	I can't
cencebura	and
cenkacenka/nena	hesitating
cika	complete
cikinya	fearsome
cikinyiza	be careful
compacompya	compacompany
concoboza	concoction
concona /kohonda	consonant or consonant
kubyama	coughing
cucu	the grandfather
cugura	open up
Cukanaho	Changes
cukumura	culling
curiikana	carefully
kusindika	to send
cumanga	to eat
kwanga	hatred
cumba	room
cumbagira	cough
cumika	decrease
cumita	to conceive
cuncumura	to sin
cunduka	run away
cumuka	wake up
cungura	to buy
cunkura	change
cupa	cup
ente ekuru,omukazi mukuru	a bull, an old woman
curru	The curve
cuucu	small
cuukun	fever
cwagura	increase
cwamu	unconsciousness
cwanganiza	be balanced
cwanganizaamu	be balanced
cwaogya	new
cwankuna	coughing
cweka	to hide
cwekana	clinging
cwekanira	be self-sufficient
cwereeira	self-esteem
cwanganisikaniza	to make a comparison
cacaca	early
cakucaku	early in the morning
ceiceice	small
coroko	the crocodile
culeezi	cleave
cuucuucu	clutch
daata	father
dai	If only
kifaaro	heirloom
dakiika	one minute
dakitaali/omufumu	physician/physician
dalizi	the eye
dambakaarra	to get married
damura/genda	to go
demba	go to school
dibisa	food
dyaka	again
digidigi	degree
nyweza	strengthen
diini	religion
diira	to eat
dikira	wait
dikya	early in the morning
dimiryangombe	shellfish
dimunadimu	some
dinga	other
yongeza/kabiri	increase/double
doma	area
domadoma	the domadoma
domya	food
doodokya	to burn
cementi	cement
dongoro	the commandment
dooba	fish
dookooli	the doctor
Dora	Dora
dubungura	the spine
duduma	tower
dudura	sit down
dundukya	run away
dundumuka	run away
kusumura	loosening
duraamu	Durum
duubuuda	Buddhism
duuka	shop
kurangira	to preach
duura	look around
dubura	speak
dai-dai	day by day
daburokara	to break up
dainingi	food
dara	not
dereeva	driving
deero	deer
disiko	discourse
doboro	may be
doi doi	What to do
doodo	justice
ekidomora	the smell
ebidomora	explanation
ekidongodongo	the coconut tree
ebidongodongo	cuttlefish
ekifubiro	the breast
ebifubiro	breasts
bikaiko	councils
bikaiko	councils
ekifu kyenda	a dead body
ebifu kyenda	nine dead
ekifunjo mururuma	a fungus in a mushroom
ebifunjo mururuma	butterflies and moths
ekigambo	the word
ebigambo	words
ekigango	purpose
ebigango	exaggeration
ekidikizo	cooling
ebidikizo	barriers
ekidongo	earthenware
ebidongo	rubble
omudoma	the palm tree
abadoma	wholesalers
ebifuba	breasts
ekifufu	cloudiness
ebifufu	feathers
endoboro/ensahu	handbag or purse
endoboro/ensahu	handbag or purse
ekisaniko	the scallop
ebisaniko	examples
ekifunjo	an antelope
ebifunjo	mushrooms
ekigaali/enengere	bicycle
ebigaali/enegere	bicycles
kanyama	meat
bakanyama	wild animals
ekiganyiro	usefulness
ebiganyiro	advantages
ekigarukwamu	the result
ebigarukwamu	the results
ekigene	how big
ebigene	size
ekigiiko	the cage
ebigiiko	eyelids
ekihano	punishment
ebihano	punishments
ekigega	the owl
ebigega	ears of corn
ekigere	foot
ebigere	feet
ekigigo	a fortress
ebigigo	walls
ekigunguru	high
ebigunguru	cloves
ekihambo	an obstacle
ebihambo	the words
ekihohe	what is it?
ebihohe	toothbrushes
ekikyorooni	the chrysanthemum
ebyorooni	eyebrows
ekijunjuuzi	a summary
ebijunjuuzi	excerpts
ekijwaro	a garment
ebijwaro	clothing
ekikaali	what it was
ebikaali	what is it?
ekikaijo	example
ebikaijo	examples
ekikaragwe	the dragonfly
ebikaragwe	toothbrushes
ekikindo	the thorn
ebikindo	restrictions
ebikeke	what to do
ekikere	the frog
ebikere	frogs
ekikoco	the caterpillar
ebikoco	sweets
ekikongoriro	the scythe
ebikongoriro	toothbrushes
ekikohi	the cocoon
ebikohi	toothbrushes
ekikoikyo	the coconut
ebikoikyo	cloves
ekikoligo	a yoke
ebikoligo	yoke
ekikoobe	the coconut
abalisa	the beggars
ekisoro	an insect
ebisoro	animals
ekikoosi	cough
ebikoosi	cough
ekikopo	a cup
ebikopo	cups
ekijunzire	what's wrong?
ebijunzire	what to do
ekika	type
ebika	species
ekikaguzo	the puzzle
ebikaguzo	problems
ekikarango	the sign
ebikarango	signs and symptoms
ekiijukyo	the Memorial
ebiijukyo	reminders
ekijubwa	which is filled
ebijubwa	to be filled
ekijuma	a week
ebijuma	weekly
ekiina	what it is
ebiina	ferns
ekiinamirro	a pillow
ebiinamirro	pillows
ekiisamuhana	what is causing it
ebiisamuhana	disadvantages
ekiisurumba	an insect
ebiisurumba	insects
ekiisa-mutuutu	a feeding tube
ebiisa-mutuutu	nutrition
ekijinja	a stone
ebijinja	rocks
ekijoojo	diarrhoea
ebijoojo	diarrhoea
ekijubwe	to be filled
ebijubwe	filled
ekijujuka	which is full
ebijujuka	flooded
ekijaju	fullness
ebijaju	sweets
ekiihe	when
ebiihe	weather
ekiijongo	the spotted owl
ebiijongo	sponges
ekiika	what kind
ebiika	species
ekiikaro	the place
ebiikaro	locations
ekiju	flower
ebiju	feathers
ekijumo	whispering
ebijumo	gossip
ekyoroni	the crown
ebyoroni	horns
ekiituuru	the tortoise
ebiituuru	oils
ekijogojogo	coughing
ebijogojogo	whispering
ekikaaka	a kind of
ebikaaka	small
ekikaari	what is it?
ebikaari	what is it?
ekijaguzo	the riddle
ebijaguzo	celebrations
empaka	the controversy
empale	cold
empambiriza	a curve
empambo	a riddle
empanuura	the sword
emparacuki	parakeet
emparra	painful
empataniza	comparison
empazi	goats
empeereza	service
empegecu	headache
empere	the emperor
empeta	ring
empiigi	sponges
empimbaale	toothbrush
empitmpina	smallpox
empaama	the spider
empairimi	language
empakani	boundary
empamo	the relationship
empanabeera	a place to live
empara	warfare
emparangani	the catastrophe
empata	the potato
empeehe	the wind
empeera	rewards
empeese/enfuka empyaka	a new pair of shoes
empekenyu	cough
empiigani	fights
empirima	health
empogoma	swallow
enkunguru	mosquitoes
enku	wood
enkubebe	the nightingale
enkubiti	shrimp
enkukuni	woodpeckers
enkumbititi	smallpox
enkuna	cloves
enkunga	to be encouraged
enkunuukizi	the keys
enkura	old age
enkurugu	caterpillar
enkurungo	the spider
enkuraijo	cloves
enkorro	the tortoise
enkubirane	flowerbeds
enkukuuru	the grandparents
enkumba	the squirrel
enkumo	gossip
enkunda	smallpox
enkungani	coughing
enkunku	wormwood
enkunzi	the bull
enkakaara	coughing
enkurugusi	caterpillars
enkurungutaniza	coughing
enkusi	the owl
enkuuku	owl
enkwahwa	shrimp
enkwanzi	the caterpillar
enkwatirizi	earthworm
enkwato	shoes
ensaagi	oil
ensambani	high blood pressure
ensasanure	an explanation
ensongore	the caterpillar
ensumbi	a pot
ekwanzi ekwanasana	a spider
enobi	the evil
enondwa	coughing
ensaali	to pray
ensaasi	bullets
enkuya	fever
enkuzi/onuhama	a cow/goat
enkwali	the whale
enkwomoro	toothbrush
ensamya	flower
ensaija	spinach
ensekure	laughter
ensoberwa	misunderstanding
ensoboorozi	the caterpillar
ensoma	reading
ensonga	the reason
ensonga	the reason
ensoigo	wheatgrass
enombe	the cow
ensamaaki	coconut
ensaano	weight
enseegu	the spotted owl
enseenene	very much
enseesekale	earthquake
enseiso	earthquake
enseko	laughter
ensemere	smallpox
ensenge	flower
ensenyerre	fever
etanaki	orange
ensi	the earth
ensidirirwa	sweat
ensigo	seed
ensiiso	the eye
ensimbi	money
ensinduro	the answer
ensisana	afternoon
entaranta	the antelope
ensobi	mistakes
ensama	wheat
ensandaigo	the kidney
ensazi	moose
ensekere	laughter
ensembukya	fever
ensenada	earthquake
ensengo	the squirrel
ensere	laughter
ensese	a sense of humor
ensibago	flower
ensibyemu	toothbrush
ensiisira	a tent
ensindizi	earthworms
ensinika	moisture
ensita	length of time
ensoborra	how to
ensoga	the snake
ensogasoga	the cockroach
ensohera	end of life
ensole	shellfish
ensombabyoma	smallpox
ensondokozi	the spotted owl
ensongo y'omutwe	the top of the head
ensonjogo	a fountain
ensonzi	moisture
ensoro	insects
ensorrokano	assembly
ensubiirizi	expectations
entaahi	the tree
entanaki	how much
enteekateeka	a plan
enteere	seat
ente-matako	head or tail
entenge	a spider
ensunsunikizo	motivation
ensusu	scurvy
enswa	newlyweds
ensoha	elephants
ensolima	elephants
ensombi	insects
ensondo	the squirrel
ensoni	shyness
ensooki	the owl
ensorooza	smallpox
ensubiiriza	expectations
enswiga	the swallow
entabo n	book n
entasumbuswa	promoted
entembarusaka	anthrax
entetere	uncertainty
entiizano	disruption
ensundi	the spotted owl
enyuma	the back
enyungu	the benefits
enzibira-busa	forested areas
enziramira	eyebrows
enziiki	anthrax
enzira-kabi	dangerous road
enzirigi	worms
enziransi	insurance
enzonza-mutima	feelings of inadequacy
erende	to go
enzooro	worm
eraatiri	the spine
erangi	colour
eriiba	to be
amaiba	moisture
eriiso-ry'ensi	the world's eye
amaiso-ry'ensi	the eyes of the world
erooro	the word
eruusi	rhubarb
eryogero	a figure of speech
amaogero	examples
esaasi	pity
esaara	the sand
enyuguta	to swallow
enyumbu	the donkey
enza	he/she/it
enzaarwa	born
enziika	a funeral
enzige	locusts
enziha	cattle
enziku	days
enzini	motorcycle
enzizi	fountains
ereka	what?
eriigenda	going away
amaigenda	traveling
enzooka	snakes
epipa	the epinephrine
eri	to
amarogo	witchcraft
eriino	tooth
amaino	teeth
eryanda	increased
amaanda	family
eryato	a boat
amaato	ships
eryombera	craving
amaombera	coughing
eruguru	upper
eryana	other
engumba	city
esaatumba	headache
esaati	the saddle
esaiso	an estimate
esasazi	the stomach
esabwe	a petition
esafuliya	asaph
esa	threshold
esande	Sunday
esenza	heating
esokondwa	to be happy
esusure	to look at
esuuka	is
esirabo	gifts
esigara	leftover
esimu	telephone
esabbuuni	soap
esafaali	saffron
esagama	high blood pressure
esapuli	apples
esande	Sunday
esarisari	the sculptor
esojo	toothbrush
esweta	a needle
esiba	the spider
esimooni	lime
esirimbi	flower
etaaba	not smoking
etabaaro	to help
etabaaza	light bulb
etarabuusu	toothbrush
etanka	tanks
evaaro/eveero	effervescence
eveesiti	ewesite
eyange	mine
ezange	mine
ezikeere	small
etawaaza	uncompromising
etuutu	toothbrush
etundubaale	the caterpillar
evanjiri	the gospel
eviini	wine
ezaabbu	white
ezi	these
ekikonderezo	the subjunctive
ebikonderezo	restrictions
ekikangi	the crab
ebikangi	many
ekikayaabu	what is it?
ebikayaabu	disadvantages
ekikoba	leather
ebikoba	leather
ekikoijo	cough
ebikoijo	toothbrushes
ekikomo	copper
ebikomo	copper
ekikondere	what is it?
ebikondere	to be submissive
ekikondo	the stake
ebikondo	stones
ekikongoijo	the spider
ebikongoijo	clogs
ekikonko	the snake
ebikonko	difficulties
ekikoori	coconut
ebikoori	cloves
ekikorongezo	an adjunct
ebikorongezo	suggestions
ekikorwa	action
ebikorwa	actions
ekikumu	a spider
ebikumu	uncertainty
ekitindinda	anthrax
ebitindinda	swelling of the eyelids
ekitime	the grasshopper
ebitime	cuttlefish
ekitimatima	the heart
ebitimatima	the heart
ekitiiri	the owl
ebitiiri	beetles
ekiti	a tree
ebiti	trees
ekitere	not enough
ebitere	uncommon
ekiteete	the squirrel
ebiteete	toothbrushes
ekiteekerezo	the idea
ebiteekerezo	thoughts
ekitoijo	weight
ebitoijo	pressures
ekitoga	weight
ebitoga	weights
ekitingwa	the tree
ebitingwa	tree branches
ekiteete	the squirrel
ebiteete	toothbrushes
ensoha	elephants
ensoha	elephants
ekitentere	softness
ebitentere	soft tissue
ekitindiriro	the beginning
ebitindiriro	the beginning
ekiteetei	the law
ebiteetei	cattle
ekitenterezi	earthquake
ebitenterezi	earthquakes
ekitereza	a spider
ebitereza	the eyebrows
ekitiinisa	respect
ebitiinisa	honors
ekitinti	a typewriter
ebitinti	stamps
ekitiyo	the snake
ebitiyo	woodpeckers
ekyata-muzinga	the butterfly
ebyata-muzinga	the island
ekyasa	century
ebyasa	centuries
ekoona	coughing
ekiziba	a well
ebiziba	depths
ekiyengo	the swelling
ebiyengo	swelling
ekitwaro	a burden
ebitwaro	burdens
ekituzi	a pit
ebituzi	wells
ekitumbwe	toothbrush
ebitumbwe	toothbrushes
ekisige	the hedgehog
ebisige	owl
ekitooma	toothbrush
ebitooma	toothbrushes
ekitontome	poetry
ebitontome	poetry
ekyenda	nine
ebyenda	the intestines
ekyemo	temptation
ebyemo	temptations
ekyemerro	the test
ebyemerro	food
ekyemeza	proof
ebyemeza	evidence
ekyekwaso	the reason
ebyekwaso	reasons
ekyekurra	self-esteem
ebyekurra	the following
ekyegemera	flower
ebyegemera	flowers
ekyebu	the leopard
ebyebu	toothbrushes
ekyeera	the swallow
ebyeera	time and place
ekyasha	what's new
ebyasha	toys
ekyate	the spine
ebyate	offspring
ekyasa	century
ebyasa	centuries
ekyasi	left
ebyasi	firearms
ekyaro	the countryside
ebyaro	rural areas
ekyarre	what is it?
ebyarre	what to eat
ekyaraani	what?
ebyaraani	toothbrushes
ekyara	to eat
ebyara	alcoholic beverages
ekyano	food
ebyano	food
ekyanyuma	the last
ebyanyuma	past
ekyange	mine
ebyange	my own
eky'ensekuro	laughter
eby'ensekuro	comedy
ekyambu	what is it?
ebyambu	waste
ekyalinga	what it looked like
ebyalinga	what they looked like
ekyambara	clothing
ebyambara	clothing
ekyakyo	its own
ebyakyo	its
ekyokunya	to chew
ebyokunya	chewing
ekyahati/kirokinu	the yahati/kirokinu
ebyahati	toothbrushes
ekyahanyuma	the past
ebyahanyuma	the past
ekyadundu	what is it?
ebyadundu	the following paragraphs
ekyadaadi	what's the problem?
ebyadaadi	what happened
ekyabuuramuti ekooti	the coat
ebyabuuramuti ekooti	coconut tree
ekufuru	coughing
ekooko	coconut
ekondo	a spider
ekizizi	a well
ebizizi	waterfalls
embaata	wool
emanzi	water
emana	the god
emamba	number
emambo	gossip
emaaya	mother-of-pearl
edobo	flower
ekyoya	wool
ebyoya	wool
ekyoto	the altar
ebyoto	altars
ekyose	all
ebyose	all
ekyonzira	what causes it
ebyonzira	breastfeeding
ekyombo	a ship
ebyombo	ships
ekyomuziro	a snowflake
ebyomuziro	the bathroom
ekyombeko	the owl
ebyombeko	shellfish
ekyokurwanisa	what to fight
ebyokurwanisa	weapons
ekyokuhonga	a toothbrush
ebyokuhonga	coughing
ekyokujwara	what to wear
ebyokujwara	clothing
ekyokoora	what to do
ebyokoora	what you do
ekyohyo	what's that?
ebyohyo	heat
ekyeyo	what
ebyeyo	your own
ekyezigolezo	example
ebyezigolezo	examples
ekyeyamura	what did he say
ebyeyamura	the results
ekyeya	drought
ebyeya	his or her
ekyetaago	a need
ebyetaago	needs
ekyetebuko	offspring
ebyetebuko	offspring
ekyesweko	what is it?
ebyesweko	examples
ekyesomeko	to be studied
ebyesomeko	reading material
ekyesingo	collar
ebyesingo	necklaces
ekyesindiko	what is it?
ebyesindiko	the shoulders
ekyesingiso	an excuse
ebyesingiso/ekikuto/ekijumakuba	handcuffs/handcuffs/handcuffs
ekyesegenyu	what is it?
ebyesegenyu	mockery
ekyeremye	what's wrong?
ebyeremye	restrictions
ekyenyanja	the sea
ebyenyanja	fish
ekyokyezo	temptation
ebyokyezo	fire extinguishers
eraihiriza	exhaustion
eraoga	it is
ereega	what?
erinduka	change
erora/kugezesa	see/test
erabura	black
erozaroza	to rouse
esansara	coughing
esereka	laughter
esiga	a shrub
esiiga	what to expect
esiikiriza	appealing
esiitara	the owl
esimba	flower
esibiirra	what is it?
escra	scra
esenguJa	toothpick
eseemura	effervescence
esama	coughing
esagura	to buy
kwimukya obusungu	extinguish anger
kwimukya obusungu	extinguish anger
kugaita	to call
kusereka	to smile
erambira	to give
erahiirra	the oath of allegiance
esingoleza	the necklace
kufika	reaching
esoka	the squirrel
esonsogora	what is it?
esooboora	which is
esorooza	isocyanate
esungunika	heating
eta	and
etaabya	unsuccessful
etabaga	uncomfortably
etabatabika	invisible
kwepana	self-esteem
eteega	what does it mean?
eteekaniza	make preparations
etendebeka	low
kuguruka	flying
kuhiga	to teach
etiriginya	fearless
eterega	to show
kujingajinga	being overweight or obese
kujingjinga	to move around
etembeeka	weakness
kwececura	quietness
eteegura	preparing
etanga	small
etaba	uncomfortable
esweka	to hide
esuusa	to replace
esungusura	a visitation
esoroora	isocyanate
esokoora	to make
etooratoora	not picking
kwaralikira	preaching
eturumbwijura	weighing
eyahukaniza	the one who separated
eyamura	he/she/it has
kukaba	coughing
eyiba	stealing
eyiita	call
eyongosa	slowing down
eyorobya	the Yoruba language
eyunguura	scented
ezinda	old
ezinguurra	answer
eyobyo	that
eyagura	who bought
etuuma	to send
eturubika	is likely
etunguurra	the eye
etooliikn	toothpick
ebikoreso	tools
ebijwaro	clothing
ebijaburiro	food
ebiino	gums
ebihera	unfinished
ebicwanta	printing
ebicooli	toothbrushes
ebicaani	herbs
ebbeeseni	beds
ebbaibbuli	the bible
ebbahaasa	what to do
ebirengeso	obstacles
ebicwanyagurika	disruption
ebigene	size
ebigonzi	cloves
ebihaburo	warnings
ebihimba	composition
ebihwazi	rocks
ebiiga	lessons
ebijaga	drugs
ebijenge	ferns
ebitakuri	misrepresentation
ebihya	new
ebisingo	necklaces
ebisigarira	scraps
ebisekule	flowering plants
ebisa	food
ebirwaniso	weapons
ebirungo	spices
ebirego	accusations
ebiraatwa	discomfort
ebinyiga	the nerves
ebinyangabo	the words
ebinyansi	science
ebingonzi	ulcers
ebimira	plants
ebikya	new
ebikwato	boots
ebikuti	toothbrushes
ebikyenkya	the next day
ebindi	other
ebinyaanyindo	the nostrils
ebinyoobwa	alcoholic beverages
ebinzaali	bells
ekirahure	the mirror
ebirahure	mirrors
ebireju	eyebrows
ebirika	cloves
ebirungi	good
ebisosonkoro	toothbrushes
ebisurugutururu	caterpillars
ekiigaana	a refusal
ebiigaana	discouragement
ekihwijo	the spider
ebihwijo	toothbrushes
ekihurro	the eardrum
ebihurro	the kidneys
ekihukuzi	the cage
ebihukuzi	the cavities
ekihongole	the assembly
ebihongole	clusters
ekihoiga	what is it?
ebihoiga	swelling
ekiho	what's there
ebiho	what's there
ekihika	family
ebihika	family
ebihiba	flourishes
ebihimba	composition
ekihangwa	the creature
ebihangwa	the natural world
ekihanga	the nation
ebihanga	the nations
ekihaha	the newborn
ebihaha	the lungs
ekigwo	what happened
ebigwo	your own
ekigugu	weight
ebigugu	precious stones
ekigonzi	a carrier
ekigurukano	the curse
ebigurukano	gossip
ekihuurika	the wind
ebihuurika	fluctuations
ekigwara	the disease
ebigwara	illness
ekigogo	the caterpillar
ebigogo	toothbrushes
ekigono	the hand
ebigono	small arms
ekigundu	anthrax
ebigundu	ulcers
ekigwererezi	what's going on?
ebigwererezi	footprints
ekihangara	the hanging tree
esahani	plate
ekihaso	the result
ebihaso	effects
ekihihi	what
ebihihi	what
ekihoihorya	the hoohorya
ebihoihorya	feathers
ekijuju	foolish
ebijuju	foolish
ekihooya	the caterpillar
ebihooya	cloves
ekihuguhugu	cough
ebihuguhugu	feathers
ekihururwa	to be uncovered
ebihururwa	exhibits
ekihuumuro	a source of refreshment
ebihuumuro	relaxation
ekihyo	fatigue
ebihyo	food
ekinyampo	the butterfly
ebinyampo	worms
ekinyamakeka	the mystery
ebinyamakeka	uncertainty
ekinyabwoya	hair
ebinyabwoya	hair follicles
ekinunko	anthrax
ebinunko	flies
ekintana	the sword
ebintana	the earrings
ekiniga	a feeling of anger
ebiniga	the bitterness
ekingoleka	what it means
ebingoleka	signs and symptoms
ekinaga	the reindeer
ebinaga	other
ekimiro	the field
ebimiro	plants
ekimera	a plant
ebimera	plants
ekimara	what is enough
ebimara	enough
ekikwato	the saddlebag
ebikwato	boots
ekikwasi	the caterpillar
ebikwasi	toothbrushes
ekikururuzo	the caterpillar
ebikururuzo	insects
ekikunya	what is it?
ebikunya	canker sores
ekikungulima	what grows
ebikungulima	harvesters
ekikule	growth
ebikule	growth
ekikugizo	an obstacle
ebikugizo	obstacles
ekikonkonamiti	the consonant
ebikonkonamiti	connective tissue
ekikonkomago	the end
ebikonkomago	the consequences
ekikonkomi	the hook
ebikonkomi	bells and whistles
ekikoonora	what causes coughing
ebikoonora	coughing
ekikorwa	action
ebikorwa	actions
ekikura	what grows
ebikura	growing
ekinuuko	the sternum
ebinuuko	the sources
ekilaaya	a prostitute
ebilaaya	prostitution
ekimeeri	ship
ebimeeri	ships
ekinaabiro	the bathroom
ebinaabiro	bathrooms
ekingoora	what is it?
ebingoora	what to do
ekinosi	toothpick
ebinosi	toothpicks
ekintu	something
ebintu	things
ekinyabaisiki	the shellfish
ebinyabaisiki	washcloths
ekibazo	the question
ebibazo	questions
ekibbaati	a mattress
ebibbaati	shoes
ekibbiriiti	sulfur
ebibbiriiti	smallpox
ekibero	the belly
ebibero	thighs
ekibiriza	the cause
ebibiriza	causes
ekibindi	a pothole
ebibindi	the kidneys
ekibunu/ekitiri	a blemish/not a blemish
ebibunu/ebitiri	blemishes
ekibwegurra	what's going on?
ebibwegurra	what to buy
omukonko	anthrax
emikonko	smallpox
ekicu	cloud
ebicu	clouds
ekibbaali	a knife
ebibbaali	toothbrushes
ekibiriiti	wood
ebibiriiti	cuttlefish
ekibira	forest
ebibira	forests
ekibonwomwe	what's the problem?
ebibonwomwe	suffered
ekibunda	a shell
ebibunda	feathers
ekibwana	a boy
ebibwana	flowers
ekicooli	the scythe
ebicooli	toothbrushes
ekinyangondookyera/ekitindinda	red-headed or red-headed
ebinyangondookyeraebitindinda	toothbrushes
endobeso	the temptation
endobeso	the temptation
ekinyomo	the mouth
ebinyomo	the lips
ekinyonyi	a bird
ebinyonyi	birds
ekinywa	muscle
ebinywa	muscles
ekintu	something
ebintu	things
ekipampagara	what's wrong with me
ebipampagara	toothbrushes
ekiranga	the cause
ebiranga	characteristics
ekipanga	the sword
ebipanga	clusters
ekiragaano	the covenant
ebiragaano	signs
ekirahuli	the horn
ebirahuli	eyeglasses
ekirali	what it is
ebirali	what it is
ekiramukyo	the caterpillar
ebiramukyo	the way you look
ekinyamunsungusungu	self-righteousness
ebinyamunsungusungu	feathers
ekinyoobwa	a drink
ekinyumyo	a conversation
ebinyumyo	conversations
ekinywabwino	what is good
ebinywabwino	sweetness
ekipaali	not
ebipaali	toothbrushes
ekipande	chart
ebipande	signs
ekirandakwata	what will happen to me
ebirandakwata	what will happen to me
ekipiira	a pillow
ebipiira	columns
ekirabyo	what it is
ebirabyo	their own
ekirahiro	a vow
ebirahiro	vows
ekirale	the sternum
ebirale	other
ekirangirro	announcement
ebirangirro	announcements
ekireere	the cloud
ebireere	the feet
embabazi	tenderheartedness
embambagya	coat of mail
embaraasi	pregnancy
embasuko	the source
embaza	the dog
embegede emberra	flower
embogo	flower
embumbe/ekyekulingirire	moulding
embunduguru	the north
emboijana	the chicken
embomboza	the spotted owl
emboni	light
embanza	city
embatamo	the conclusion
embone	the spider
embaya	a spider
emberenge	clay
emboyi	the boar
embumbatizi	baptism
emburara	sleeping
embwa embyara	a dog
emeeza	a table
emera	plants
emigambire	a proverb
embwakazi	the female
emigaatwa	swallows
embungu	worm
emburabura	rain
emenge	alcoholism
emibbwebbwe	locusts
emigaramo	pain
emitego	pitfalls
embugo	whipworm
embunda	a gun
embuuru	acne
embuzi	goat
embyamyamu	cloves of garlic
emengo	whip
emerezi	cedar
emicungiro	toothbrushes
emirabanamu	the eyebrows
emilyoni ikumi	ten million
empande	side
emilyoni	millions
eminwa	lips
eminyeeto	starfish
emirembe emitalibaine	unprecedented peace
emitalibaine	toothbrushes
emitegano	stress
emirindi	the Indian
emitumanyuma	the back
emyetuno	weary
empooza	the frog
empotole	coughing
empuka	peaches
empulirizo	pressure
encumate	to be happy
encwekye	drowsiness
empuruuturro	anthrax
empuule	breathing
empuunisa	the coat of arms
empwamaani	the caterpillar
empwerwa	yellow
empwite	call
ebitanga	common names
ebyahandiikirwe	what is written
ebyobutegeki	unorganized
ebisigi	mosquitoes
ebitaara	lights
ebiteere	to wait
ebyenda	the intestines
ebyondo	hammers
ebyohyo	your hair
ebyoya	wool
eduuka	flower
efirimbi	the mill
ebitarira	uncommon
eboote	all
ebyakwahwa	what you have been given
ebyamaka	family
ebyari	what it was
ebya Sitaani	by Satan
ecupa	a bottle
edubu	time of day
egaaju	yellow
Egiigya	The New
egomborra	eczema
egyambiya	supportive
ejoora	to-morrow
eka	at home
ekambi	camp
ekarwa	the swelling
ekelezia	thankfulness
ekibako	the forest
ebibako	flowering plants
ebibaara	blemishes
ekibanda	the sternum
ebibanda	flower beds
egaali	bicycle
egaragara	obvious
egi	this
egunga	cough
ego mail	money by e-mail
ehiira	healing
ekaanyuma	at home
ekaraamu	the living
ekanisa	church
ekirimi	the tongue
ebirimi	languages
ekirego	the snake
ebirego	accusations
ekiremba	what is it?
ebiremba	toothbrushes
ekiriisa	nutritious
ebiriisa	nutrition
ekirubi	leprosy
ebirubi	eyelids
ekirongooro	toothbrush
ebirongooro	toothbrushes
ekirungo	the recipe
ebirungo	spices
ekireego	the cloud
ebireego	complaints
ekirenge	foot
ebirenge	feet
ekirere	the weather
ebirere	weather
ekirumiko	the squirrel
ebirumiko	toothpicks
ekiromba	need
ebiromba	needs
ekirooto	a dream
ebirooto	dreams
ekirukirro	the next generation
ebirukirro	the consequences
ekirurumo	the swelling
ebirurumo	disorders of the nervous system
ekisaaru	dizziness
ebisaaru	tooth decay
ekisagiko	the coat
ebisagiko	moisturizers
ekisa	kindness
ekizaaiiiro/ ekisaaru	diarrhoea
ebizaaiiiro/ ekisaaru	diarrhoea/ diarrhoea
ekisabiko	the flower
ebisabiko	the prayers
ekisanju	the spider
ebisanju	the seventh
ekisasaazi	spiteful
ebisasaazi	waste
ekisegu	sexual immorality
ebisegu	sexual immorality
ekisengiijo	the sternum
ebisengiijo	toothbrushes
ekisense	the spider
ebisense	perfumes
ekisanku	the flower
ebisanku	the days
ekisensero	small intestine
ebisensero	sponges
ekisinjo	the caterpillar
ebisinjo	mosquitoes
ekisore	shrimp
ebisore	cattle
ekisutama-hamwe	what's the problem?
ebisutama-hamwe	insects
ekisaatu	triangle
ebisaatu	three
ekisago	wound
ebisago	injuries
ekisambizo ekisanuruzo	an explanatory footnote
ebisambizo ekisanuruzo	training explanation
ekisarazi	scurvy
ebisarazi	cuttlefish
ekisebe	the saddle
ebisebe	cuttlefish
ekisengeijo	the shell
ebisengeijo	shelter
ekisamba	the bush
ebisamba	wildlife
ekisonga	a clue
ebisonga	signs
ekisorosoro	small
ebisorosoro	insects
ekisoma	what you are reading
ebisoma	what you read
ekisurugu	swelling
ebisurugu	worms
ekisizi	the spider
ebisizi	the kidneys
ekisyarazi	the sternum
ebisyarazi	electricity
ekitaba	not
ebitaba	not
ekitabaswa	what not to eat
ebitabaswa	what not to eat
ekitaka	soil
ebitaka	soil
ekitaraariire	unexpected
ebitaraariire	unexpected
ekisiika	the inheritance
ebisiika	heredity
ekisindikwa	assigned
ebisindikwa	assignments
ekisinziro	shelter
ebisinziro	moisture
ekisirya	food
ebisirya	food
ekisomabwire	what to read
ebisomabwire	what to read
ekisombera	what is it?
ebisombera	toothbrushes
ekisonko	the tongue
ebisonko	food
ekisoonante	the consonant
ebisoonante	tooth decay
ekisunsuzo	the thorax
ebisunsuzo	stimuli
ekisweko	the sword
ebisweko	disorders
ekitanakya	before
ebitanakya	before
ekisire	owl
ebisire	moles
ekisooko	the first
ebisooko	firstfruits
ekitabaraara	what's wrong?
ebitabaraara	uncomfortable
ekisiibo	the flock
ebisiibo	fasting
ekisingolezo	the necklace
ebisingolezo	necklaces
ekisumuruzo	the key
ebisumuruzo	keys
ekisuzi	smallpox
ebisuzi	pillows
ekisusu	the skin
ebisusu	caterpillars
ekitaatnutoole	what we don't know
ebitaatnutoole	what we don't know
ekitabujuguta	does not melt
ebitabujuguta	unhealthy
ekitakuli	uncertainty
ebitakuli	uncomfortable
ekitanake	what is it?
ebitanake	five
ekitangaazo	the light
ebitangaazo	signs and symptoms
endyakiro	reaction
endyanga	food
enfuuzi	owl
engaba	giving
engambisa	English
engano	the flower
enganja	fish
engurumbanyi	the caterpillar
endyaga	flood
eenimi	languages
enfaana	similarity
enfunjo	cloves
enfuuni	swelling of the stomach
enfumbi	clay
engabi	dangerous
engabwa	assigned
engagya	new
engamba	the tongue
engambo	gossip
enganga	the priests
enganjani	how many
enganyi	uncertainty
engasa	useful
engazi	blood
engendo	travel
engenzigenzi	other
engingo	muscles
engoga	clothing
engombe	the bull
engonero	signs
engonzi	heartbeat
engoro	the heart
engoto	toothbrush
enguha	what is it?
engumangane	a spider
engunu	the squirrel
engururrumi	thunderstorms
enguudo	roads
enguzi	corruption
enio	these
enjaza	fever
enjeru	white
engarukamu	how to respond
engaase	height
engenzi	a friend
engiga	the tongue
engo	wings
engobya	the shell
engoma	drums
engona	the crocodile
engondo	swallow
engonge	discomfort
engoonyo	mosquitoes
engorombe	the mine
engoye	clothing
engungumale	whining
engundizi	flower
engwara	cleverness
engweterano	the clutch
enimi	language
enjaahi	food
enjabule	to be happy
enjagirizi	anthrax
enjatu	three-toed sloth
enjenga	similar
enjoga	to force
enjoka	the serpent
enjoki	the snake
enjuba	the sun
enjunza	the spine
enkambi	camps
enkali	anthrax
enkango	cloves
enkenko	the caterpillar
enkerebe	the squirrel
enkana	one thousand
enjuza	flower
enjwaranna	the hand
enkaanaana enkaina	equal to equal to equal
enkaka	cattle
enkamba-be	camping
enkangaasi	the caterpillar
enkanjaiga	smallpox
enkaranga	the spider
enkarwa	the sword
enkeeho	the clock
enkenyera	fever
enkere	food
enkerembe	the coat of arms
entabukatabuka	uncontrolled
entaka	soil
entangize	the beginning
entaratazi	starfish
enteerabwire	be careful
enteeraniza	to be balanced
entemamuhoro	peace of mind
enterebuki	the butterfly
entimbo	wood
entoijo	the future
entongana	disagreement
entajumba	not to be swallowed
entama	sheep
entale	the wilderness
entambu	the walrus
entandikiro	the beginning
entangatangano	conglomerate
entarutahu	three
entebe	throne
entema	the thorax
entenyi	anthrax
entimagizi	the pillows
entimbure	flower
entondo	toothbrush
entongole	official
entoole	surrounding area
entumba	war
entulirra	the eye
entundwa	the kidneys
entungo	a treasure
entuuru	the grasshopper
enumi	the tongue
enyakibabi	the cedar tree
enturabusa	the sword
enturro	enturro
entuuha	painful
entuuyo	toothbrushes
entyabiri	two
enuuni	birds
enyaani	the truth
enyabatimbo	flowering plants
enyahukana	different
enyakabara	high winds
enyama	meat
enyamahamba	the grasshopper
entumbi	the middle of the night
entumbwe	the caterpillar
entuumuuki	the wind
entuuru	the grasshopper
enusu	coins
enyamaiswa	wild animal
enturuba	the butterfly
entuutu	toothpick
entwe	the head
enwa	mouth
enyabisaaniko	the spider
enyakibisi	green tea
enyamagaro n	and
Eba	Beware
Ebabura	What is missing
Ebiihabiiha	The Dangers
Ebondoiga	The Lesson
Ebundaaza	The washing machine
Eceeba	Sea urchin
Ecunda	The Cradle
Efoora	The Fountain
egaa rraamu,	and the fruit of the womb,
Ebaarra	What is it?
Ebabara	Painful
Ebaganizaamu	The Cause
Ebairuka	The Fugitives
Ebeteka	The Places
Ebiihiirra	The Challenges
Ebiihiraniza	The Barriers
Ebiijagura	Benefits
ebin ga	not
Ebumbiirra	The earthquake
Ebwa	The dog
Ecencura	The Ecencura
Ecumiitiriza	What to Meditate On
ecundacu nda,	the back of the neck,
Ecuraniza	Comparison
Ecwacwana	The swallow
Edikya	In the morning
Efaafaaniza	The Parable
Efuba	The stomach
Ega	What?
Egama	The Name
Egambiirra	What Does It Mean?
Eganyira	Get used to it
Eganira	Communicate
Egejageja	Temptation
Egemba	Flowers
Egemuliza	What is it?
Egesa	Examples
Egiza	Try
Egonyoorra	It is soft
Egurukya	Freshness
Ehaisa	In the past
Ehakana	Apostasy
Ebengeka	Few
Ehenyenga	Righteousness
Ehingahingisa	The Pursuit of Happiness
Ehoima	Anxiety
Eganya	Disagreement
Eganyiirra	Adapted
Egarukamu	The Answer
Egegecrra	Examples
Egema	The test
Egendera	The Standard
Egenya	The Flood
Egogeza	Speak
Egonesa	Explained
Egoora	Selfishness
Ebaabira	The Floodgates
Ehara	It's not
Ehemura	Hemorrhoids
Ehenya	One day
eh.tita,	e.tita,
Ehinguliriza	Searching
Ehiringisa	What is it?
Ehonga	The Flock
Ebooga	It is painful
Ehoza	Ehoza
Ehungura	It's a curse
Ehuuga	The Hurricane
Ebyohya	Fresh
Ejuura	The eucalyptus
Ekanga	The Nation
Ekaranduza	The Floodgates
Ekeerreema	The Squirrel
Ekima	The Thorn
Ekingira	The entrance
Ekonga	The Grasshopper
Ekopa	Copying
Ebotoora	What to Choose
Ehotora	Choosing
Ehugya	A sense of urgency
Ehuuta	The skin
Ebyahyaniza	Contradictions
ejw eka	at home
Ekaakura	Growth
ekagu ra,	the womb,
Ekaguza	What is it?
Ekeehereza	Self-confidence
Ekcndura	What is it?
Ekilka	What is it?
Ekooka	The First
Ekoonyera	Searching
Ekubakuba	What Protects Them
Ekubirana	What is it?
Ekugusa	Satisfying
Ekulingilrra	What's wrong with you?
Ekumba	Squirrels
Ekumbya	The New
Ekuusa	It's moving
Ekwasa	Useful
Emanya	Knowledge
Emanyisa	Warning
Emigiza	Signs
Emogora	The Grasshopper
Emwa	The Mouth
Ena	Four
Enegura	The Enegura
Enuuba	Enoch
Eoyini	Wine
Epaoka	Epaphras
Eraga	It shows
Ekubiriza	It Encourages
Ekukumika	What to Expect
Ekuliiriza	It makes you feel guilty
Ekulingura	What is it?
Ekuma	The Iron
Ekuuma	It Protects
Ekuuyuuya	Breathing
Emaanyura	Benefits
Embi	The Bad
Emererwa	Failure
Endereza	The Way
Eoka	The owl
Eoyuma	The Protector
Eragaza	It shows
Empooka	The pomegranate
Empugutani	The Puritan
Empulirro	Feelings
Empunu	Emptiness
Emyerande	Squirrels
Empya	The New
Emyehurro	Resting
Emyekuniko	Cockroaches
Emyesungo	Expectations
Empuku	The Cave
Empungira	Squirrels
Empurizana	Polish
Emputa	The wound
Empyo	The kidneys
Emyehaahiro	Promises
Emyehembo	The Rewards
Emyekuzo	Flowers
emyenda ya'bunyoro	soft clothing
Emyombekere	Buildings
Enaanaasi	Pineapple
Encamparya	Encamparya
Encikinya	What is it?
Encompya	New
Encwangya	Squirrel
Endaade	The Day
Endaawa	No
Endagaano	The Covenant
Endagalika	The Scream
Endahiro	A vow
Endale	The Way
Endangaazi	The Grasshopper
Endeberwamu	What to Expect
Endebolebo	gossip
Endambi	Flowers
Enamba	Numbers
Enceke	The Squirrel
Encu	Squirrels
Encuro	The Encouragement
Endabukya	Early in the morning
endamya	anthrax
Endebe	The Cup
Endehwa	Travel
Enderalera	The End of the World
Endigito	Weight
Endiirakumara	The End
Endimi	Languages
Endimiro	The Field
Endobo	The ball
Nyineeka afeera aka ye'.	My mother died in her sleep.'
fa	where
amaiso; amatu; obusaija	eyes; ears; nose
faabbiina	the congregation
kukaba kufaabbiina kw 'amani kwija kumara enju enu; Mugume akaba nafaabbiinisibwa enju ye obu yahoire yahuumura	If a storm comes and destroys your house, keep your house clean.
faafaana	similar
akafaafaanira mukyaro; akakira muno kufaafaanizibwa obulemu	a person with a disability; a person with a disability
faafaaniza	comparison
faahongana	understanding each other
nooha ayafaahonganisize abantu abo; ira kabataafahongaana? enju ye efaakaire kundi	Who has caused these people to stumble, that they should not stumble?
faakuuza	to ask
feekya	self-confidence
feerra	fever
Yesu Kiristo akatufeerra hamusalaba	Jesus Christ, who died for us on a cross
feerwa	feeling lonely
fiisa	fish
abaana be babiri akabafiisiza Kyaka	lost her two children
foorogora	to explain
footooka	scratching
omupiira gwa motoka ye gukafootookera omukiikaro ekibi	the ball of his car rolls into a bad spot
fooba	the fox
-amabingo bakozeseze ekiaali bakagafoobera kukikozesa kurungi.	- the rolls should be used with caution.
foobera	be submissive
fooka	the fox
omukozi yaleesire akamufookera kasaarre	a worker brought in to work for him
footookeerra	a picture
footora	selection
foototora	to choose
fuba	try
endagu ifubire	wheat
fuba	try
-amata agafiire gayine kunangwa	-dead milk should be avoided
fubata	work hard
omuhiiha tigufubasire kurungi hakyanzi; omukazi onu emihiiha ye tagifubasa kurungi habyanzi	a man does not wash his hands well at night; a woman does not wash her hands well at night
fubeera	try to be
fubeereza	persevere
fubeerra	be persistent
fubika	cover
bintu bibiri abakazi ebi bakira kufubikisa abaana baabo	two things mothers do better than breastfeeding their babies
fubira	persevere
Nyinenkuru nyowe akafubire batahi bange.	My grandmother worked hard for my grandchildren.
fufuza	search
obu yacwire omunkomo kuhika owaabu akafufuliza omukibira	when he dipped the copper into the oreb and poured out the copper into the woods
fuguta	wrapping
omuheesi aheesa n'omwojo ow'okumufutiraira omujuba; omujuba bagufugusa orulw orubohwa hankero yagwo	The sun shines on the prisoner and the child; the sun shines on the prisoner and the child shines on the prisoner.
fuka	be careful
amaizi akaba naagya kwoga akabanza kugafukya	water used for bathing
fukaana	be careful
bakafukaanira harubaju rw'ekisaaru baitu hatabeho n 'omu ayanagire mugenzi we hansi	they cuddle in front of each other but no one hits each other on the ground
fukama	to lie down
akaswerwa amabeere nigafukama kugwa	the baby's breasts are falling
fukiiriza	be careful
fukumuka	get up
fukumura	search
fuleeteza	be careful
fuma	get out
-omusuma bokamufumira omumadaara g'ekitobu.	- the thief will be shot in the back of the head.
fumba	cooking
nambere hataabaga nguudo abaana abaazindukaga, baafumbaga orume buli nyekya	Even before the streets were cleared, the children who woke up were cooking rice every morning
fumbagiriza	make a good impression
fumbasa	cooking
fumbata	get married
fumura	to extinguish
funda	learn
oruguudo rufimdiire nambere rukaba rutasemeriire kufimdira	a narrow road that is not worth crossing
fundaana	love one another
funduka	run away
/.omaiso	/. eyes
fumbatiza	baptize
fundukura	summary
ky 'akohiecupa yo sooda kugifundukuzo amaino	what do you use your soda bottle for tooth brushing
fundura	foundation
amaiso	the eyes
funduza	fuse
omwana afundwize kuturuka	the child is learning to walk
funga	think
fungwa	imprisonment
- fungwa ebijwaro	- tie your clothes
fungiirra	fungiirra
funguka	open up
-Funguka obyokunywa ebyo	- Open those drinks
funuura	explain
-batwasire omusigazi afunuura nyekyakara	- bring us a translator
funya	to find
-oyine kufunya esatii oli omukukora	- you have to get a scarf
funyiirra	be self-sufficient
-okufuunyiirra kubaho ayisomero	- the need to have a school
funyika	cover
furafura	be careful
tikihikire kufurafuurra omuntu omubantu	it is not appropriate to judge someone personally
furuka	fleeing
-nkafuruka omuka	- I ran away from home
furungu	forest
-Ebigambo bye bakabifurungura tinukwo yabigambire,ati.	- The words that the tinko said, he said.
furuuta	more than
omubiri gwe gukaba nigumufurutira Kampala, obu yaizire Tooro gwaleka	his body is still swelling in Kampala, when he came to Tooro he left
futana	get to know each other
-maama akaba nafutana omubazi gwa akaana ke	- a mother was carrying her baby
fuuha	headache
ente kukufuhira buli neekuseruza obulemu	cattle for each and every disabled
fuuha	headache
-nakufuuhira musijaa wee.	- I made you a hero.
fuuhiza	exhilarating
-nfuuhize ekibi	- I have sinned
fuuhya	warmth
fuuka	become
amaarwa g 'ebitooke gafuukira omubisisi; ekifaukisa amaanva nubwo obutagasi obugatunga gakyali omukiina	the leaves of the pomegranate turn to moss; the leafy vegetable, despite the lack of moisture, is still bitter
fuukeera	be reasonable
afuukeerra omubwire bw 'embeho; abatabani bakamufuruurra Mwenge	The wind blows, and the sons make wine to drink.
fuuta	breathing
fuutafuutiika	to be unstable
jaallima	cultivated
jaagira	to be
akahanda kafunzire nikalemesa arukujaagira kukajaagiirraamu	a crooked road prevents a traveler from crossing it
jaagiza	command
jaagura	to buy
jaagya	father
jaakaara	uncomfortable
kujaakaara kw 'endwara y 'omunywereerro kurogiirra ha bantu kwanga kuhuurra ebirukwegesibwa hali yo; emibu ejaakaaza omuswija; omunywereerro gujaalcaazibwa okuteesigangana kw'abarukugonzangana	The outbreak of the bubonic plague is characterized by people refusing to listen to instructions about it; mosquitoes infecting the worm; drunkenness is exacerbated by mistrust between lovers
jaamaara	healing
jaara	a century
ekijeerre kijaarra hamunwa gw 'ekiina kyakyo	the caterpillar feeds on its prey
jaata	the jaata
jabagira	to be remembered
jabajabura	exaggerated
jabanganiza	be reasonable
jabiza	answer
jabuka	get up
haroho abasaija abagira engeso y 'okubajabuurra ebyokulya enjara obu eba ebali kubi; amujabwize ebyokulya bitakahiire	If a man is in the habit of cutting off his food when he is hungry, he should eat it before it is ready.
jagaata	the mother
jagajaga	to be
naaganya kujagajagira omubantu	I don't like to gossip
jagaraza	be careful
jagiriza	preach
jaguza	be careful
jaika	be happy
jajura	fullness
jakura	it grows
jaliga	small
jamajama	Jamaican
janguurra	be open-minded
janjaara	hunger
omuguwiraro ajanjaarra omubantu abamumanyire; omuntu aina obmwaire obukutuurra ayerinda kubujanjaaza omu bagenzi be	a person with a hearing impairment seeks help from people he knows; a person with a hearing impairment avoids seeking help from others
janjaba	flower
bakamusiima habw 'okujanjaba Isebo akamujanjabira ameezi mukaaga; tiinyina muntu w'okunjanjabisa omurwaire onu; akajanjabwa mukazi we	he was praised for treating Isebo for six months; there was no one to treat the patient; he was treated by his wife
janjagaarra	to keep
enkoko empangi ejanjagaraza amapapa gaayo eboine enkazi	a wild chicken that spreads its wings with its females
jarabanga	to see
jaragana	talk to each other
jaragatana	to get together
jaruka	run away
jeba	See also
jebeera	to be
abazaire obu baafiire boona yateekereza h 'okujeebeerra haamubura	When her parents died, she thought she was going to die.
janjagurwa	shattered
janjalika	commonplace
Jeera	Prison
jega	to lie down
jegeja	get close
-enjura ekajegajera esaaha isatu zoona,	and for three hours the sun shone with darkness.
jegejege	be self-sufficient
jegema	be careful
oburwaire yarwaire nubwo bwamujegemeze	suffered from a serious illness
jegemera	self-control
jejegurwa	to be exposed
akabatanga kujejegulirwa omuka ye	a person whose home has been burglarized
jegya	to eat
jeijcza	jeijcza
jenga	to eat
jenja	to move
jenjeera	be careful
jenjeka	self-consciousness
jogeza	try
jogolekwa	to be deceived
jogolikana	seeking each other
jogoma	people
jogomba	wanting
jogomora	shrinkage
jogorwa	the oppressed
joimoka	standing up
jonjogorwa	being rescued
jonjoma	coughing
jonjoora	to get married
jonjooza	healing
jookooza	people
jookooza	people
jooliima	self-sacrificing
juba	to hurry
enjura em11tiire yamujubya	the heavy rain drenched him
juba	to hurry
omuntu obu alWara omukanwa bamuha omubazi gw'okujubata	A mouth guard is a device that is used to hold a person's mouth open
jubuka	youth
jubura	rain
juga	gambling
ente ejugira omwana gwayo;	a cow restraining her calf;
juguma	the earth
ajugumiire kwikara omumbeho atajwaire kooti; embeho emujugumize	hastening to sit in the cold without a coat; trembling in the cold
jugumbya	flower
jugunya	to be discouraged
juma	a week
akam11jumira obugara	he/she/it is swallowing
jumagira	to be happy
jumba	the house
jumbika	clutch
jumbira	be happy
jumbinva	the jumbinva
jumbukira	remember
jumbutura	the jellyfish
jumbuurra	be careful
niinyija kukujumbuurra etaaba esaarra;	I will bring you out of the hand of your enemies;
jumbuutukira	suddenly
jumbuza	to ask
abaana baahanwaga okutajumbulizaaga omumaka g 'abandi	children were taught not to break into other people's homes
jumira	be patient
ente ejumiirra omwana gwayo; ekijumiza ente nukwo okutarora omwana gwayo omumaiso	A cow eats her calf; the glory of a cow is not to see her calf face to face
jumuurra	to kill
juna	each other
ataina w 'okumujunira tarwanira mu baingi; akamujunisa amaani ge; omuntu ajunwa obu atwara Yesu kuba Mukama we kandi mujuni we	he who has no one to save him does not rely on many; he saves by his own power; he is saved when he accepts Jesus as his Lord and Savior
junaana	Be kind to one another
noojunaanwa omusango gw 'okwemereza motoka omukiikaro ekitaikiriziibwe	you will be charged with 'taking an unauthorized seat'
junaaniza	think about each other
). amagoba	profits
junaaoizibwa	Junaaoized
junda	judo
ebijuma ebijunzire tibiriibwa; ebyenju bikajundira omuly ahuurro; obugoigo; ebihimba bye bijunziibwe kuteerwa enjura	dried fruits are not eaten; the leaves are eaten; the leaves are eaten; the leaves are eaten; the leaves are eaten for rain
jundeera	shed light
junga junjuruma ekikoomi baataireho ebinyansi bibisi kikajundeerra ebiro bibiri byona; bakata ebiti bibisi omumuurro ogurukubuguma byagujundeeza	junga junjuruma a furnace filled with green embers kept cool for two days; they cut down green trees and a hot fire kept it cool
juoga	sleeping
jungm1rra omwana obuheke bw'oburo a/ye	Jungm1rra child a/he
jungutuka	he/she/it has been
ekijungutukya itaka nukwo kuba n 'orwezoorurungi	the earth is shaken by a good wind
junguurra	be careful
junira	June
junjubara	June
ebijwaroebimu bijunjubaza omuntu	a person's eyebrows
junjubura	the juniper
omuntu ataina maino Jasobora kujunjuburo enyama; tinkabonaga ekijunjumiirra nikijunjumiirra omunju	a person without teeth He can eat meat; I have never seen a rabbit in my house
junjumuka	to wake up
abantu baingi nibeekaguza kiki ekimujujumukize bwangu kili	a lot of people are wondering what the quick fix is
junjuruma	June
junjuura	the junjuura
abaira baikirizaaga ngu enjunJuuzi tejunjuurra busa	the priests believed that the sun never sets
jura	jura
Jura	The Jura
- ekyamujulize nukwo kuburwa amata aga yanywaga buli kiro	- the lack of milk he drank every night
jurru	the sky
jurubana	sword
juruguuta	yellowing
juta	Judah
juubya	high
juuka	wake up
ente eny akuteegere ejuukira nambere enimi eri	the cow will understand you when you wake up and tell you the language
juumara	fever
juumib	the juumib
kulinda obwana bw'enkoko ebihungu abantu ba ira baabujuumikiraga ekigega	waiting for the young chickens the people of ira kept in the barn
juamilcinna	the day of the week
akamusaba amuj11umuku 11rre ekigega arole ekiri lransi yakyo	he asks her to come to the bank and see where the money is
juumura	relaxation
juura	time of day
jwara ekiteteei ekirailr ire otaija kufuurra abantu; omuzaire we akamu j uuzaamu on1goye orutasemeriire k11jwarwa	wear a seat cushion so that you don't get too close to people; if a parent asks you if you shouldn't be wearing a seat cushion
juurra	the sun
juuruuka	flying
orugoye akaba aibire bakarumujuulizaamu omumaduuka	a robbery robbery robbery robbery robbery robbery robbery robbery robbery robbery robbery robbery robbery robbery robbery robbery robbery robbery robbery robbery robbery robbery robbery robbery robbery robbery robbery robbery robbery robbery robbery robbery robbery robbery robbery robbery robbery robbery robbery robbery robbery robbery robbery robbery robbery robbery robbery robbery robbery robbery robbery robbery robbery robbery robbery robbery robbery robbery robbery robbery robbery robbery robbery robbery robbery robbery robbery robbery robbery robbery robbery robbery robbery robbery robbery robbery robbery robbery robbery robbery robbery robbery robbery robbery rob
juza	cold
jwa	of
izooba litujweriire; Ruhanga af wisa omusana	the sun is shining; God gives light
jwabiirra	be self-sufficient
jwabira	be careful
e zijwabiriire ebisajwa; nfwahire kubahaga ebiragiro bya11ge nimubicwa; abagenzi bajwal11ra muno hakutemba ensozi; abaana bato bajwahibwa kumara obusumi bwingi baikaliire	They are dressed in old clothes; I have given them orders to be killed; friends are walking in the mountains; little children are allowed to live for long periods of time
jwabisa	shelter
jwahuka	disruption
jwahukilrra	the jwahilrra
jwaburuka	flower
jwamba	July
jwambura	pulling away
jwangana	be self-sufficient
tegwire	not falling
ta	not
ekitabu nkitaire hameeza; nteera ekitabu kyange kinu hameeza; omukono gukateebwaho omuhilcirwa. the Prime minister signed. -ta	the book is not on the table; I put my book on the table; the signature is placed on the translator. the Prime minister signed. -ta
taabaana	children
isebo obu yafiire bakataabaanira omubiikaro ebitali bimu; okufa kwa isebo kuka bataabaniza	father's death, they take different positions; father's death, they take different positions
taabataabaana	not having children
nitutaabataabanira omunsi omw 'iguru tuliiteekaana	if we don't fight in heaven we will fight each other
taaga	tobacco
omusaiJa amutaagisize; akakira kutaagisibwa kumuteeza eldJumbura	the driverJa did not stop him; he refused to stop him eldJumbura
taagataagura	does not divide
ekisoro embwa zikakitaagatagurazaakirya kyona	the dog's cage
taagira	does not
akataagira owanyina kwija kumuJunira, baitu yasangwa ataroho	he did not ask his brother to come to him, but he was not there
taaguka	does not fall
-aminah ataaguka muno	-aminah doesn't come here
taagura	does not buy
akamunyegeerra habw 'okumutaaguurra orugoyerwe; ekiniga kikamutaaguza ebbaruha ezi akaba amuhandiikiire	he found out that he was cheating on her; he was furious and tore the letters he had written
taaha	home
obugenyi; banywani be baizire kumutaahira obugenyi; obugenyi bw'omutabani bukataalrwa abantu baingi	guests; his friends have come to make a feast for him; the son's feast is attended by many
taahtirra	the taahtirra
Bahemuka araire ataahiriirwe abasuma	Loyalty is not for thieves
taahira	he doesn't
taahirirwa	unhappy
-ogu ataahiririrwe omwegenderezeege obu araabaga noobaza nawe	- a person who is not careful when he or she talks to you
taahirwa	unhappy
ira omun111 obu yataahinvaga abagenyi yayetaga abantu ab 'okwija kubaza nabo	iraun111 when he didn't have visitors he needed people to talk to
to make enter; Barwenda akataahisa empisi obugenyi. Barwenda invited a hyena to a wedding	to make enter; Barwenda invited a hyena to a wedding
taahisa	he does not
omunyoro akataahya omufuruki 0mu kibanja ekikaba kiri kya Bisereko	a flower that doesn't burn a flower in a field that belongs to Bisereko
taahya	not new
obu akaba naamara obuheereza bwe mb '0mukama akataahya enyana; t. omukazi	When I finished my ministry, I was a man who did not feed the calf; t. a woman
taahya	not new
-kinwa kya nte kitaahibwa Rubaga	- the mouth of the witness is not broken
taakura	he does not grow up
enkoko kutaakuurra obwana bwayo obuhuka etaakuza enono zaayo	a chicken that does not lay its eggs
taama	not
taamataamura	does not understand
ekiniga kikamutaamataamuza ekisisani bakaba batiirwe bombi	the anger is so strong that both of them are killed
taamuka	does not wake up
orugoye rwe rukataamukira omukizaaniro nibazaana	his garment stretched out for the assembly
taamura	he does not know
akamulehesa habw 'okumutaamtwrra orugoye rwe	he told her because she tore off his clothes
taana	today
ebibanja byabo nibitaanira hakasozi eruguru	their flocks look out over a hill
taaruuka	not flying
rwebagyo mmuboinege naataaruuka; Baitu tiimmanyirege mbere abaire naataaruukira enaku nizimutaaruukya	I'm not sure I'll be able to make it, but I don't even know if I'll be able to make it.
taata	father
-Oraire Ota Taata?	- Where's my dad?
taatlirra	does not weep
Mukama akagamba ali Weena anya kutaatii"a obw 'omeezi bwe alibufeerwa	The Lord says whoever doesn't listen to this message will lose it
taba	not
erangi z'omukeeka gunu itabire	the colors of the rainbow
taba	not
ekinyege kyange nyamutaba kyantaba n'abataahi; enkinzo batabisa omukeeka bagyeta orukato	I've never been in a relationship with a man; I've never been in a relationship with a woman.
tabaara	light
akamutuma kumutabaliirra egaali ye; akamusaba kumutabaaliza ebintu bye	tells him to stop his chariot; asks him to stop his goods
Tabaarukya Tabaaza	They Did Not Turn Out the Light
obutamanya butabaaza araafa; omukama atabaazibwa abantu baingi muno	ignorance of the light dies; the Lord is not illuminated many people here
tabaijuka	do not remember
- akateerwa enkonge yatabaijuka yagwa,	- he stumbled he didn't get up he fell,
tabaijura	not satisfied
tabanganiza	they did not
tabanguka	is unyielding
tabatabuka	does not break
tabika	not appearing
tabira	do not
tabirana	not marrying
tabiza	he/she/it does not
tabuka	not run away
akatabukira hake kufa	shortly before death
tabukatabuka	does not break
tabura	the tabura
-Akamutabuurra hake kumutomera	-He's a little slow to bite
tabya	not
tadooba	do not drown
taga	go away
omwana obu aba ali omba nyinenkuru ataga	when a child is a toddler
tagaarra	he/she/it does not
abaikoarra omumatoko bafunzire tibatagaraza maguru gaabo	carpenters learn not to show their feet
tagaija	will not
kutagaija kw 'abaana kookuroorraaho k 'eko erumu okusemererwa; babairege nibatagaizira omuzigati y'owaabu	The arrival of the children is a delight; let them eat their own bread.
tagaizira	does not give up
tagangara	he is not
tagasa	worthless
amaizi bagatagasiza omusafaliya	water to wash a traveler
tagata	not
amaizi gatagatira esaaha nke baitu gatwara esaaha nyingi kufako	water does not take a few hours but many hours to die
tagiza	do not
taha	the house
omuntu mukuru obu agenda haiziba, asemeriire kumutahira amiazi,	If a man is old enough to walk, he ought to wash his feet.
tahata	not at all
amata gatahatwa ayagatahasire	unpasteurized milk
tahisa	not in time
tahuka	does not fall
tahura	not see
omubazi anywire gumutahwire muno gwamumara amaani	a drunkard who drank too much and lost his strength
tahyatahya	not new
taiga	the taiga
taisa	fear
taisuka	does not exceed
akaba naagya kuhandiika ekalaamu yamutaisuka yagwa; akataisukira om11muhanda yain1ka yamusig a	he was going to write a pencil but it fell off; the one who was crossing the street just left him
taisukaniza	is not unreasonable
abateezi b'entomihobo n 'omumu w 'olmbataisukaniza omukuteerangana kwabo	the thieves and one of the thieves did not stop their gathering
taisura	not visiting
omuhiigi obu abona enyamaiswa ataisura embwa ze kugihambya; omusaija ayataisuliire abagenzi embwa ze bakamutaho omusango; omunyankomo ataisw1n11e	a hunter who does not let his dogs catch him; a man who does not let his dogs catch him; a murderer who does not kill
Tajeemerwa	He Is Not Disobedient
talibana	not having children
-namwandu atalibana muno wenka omumakage.	- a widow who is not alone.
taliga	he will not
-taata ataliga muno buli runaku.	- My father doesn't come here every day.
taliikiriza	does not accept
taliiriza	is not complacent
nkabasanga beemeriire omumuhanda hagati Nyowe nata/iiriza mpora nabarabaho	i find them standing in the middle of the street i never see them
talika	not
obu anywa amaanva; kira ebiro bisalu	when drinking vegetables; for a few days
talikiza	does not heal
akaanya kataito obu orukukatalikirizaamu abantu abandi nibaburwa h 'okwikaarra	a small moment when you interrupt others and they are unable to control themselves
taliza	he will not
tama	Try to
akantamira orugambo nve; obu obazaaho kubi mugenzi waawe omutamisa abantu; akatamwa buli muntu	If you speak evil of your neighbor, you are a murderer, you are a murderer, you are a murderer, you are a murderer, you are a murderer, you are a murderer, you are a murderer, you are a murderer, you are a murderer, you are a murderer, you are a murderer, you are a murderer, you are a murderer, you are a murderer, you are a murderer, you are a murderer, you are a murderer, you are a murderer, you are a murderer, you are a murderer, you are a murderer, you are a murderer, you are a murderer, you are a murderer, you are a murderer, you are a murderer, you are a murderer, you are a murderer, you are a murderer, you are a murderer, you are a murderer, you are a murderer, you are a murderer, you are a murderer, you are a murderer, you are a murderer, you are a murderer, you are a murderer, you are a murderer, you are a murderer, you are a murderer,
tamba	start
poliisi ekatamba kukwata omusuma owaakaba atuntwize ekyaro; omufumu onu atambira sente nke muno; atambisa emibazi y 'Ekitooro; enu endwara neetambwa Abarukwiragura	The police often catch a thief who has just invaded the village; the gunman plays a little money here; he plays with 'Ekitooro's rivers; this disease is caused by robbers
tambikiza	speak
toina mbere oratambikiriza amagun1, Omwanya oikaliremu mufunda	you don't even have to move your legs1, you don't even have to move your feet1, you don't even have to move your feet1, you don't even have to move your feet1, you don't have to move your feet1, you don't have to move your feet1, you don't have to move your feet1, you don't have to move your feet2, you don't have to move your feet2, you don't have to move your feet2, you don't have to move your feet3, you don't have to move your feet3, you don't have to move your feet3, you don't have to move your feet4, you don't have to move your feet4, you don't have to move your feet4, you don't have to move your feet4, you don't have to move your feet4, you don't have to move your feet
tambuka	walk
akamttjunaana habw 'okumutambukira ebyokulya	he owes her for bringing him food
tamburra	to walk
amagun1; e11yama y'ekisoro bagitambuurra omukisaka; enyama y'ekisoro ky'omukisaka etamburwa hali abo bonka abagihiigire	the animal's skin; the meat of the animal is only eaten by those who eat it
tambuurra	not hearing
tamiira	to stop
atamiire amaanva g 'ebitooke; amaarwa tibagatamiirra buko	They will be drunk with the poison of bitterness; they will not be made drunk with the poison of bitterness
tamiirukuka	do not run away
obu yatamiire akatamiinikukira ekiro kyo11a; ebicwe by'enyama nibyo byamwamiinikukize	when he was drunk he got drunk on the 11th night; meatballs were the cause of his drowning
tamika	start
omwwaire bamutamikil'a kubunva amaani g'okwetamika; omuntu ebyokulya bakira kubimutamikisa egiiko	the patient is sedated by the force of the bending; the person is sedated by food rather than vomit
tamura	tamarisk
amata abaire naanywa abasuma bagamutamwire kwiba ente ye	milk he ate and drank thieves told him to steal his cow
tamuza	does not come
tamwa	do not give
tamya	not afraid
ekillooya kye kitanire; ataniire Kasunganyanja; atanire kumanya habwaki omwana wange atii1·e owe	his dream is over; he is not afraid of the sea; he does not know why my son is afraid of you
tanaka	the tank
abaana nubo bakanya muno kutanakira omubbaasi; haroho emibazi enyakutanakya abarwaire	children are not allowed to ride the bus; there are toilets for the sick
tananuka	get up
tanda	the bed
amaguru	feet
tandaaza	he/she/it did not
enju ye abafundi bakagitm1daaliza ebiro bisatu	his house the students are still waiting for him for three days
tandagaraza	he does not calm down
tandalika	before
tandama	the tail
tandiika	start
tandika	start
obulemu obw 'okucungw·a Uganda bukatandikira luwero; Tusiime agonza muno omwegesa we ayamutandikisize kusoma n 'okuhandiika; obulemu obwa kabiri obw 'ensi yoona bukatandikwa Adolf Hitler (1939 - 1945)	the second world war started by Adolf Hitler (1939 - 1945)
tandukuurra	I'm not going to
akasanga tumazire ira kulya n"emeza bagitandukurwire ira; akaba agenzire	When we had finished eating, he said, "Let's go".
Tangiira	How to Get Started
tangaara	light
abantu bakatangaarra ebyamahano yabakoorraaga	people are still talking about the horrors he has done to them
tangaaza	announce
tangiirra	start
Omuroleerezi bamutangiririire omumaduuk.a Fort po11al; omukuras1 wabo bakamutangiriza elcimuli; akabatangisiza habw.okugya habbaasi	A tourist is picked up from the market at Fort Po1al; a tourist is picked up from Elcimuli; a tourist is picked up from the bus
tanisa	start
agiire kutanisa ebihimba bye; ente zigira akatale kaazo aka baitamsizaamu; oburunguru butanisibwa omukataale ka Hima	He learns to clean his limbs; the cows have their marketplace where they are not fed; the butterflies are cleaned by Hima's caterpillar
tanuka	not to get up
ekihooya kye kibaire kyas1sana ekirukwoma; ira amaiz1 g'enjura bagatangiririzaga hkitooke rundi hamutoma; Busaho n 'omu ayamanyire ekyamutanuukiriize 11a mugenzi we	His shoulder was broken, and when it was raining, he was not able to stand; so no one knew what had happened to him.
tanwa	mouth
tara	light
omuntu obu ataarra omubantu abatamumanyire tabatungiramu businge; enaku nizo itaza omuntu	When a person doesn't respect strangers, he doesn't feel safe; it's the sadness that makes him feel bad
tara	light
obu yasangire amahe gaatara haka ye aho yamanya; enjuye akagitalilwa omufundi ayayegesiibwe omu byamaju	When he finds the light, he goes to the place where he knows it; he goes to the house of the teacher who has been trained in magic
taraaka	the truck
akarabya nwtoko ye omumaizi g'omuruguudo amaizi gaataraaldra abantu	akarabya nwtoko is a street water heater
tarama	the tarama
tarantuka	he doesn't
taruka	the date
taruuka	the date
tata	father
tatento	the tatento
taza	see
teba	not
teba	not
omuntu amanyire ebyenseke nuwe atebera abanyubenyzmgu enseke	a person with a sense of humor is the one who recognizes people with a sense of humor
teba	not
abaisiki abamu bakira muno klltebwa aboojo	Some of the mosquitoes are killed by mosquitoes
tebeekana	do not get along
tebeekaniza	unprepared
tebeekera	do not make plans
tebeekera nk 'owaatwanwa amaizi	they don't act like they're drowning
tebeekeza	do not compare
atebeekiize hati kuvuga matoka	ready to drive
tebeza	not trying
akatebereza Namugongo abasomi boona baamugayuka	Aktebereza Namugongo all the readers admired him
tebura	the table
tebya	not
ebigambo ebi bitebiibwe abahuliirege orubazo rwe	the words that were spoken to the audience
teeba	not
Byengonzi akateebera tiimu ye gooro ibiri	The team is divided into two groups.
teega	to learn
ente ze zikaburwa enimi ey'okuziteegesa	the cattle are divided into languages
teega	to learn
teeka	the law
teeka	the law
amaarwa	wounds
teeka	the law
enyaanya bakaiteekera abaguzi	what they put out for the customers
teekaana	be calm
obugenyi abuteekaniriize omutabani arogire Bulaaya; akagenda kuteekanizisa Rwakijuma obugenyi bw'omutabani	a guest to arrange for her son to go to Europe; she goes to arrange for her son's guest on Sunday
teekera	do not
emihyo n 'amacumu baabiteekeerra hamahyoro; abantu abandi bateekeza muyamba	spears and javelins were placed at the edge of the wall; other people carried spears and javelins
teekereza	think
Ruhanga atutanga kuteekerereza busa bagenzi bairu ngu nubo bakozire ekintu ekibi nanka; ebiteekerezo eby 'obusinge biteekerezibwa Ruhanga	God gives us no reason to think that others have done something wrong; peaceful thoughts are God's
teekura	not slowing down
ow'okumuteekuurraaho ebyokulya bye akamubura; habugenyi abasaija nubo bateekuzaaho abakazi ebyokulya hamahega; ebyokulya bikateek:urwaho abasaija bonka	If a man does not prepare his own food, he is deprived of it; if a man does not prepare his own food, women are deprived of it; if a man does not prepare his own food, he is deprived of it; if a man does not prepare his own food, women are deprived of it; if a man does not prepare his own food, he is deprived of it; if a man does not prepare his own food, women are deprived of it; if a man does not prepare their own food, he is deprived of it; if a man does not prepare his own food, he is deprived of it; if a man does not prepare his own food, he is deprived of it; if a man does not prepare his own food, he is deprived of it; if a man does not prepare his own food, he is deprived of it; if a man does not prepare his own food, he is deprived of it.
omuyaga niguteera; omutima nigumuteera	the wind is blowing; the heart is blowing
teera	be careful
akakule; I.akakwazo; t. akairimira; t. amabega; /. ekiikoohe; t. ekikule; t. ensibo; t. amasa; t. oburaro; /. omuku; t. omusindo; t.orubugo; t. orujali; t. oruhi; 1. orunyege; t. omuhanda; t.enkaito	the back; the back; the back; the back; the back; the back; the back; the back; the back; the back; the back; the back; the back; the back; the back; the back; the back; the back; the back; the back; the back; the back; the back; the back; the back; the back; the back; the back; the back; the back; the back; the back; the back; the back; the back; the back; the back; the back; the back; the back; the back; the back; the back; the back; the back; the back; the back; the back; the back; the back; the back; the back; the back; the back; the back; the back; the back; the back; the back; the back; the back; the back; the back; the back; the back; the back; the back; the back; the back; the back; the back; the back; the back; the back; the back; the back; the back; the back; the back; the back; the back; the back; the back; the back; the back
teerana	teerana
-omuruganda rwabo tibateerana	-their brother doesn't get along
teerangana	do not get along with each other
tecraniza	tecraniza
omusaija n 'omukazi habw 'okuba baceke omukuru akobateeraniriza muka yabo	a man and a woman because they're laughing at the old man for comparing them to their wife
teerateerana	is not hasty
1110/oka zikira kuteerateeranira omubyezigooro; ekiteerateeraniza motoka nukwo kwirokira hanziriga enyingi muno omubyezigooro	1110/or to prepare the vehicle for a crash; to prepare the car for a crash is to save a lot of money in the crash
teereerra	do not give up
akabateereerra kutaikirizaaga omwana we weena kugenda ekiro; omusomesa akabateerereerra kim11 kutaijaga b01ajll'aire nkairo; bateereriinve kwikara omunyikiriza yabo	Teachers are advised not to let their children go to school at night; teachers are advised not to go to school at night; teachers are advised not to go to school at night; teachers are advised not to go to school at night; teachers are advised not to go to school at night; teachers are advised not to go to school at night; teachers are advised not to go to school at night; teachers are advised not to go to school at night; children are advised not to go to school at night; children are advised not to go to school at night; teachers are advised not to go to school at night; children are advised not to go to school at night; children are advised not to go to school at night; children are advised not to go to school at night; children are advised not to go to school at night; children are advised not to go to school at night; children are advised not to go to school at night; children are advised not to go to school at night; children are advised not to go to school at night; children are advised not to go to school at night
teerereza	do not overdo it
akateererereza omumaiso g 'omucwi weemisango nkook11 atarakikozire	he/she/it is looking at he/she/it is looking at
teereza	take into consideration
omuntu amaju; amaju akagamllteerereza omukaju aka akaba atamkusobora kutaahamu atatiize maju; akaju kafimzire nuko kaamumuteerezeseze amaju	a person's face; a person's face touches a person's face; a person's face touches a person's face; a person's face touches a person's face; a person's face touches a person's face; a person's face touches a person's face; a person's face touches a person's face; a person's face touches a person's face; a person's face touches a person's face; a person's face touches a person's face; a person's face touches a person's face; a person's face touches a person's face; a person's face touches a person's face; a person's face touches a person's face; a person's face touches a person's face; a person's face touches a person's face; a person's face touches a person's face; a person's face touches a person's face
teerra	teerra
omuhanda gurumu ebisaabu guteerra	a mathematical formula
tega	to listen
omwinvarro akarugamu atakategere; t. enkarwa; ekiraba haigunt bakitegera hansi; ebisoro eby'amaani muno babitegesa ornuliiti	the bird that flies without knowing; t. enkarwa; the bird that sees haigunt still knows; the powerful animals here are called ornulit
tegana	do not give up
teganiza	do not be discouraged
tegeekaniza	be prepared
tegeijuka	unforgettable
tegeizira	Do not be afraid
tegeka	organizing
tegereza	to observe
omufumu abarwaire bakamutegerereza aheeru y 'ekisiika /eye; bakabiiltirwa tcgura temb kubategererezesa busa omuge11yi atarasoboirekwija; mukun1 w 'ihanga akategerezibwa abontu yaraganiize kubungira	the king who was ill and they asked him to stay away from the clan; they were told to stay away from them before he could go; the ruler of the country, who was understood by the people, refused to go
tegura	be prepared
nooyetaaga omuheereza ow 'okukuteguruurraaga engoye zamve; genda oteguze mugenzi waawe ebintu baliiriireho	You need a servant to make you a new garment; go and buy food for your neighbour
teguurra	does not feel
omutego bakaba bategere	a snare
teka	not marry
televizoni	television
tema	role
banza osambuu"e omukeeka ohike eldikaro gutemiiremu nukwo oguterekereze; ob oruka omukeeka otagumize enkindo ogutemya; tali niinyowe atemeze omukeeka gwawe; t. ekiteega; naaseerra aw'okumwemere emifiye; enjoka ekamutemera omum11siri naalima; abasaija emiti bagitemeseze e11de11111; ayatemerwe enjoka atiina omunya	go to the elevator and stand there and think about it; when you run to the elevator you don't hold the palm tree; it's not you who's cutting your tree; t. the elevator; I'm coming to take shelter from the dead; the snake that bit him in the throat will bite; the woodcutters will cut off the tree; the snake will not bite you for fear of the prey
tematemura	do not cut
ekiniga kikamutemuza ebbaruha ezi akaba amuhandiikiire; emiti y'ebijuma abaana bagitembera tembeeka temeerra kugicwaho ebijuma byayo; embogo =ikabatembesa omuti	anger tears away the letters he wrote to her; the trees the children walk past never cease to bear their fruit; the tree trembles
tembccka	not
0111ura11111zi akakizoora nkooku eki11111yamugambireho eki akaba akinmtembeekere kwonka	0111ura11111zi akizoora kokoko the11111 told him what he was waiting for
tembeerra	not always
noobu e11seene11e baazaahuragaliaiguru kwinganaki	how long will they be in heaven?
tembeerra	not always
nyineeka aJemberiirwe nuwe ogu ow'omusaija mugenzi we aihireho mulcazi we	mother of the deceased is the wife of the deceased's husband
tembekaniza	make plans
tembura	not to touch
temburuka	not be discouraged
omwana mukuru tayetaaga muntu ow 'okumutemburuya hakitabu	an older child doesn't need someone to guide him
tembya	a newborn
ebendera y 'ekitebe rundi ey 'ihanga bagitembya nyenkya bagihanuura rwebagyo	the national flag is flown at half-staff
temeerra	do not give up
naaseerra omuntu w 'okummemereerra ebitooke; abanyoro bakasanga ebitooke bye biri omwirungu; ebitooke bye byamara emyaka ebiri bitakatemererwaga	I hired a man to take care of his figs. For two years his figs had not been cut.
tengeetera	do not
tengeneka	unreasonable
tenta	try
ekinfll kitentera nambere haba heculikire; Wakame yatensaaga ebibaale bigya bileera ayabaga aizire kumukwata	The infl descends despite the cold; Wakame shoots the bullets until he catches him
tentebuka	to get up
leka kungambisa akasozi nikantentebukya	don't make me move the hill and slide
terebera	look at yourself
akaterebeerra kutaba na numtu w 'okumwekambisa kukora emirimo; omunlu kwikara omukitabu abyamire esaaha zoona kimuterebeza; ogu akaterebezibwa obugara	Do not let anyone deceive you. Keep your head down, be quiet, be self - controlled, be self - controlled, be self - controlled, be self - controlled.
terebuka	remember
akaterebukira hakasozi yagwa yahe11deka; akaba naija kwombeka omurubuga abazaire be baamuterebura	he jumped off a hill and fell to his death; he was going to build a city that his parents had warned him about
tereekeerra	not too late
enju enyakwombekerwe hansi etereekeriire etwara sellle nke	a flat-roofed house contains fewer cells
tereoganiza	do not plan ahead
abantu baJerenganiriza obutamanya	people are ignorant
tercza	tercza
temera	not stop
obu okaba orwaire obotao/11 11ubo boomutemeriire ebihimbo bye; obokozi bagen:u benubo baomulemiize ebihimba bye; ebihimba bye bikatemerwa obaraahi	When you are sick, you will cut off his limbs, and he will be healed. When you are sick, you will cut off his limbs, and he will be healed.
temuka	not run away
temura	do not
okomunyegeerra hobw 'okumutemuurro ekiteeteei; ekiniga kikamutemuza ebboruho yamuhondiikiraga zoona	to know him because of his unprovoked murder; anger makes him angry all the time he listened to him
teoda	theoda
abatenzi batendeso enkindo nmdi e11duko	the coaches coach the team in the 11th round
teodcbeka	theodcbeka
amutendebekere egaoli enyalmfiire yatumkya sente ezi ateetegekere	he's waiting for the dead man to come and get the money
tendeka	make a plan
tencekana	be quiet
teoeekaniza	unprepared
teneka	to be quiet
mwije muntenekere omusiri gwange gunu; enfuka ya kidim11 niyo ebo mmgi kutenekesa omusiri	come and fix my garden; the garden bag is the only way to fix the garden
tenga	cleanliness
tengeerra	do not
tengeesa	do not try
tengeeta	do not
orubengo nve bakaruterereza omubugenyi	the grinding wheel and the spinning wheel
teruka	run away
obu yaboine omusango okugurukwija kum11si11ga ebigambo yabiterukaho	When he was convicted of a crime, he was sentenced to death by hanging.
teruka	run away
terura	fear
teruurra	does not kill
tesa	shake
teta	cut off
abaana abaingi obu baba nibateta	many children when they are being bullied
teteerwa	not given
omuntu obu aba naija kukora ekintu omutima gwe gukateteenva eki aba naagya kukora akireka	when a person decides to do something that his heart tells him not to do
tetera	not often
abakazi ba/ima bari; ente zijuga ziti; ngambire nti; embuzi ekatigira ha kwambuka ekisam·u; amaizi g'ekisaaru nugo gaagitigize	women of/imma bari; cows mow what; I say; a goat that does not dare to climb the mound; water of the brook and water made it
tiganda	not a brother
munywani we nuwe yamut1gandisize enju ye egi	a friend of hers left her this house
tigika	be careful
akamweta kwnutigikira enju ye	invites her to come to his house
tigita	the tiger
tilhiika	to get rid of
ebyokulya ebyamurwaize akabimutiihiikira owaabu	food that he ate that he ate that he ate that he ate that he ate that he ate that he ate that he ate that he ate that he ate that he ate that he ate that he ate that he ate that he ate that he ate that he ate that he ate
tiika	type
omuntu obu aba aguzire orugoye ruhyaka anttiika	when someone buys a new piece of clothing
tiikuruka	does not move
tiima	do not
enyama y 'omwihuki w 'amaino baakugitiimirege; haroho obwoma abantu obu batiimisa enyama	The meat of the toothbrush is frightening; there is a fear that people will stop the meat
tilna	not
tilniirra	not crying
omusaija akatiiniriirra mugenzi we omwirungu obu bagiire kuhiiga embogo	a black man shouts at a white man after a fight
tiitilra	fear
akaana k 'enkoko katiitiirre omu mapapa ga nyinako; engoye ze nizeera tiitiiti; ebirika bifuka tiitiiti	A young hen does not crawl in its mother's wings; her clothing does not shrink; her feathers do not shrink
tiiza	do not
timba	wood
ebitakuli bito babitimba kandi ebikuru babiteera n 'efuka	the small ones are put up and the big ones are put in bags
timbun	the timbun
tinda	work
engoye obu ozoogya otaimaziremu shake about; t. ekitabu	clothing that you wear that you don't shake about; t. book
tindikuurra	I don't want to
tindura	to look at
to nibaririiha kukira aho; ebintu byakyo byona	will not pay more; all its assets
tirimbira	does not sing
okutirimbira na kwo k 'okuroorraaho to make to remove thfogs for cleaning kook1Jsemererwa kw 'abaana	to make to remove thfogs for cleaning kitchen
titima	the train
orubaa/e ob11 ruteera ebitooke ebyanire rubititimya	the red/e ob11 produces red-brown spots
titira	fear
atiina kugenda omukibira nyenkya kara kutitiirraamu; aban/11 bakira muno kutobeerra omubisaaru ebirumu ama/ehe	fear of going to the bathroom tomorrow is not good for you;
tobeza	do not make excuses
obu yasangireamazire irakutobeza enyungu yamuleka yahotoorra kimu	When he got tired, he got tired, he got tired, he got tired, he got tired, he got tired, he got tired, he got tired, he got tired, he got tired, he got tired, he got tired, he got tired, he got tired, he got tired, he got tired, he got tired, he got tired, he got tired, he got tired, he got tired, he got tired, he got tired, he got tired, he got tired, he got tired, he got tired, he got tired, he got tired, he got tired, he got tired, he got tired, he got tired, he got tired, he got tired, he got tired.
toboka	do not
toga	not to
kutoga kugenzire nikukeeha omumasomero	not being able to do school work
togatoga	don't take it
togolekwa	do not be deceived
omuntu atogo/ekwa obu aba naabaza ebitarula11eerana hamu	a person who asks more than one question at the same time
togonyora	don't get carried away
togota	do not dream
ebyokulya ob11 baba nibabicumba bikatandika kutogota buli biri haihi kuhya	food is usually cooked in a bowl and then cooked as soon as it is hot
toha	toha
toibya	do not steal
toija	do not come
toka	right
akatokera omukooti om11ramL1Zi yamufubira; rediyo obu agitokesa muno ebuza abarukubaza obusinge	The court heard that he was being chastised; the radio station heard that he was being chastised.
tokeerra	do not give up
tokolekana	not break up
amaa1wa gatokolekaniza abarukuganywa	1 hour to pick up the oppressors
tokoma	do not stop
tokomera	do not be stubborn
tokomeza	do not continue
tokomoka	do not run away
tokoora	not work
akatokoora	coconut
toma	thomas
Eryato likadikira abakaba bafirumu boona baatokomera omunyanja; ayayokeze enju ye nuwe yagondeze okutokomya ebintu bye; ebintu by'abantu bikira okutokomebwa omu11rro rundi enyanja	The ship will wait for all the pilgrims crossing the sea; he burns his house and wants to burn his goods; people's goods are better than being burned in the sea
toma	thomas
tomera	not grow
akatomera ekisiika omumwirima naagya kubyama; akavuga motoka ye atamiire yagitomeza ekisa ky 'oruguudo	he lights a window in the dark to go to bed; he drives his drunken car to the side of the road
tona	before
tona	before
abantu abamu batona amajugaabo n 'inoni; obu oba otaina rangi y' Ekijungu noosobora kutonesa inoni	some people color their eyebrows and eyelashes; if you don't have a black eye, you can color your eyelashes
tonda	thank you
orusu; 1. obusegu; t. omutima; akeeta abanyaruganda kwija kumutondera omwana	orusu; 1. sex; t. heart; summoning relatives to pray for the child
tondera	to be obedient
abantu abandi tibeetaaga kubatondera ebikorwa by'abany abuzaale baabo ebibi	people do not need to apologize for the sins of their ancestors
tondogoorra	don't be shy
oburo obwasigaire omumusiri butagesirwe babllf ondogoroiremu bwona bwalrwamu; akanga kutondogoorra byona ebyarugiriif weho okunobangana kwabo; akaragira abaana be kugenda k11tondogoroorra nyinenkunt bo oburo abagesi obu baasigire omumusiri	The remainder of the time the monk is not allowed to tell the whole story; he refuses to explain everything that happened to him during their encounter; he tells his children to go to the monastery to tell their grandmother about the time the monks left the monk
tondooka	not falling
tondoora	to explain
akabasaba kumutondoorra ebihimba bye	ask him to remove his limbs
tondooza	do not
ibanja lye akalitongera omwaka gwo11a	his debt that will add to your year11a
tongana	when
omusango gw 'okwonesa akagutonganira omwaka gwona; akamutonganiza habw 'okumwoneseza; biro binu emisango etongamva abatonganirizi	the case of 'healing he pleads with you all year; you accuse him of defrauding him; now hear the judgments of the plaintiffs
tonganiirra	not argue
akasinga omusango lwbwokuba akaba aina arukumutongoniirra; akamutonganiriirra omukooti enkuru; atonga11iriin1•e abato11ga11irizi basatu; Bakatutanga kuto11gyatongya ebintu bingi obu turaabaga nitusaba; ekizina kyabo kikaba kiri kinmgi f..yonka kikaburwa ow 'okukitongeerra kunmgi; bagamba bugamba ebigambo ha kintu; abazim abataina mutongerezi basaba omuntu w 'okubatongereerra; ekizina kitatongeriirwe tikyoleka kunmgi ekigendererwa kyakyo	he was convicted of blasphemy; he appealed to the supreme court; he appointed three witnesses; they read aloud many things when we were praying; their name was the door f.. but it was impossible to put it on the door; they said words on something; the builders who did not have a priest asked for someone to speak for them; the dance that was not performed did not reveal its purpose
tongora	the tongue
ebihimba bye asangire babitongoiremu ebibaire byengere byona; Byakunaga akarwanisa Byenkya habw 'okutongora mukazi we; abaatongoire ebihimba bye bakabitongoorra omunjura eyasiibire neegwa	All the parts of the body he finds are to be cleaned; Byakunaga fights Tomorrow for his wife's sake; those who cleaned his body are to be cleaned
tonokora	not to work
obu arubata ekihooya kye kitonokora; tonokya toooyeerra akatonokoorra omu111uhanda naagya omwirwarro	when he touches his tongue that does not work; do not touch his tongue and do not touch his tongue in the street when he is sick
bakaba nibazaana owanyina yamutonokya ekihooya yatandika kurra; akamutonokeza omukizaaniro nibazaana; atonokiibwe mugenziwe obu babaire nibazaana	they were a girl whose sister broke her neck and she started crying; she was a girl whose father was a boy; she was a girl whose father was a boy
tonta	to kill
omwana onu akatontera kutaliisibwa kunmgi; kwikara nooteera omwana ogu nikwija kumutonsa	the child is often not fed; sitting next to the child will make him sick
tontera	not often
tontoma	don't give up
nkahuurra abantu abarukutontoma aheeru; 11/cagonza kumanya kiki ekikaba nikibatontomya	I hear people whispering outside; 11/want to know what is causing them to whisper
tontorrooma	notorious
abapagasa babaire 11ibatontorrooma habw 'esaaha barukumara hamulimo	employers have 11 employees due to the hours they spend at work
tooka	do not
iba akamutookera esaaha ya hamukono hakiro ky 'okuzaarwa kwe; omubusinge bwa ira ebintu ebyatookwaga byali bike muno	She was born in the early hours of the morning; the amount of food she ate was very small.
tooliika	do not be afraid
toonya	do not look for
akaikaarra omukiikaro ekirukutonywamu amaizi gobwiriza; ekisisi ekinimu akah11r11 kitonyesa amaizi; amaizi nigasobora kuba nigatoonyesebwa akahuru akataigaliirwege	A water dropper is a water dropper; a water dropper is a water dropper; water may be a water dropper
toonyeerra	do not look for it
toonyereza	do not investigate
akatonyererezahabugenyi bwa munywani we Birikumwoha	a friend's invitation is not good for him
toonyeza	do not show
kakuba oikaarra hansi y 'orugoye n1bisi orohanikire nirukutoonyeza amalZI; abapagasa eki babatoonyereza nukwo kugonza kumanya ebiro ebi baakozire n 'ebi bataakozire; abaana abarukusoma omugigi abandi batonyezibwa buli kiro kya Sande	If you sit under a sheet of cloth and have a glass of water, the researchers want to know what you did and didn't do; schoolchildren are washed every Sunday night.
toonyoroka	do not run away
anyakwigamire enjura obu aba naagenda hara tagidndiirra kutoonyoroka	he who walks in the rain will not run away
toonyorrooka	do not give up
haroho engoye ezanguha kutoonyorrooka obu ziba zijubire n 'ezitanguha; orugoye onijubire rutoonyorrookera hamuguha rohanikire	They wear outer garments that will not wear out if torn or torn; they wear outer garments that will not wear out if torn or torn.
toora	not marry
obuhya bwe butoize embogo; kinu ekipanga kitoozebwa muyamba	If the sword is not sharp, the sword is sharp.
toora	not marry
Sande nayo etooza abantu baingi; abantu batoozibwa muno ekiro kyamazaarwa kukira ebiro ebindi	Sunday is also busy; people are busy here at night more than at other times
toora	not marry
katoora ente nyowe nkatoora amasa	I pick up the cow and I pick up the milk
toorana	to marry
toorra	toorra
toorwa	to be chosen
tooza	do not try
torooga	do not dream
enimi obu etemba ente e/.:11/ize; eme ze niitoroogebwa ibura ly 'ekisura	the tongue when the cow e/.:11/ize; the mouth will be cleaned by the skin of the face
toroogereza	do not talk too much
omwisiki anyakutoroogerezi ibwe obu atwara enda olmzaara kwe kutuntuza abazaire be	a miscarriage is a tragedy for her parents
torotoro	torotoro
totatota	do not become complacent
tosatosa	do not be short-tempered
toteerra	do not give up
ensaano y 'oburo akagita omumai2i agagihinguraine	the weight of the urine is less than the weight of the urine
akaburwa ensaa110 y'okubutotoroza	110 hours of cleaning
totorrooka	do not be discouraged
Otwana tw 'embeba batwisire	The young birds of the air
tuga	to teach
obwenju bwa sukaali babut11gira omubuhunga bwa muhogo nukwo battmgemu ekibumbe ky 'olatcumbamu kabaragara	The sugar is added to the nasal cavity and the shape of the mucous membrane is removed.
tugika	we are fit
omutongi atugika omunyaibanja ou arukwerengeerra	a judge who forgives a debtor who defends you
tuguUkwa	to give
abaana baahaburwaga kutatug11likwa hagati y 'abantu bakum; akatugulikinva omumaiso g 'abagenyi baamufubira	children were left unattended amongst the people of the village; the young man's eyes were closed by the guests
tuguojuka	we are drowsy
ebyenju akaba aba/eetiire bikatugunjukira omunsahu	the house he/she/it is staying in
tuguojura	to fill
busaho muntu anyakugonza kutugunjuurra ekintu omungaro ze	a person who is willing to open his or her eyes
tugunya	fearsome
akagwa hansi nibairuka bagenzi be baamutugunya	he fell to the ground and ran away from his friends
tuka	get up
embwa bakagitukira busa ngu ebwagwire obwana mukaaga kamu yaka/ya	a dog that is only 6 years old
tukiriza	we believe
naatukura tuktt	the red turtle
tukuma	we protect
akatukumira kurora abasen1kale baizire muka ye; emundu niyo etukumya omuntu; akamara ebirobibirinaatukumira	he tells us to see the old man come to his wife; the gun is the one that makes a man sick; he tells us to get rid of the germs
tukura	growing up
tulingika	we know
akaba naatwana; bakamutulingikisa om11guha gw 'obugoigo	he was a soldier; they put him in a cage
tuma	to send
mukama w 'amaju akatumira abapangisa be omutabani bam11he sente ze ez 'obusuuru; omusuubuzi atwnisize egaali ikumi; ebihimba obu babita omumaizi bitumba; t. ebigambo	The owner of the vineyard sends his son to his tenants to give him ten talents; the merchant earns ten talents; the tenants call the tenants tenants; t. words
tumbika	to establish
obu haizire ibura ly 'emikubi abantu batwnbikaga ebitooke hakisura nmdi ha kaamurali enyakuseeriilwemu ekisura	When the rains came, people would dress me in black, and I would look in a mirror with my face covered
tumbisa	praise
tumbuka	get up
akagonza kumanya omubaana owanyina aba yasigire obu haraaba haru111u omwana atumbukireho	he/she wants to know the child he/she has left behind
tumbura	the rain
abasibensi kukora n 'amaani nikyo kitumbuza ekyaro /.y. abo	The people who work hard are the ones who make the village grow
tumburuka	get off
oburo obubaire nibusisa nk 'oburaasiriira hati butumburukire	a flower that used to be a flower that is now a flower
akamutumiririza kutagira mwana ondi ow'okutuma	asked him not to send another son
tumya	to send
tuna	tuna
tunama	we bow down
amagufa gakamutunamira enaku	his bones are crushed with grief
tunda	leave
omutabani nuweyamutundiire embuzi ye; omusoro nugwo gwamutundize embuzi ye	the son sold his goat; the tax he sold his goat
tundubara	to be seen
omuntu atundubara obu aikaarra omubantu akatunuurra kwonka ataina kintu kyona eki arukubaza	a person who is irritated when someone looks at him but does not ask him a question
tundubika	seemingly
tunduka	run away
tundura	clean up
tuoga	to wash
abantu kwonka abairu baabatungiraga omubulemu; mukama we akamutungisa; akamusaba kumutimgira enkwanzi ze; aikaire naatungisa mugenziwe enkwanzi ze	But when the people saw that the servant was lazy, they rebuked him and urged him to stay away from his neighbors.
tuogama	name
akatungamya omutwe gw 'ekifaalisi hakitabu n 'ekisago	he crushes the head of the Pharisee with a wound
tungamira	lead
tungeera tunika akamusanga amutungamiire naamuniga yamuteera 11'omwigo; ente etungamiirwe entale ogijunira entale etakainamire kugiruma	wearing a tunic when we find him wearing a tunic we put him on a leash; the cow wears a tunic when we see him wearing a tunic when we see him wearing a tunic we put him on a leash we put him on a leash we put him on a leash we put him on a leash we put him on a leash we put him on a leash we put him on a leash we put him on a leash we put him on a leash we put him on a leash we put him on a leash we put him on a leash we put him on a leash we put him on a leash we put him on a leash we put him on a leash we put him on a leash we put him on a leash
tungeera	we are
tikiri kirungi amaizi kutungeerra haihi n 'eka; ezigati eteeculikire etungeeza amaizi	it is no longer good for water to run near the house; unwashed pancakes clean the water
tungikiirra	keep it
abaleesi b'amaizi ira baayetwekaga ensoha bazitungukiirraho ekintu ki11di	ireland's fishermen used to carry elephants with them
tungira	build
ebyokulya ebirukucumbwa obu obona byatungira; munywani we nuweyamuhmgiire omulimo	food you crave when you're hungry; your friend has given you a job
tungirwa	to be borne
tunguka	get up
tungununa	find out
tungura	take the lead
abasaija baat1mguruurra bakazi baabo enfuka	husbands open their wives' mouths
tungurruuka	run away
tunguurra	weighing
oburo butungmwire abaana batandike kubulinda enyonyi; akamweta kumutungurourra enkwanzi ze	When the time is right, the children will begin to watch the bird; he calls out to his friends to guide him
tunguuta	weeping
tunguutana	when we meet
obu babutikira omuntu antkutukumira ebyokwesweka bingi atunguutana	a person who hides a lot of things from me
tunjka	toothbrush
kutunikira omuzaire 413 tuntumuk a ekifuba kitwarwa nk 'ekintu ky 'emigayo	413 tons of breast tissue is carried as a kidney
tuntumuka	get up
akahuniirra kusanga emiti yabyaire omu mwaka gumu guti	a tree that grows in the same year
tuntura	look at
Mukama akatutanga kutunturuurra ebintu by 'ensi	The Lord warns us against the things of the world
tunuurra	be careful
bakabasoboorra bazaire baabo ekyabatunuliize akanyonyi akembaganiza	they're crying out to their parents why did they look at the bird
tura	weary
abakozi ekibatuza nyenkyakara nukwo kusangwa baakora izooba litakatembere	workers are more comfortable if they work before the sun goes down
tura	weary
tura	weary
turo	the tortoise
turuka	run away
orufu; orufu orw'omusaija baruturuk-ira ebiro bbina kandi orw 'omukazibisatu; anywire omubazi ogurukutun1kya; mulllrukye omulumbi; turul..ya omutamiizi natalibaniza abanlu; orufu rwe n1latun1kwe habwabandi abarwaire abakaba bali omuka	death; the death of a man after four days and the third day; drinking a glass of wine; drinking a glass of wine; drinking a glass of wine; drinking a glass of wine; drinking a glass of wine; drinking a glass of wine; drinking a glass of wine; drinking a glass of wine; drinking a glass of wine; drinking a glass of wine; drinking a glass of wine; drinking a glass of wine; drinking a glass of wine; drinking a glass of wine; drinking a glass of wine; drinking a glass of wine; drinking a glass of wine; drinking a glass of wine; drinking a glass of wine; drinking a glass of wine; drinking a glass of wine; drinking a glass of wine; drinking a glass of wine; drinking a glass of wine; drinking a glass of wine; drinking a glass of wine; drinking a glass of wine; drinking a glass of wine; drinking a glass of wine; drinking a glass of wine; drinking a glass of wine; drinking a glass of wine; drinking a glass of wine; drinking a glass of wine; drinking a glass of wine; drinking a glass of wine; drinking a glass of wine.
turukya	to hate
omuntu asisikaire enda aturukya orwoya rubi; akanga kuruga omwofiisi ye yayeta poliisi yamuturukya	a person who is pregnant has a bad smell; refuses to leave the office he called the police
turumuka	we get up
omunt11 alakozesa mubiri gwe aikara aturumukire	a man who uses his body to jump
turuotuka	it does not
turuukana	to run
kiba ky 'engeso mbi kutaaha enju y'omun tu okagit11ruukana otaina owoomunju weena akwebembiire	it is a bad habit to go to someone's house and just leave it unattended
torukwikirizibwa kuturuukiriza omutwe gwawe omwidirisa /ya motoka erukwiruka	you are not allowed to lift your head to the window of a moving car
tutubara	painful
tutubika	appearance
tutumbuka	flowering
(p f. -tutumbwire)	(p. f. - tell us)
tuuba	weed
tuukuurra	we hear
amaizi gatuumibwa omuurro ogw'amaani; ebisus11 obu obinaga omukiikaro kimu buli kiro bituuma	The water is heated by a powerful fire; the water is heated by a single spark every night
tuumuuka	when we wake up
tuura	to be
atwire hakyaro hanu kumara obusumi bwingi baitu titukahuurraaga ngu aibire; ekyamutwize hakyaro kyabo nukwo kutaiba bantu	For a long time he has been in our town, and we have never heard of him.
tuura	to be
atarukusobora kwimuka kutuura omugenyi we; akasaba omuntu ondi aije amutuuze ekigega babagemuliire	who is unable to get up to accommodate his guest; he asks someone else to come and sit him down
tuurra	to be quiet
ebyenju ebyengere muno bitunaa amaarwa	the high walls here give us the scars
tuurra	to be quiet
ekihinzi bakakimutuliirra omubugenyi	a farmer is waiting for a guest
tuurruuma	weeping
omuntu obu ahikaho embwa erukunena igufa; obu ohuurra embwa neetuurruuma	When a dog barks, a person dies; when a dog barks, a person dies
tuuta	small
nibagya klltuuta omusiri ogu baraabyaram11 ebitakuli	they're going to eat more than this mosquito they're going to eat more than this mosquito
tuutuka	when we arrive
obu baamucumikiriire yatuutukira kim11 weena	When they tried to stop him, he got hurt.
tuuya	we are coming
omusana gutuuyisa omuntu obu agukoorraamu emirimo	light illuminates a person when he performs activities
tuuza	ask questions
Omukama obu atuuza omuguta gwe gwnara ebiro mwenda gutakatabaaziibwe; Omukama Kaabaleega akatuuliza Jinja naan1ga omukuzaahisibwa	When the Lord rested his palace was not lit for nine days; the Lord left them and rested Jinja and the holy city
twalikana	refused
twalirirwa	we were destined
ornubingi w'amotoka kutwalirirwa naabinga ky'akabi muno; akatwa/iririrwa ahingwire Kyegegwa	the number of vehicles being driven is more dangerous here; he/she needs to get out of the car
twaliriza	weeping
ornubazi akagunywa mpora natwaliriza yalindwa yagumaramu; orobazo rwe rokamutwaliriza yahinguza esaaha z 'okugamka omuka	a man who drinks whenever he goes to bed is kept awake; a woman who takes him to bed makes it time to get up
twara	to sleep
twarraaniza	we're getting married
twaza	we came
tweka	to be alone
twekera	to give up
twekwa	selfishness
twengekeerra	self-reflection
abaleesi b 'amaizi abamu beetweka ensoha bagitwengekeerraaho akasisi k'amaizi; otunyansi otw 'omuroguudo hagati two	Some fishermen put a sponge on their shoulders and put a drop of water on it; the dirt of the road between the two
tyagira	not
tyagiza	not be discouraged
tyaguza	not sold
tyangya	fear
tyaza	not
tyaza	not
amacumu bagatyaza nukwo galunge obwogi bw'okucumita; akabatanga kutyaliza amacumu gaabo haihyoro lye	They will be thrown into the lake of fire to be burned, and their ashes will be scattered at the bottom of the sea.
tyeruka	do not run away
omuntu libamuha mubazi gwona oruseru rutakatyerokire; obutuzi oburukwera butyen1ka habwokuba bumera kiswa kimu	It gives a person all the white hair before it breaks; the white hair is shorter because it grows only once
tyetyemura	do not become complacent
tyoka	not
itaka erya harusa rw 'enguudo enjura nyingi obu egwa lityoka, Ligwa omuruguudo	The dirt at the side of the road when it rains heavily, falls on the road
tyokora	not working
tyongoza	lead
akaara omuliiso	eyeball
omuti guli	the tree
Vv vanjiri	Vv evangelists
Vi	Children
vikiza	darkened
Sabbunni y'ensaano y 'okwogiisa ebintu	Sabbunni is a greeting
wa	where
akafa nk'omuntu ataina waabu	who dies as a homeless person
wabimbiri	the builder
waihuru	free
waikiriiraha	where did you get it?
waimiri	standing up
Waizikya	Warming up
Wakame	Dry
wakonga	you're not
Wamara	After
wania	whoa
wankuura	you've got me
wansazi	a widow
oturo akwijagiire twawansazi	an offering made by a stranger
weebumbe	the earth's crust
Wceb holeke	Wceb holeke
weesorole	Take care of yourself
Weewe weza	Yes, you are
ebikora muhogo	the nasal passages
ebikora muhogo bya	the nasal passages
omuhendo gwo'muceri gweyongire	increase in the price of rice
tubyara haihi no'rugo	close to home
nitugesa ebicoli kinu	we'll teach you how to cook
akasumi kaba kokugesa kasumi kokusemererwa	a candle is a candle to make you happy
abalimi bakozesa okusesira ebirimwa amaizi omumisiri yabo	Egyptian farmers used water to irrigate their crops
ikozesibwa okurimira	used for farming
okugesa kukolebya hanyuma ye'bimera byezire	try to get rid of it and then plant it
tusegesa oburo okubaganizamu esingo	we shake their necks
okusegesa gugumire mulimo	keep the work going
tusalira omwani nukyo amagesa twongeze	we choose the enemy and that's how we grow
twombera omusiri buli	we're going to pick up the trash
kwihamu ebisaka ebtakwetagibya mumusiri	removing unwanted debris
enkoko zirya ne'bihuka esingo	chickens eat and break the neck
okukama kukorebya emirundi omu kiro	sneezing once a night
marungi hali abana abato	appropriate for young children
ebifu by'ebimera biyongera orwezo mwitaka	the stems of plants increase the strength of the soil
tukora ebifu by'ebimera okuruga mubifu byebimera	we make plant manure from plant manure
tumasa orwezo	giving a helping hand
efuka etweire eyorobya omulimo	it becomes a burden that weighs us down
enengere ehimba emigugu ekuremera	a heavy-duty carrier
uganda etunda omwani maingi	uganda sells a lot of opium
abe'bitebe bagura ebicoli abalimi hali	the farmers are buying corn
tulima oburo omumisiri yaitu	we're planting our own corn
obusera byo'buro bwine	how much time do you have?
omwani kya sente ekyomugaso muno mu uganda	the most valuable coin in uganda
ebiiti bwomwani nibyetaga kubisalira	trees need to be cut down
tugesa hanyuma ya'mezi asaatu	after three months
tugesa ebitakuli hanyuma ya'mezi asaatu	we test the bottles after three months
ente ziriisibya omu rwere	cattle grazing in a pasture
turiisa habye'nyama empunu	we feed them raw meat
turiisa habye'nyama	we feed on the flesh
emiiti etangira okutwarwa	trees begin to be moved
abalimi betoimbaita habwemihendo hansi	farmers call for low prices
ebitooke buli wiiki	weekly
embibo kuruga mukitebe	the road to the headquarters
ahanyima	in the back
obusumi butaito	the small intestine
ebyeeya	toothbrushes
ebyeeya	toothbrushes
obuhuna	fatigue
eminya	name
akabubi	the danger
akacancabari	uncomfortable
ebitengo	costs
edebe	see also
obugenda-buhiire	uncertainty
amiirra	steep
obunyuunyarume	sluggishness
akanywero	drinking
akarungi	good
ebirungi	good
akasirimuko	the nightingale
obusirimuko	tooth decay
amabere ge'mbwa	the breast of a dog
nangwa	not
obuniini	height
ebika byo'butuzi	the type of flower
oburumanfuuzi	unreasonableness
obuti bwisoke	a tree that grows
akasolya	roof
obutiiko	group
amajabali	rocks
amanogo	small
amanogo	small
kwana	sleep
anjuka	he/she/it is recovering
anjura	he/she/it opened
kujokoza	coughing
kuhonda	weakness
kwata mungaro	holding a hand
kulima mporampora	cultivation of potatoes
embalira	accounting
kusemererwa	happiness
bbaamya	to bear witness
bbanura	to explain
bihaarro	other
bikuti	white
birerya	food
birezi	snow
birezi	snow
boba	are they
kunyeta	tiredness
boigora	they struggle
bonekera	appearance
boobeera	they live
boyera	white
buculeezi	coughing
bugabuga	city
bugumangani	uncertainty
bubudamo	shelter
buhango	the tradition
bujune	to move
bumbu ruka	flower
bunda arra	common
butandwa	to spread
butika	to lie down
buurru	coldness
buuta	throw away
bwegendereza	be cautious
bwesumbo	pride
bwomeezi	health
bwotere	to be
byahi	what
byakeeri	toothbrushes
bibiri n'emu	two and one
bbooda-booda	a little bit
bugendandara	traveling
bwa busi nseeri	as an insect
bwanamukuru	mother-in-law
bwatu	our
bwatu	our
kubunga buli	to combine each
candakaarra	I can't
cencebura	and
cumuka	wake up
ente ekuru,omukazi mukuru	a bull, an old woman
cwekanira	be self-sufficient
dyaka	again
dinga	other
doma	area
duduma	flower
dundumuka	run away
dara	not
doboro	may be
doi doi	What to do
doi doi	What to do
ebifu kyenda	nine dead
ekisaniko	the scallop
ebisaniko	examples
ebigere	feet
ebihohe	toothbrushes
ekiijukyo	the Memorial
ebiina	ferns
ekijinja	a stone
ekijoojo	diarrhoea
ebijoojo	diarrhoea
ekikaari	what is it
ebikaari	what is it?
empaka	the controversy
empambo	a rhetorical
empeese/enfuka empyaka	a new pair of shoes
enkorro	the tortoise
enkwato	shoes
ensaija	spinach
ensemere	smallpox
ensandaigo	the kidney
ensese	a sense of humor
ensibago	flower
ensibyemu	toothbrush
enteekateeka	a plan
ensolima	elephants
entembarusaka	anthrax
ensundi	the spotted owl
erooro	the word
eruusi	rhubarb
enyuguta	to swallow
enzaarwa	born
enziika	a funeral
eriigenda	going away
esusure	to look at
ezi	these
ebikangi	many
ebikayaabu	disadvantages
ekikumu	a spider
ebitime	cuttlefish
ebitoga	weights
ensoha	elephants
ekitentere	softness
ebitereza	the eyebrows
ebyasa	centuries
ebiyengo	swelling
ebituzi	wells
ebyokoora	what you do
ebyezigolezo	examples
ebyesomeko	reading material
eraoga	it is
erora/kugezesa	see/test
erabura	black
esiga	a shrub
esimba	flower
kwimukya obusungu	extinguish anger
esorooza	isocyanate
etendebeka	low
etembeeka	weakness
esweka	to hide
esuusa	to replace
esokoora	which is
eturumbwijura	weighing
eyongosa	slowing down
etooliikn	atoll
ebinyaanyindo	the nostrils
ekirahure	a mirror
ebisosonkoro	toothbrushes
ekihika	family
ekigugu	weight
ebingoleka	signs and symptoms
ebikunya	canker sores
ekinuuko	the sternum
ekimeeri	ship
ekibindi	the potty
ebibwegurra	what to buy
omukonko	cough
ekibbaali	a knife
ekiranga	the cause
ekiramukyo	the caterpillar
ebipande	signs
ekirandakwata	what will happen to me
ekirale	the sternum
ekireere	the cloud
embumbatizi	baptism
emburara	sleeping
embuzi	goat
emitalibaine	toothbrushes
emitumanyuma	the back
empooza	the frog
empotole	coughing
empuule	breathing
empuule	breathing
ebitanga	common names
ebyobutegeki	unorganized
ebirimi	languages
ekisagiko	the coat
ebisensero	sponges
ekisinjo	smallpox
ebisinjo	mosquitoes
ekisutama-hamwe	what's the problem?
ekisambizo ekisanuruzo	an explanatory footnote
ekisoma	what you are reading
ebisoma	what you read
ebitaraariire	unexpected
ekisoonante	the consonant
ebisoonante	tooth decay
ekitanakya	before
ekisusu	the skin
endyanga	food
engambo	gossip
engonero	signs
engoto	toothbrush
engiga	the tongue
engona	the crocodile
engondo	swallow
engundizi	flower
enjwaranna	the hand
enkamba-be	camping
entoijo	the future
entandikiro	the beginning
entoole	surrounding area
entoole	surrounding area
enyama	meat
entuutu	toothpick
Ebiihabiiha	The Dangers
Efoora	The Fountain
egaa rraamu,	and the fruit of the womb,
Ebeteka	The Places
ebin ga	not
ecundacu nda,	the back of the neck,
Efaafaaniza	The Parable
Egemuliza	What is it?
Egemuliza	What is it?
Ebengeka	Fragments
Ehingahingisa	The Pursuit of Happiness
Egema	The test
Egoora	Selfishness
Ehemura	Hemorrhoids
Ehonga	Flowers
Ekingira	The entrance
Emanyisa	Warning
Ena	Four
Eraga	It shows
Ekuliiriza	It makes you feel guilty
Ekuma	The Iron
Emyekuniko	Cockroaches
Endagalika	The Scream
Endahiro	A vow
Encuro	The Encouragement
fa	where
fa	where
kukaba kufaabbiina kw 'amani kwija kumara enju enu; Mugume akaba nafaabbiinisibwa enju ye obu yahoire yahuumura	If a storm comes and destroys your house, keep your house clean.
kukaba kufaabbiina kw 'amani kwija kumara enju enu; Mugume akaba nafaabbiinisibwa enju ye obu yahoire yahuumura	If a storm comes and destroys your house, keep your house clean.
akafaafaanira mukyaro; akakira muno kufaafaanizibwa obulemu	a person with a disability; a person with a disability
nooha ayafaahonganisize abantu abo; ira kabataafahongaana? enju ye efaakaire kundi	Who has caused these people to stumble, that they should not stumble?
faakuuza	to ask
abaana be babiri akabafiisiza Kyaka	lost her two children
omupiira motoka gukafootookera omukiikaro ekibi	a car rolls into a bad spot
-amabingo bakozeseze ekiaali bakagafoobera kukikozesa kurungi.	-they use what they used to use and use it well.
fooka	the fox
endagu ifubire	wheat
fuba	try
-amata agafiire kunangwa gayine	-dead milk
omuhiiha tigufubasire kurungi hakyanzi; omukazi onu emihiiha ye tagifubasa kurungi	a man does not behave well in public; a woman whose behaviour does not behave well
fubika	cover
bintu bibiri ebi abakazi bakira kufubikisa abaana baabo	the two things that mothers do best for their babies
bintu bibiri abakazi ebi bakira kufubikisa abaana baabo	two things mothers do better than breastfeeding their babies
omuheesi aheesa n'omwojo ow'okumufutiraira omujuba; omujuba bagufugusa orulw orubohwa hankero yagwo	The sun shines on the prisoner and the child; the sun shines on the prisoner and the child shines on the prisoner.
akaba naagya kwoga akabanza kugafukya	he would go to the bathroom and wash it first
amaizi akaba naagya kwoga akabanza kugafukya	water used for bathing
akaswerwa amabeere nigafukama kugwa	the baby's breasts are falling
fukumuka	get up
nambere hataabaga nguudo abaana abaazindukaga, baafumbaga orume buli nyekya	Even before the streets were cleared, the children who woke up were cooking rice every morning
nambere nguudo hataabaga abaana abaazindukaga, baafumbaga orume buli nyekya	on the side of the street where there are no children who wake up, they cooked rice every morning
fumbagiriza	make a statement
fumbagiriza	make a statement
fundaana	love one another
/.omaiso	/. eyes
fundukura	summary
ky 'akohiecupa yo sooda kugifundukuzo amaino	what do you use your soda bottle for tooth brushing
funduza	fiddle
omwana afundwize kuturuka	the child is learning to walk
funuura	explain
funuura	explain
funya	to find
-oyine kufunya esatii oli omukukora	- you have to get a job
kubaho ayisomero	to attend school
tikihikire omuntu kufurafuurra omubantu	it's not right for a person to look down on someone
-Ebigambo bye bakabifurungura tinukwo yabigambire,ati.	- The words that the tinko said, he said.
furuuta	more than
omubiri gwe gukaba nigumufurutira Kampala, obu yaizire Tooro gwaleka	his body is still swelling in Kampala, when he came to Tooro he left
akaba nafutana omubazi gwa akaana ke	she was wearing her baby's bracelet
ente kukufuhira neekuseruza obulemu	cattle cattle cattle cattle cattle cattle cattle cattle cattle cattle cattle cattle cattle cattle cattle cattle cattle cattle cattle cattle cattle cattle cattle cattle cattle cattle cattle cattle cattle cattle cattle cattle cattle cattle cattle cattle cattle cattle cattle cattle cattle cattle cattle cattle cattle cattle cattle cattle cattle cattle
ente buli neekuseruza obulemu	cattle each carrying a disabled
-nakufuuhira musijaa wee.	- I made you a hero.
fuuhya	warmth
amaarwa g 'ebitooke gafuukira omubisisi; ekifaukisa amaanva nubwo obutagasi gakyali obugatunga omukiina	the leaves of the pomegranate turn to moss; the leafy vegetable, although unripe, still produces moisture
omubwire afuukeerra bw 'embeho; abatabani bakamufuruurra Mwenge	tell him to be cool as the wind; the boys will give him wine
afuukeerra omubwire bw 'embeho; abatabani bakamufuruurra Mwenge	The wind blows, the children drink wine.
fuutafuutiika	to be unstable
jaallima	cultivated
kujaakaara kw 'endwara 'omunywereerro y kurogiirra ha bantu kuhuurra kwanga ebirukwegesibwa hali yo; emibu ejaakaaza omuswija; omunywereerro gujaalcaazibwa okuteesigangana kw'abarukugonzangana	an epidemic of drunkenness in which people hate what they hear about it; worms that infect the drinker; drunkenness is the result of mistrust between lovers
jabagira	to be remembered
jabajabura	exaggerated
jabajabura	exaggerated
jabanganiza	be reasonable
abasaija abagira engeso y 'okubajabuurra enjara obu eba ebali kubi; amujabwize ebyokulya bitakahiire	men who are accustomed to "give him food when he is hungry; give him food when he is thirsty"
naaganya kujagajagira omubantu	I don't like to gossip
naaganya kujagajagira omubantu	I don't like to gossip
jagaraza	be careful
jagaraza	be careful
jaika	be happy
omuguwiraro ajanjaarra omubantu abamumanyire; omuntu aina obmwaire obukutuurra ayerinda kubujanjaaza omu bagenzi be	a person with a hearing impairment seeks help from people he knows; a person with a hearing impairment avoids seeking help from others
omuguwiraro ajanjaarra omubantu abamumanyire; omuntu aina obmwaire obukutuurra ayerinda omu bagenzi be	a person with a hearing impairment seeks out people who know him; a person with a hearing impairment seeks out others
janjaba	flower
bakamusiima habw Isebo akamujanjabira ameezi mukaaga; tiinyina muntu w'okunjanjabisa omurwaire onu; akajanjabwa mukazi	She praised her father for treating her for six months. There was no one to cure her.
bakamusiima habw 'okujanjaba Isebo akamujanjabira ameezi mukaaga; tiinyina w'okunjanjabisa omurwaire onu; akajanjabwa mukazi we	he was praised for treating Isebo for six months; there was no one to treat the patient; he was treated by his wife
jarabanga	to see
jaruka	run away
jaruka	run away
oburwaire yarwaire nubwo	illness
akabatanga kujejegulirwa ye omuka	a house that is often overcrowded
jogomora	shrinkage
jonjogorwa	being rescued
jonjogorwa	being rescued
jonjoora	to get married
juba	to hurry
juba	to hurry
omuntu obu alWara omukanwa bamuha omubazi gw'okujubata	A mouth guard is a device that is used to hold a person's mouth open
omuntu obu alWara omukanwa bamuha omubazi gw'okujubata	A mouth guard is a device that is used to hold a person's mouth open
jubura	rain
ajugumiire omumbeho kwikara atajwaire kooti; embeho emujugumize	sitting without a coat; shaking in the cold
ajugumiire kwikara omumbeho atajwaire kooti; embeho emujugumize	hastening to sit in the cold without a coat; shaking in the cold
jumbika	clutch
niinyija kukujumbuurra etaaba esaarra;	I will bring you out of the hand of your enemies;
jumbuza	to ask
abaana baahanwaga okutajumbulizaaga omumaka g 'abandi	children were taught not to break into other people's homes
ente ejumiirra omwana gwayo; ekijumiza ente nukwo okutarora omwana gwayo omumaiso	A cow eats her calf; the glory of a cow is not to see her calf face to face
ataina w 'okumujunira tarwanira mu baingi; akamujunisa amaani ge; omuntu ajunwa obu atwara Yesu kuba Mukama we kandi mujuni we	he who has no one to save him does not rely on many; he saves by his own power; he is saved when he accepts Jesus as his Lord and Savior
ataina w 'okumujunira tarwanira mu baingi; akamujunisa amaani ge; omuntu ajunwa obu atwara Yesu kuba Mukama kandi mujuni we	he who has no salvation is not saved by many, but is saved by his own power. He who acknowledges Jesus as his Lord and Savior is saved
noojunaanwa omusango gw 'okwemereza motoka omukiikaro ekitaikiriziibwe	you will be charged with 'taking an unauthorized seat'
ebijuma ebijunzire tibiriibwa; ebyenju bikajundira omuly ahuurro; obugoigo; ebihimba bye kuteerwa enjura	dried fruits are not eaten; dried leaves are eaten; dried fruits are eaten; dried fruits are eaten; dried fruits are eaten; dried fruits are eaten; dried fruits are eaten; dried fruits are eaten; dried fruits are eaten; dried fruits are eaten; dried fruits are eaten; dried fruits are eaten; dried fruits are eaten; dried fruits are eaten; dried fruits are eaten; dried fruits are eaten; dried fruits are eaten; dried fruits are eaten; dried fruits are eaten; dried fruits are eaten; dried fruits are eaten; dried fruits are eaten; dried fruits are eaten; dried fruits are eaten; dried fruits are eaten; dried fruits are eaten; dried fruits are eaten
jundeera	shed light
junga ekikoomi baataireho ebinyansi bibisi kikajundeerra ebiro bibiri byona; bakata ebiti bibisi omumuurro ogurukubuguma byagujundeeza	put a fire in a furnace with green embers and keep it burning for two nights; cut green wood and heat the fire to keep it burning
junga junjuruma ekikoomi baataireho ebinyansi bibisi kikajundeerra byona; bakata ebiti bibisi omumuurro ogurukubuguma byagujundeeza	They put coals in a furnace, covered it with hot coals; they cut down the wood, burned it with hot coals.
juoga	sleeping
jungm1rra omwana obuheke a/ye	younger child a/he
ebijwaroebimu bijunjubaza omuntu	a person's eyebrows
abaira baikirizaaga ngu tejunjuurra enjunJuuzi busa	the priests believed that he would not fill the void
Jura	Jura
- ekyamujulize nukwo kuburwa amata aga yanywaga kiro	- a lack of milk at night
jurru	the sky
jurubana	sword
juruguuta	yellowing
juuka	wake up
ente eny akuteegere ejuukira nambere enimi eri	the cow will understand you when you wake up and tell you
ente eny akuteegere nambere enimi eri	the cow understands you and gives you the tongue
kulinda obwana bw'enkoko ebihungu abantu ba ira baabujuumikiraga ekigega	waiting for the young chickens the people of ira kept in the barn
akamusaba amuj11umuku 11rre ekigega arole lransi yakyo	he asks her to show him the money
juumura	relaxation
juura	time of day
jwara ekiteteei ekirailr ire otaija kufuurra abantu; omuzaire we akamu j uuzaamu on1goye orutasemeriire k11jwarwa	wear a seat cushion so that you don't touch people; if a parent asks you if you shouldn't be touched
juurra	the sun
izooba litujweriire; Ruhanga af wisa omusana	the sun is shining; God gives light
jwabiirra	be self-sufficient
jwabira	be careful
e zijwabiriire ebisajwa; nfwahire kubahaga ebiragiro bya11ge nimubicwa; bajwal11ra muno hakutemba ensozi; abaana bato bajwahibwa kumara obusumi bwingi	I have given you the commandments that you must obey; you are to walk on the mountainsides; children are to be taught to live for a long time.
jwahukilrra	the jwahilrra
jwambura	pulling away
ekitabu nkitaire hameeza; nteera ekitabu kinu kyange hameeza; omukono gukateebwaho omuhilcirwa. Prime the minister signed. -ta	the book is not on the table; I put my book on the table; the signature is placed by the translator. Prime the minister signed.
nkitaire hameeza; nteera ekitabu kyange kinu hameeza; omukono gukateebwaho omuhilcirwa. the Prime minister signed. -ta	I'm not at the table; I'm putting my book on the table; the signature is being placed on it. the Prime minister signed. -no
taabaana	children
taaga	tobacco
omusaiJa amutaagisize; akakira kutaagisibwa kumuteeza eldJumbura	the driverJa did not stop him; he refused to stop him eldJumbura
ekisoro embwa zikakitaagatagurazaakirya kyona	the dog's cage
taagura	does not buy
akamunyegeerra habw 'okumutaaguurra orugoyerwe; ekiniga kikamutaaguza ebbaruha ezi akaba amuhandiikiire	he found out that he was cheating on her; he was furious and tore the letters he had written
taaha	home
obugenyi; banywani be kumutaahira obugenyi; obugenyi bw'omutabani bukataalrwa abantu baingi	invitation; invitation of friends; invitation of a son; invitation of many
Bahemuka ataahiriirwe abasuma	Loyalty not to thieves
omwegenderezeege obu araabaga noobaza nawe	be cautious when talking to you
ira omun111 obu yataahinvaga abagenyi yayetaga abantu ab 'okwija kubaza	iraun111 when he didn't have visitors he needed people to ask
to make enter; Barwenda akataahisa empisi obugenyi. Barwenda a hyena to a wedding	to make enter; Barwenda a hyena to a wedding
to make enter; akataahisa empisi obugenyi. Barwenda invited a hyena to a wedding	Barwenda invited a hyena to a wedding
taahisa	he does not
omunyoro akataahya omufuruki 0mu kibanja ekikaba kiri kya Bisereko	a flower that doesn't burn a flower in a field that belongs to Bisereko
obu akaba naamara bwe mb '0mukama akataahya enyana; t.	I've been waiting for you since I was a little girl.
obu akaba naamara obuheereza bwe mb '0mukama akataahya enyana; t. omukazi	When I finished my ministry, I was a man who did not feed the calf; t. a woman
-kinwa kya nte Rubaga	- bull's mouth
enkoko kutaakuurra bwayo obuhuka etaakuza enono zaayo	the chicken does not lay its eggs
enkoko kutaakuurra obwana bwayo obuhuka etaakuza enono zaayo	a chicken that does not lay its eggs
taama	not
ekiniga kikamutaamataamuza bakaba batiirwe bombi	he gets angry and both of them are killed
ekiniga kikamutaamataamuza ekisisani bakaba batiirwe bombi	the anger is so strong that both of them are killed
orugoye rwe rukataamukira omukizaaniro	his garment is made of silk
akamulehesa habw 'okumutaamtwrra orugoye rwe	he told her because she tore off his clothes
taana	today
rwebagyo Baitu tiimmanyirege mbere abaire naataaruukira enaku	But I didn't even know him before he got hurt.
-Oraire Ota Taata?	- Where's my dad?
Mukama ali Weena anya kutaatii"a obw 'omeezi bwe alibufeerwa	The Lord is always ready to hear the cries of the lost
kyange nyamutaba kyantaba n'abataahi; enkinzo batabisa omukeeka bagyeta orukato	I don't have any neighbors; I don't have any neighbors; I don't have any neighbors; I don't have any neighbors; I don't have any neighbors; I don't have any neighbors; I don't have any neighbors; I don't have any neighbors; I don't have any neighbors; I don't have any neighbors; I don't have any neighbors; I don't have any neighbors; I don't have any neighbors; I don't have any neighbors; I don't have any neighbors; I don't have any neighbors; I don't have any neighbors; I don't have any neighbors; I don't have any neighbors; I don't have any neighbors.
ekinyege kyange nyamutaba kyantaba enkinzo batabisa omukeeka bagyeta orukato	my head is not a knife they call it a shovel
obutamanya butabaaza araafa; atabaazibwa omukama abantu baingi muno	ignorance of the light will die; without the light of the Lord many people will die
tabaijuka	do not remember
tabanguka	is unyielding
tabanguka	is unyielding
tabatabuka	does not break
tabika	not appearing
tabura	the tabura
omwana obu aba ali omba ataga	when a child is crying
tagaarra	not
tagaija	will not
tagata	not
gatagatira esaaha baitu gatwara esaaha nyingi kufako	less than an hour but more than an hour to die
amaizi gatagatira esaaha nke baitu gatwara esaaha nyingi	water does not take a few hours but many hours
taha	the house
omuntu mukuru obu agenda haiziba, kumutahira amiazi,	When an elderly person goes to bed, do not make him cry.
amata gatahatwa ayagatahasire	unpasteurized milk
tahisa	not in time
tahura	not see
tahura	not see
omubazi anywire gumutahwire muno gwamumara amaani	a drunkard who drank too much and lost his strength
tahyatahya	not new
taiga	the taiga
taisa	fear
taisa	fear
akaba naagya kuhandiika ekalaamu yamutaisuka yagwa; akataisukira om11muhanda yain1ka yamusig a	he was going to write a pencil but it fell off; the one who was crossing the street just left him
abateezi b'entomihobo 'omumu w 'olmbataisukaniza omukuteerangana	the makers of one-piece clothing don't make the meeting
omuhiigi obu abona enyamaiswa ataisura embwa ze kugihambya; ayataisuliire abagenzi embwa ze bakamutaho omusango; omunyankomo ataisw1n11e	a student who sees a wild animal does not call his dogs to pick it up; he who does not call his friends the dogs accuse him; the rapist does not kill
-namwandu atalibana muno wenka omumakage.	- a widow who is not alone.
obu anywa amaanva; kira ebiro bisalu	when drinking vegetables; for a few days
kataito obu orukukatalikirizaamu abantu abandi nibaburwa h 'okwikaarra	a small group of people who are unable to control themselves
kataito obu orukukatalikirizaamu abantu abandi nibaburwa 'okwikaarra	a little bit of self-discipline
tama	Try to
akantamira nve; orugambo obu obazaaho kubi mugenzi waawe omutamisa abantu; akatamwa buli muntu	And he said unto me, Go away; for this word that thou speakest against thy neighbour is blasphemy; it is an abomination unto all men.
akantamira orugambo nve; obu obazaaho kubi mugenzi waawe omutamisa abantu; akatamwa buli muntu	If you speak evil of your neighbor, you are a murderer, you are a murderer, you are a murderer, you are a murderer, you are a murderer, you are a murderer, you are a murderer, you are a murderer, you are a murderer, you are a murderer, you are a murderer, you are a murderer, you are a murderer, you are a murderer, you are a murderer, you are a murderer, you are a murderer, you are a murderer, you are a murderer, you are a murderer, you are a murderer, you are a murderer, you are a murderer, you are a murderer, you are a murderer, you are a murderer, you are a murderer, you are a murderer, you are a murderer, you are a murderer, you are a murderer, you are a murderer, you are a murderer, you are a murderer, you are a murderer, you are a murderer, you are a murderer, you are a murderer, you are a murderer, you are a murderer, you are a murderer,
poliisi ekatamba kukwata omusuma owaakaba atuntwize ekyaro; omufumu onu atambira sente nke muno; atambisa emibazi y 'Ekitooro; enu endwara neetambwa Abarukwiragura	The police often catch a thief who has just invaded the village; the gunman plays a little money here; he plays with 'Ekitooro's rivers; this disease is caused by robbers
toina mbere oratambikiriza amagun1, Omwanya oikaliremu mufunda	you don't even have to move your legs1, you don't even have to move your feet1, you don't even have to move your feet1, you don't even have to move your feet1, you don't have to move your feet1, you don't have to move your feet1, you don't have to move your feet1, you don't have to move your feet2, you don't have to move your feet2, you don't have to move your feet2, you don't have to move your feet3, you don't have to move your feet3, you don't have to move your feet3, you don't have to move your feet4, you don't have to move your feet4, you don't have to move your feet4, you don't have to move your feet4, you don't have to move your feet4, you don't have to move your feet
tambuka	walk
akamttjunaana habw 'okumutambukira	he blames her for walking
tamburra	to walk
amagun1; e11yama y'ekisoro bagitambuurra omukisaka; enyama y'ekisoro ky'omukisaka etamburwa hali abo bonka abagihiigire	the animal's skin; the meat of the animal is only eaten by those who eat it
tambuurra	not hearing
atamiire amaanva g 'ebitooke; amaarwa tibagatamiirra buko	They will be drunk with the poison of bitterness; they will not be made drunk with the poison of bitterness
tamiirukuka	do not run away
obu yatamiire akatamiinikukira ekiro kyo11a; ebicwe by'enyama nibyo byamwamiinikukize	when he was drunk he got drunk on the 11th night; meatballs were the cause of his drowning
tamika	start
omwwaire bamutamikil'a kubunva amaani g'okwetamika; omuntu ebyokulya bakira kubimutamikisa egiiko	the patient is sedated by the force of the bending; the person is sedated by food rather than vomit
tamuza	does not come
ekillooya kye ataniire Kasunganyanja; atanire kumanya habwaki omwana atii1·e owe	a dream that he has not fulfilled; he wants to know why the child is afraid of you
ekillooya kye kitanire; ataniire Kasunganyanja; atanire kumanya habwaki omwana wange owe atii1·e	his dream is over; he is not afraid; he does not want to know why my son is afraid
abaana nubo bakanya muno kutanakira omubbaasi; haroho emibazi enyakutanakya abarwaire	children are not allowed to ride the bus; there are toilets for the sick
tandaaza	he/she/it has not
tandagaraza	he does not calm down
tandama	the tail
obw obulemu 'okucungw·a Uganda bukatandikira luwero; agonza Tusiime muno omwegesa we ayamutandikisize kusoma n 'okuhandiika; obulemu kabiri obwa obw 'ensi yoona bukatandikwa Adolf Hitler (1939 - 1945)	disability 'the liberation of Uganda begins early; he wishes to thank his teacher who taught him to read and write; second world war disability begins Adolf Hitler (1939 - 1945)
tandukuurra	I'm not going to
akasanga tumazire ira kulya n"emeza bagitandukurwire ira; akaba	When we had finished eating, we decided to eat.
akasanga tumazire ira kulya n"emeza bagitandukurwire ira; akaba agenzire	When we had finished eating, he said, "Let's go".
bamutangiririire omumaduuk.a Fort po11al; omukuras1 wabo bakamutangiriza elcimuli; akabatangisiza habw.okugya habbaasi	He was preceded in death by his grandfather, who was killed in a car accident.
agiire kutanisa ebihimba bye; ente zigira akatale kaazo aka baitamsizaamu; oburunguru butanisibwa omukataale ka Hima	He learns to clean his limbs; the cows have their marketplace where they are not fed; the butterflies are cleaned by Hima's caterpillar
agiire kutanisa ebihimba bye; ente zigira aka baitamsizaamu; oburunguru butanisibwa omukataale ka Hima	he has learned to cut his limbs; the cattle are not cut; the turtle is not cut by Hima's caterpillar
ekihooya kye kibaire kyas1sana ekirukwoma; ira amaiz1 g'enjura bagatangiririzaga hkitooke rundi hamutoma; Busaho 'omu ayamanyire ekyamutanuukiriize 11a we	His shower was in the morning, and when it was raining, they used to make it hot or cold; therefore, he knew what he had accomplished.
ekihooya kye kibaire ekirukwoma; ira amaiz1 g'enjura hkitooke rundi hamutoma; Busaho n 'omu ayamanyire ekyamutanuukiriize 11a mugenzi we	If it's raining, it's cold, it's raining, it's raining, it's raining, it's raining, it's raining, it's raining, it's raining, it's raining, it's raining, it's raining, it's raining, it's raining, it's raining, it's raining, it's raining, it's raining, it's raining, it's raining, it's raining, it's raining, it's raining, it's raining, it's raining, it's raining, it's raining, it's raining, it's raining, it's raining, it's raining, it's raining, it's raining, it's raining, it's raining, it's raining, it's raining, it' it's raining, it' it's raining, it' it's raining, it' it' it's ra
omuntu obu ataarra omubantu abatamumanyire tabatungiramu businge; enaku nizo itaza omuntu	When a person doesn't respect strangers, he doesn't feel safe; it's the sadness that makes him feel bad
obu yasangire gaatara amahe haka ye aho yamanya; enjuye akagitalilwa omufundi ayayegesiibwe omu byamaju	when he finds the lamps he goes to where he knows; he goes to the house called by a teacher who has been trained in magic
teba	not
teba	not
omuntu amanyire ebyenseke nuwe atebera abanyubenyzmgu enseke	a person with a sense of humor is a person who knows how to make people laugh
omuntu amanyire ebyenseke nuwe atebera enseke	a person with a sense of humor is a person with a sense of humor
abaisiki abamu muno bakira klltebwa aboojo	Some of the mosquitoes here are killed by mosquitoes
tebeekana	do not get along
tebeekera	do not make plans
tebeekera nk amaizi	do not hold back
atebeekiize hati kuvuga matoka	ready to drive
ebigambo ebi bitebiibwe abahuliirege orubazo rwe	the words that were spoken to the audience
teeba	not
teega	to learn
ze zikaburwa enimi ey'okuziteegesa	which are distributed in languages for interpretation
teeka	the law
teeka	the law
amaarwa	wounds
teeka	the law
enyaanya bakaiteekera abaguzi	what they put out for the customers
teekera	do not
emihyo n 'amacumu baabiteekeerra hamahyoro; abantu bateekeza abandi muyamba	spears and javelins were placed on the shoulders; people used to help others
emihyo n 'amacumu baabiteekeerra abantu abandi bateekeza muyamba	spears and javelins were used to attack
Ruhanga atutanga kuteekerereza busa bagenzi bairu ngu bakozire ekintu ekibi nanka; ebiteekerezo eby biteekerezibwa Ruhanga	God gives us a false sense that others have done something wrong; thoughts that God thinks
Ruhanga atutanga kuteekerereza busa bagenzi bairu ngu nubo bakozire ekintu ekibi nanka; ebiteekerezo eby 'obusinge biteekerezibwa Ruhanga	God gives us no reason to think that others have done something wrong; peaceful thoughts are God's
teekura	not slowing down
teekura	not slowing down
ow'okumuteekuurraaho ebyokulya bye akamubura; habugenyi abasaija nubo bateekuzaaho abakazi ebyokulya hamahega; ebyokulya bikateek:urwaho abasaija bonka	If a man does not prepare his own food, he is deprived of it; if a man does not prepare his own food, women are deprived of it; if a man does not prepare his own food, he is deprived of it; if a man does not prepare his own food, women are deprived of it; if a man does not prepare his own food, he is deprived of it; if a man does not prepare his own food, women are deprived of it; if a man does not prepare their own food, he is deprived of it; if a man does not prepare his own food, he is deprived of it; if a man does not prepare his own food, he is deprived of it; if a man does not prepare his own food, he is deprived of it; if a man does not prepare his own food, he is deprived of it; if a man does not prepare his own food, he is deprived of it.
teera	be careful
akakule; I.akakwazo; t. akairimira; t. amabega; /. ekiikoohe; t. ekikule; t. ensibo; t. amasa; t. oburaro; /. omuku; t. omusindo; t.orubugo; t. orujali; t. oruhi; 1. orunyege; omuhanda; t. t.enkaito	t. back; t. shoulder; t. shoulder; t. shoulder; t. shoulder; t. shoulder; t. shoulders; t. shoulders; t. shoulders; t. shoulders; t. shoulders; t. shoulders; t. shoulders; t. shoulders; t. shoulders; t. shoulders; t. shoulders; t. shoulders; t. shoulders; t. shoulders; t. shoulders; t. shoulders; t. shoulders; t. shoulders; t. shoulders; t. shoulders; t. shoulders; t. shoulders; t. shoulders; t. shoulders; t. shoulders
I.akakwazo; akakule; t. akairimira; amabega; t. /. ekiikoohe; t. ekikule; t. ensibo; t. amasa; oburaro; t. /. omuku; t. omusindo; t.orubugo; t. orujali; t. oruhi; 1. orunyege; t. omuhanda; t.enkaito	I. shoulders; shoulders; t. back; t. shoulders; t. shoulders; t. shoulders; t. shoulders; t. shoulders; t. shoulders; t. shoulders; t. shoulders; t. shoulders; t. shoulders; t. shoulders; t. shoulders; t. shoulders; t. shoulders; t. shoulders; t. shoulders; t. shoulders; t. shoulders; t. shoulders; t. shoulders; t. shoulders; t. shoulders; t. shoulders
teerana	teerana
omusaija n 'omukazi habw 'okuba baceke omukuru akobateeraniriza yabo	a man and a woman because they're laughing at the old man comparing them to their
omusaija n habw 'okuba baceke omukuru akobateeraniriza muka yabo	the husband and because they are the older ones they compare their wives
1110/oka zikira kuteerateeranira omubyezigooro; ekiteerateeraniza motoka nukwo kwirokira hanziriga enyingi muno omubyezigooro	1110/or to prepare the vehicle for a crash; to prepare the car for a crash is to save a lot of money in the crash
1110/oka zikira omubyezigooro; ekiteerateeraniza motoka nukwo kwirokira hanziriga enyingi muno omubyezigooro	1110/or save the vehicle; the car repair is to save a lot of money in the vehicle
teereerra	do not give up
akabateereerra omwana we weena kugenda ekiro; omusomesa akabateerereerra kutaijaga b01ajll'aire nkairo; bateereriinve kwikara omunyikiriza yabo	who sends their child to school at night; the teacher tells them not to go to school; they are not allowed to keep their religion
akabateereerra kutaikirizaaga omwana weena we kugenda ekiro; omusomesa akabateerereerra kim11 kutaijaga nkairo; b01ajll'aire bateereriinve kwikara omunyikiriza yabo	They are advised not to let any child go to school at night; the teacher advises them not to go to school; they are advised not to go to school because of their religious beliefs
teerereza	do not overdo it
akateererereza omumaiso g 'omucwi weemisango nkook11 atarakikozire	he/she/it is looking at he/she/it has not looked at
teerra	teerra
omwinvarro akarugamu atakategere; t. enkarwa; haigunt bakitegera hansi; ebisoro eby'amaani muno babitegesa ornuliiti	wwinvarro akaramu atakatege; t. enkarwa; haigunt still understand the ground; powerful animals here are called ornulit
tegana	do not give up
omufumu abarwaire bakamutegerereza aheeru y 'ekisiika /eye; bakabiiltirwa tcgura temb kubategererezesa busa omuge11yi atarasoboirekwija; mukun1 w 'ihanga akategerezibwa abontu yaraganiize kubungira	the king who was ill and they asked him to stay away from the clan; they were told to stay away from them before he could go; the ruler of the country, who was understood by the people, refused to go
omufumu abarwaire bakamutegerereza aheeru y 'ekisiika /eye; bakabiiltirwa tcgura temb kubategererezesa busa omuge11yi atarasoboirekwija; mukun1 w 'ihanga akategerezibwa abontu yaraganiize kubungira	the king who was ill and they asked him to stay away from the clan; they were told to stay away from them before he could go; the ruler of the country, who was understood by the people, refused to go
nooyetaaga omuheereza ow 'okukuteguruurraaga engoye zamve; genda oteguze mugenzi waawe ebintu baliiriireho	You need a servant to make you a new garment; go and buy food for your neighbour
teka	not marry
banza osambuu"e omukeeka ohike eldikaro gutemiiremu nukwo oguterekereze; ob oruka omukeeka otagumize enkindo ogutemya; tali niinyowe atemeze omukeeka gwawe; t. ekiteega; naaseerra aw'okumwemere emifiye; enjoka ekamutemera omum11siri naalima; abasaija emiti bagitemeseze e11de11111; ayatemerwe enjoka atiina omunya	go to the elevator and stand there and think about it; when you run to the elevator you don't hold the palm tree; it's not you who's cutting your tree; t. the elevator; I'm coming to take shelter from the dead; the snake that bit him in the throat will bite; the woodcutters will cut off the tree; the snake will not bite you for fear of the prey
ekiniga kikamutemuza ebbaruha ezi akaba amuhandiikiire; emiti y'ebijuma bagitembera abaana tembeeka temeerra kugicwaho ebijuma byayo; embogo =ikabatembesa omuti	Anger tears away the letters he had written to her; the trees of the week are visiting the children; the trees of the week are visiting the children; the trees of the week are visiting the children; the trees of the week are visiting the children; the trees of the week are visiting the children; the trees of the week are visiting the children; the trees of the week are visiting the children; the trees of the week are visiting the children; the trees of the week are visiting the children; the trees of the week are visiting the children; the trees of the week are visiting the children; the trees of the week are visiting the children; the trees of the week are visiting the children; the trees of the week are visiting the children; the trees of the week are visiting the children; the trees of the week are visiting the children; the trees of the week are visiting the children;
0111ura11111zi akakizoora nkooku eki11111yamugambireho eki akinmtembeekere akaba kwonka	0111ura11111zi akizoora kokoku the11111 told him what to do
tembeerra	not always
noobu e11seene11e baazaahuragaliaiguru	and they will go to heaven
noobu e11seene11e baazaahuragaliaiguru kwinganaki	how long will they be in heaven?
nyineeka aJemberiirwe nuwe ogu ow'omusaija mugenzi we aihireho mulcazi we	mother of the deceased is the wife of the deceased's husband
temburuka	not be discouraged
omwana mukuru tayetaaga ow muntu 'okumutemburuya hakitabu	an older child does not need someone to "read the book" to him
tembya	a newborn
ebendera y 'ekitebe rundi ey 'ihanga bagitembya nyenkya rwebagyo	the national flag is hoisted in the morning
naaseerra omuntu w 'okummemereerra ebitooke; abanyoro bakasanga ebitooke biri omwirungu; ebitooke bye byamara emyaka ebiri bitakatemererwaga	So I hired a man to look after the fig tree, which hadn't been cut for two years.
naaseerra omuntu w 'okummemereerra ebitooke; abanyoro bakasanga bye ebitooke biri omwirungu; ebitooke byamara bye emyaka ebiri bitakatemererwaga	So he hired a man to look after his figs, and for two years he kept them in the garden.
tengeetera	do not
ekinfll kitentera nambere haba heculikire; Wakame yatensaaga ebibaale bigya bileera kumukwata	The infl descends even when it is cold; Wakame shoots the bullets until he catches it
ekinfll kitentera haba heculikire; Wakame yatensaaga ebibaale bigya bileera ayabaga aizire kumukwata	The infl is slowly heating up; Wakame shoots the bullets until they hit him
leka kungambisa akasozi nikantentebukya	don't make me move the hill and slide
leka kungambisa nikantentebukya akasozi	don't move me when I move the mountain
akaterebeerra kutaba na numtu w 'okumwekambisa kukora emirimo; omunlu kwikara omukitabu abyamire esaaha zoona kimuterebeza; ogu akaterebezibwa obugara	Let no one deceive you, but let your light shine before others, that they may see your good deeds and glorify your Father in heaven.
na numtu w 'okumwekambisa kukora emirimo; omunlu kwikara omukitabu abyamire esaaha zoona kimuterebeza; ogu obugara	If a man is a slave to his master, let him keep his master's house in order that he may be able to carry out his duties properly.
hakasozi akaterebukira yagwa yahe11deka; akaba naija kwombeka omurubuga abazaire be baamuterebura	a hill fell; he was going to build a city that his parents had warned him about
enju enyakwombekerwe hansi etereekeriire etwara sellle nke	a flat-roofed house that holds fewer cells
temera	not stop
obu okaba orwaire obotao/11 11ubo boomutemeriire ebihimbo bye; obokozi bagen:u benubo baomulemiize ebihimba bye; ebihimba bye bikatemerwa	When you are sick, cut off his limbs, save him, cut off his limbs, cut off his limbs.
obu okaba orwaire obotao/11 11ubo boomutemeriire ebihimbo bye; bagen:u obokozi benubo baomulemiize ebihimba bye; ebihimba bye bikatemerwa obaraahi	When you were sick, you cut off his limbs; when you were healed, you cut off his limbs; when his limbs were broken, you cut off his limbs.
temuka	not run away
okomunyegeerra hobw 'okumutemuurro ekiteeteei; ekiniga kikamutemuza ebboruho yamuhondiikiraga zoona	to know him because of his unprovoked murder; anger makes him angry all the time he listened to him
abatenzi batendeso enkindo nmdi e11duko	the coaches coach the team in the 11th round
teodcbeka	theodcbeka
teodcbeka	theodcbeka
egaoli enyalmfiire sente ezi ateetegekere	The dead man's money is unprepared
tencekana	be quiet
mwije muntenekere omusiri gwange gunu; enfuka ya kidim11 niyo ebo mmgi kutenekesa omusiri	come and fix my garden; the garden bag is the only way to fix the garden
tengeerra	do not
tengeesa	do not try
tengeeta	do not
orubengo nve bakaruterereza omubugenyi	a grinder and a grinder for a guest
teruka	run away
obu yaboine omusango okugurukwija kum11si11ga ebigambo yabiterukaho	When he was convicted of a crime, he was sentenced to death by hanging.
teruka	run away
teta	cut off
teteerwa	not given
tetera	not often
abakazi ba/ima bari; zijuga ziti; ngambire nti; embuzi ekatigira ha kwambuka ekisam·u; amaizi g'ekisaaru nugo gaagitigize	women are; they play; I say; a goat that does not dare to climb a mound; water of sand and mud has made it
abakazi ba/ima bari; ente ziti; ngambire nti; embuzi ekatigira ha kwambuka ekisam·u; amaizi g'ekisaaru gaagitigize	women of/ima bari; cows are; I say; a goat that does not dare to climb a mound; the water of the mound has divided it
munywani we nuwe yamut1gandisize enju ye	a friend of his left his house
tigika	be careful
tilhiika	to get rid of
ebyokulya ebyamurwaize akabimutiihiikira owaabu	food that he ate that he ate that he ate that he ate that he ate that he ate that he ate that he ate that he ate that he ate that he ate that he ate that he ate that he ate that he ate that he ate that he ate that he ate
omuntu obu aba aguzire orugoye ruhyaka anttiika	when someone buys a new piece of clothing
enyama y 'omwihuki w 'amaino baakugitiimirege; haroho obwoma abantu obu enyama	The flesh of the toothbrush shall be trembling; there is fear of men
enyama y 'omwihuki w 'amaino baakugitiimirege; haroho obwoma abantu obu batiimisa enyama	The meat of the toothbrush is frightening; there is a fear that people will stop the meat
tilna	not
omusaija akatiiniriirra mugenzi we omwirungu obu bagiire kuhiiga embogo	a black man shouts at a white man after a fight
omusaija akatiiniriirra mugenzi we omwirungu obu bagiire kuhiiga embogo	a black man shouts at a white man after a fight
akaana k 'enkoko katiitiirre omu mapapa ga nyinako; engoye ze nizeera tiitiiti; ebirika bifuka tiitiiti	A young hen does not crawl in its mother's wings; her clothing does not shrink; her feathers do not shrink
ebitakuli bito babitimba kandi ebikuru n 'efuka	the small ones are put up and the big ones are put in bags
tinda	work
tinda	work
engoye obu ozoogya otaimaziremu shake about; t. ekitabu	clothing that you wear that you don't shake about; t. book
to nibaririiha kukira aho; byakyo byona	will not pay more; all
tirimbira	does not sing
okutirimbira na kwo 'okuroorraaho k to make to remove thfogs for kook1Jsemererwa cleaning kw 'abaana	to make to remove thfogs for kook1J enjoying cleaning of children
obu yasangireamazire irakutobeza enyungu yamuleka yahotoorra kimu	When he got tired, he got tired, he got tired, he got tired, he got tired, he got tired, he got tired, he got tired, he got tired, he got tired, he got tired, he got tired, he got tired, he got tired, he got tired, he got tired, he got tired, he got tired, he got tired, he got tired, he got tired, he got tired, he got tired, he got tired, he got tired, he got tired, he got tired, he got tired, he got tired, he got tired, he got tired, he got tired, he got tired, he got tired, he got tired, he got tired.
omuntu atogo/ekwa obu aba naabaza hamu ebitarula11eerana	a person who asks more than one question
ob11 ebyokulya baba nibabicumba bikatandika kutogota buli biri haihi kuhya	b11 the food is cooked and the food starts to boil when it is almost hot
ebyokulya ob11 baba nibabicumba kutogota buli biri haihi kuhya	food is usually cooked to a high temperature
toka	right
akatokera omukooti om11ramL1Zi yamufubira; rediyo obu agitokesa muno ebuza abarukubaza obusinge	The court heard that the 11RAML1Zi had attacked him; the radio when it attacked him asked the security guards
akatokera omukooti yamufubira; om11ramL1Zi rediyo obu agitokesa muno ebuza abarukubaza obusinge	The court immediately rebuked him; the radio when he burned it, he asked the security guards
tokomera	do not be stubborn
tokomeza	do not continue
tokomoka	do not run away
akatokoora	a cockroach
akatokoora	a cockroach
Eryato likadikira abakaba boona baatokomera omunyanja; ayayokeze enju ye nuwe yagondeze okutokomya ebintu bye; ebintu by'abantu bikira okutokomebwa omu11rro rundi enyanja	The ship will wait for all the sailors who cross the sea; he burns his house and he wants to burn his goods; people's goods are better than being burned in a fire or at sea
toma	thomas
tomera	not grow
tomera	not grow
akatomera ekisiika omumwirima naagya kubyama; akavuga motoka ye atamiire ekisa yagitomeza ky 'oruguudo	he lights a window in the dark to go to bed; he drives his car drunk and crashes into the street
akatomera ekisiika omumwirima naagya kubyama; akavuga motoka ye atamiire yagitomeza ekisa ky 'oruguudo	he lights a window in the dark to go to bed; he drives his drunken car to the side of the road
abantu abamu batona amajugaabo n 'inoni; obu oba otaina rangi y' Ekijungu noosobora kutonesa inoni	some people color their eyebrows and eyelashes; if you don't have a black eye, you can color your eyelashes
orusu; 1. obusegu; t. akeeta abanyaruganda kwija kumutondera	orusu; 1. sexual intercourse; t. summoning relatives to apologize
obwasigaire oburo omumusiri butagesirwe babllf ondogoroiremu bwona bwalrwamu; akanga kutondogoorra byona ebyarugiriif weho okunobangana kwabo; akaragira abaana be kugenda k11tondogoroorra nyinenkunt bo oburo abagesi obu baasigire omumusiri	The remainder of the time the monk is not allowed to tell the whole story; he refuses to explain everything that happened to him during their encounter; he tells his children to go to the monastery to tell their mothers the story of the monks who left the monk
oburo obwasigaire omumusiri butagesirwe babllf ondogoroiremu bwona bwalrwamu; akanga kutondogoorra byona ebyarugiriif weho okunobangana kwabo; akaragira abaana be kugenda nyinenkunt bo oburo abagesi obu baasigire omumusiri	The rest of the time the monk is not allowed to tell the whole story; he refuses to tell the whole story; he tells his children to go to their mothers when the widows leave the monk
tondooka	not falling
akabasaba kumutondoorra ebihimba bye	ask him to remove his limbs
ibanja lye akalitongera omwaka gwo11a	his debt that will add to your year11a
omusango gw 'okwonesa akagutonganira omwaka gwona; akamutonganiza habw 'okumwoneseza; binu biro emisango etongamva abatonganirizi	the case of 'healing' he pleads to you all year; you accuse him of defaming him; now the judgments of the plaintiffs
akasinga lwbwokuba akaba aina arukumutongoniirra; akamutonganiriirra omukooti enkuru; atonga11iriin1•e abato11ga11irizi basatu; Bakatutanga kuto11gyatongya ebintu bingi obu turaabaga nitusaba; ekizina kyabo kikaba kiri kinmgi f..yonka kikaburwa kunmgi; bagamba bugamba ebigambo ha kintu; abazim abataina mutongerezi basaba w 'okubatongereerra; ekizina kitatongeriirwe tikyoleka kunmgi ekigendererwa kyakyo	most often because he had a supporter; he appealed to the high court; he chose three young witnesses; they read to him many things when we prayed and prayed; their name was a letter f.. but it was forgotten by the letter; they say a word about something; builders who have no priest ask for someone to intercede for them; the unwritten dance does not reveal the letter's purpose
akasinga omusango lwbwokuba akaba aina arukumutongoniirra; akamutonganiriirra omukooti enkuru; atonga11iriin1•e abato11ga11irizi basatu; Bakatutanga kuto11gyatongya ebintu bingi obu turaabaga nitusaba; ekizina kyabo kikaba kiri kinmgi f..yonka kikaburwa ow 'okukitongeerra kunmgi; bagamba bugamba ebigambo ha kintu; abazim abataina mutongerezi basaba omuntu w 'okubatongereerra; ekizina kitatongeriirwe tikyoleka kunmgi ekigendererwa kyakyo	he was convicted of blasphemy; he appealed to the supreme court; he appointed three witnesses; they read aloud many things when we were praying; their name was the door f.. but it was impossible to put it on the door; they said words on something; the builders who did not have a priest asked for someone to speak for them; the dance that was not performed did not reveal its purpose
ebihimba bye asangire babitongoiremu ebibaire byengere byona; Byakunaga akarwanisa Byenkya habw mukazi we; abaatongoire ebihimba bye bakabitongoorra omunjura eyasiibire neegwa	All the parts of his body that he finds are to be buried in the walls; Byakunaga will fight tomorrow for his wife; those who buried his body will bury the one who buried him
ebihimba bye asangire babitongoiremu ebibaire byengere byona; Byakunaga akarwanisa Byenkya habw 'okutongora we; mukazi abaatongoire bye ebihimba bakabitongoorra omunjura eyasiibire neegwa	the parts he finds are covered with all kinds of walls; Byakunaga fights Tomorrow for his birth; the woman who cleansed his parts are covered with a sword that has fallen
tonokora	not to work
obu arubata ekihooya kye tonokya kitonokora; toooyeerra akatonokoorra omu111uhanda naagya omwirwarro	when touching something you don't want to touch; don't touch anything you don't want to touch; don't touch anything you don't want to touch; don't touch anything you don't want to touch; don't touch anything you don't want to touch; don't touch anything you don't want to touch; don't touch anything you don't want to touch; don't touch anything you don't want to touch; don't touch anything you don't want to touch; don't touch anything you don't want to touch; don't touch anything you don't want to touch
obu arubata ekihooya kye kitonokora; tonokya toooyeerra akatonokoorra omu111uhanda naagya omwirwarro	when he touches his tongue that does not work; do not touch his tongue and do not touch his tongue in the street when he is sick
bakaba nibazaana owanyina yamutonokya ekihooya yatandika kurra; akamutonokeza omukizaaniro nibazaana; atonokiibwe mugenziwe obu babaire nibazaana	they were a girl whose sister broke her neck and she started crying; she was a girl whose father was a boy; she was a girl whose father was a boy
tonta	to kill
omwana onu akatontera kutaliisibwa kunmgi; kwikara nooteera omwana ogu nikwija kumutonsa	the child is often not fed; sitting next to the child will make him sick
tontera	not often
tontera	not often
nkahuurra abantu abarukutontoma 11/cagonza kumanya kiki ekikaba nikibatontomya	I hear people singing 11/I wonder what's making them sing
tooliika	do not be afraid
akaikaarra omukiikaro ekirukutonywamu amaizi gobwiriza; ekisisi ekinimu akah11r11 kitonyesa amaizi; amaizi nigasobora kuba akahuru akataigaliirwege	a water dropper is a water dropper; a water slide is a water slide; the water can be unpredictably hot
kakuba oikaarra hansi y 'orugoye n1bisi orohanikire nirukutoonyeza amalZI; abapagasa eki babatoonyereza nukwo kugonza kumanya ebiro ebi baakozire n 'ebi bataakozire; abaana abarukusoma omugigi batonyezibwa buli kiro kya Sande	If you sit under a sheet of cloth and have a glass of water; the researchers want to know what they have done and what they have not done; schoolchildren are cleaned every Sunday night
anyakwigamire enjura obu aba naagenda hara tagidndiirra kutoonyoroka	he who walks in the rain will not run away
haroho engoye ezanguha kutoonyorrooka obu ziba zijubire n 'ezitanguha; orugoye onijubire rutoonyorrookera hamuguha rohanikire	They wear clothes that do not wear out when worn or otherwise damaged. They wear clothes that do not wear out when worn or otherwise damaged.
obuhya bwe butoize embogo; kinu kitoozebwa muyamba	If you don't know how to spell, this will help you.
Sande nayo etooza abantu baingi; abantu batoozibwa muno ekiro kyamazaarwa kukira ebiro ebindi	Sunday is also busy; people are busy here at night more than at other times
toorana	to marry
tooza	do not try
enimi obu etemba ente e/.:11/ize; eme ze niitoroogebwa ibura ly 'ekisura	the tongue when the cow e/.:11/ize; the mouth will be cleaned by the skin of the face
toroogereza	do not talk too much
omwisiki anyakutoroogerezi ibwe obu atwara enda olmzaara kwe kutuntuza abazaire be	a miscarriage is a tragedy for her parents
akaburwa ensaa110 y'okubutotoroza	110 hours of cleaning
tw 'embeba batwisire	we're going to die
obwenju bwa sukaali babut11gira omubuhunga bwa muhogo nukwo battmgemu ekibumbe ky kabaragara	the sugar content is calculated from the nasal mucus and then the sugar content is calculated from the nasal mucus
atugika omutongi omunyaibanja ou arukwerengeerra	a debt collector who defends you
omutongi atugika omunyaibanja ou arukwerengeerra	a judge who forgives a debtor who defends you
abaana baahaburwaga kutatug11likwa hagati y 'abantu bakum; akatugulikinva omumaiso g 'abagenyi baamufubira	children were left unattended among the people of the village; the young man's eyes were closed by the guests
ebyenju akaba aba/eetiire bikatugunjukira omunsahu	the house he/she/it is staying in
busaho muntu anyakugonza kutugunjuurra ekintu omungaro ze	a person who is willing to open his or her eyes
embwa bakagitukira busa ngu ebwagwire obwana mukaaga kamu yaka/ya	a dog that is only 6 years old
akatukumira kurora abasen1kale muka ye; emundu niyo etukumya omuntu; akamara ebirobibirinaatukumira	he tells us to see his wife; the gun is our weapon; he tells us to shoot
akatukumira kurora abasen1kale baizire muka ye; emundu niyo etukumya omuntu; akamara ebirobibirinaatukumira	he tells us to see the old man come to his wife; the gun is the one that makes a man sick; he tells us to get rid of the germs
akaba naatwana; om11guha gw 'obugoigo	he/she/it was fighting he/she/it was fighting he/she/it was fighting he/she/it was fighting he/she/it was fighting
tuma	to send
mukama w 'amaju akatumira abapangisa be omutabani bam11he sente ze ez 'obusuuru; omusuubuzi atwnisize egaali ikumi; ebihimba obu babita omumaizi bitumba; t. ebigambo	The owner of the vineyard sends his son to his tenants to give him ten talents; the merchant earns ten talents; the tenants call the tenants tenants; t. words
tumbika	to establish
obu haizire ibura ly 'emikubi abantu batwnbikaga ebitooke hakisura nmdi ha kaamurali enyakuseeriilwemu ekisura	When the rains came, people would dress me in black, and I would look in a mirror with my face covered
abasibensi kukora n 'amaani nikyo kitumbuza ekyaro /.y. abo	The people who work hard are the ones who make the village grow
obubaire nibusisa nk 'oburaasiriira hati butumburukire	the sun is shining like a rainbow
tumya	to send
tuna	tuna
tunama	we bow down
amagufa gakamutunamira enaku	his bones are crushed with grief
amagufa gakamutunamira enaku	his bones are crushed with grief
omutabani nuweyamutundiire embuzi ye; omusoro nugwo gwamutundize embuzi ye	the son sold his goat; the tax he sold his goat
tundubika	seemingly
tungamira	lead
tungeera tunika akamusanga amutungamiire naamuniga yamuteera 11'omwigo; ente etungamiirwe entale ogijunira entale etakainamire kugiruma	wearing a tunic when we find him wearing a tunic we put him on a leash; the cow wears a tunic when we see him wearing a tunic when we see him wearing a tunic we put him on a leash we put him on a leash we put him on a leash we put him on a leash we put him on a leash we put him on a leash we put him on a leash we put him on a leash we put him on a leash we put him on a leash we put him on a leash we put him on a leash we put him on a leash we put him on a leash we put him on a leash we put him on a leash we put him on a leash we put him on a leash
tikiri kirungi amaizi kutungeerra n 'eka; ezigati eteeculikire etungeeza amaizi	It is no longer good for water to run off at home; uncooked bread cleanses the water
abaleesi b'amaizi ira baayetwekaga ensoha bazitungukiirraho ekintu ki11di	ireland's fishermen used to carry elephants with them
ebyokulya ebirukucumbwa obu obona byatungira; nuweyamuhmgiire omulimo	food to satisfy your appetite; give him a job
abasaija baat1mguruurra bakazi enfuka baabo	husbands open their wives' wombs
tungurruuka	run away
tunguurra	weighing
oburo butungmwire abaana kubulinda enyonyi; akamweta kumutungurourra enkwanzi ze	a bird calls out to the children to watch the birds; he calls out to his friends to guide him
oburo butungmwire abaana batandike kubulinda enyonyi; akamweta kumutungurourra enkwanzi ze	When the time is right, the children will begin to watch the bird; he calls out to his friends to guide him
obu babutikira omuntu antkutukumira ebyokwesweka bingi atunguutana	a person who hides a lot of things from me
akahuniirra kusanga emiti yabyaire omu mwaka gumu guti	a tree that grows in the same year
Mukama akatutanga kutunturuurra ebintu by 'ensi	The Lord warns us against the things of the world
Mukama akatutanga kutunturuurra ebintu by	The Lord commands us to look after his own
bakabasoboorra bazaire baabo ekyabatunuliize akanyonyi akembaganiza	they're crying out to their parents why did they look at the bird
tura	weeping
tura	weeping
tura	weeping
orufu orw'omusaija ebiro bbina kandi orw 'omukazibisatu; anywire omubazi ogurukutun1kya; mulllrukye omulumbi; omutamiizi natalibaniza abanlu; orufu rwe n1latun1kwe habwabandi abarwaire abakaba bali omuka	death of a man for four days and a woman for three days; drinking a heavy poison; drinking poison; a drunkard does not interfere with others; his death is caused by other sick people
asisikaire enda aturukya orwoya rubi; akanga kuruga omwofiisi ye yayeta poliisi yamuturukya	he has a bad nose; he refuses to leave the office he called the police and they took him away
turuotuka	it does not
torukwikirizibwa kuturuukiriza omutwe gwawe omwidirisa /ya motoka	you are not allowed to lift your head to the car window
tutumbuka	flowering
tutumbuka	flowering
tuukuurra	we hear
amaizi gatuumibwa omuurro ogw'amaani; ebisus11 obu obinaga omukiikaro kimu buli kiro bituuma	the water is heated by a powerful fire; the water is heated by a single splash of water every night
amaizi gatuumibwa omuurro ogw'amaani; ebisus11 obu obinaga omukiikaro buli kiro bituuma	The water is heated by a powerful fire; the water is heated every night
atwire hanu kumara obusumi bwingi baitu titukahuurraaga ngu aibire; ekyamutwize hakyaro kyabo nukwo kutaiba bantu	He has been here for a long time and we have not heard that he is here; the reason he has come to our village is that there are no people
tuura	to sit
atarukusobora kwimuka kutuura omugenyi we; akasaba omuntu ondi aije amutuuze ekigega babagemuliire	who is unable to get up to accommodate his guest; he asks someone else to come and sit him down
ebyenju muno ebyengere bitunaa amaarwa	the rocks here, the rocks here, the rocks here, the rocks here, the rocks here, the rocks here, the rocks here, the rocks here, the rocks here, the rocks here, the rocks here, the rocks here, the rocks here, the rocks here, the rocks here, the rocks here, the rocks here, the rocks here, the rocks here, the rocks here, the rocks here, the rocks here, the rocks here, the rocks here, the rocks here, the rocks here, the rocks here, the rocks here, the rocks here, the rocks here, the rocks here, the rocks here, the rocks here, the rocks here, the rocks here, the rocks here, the rocks here
omuntu obu ahikaho embwa erukunena igufa; obu ohuurra embwa neetuurruuma	When a dog barks, a person dies; when a dog barks, a person dies
omuntu obu ahikaho embwa erukunena igufa; obu ohuurra embwa neetuurruuma	When a dog barks, a person dies; when a dog barks, a person dies
nibagya klltuuta omusiri ogu baraabyaram11 ebitakuli	they're going to eat more than this mosquito they're going to eat more than this mosquito
omusana gutuuyisa omuntu obu agukoorraamu emirimo	light illuminates a person when he performs activities
omusana gutuuyisa omuntu obu agukoorraamu emirimo	light illuminates a person when he performs activities
tuuza	ask questions
Omukama obu atuuza omuguta gwe gwnara ebiro mwenda gutakatabaaziibwe; Omukama Kaabaleega akatuuliza Jinja naan1ga omukuzaahisibwa	When the Lord rested his palace was not lit for nine days; the Lord left them and rested Jinja and the holy city
Omukama obu atuuza omuguta gwe gwnara mwenda ebiro gutakatabaaziibwe; Omukama Kaabaleega akatuuliza Jinja naan1ga omukuzaahisibwa	When the Lord sends his angel nine days without light; the Lord sends the angel Jinja
ornubingi w'amotoka kutwalirirwa naabinga ky'akabi muno; akatwa/iririrwa ahingwire Kyegegwa	the number of vehicles being driven is more dangerous here; he/she needs to get out of the car
ornubingi w'amotoka kutwalirirwa naabinga ky'akabi muno; ahingwire akatwa/iririrwa Kyegegwa	the number of vehicles to be driven is more dangerous here;
twaliriza	weeping
ornubazi akagunywa mpora natwaliriza yalindwa yagumaramu; orobazo rokamutwaliriza yahinguza esaaha z 'okugamka omuka	a man who drinks whenever he goes to bed is kept awake; a woman who takes him to bed makes it time to get up
ornubazi akagunywa mpora natwaliriza yagumaramu; orobazo rwe rokamutwaliriza yahinguza esaaha z 'okugamka omuka	a drunkard who drinks whenever he goes to bed; a drunkard who drinks whenever he goes to bed; a drunkard who drinks whenever he goes to bed; a drunkard who drinks whenever he goes to bed; a drunkard who drinks whenever he goes to bed; a drunkard who drinks whenever he goes to bed; a drunkard who drinks whenever he goes to bed; a drunkard who drinks whenever he goes to bed; a drunkard who drinks whenever he goes to bed; a drunkard who drinks whenever he goes to bed; a drunkard who drinks whenever he goes to bed; a drunkard who drinks whenever he goes to bed; a drunkard who drinks whenever he goes to bed; a drunkard who drinks whenever he goes to bed; a drunkard who drinks whenever he drinks whenever he drinks
twara	to sleep
twarraaniza	we're getting married
twarraaniza	we're getting married
twekera	to give up
twekera	to give up
twengekeerra	self-reflection
amacumu bagatyaza nukwo galunge obwogi akabatanga kutyaliza bw'okucumita; amacumu gaabo haihyoro lye	Their suffering is like the suffering of a pregnant woman. Their suffering is like the suffering of a pregnant woman.
tyeruka	do not run away
omuntu libamuha mubazi gwona rutakatyerokire; obutuzi oburukwera butyen1ka habwokuba bumera kiswa kimu	It gives a person a full head of hair before it grows; the white hair is scarce because it grows only once
tyokora	not working
Vv vanjiri	Vv evangelists
Vi	Children
Sabbunni y'ensaano y 'okwogiisa ebintu	Sabbunni is a greeting
wa	where
waihuru	free
waimiri	standing up
Waizikya	Warming up
Wakame	Dry
Wakame	Dry
wankuura	you've got me
wansazi	a widow
weebumbe	your body
weesorole	Take care of yourself
