Runyoro,English
gw'obusubuzi omuhyaka gukaimukya ebitundwa aheru,The new trade deal boosted exports.
y'omusomo twegeseze abalimi orukumi rumu omukukozesa orwezo kuruga omubijuzire,"By the end of this project, we have trained one thousand farmers in organic methods."
omukazi akasoroza embibo entoro z'okwahura,She collects indigenous seeds for preservation.
atafike omugabo gwa bakama babizinesi,He never missed a dividend payment.
Akatebe akeby'ensimbi nikamaliiriza ensoborra ( ripoota ) eyabuli mwaka.,The finance team is finalizing the annual report.
abaserurizi nibaija kusoma endubata y'ebinyonyi obu ekika ekihyaka ekyebinyonyi,The researchers will study bird migration patterns when they discovered a new species.
taxi empyaka nejakutandika omwaka ogurukwija,The new tax is implemented next year.
omukazi asoraize embibo entoro z'okwahura,She has collected indigenous seeds for preservation.
omumwaka gw'enkumi ibiri asaatu tufunire okukeha kwingi muno kwobuhanwa,"By 2030, we achieve a significant reduction in the loss of biodiversity."
Ekka yaitu ejaguza amagesa na mazina ag'okusiima ensi.,Our family has always celebrated the harvest with a dance that thanks the earth.
"omuro tigurukwija kugwa mpaka nyekya, ogaruke hairwaro","If the fever will not go down by tomorrow, come back the clinic."
"omurundi gw'okubanza okugenda mwoyomubudabuda, nkatina ekinazonzora hali nyowe","The first time I go to therapy, I was terrified of what I might discover about myself."
"omuro gutagwe mpaka nyenkya,ogaruke hairwaro","If the fever not go down by tomorrow, come back to the clinic."
ndozirege ekituru kyomutini nikyoleka ngu kikagamba oruganikyo orw'omukama owamani ijo,I have watched a shadow puppet show that told the story of a great king yesterday.
enyunyuzi zakire muno ekiro omumwanya kukira ebitara by'omurubuga,The stars have brightly shone in the night sky away from city lights.
omukazi naija kusoroza embibo entoro z'okwahura,She will collect indigenous seeds for preservation.
okuhandika kwabaramagi kukatandikwaho omukyasa kya 19th om'uganda,Missionary writings have documented 19th century Uganda.
"kakuba omuntu afwa, ekyaro kyona kija okunahukara, oba babamanyire muno rundi tibabamanyire","When someone has died, the whole village comes to pay respects, whether they knew them well or not."
balima omusiri ni bakozesa turakita,They fields using a tractor.
"akasumi kona ninyija kutekereza ntungire okugarukwamu, nyega ekintu kihyaka",Everytime I will think I've figured it I learn something new.
"nyikaire ntakukinihira ngu ninyija kugura eka yange, baitu ndi hanu, ninyija kutekaho hakipapura omukono wiiki ekwija","I never will think l'd be able to buy mu own home, but here l am, signing the papers next week."
nijnja kwenga kwenyumirizamu nobukuba ndi nkyali omuburumi-nikimanyisa mwomezi,I will learn to be grateful even in pain-it means I'm still alive to feel.
taxi empyaka bagitandikireho omwaka ogurukwija,The new tax has been implemented next year.
busayo ekibi nkokurubata mukigana otajaire sokisi,There was nothing worse than stepping in a puddle socks on.
Omurundi gwokubanza nkagenda kutunga obujanjabi ekintu ekibangambiire ekinkaba nsemerire kuzonzora nyowe nyenka. nyowe,"The first time I went to therapy, I was terrified of what I might discover about myself."
"kakuba nakugambira ekintu kimu hali ekiniga, kiri ngu tokwija kukirugaho-nokirabamu","If I will tell you one thing about grief, it's that you never get over it-you get through it."
"Obusasi bwija nkebigonzi ebiro ebimu ninyikya ,ebiro ebindi tindukusobora.","The grief comes in waves some days l can breath , some days l can't."
ekika ky'ababiito kiremere bunyoro kurugira kimu omkyasi kya 16th,The Babiito dynasty ruled Bunyoro since the 16th century.
omukago gw'obusubuzi omuhyaka gukaimukya ebitundwa aheru,The new trade deal boosted exports.
kotoni naija kuba kirimwa kyasente mukyasi kya amkumi abiri m'uganda,Cotton will become a major cash crop in the early 20th century Uganda.
abantu omuka baisoroize y'omunyoro habworukurato,People have gathered at the chief's house for the meeting.
"mutabani wange naija kukaguza,""ruhanga ali nkaha?"" ninjakusomnga hamutima n'ogwe gwange","My son will ask me,""Where is God?""I pointed to my heart and his."
Obworaba nogonza kwetrgereza ebyobuhangi bwaaitu tandika nebyokulya byaitu.,"If you want to understand our culture, start with our food."
irwaro rikatekaho obujanjabi abaine enda,The clinic provided prenatal care for expectant mothers.
nyinenkuru nyowe kuruka naija ebibo eby'akatale kumara emyaka nyingi,My grandmother will weave baskets for the market for many years.
anaga enjura naija kuzina nukwo egwe enjura egi eyitukwendera ebirimwa ijo,The rainmaker will dance to bring the rain that we need for the crops yesterday.
cukamba y'omuyanja ekaturukya z'amakamba ehuzo okwerwanaho,The sea cucumber squirted sticky threads to defend itself.
"nkaba nttaine kuninhira kwona ngu ninyija kusobora kugura eka eyang,baitu ndi hanu, nitekakaho omukono hakipapura wiiki erukwija","I never have thought l'd be able to buy mu own home, but here l am, signing the papers next week."
"omukazi akangamba,""omusana nigwija kujwa omurundi gundi nyenkya, kandi naiwe oti.""","She tells me,""The sun will rise again tomorrow, and so will you""."
egali y'omwika eraba aheru y'orubuga ebaire nungi muno nti nkaba ntasobora kubyama ntagirozire,The train ride through the countryside has so been beautiful that i did'nt sleep a wink.
omukazi naija kwega hakulima n'okulisa okwokwebaisaho,She will learn about sustainable agriculture.
Ntaaha nyine obuleemezi okutekaho omutiima.,I've been having difficulty concetrating.
"kakuba omuntu afwa, ekyaro kyona nikija okunahukara, oba babamanyire muno rundi tibabamanyire","When someone will die, the whole village comes to pay respects, whether they knew them well or not."
ninyijuka akasumi kenyini nikimanya akaba munyani owamazima-atansekereze omukasumi obukaba nidi kubi,I remembered the exact moment l knew she was a true friend - when she didn't laugh at my worst moment.
andindisize okumara esaha yona,She has made me wait for an hour.
akatebe nikahayo akatunzi hali omuguzi owamaani,The sales team is presenting to a major client.
eka yaitu nija kujaguzaga amagesa namazina itaka agokusima,Our family will always celebrate the harvest with a dance that thanks the earth.
Okusendwa kw'itaka kuleteriize abalimi itaka kuleka lyaabo bakagenda mu bibuga.,The soil erosion has been forcing forcing farers to abandon their land and move to cities.
omunya nigwija okucicya omukira gwako kandi katoroke hali ekinyonyi,The skink will wiggle its tail and escaped from the bird's grasp.
bukozire obujanjabi hamu n'emibazi endi,The medication has interacted with other drugs.
obujanjabi hamu bukakora n'emibazi endi,The medication interacted with other drugs.
egali y'omwika eraba aheru y'orubuga ekaba nungi muno nti nkaba ntasobora okubyama ntagirozire,The train ride through the countryside was so beautiful that i did'nt sleep a wink.
ninyija kwijuka akasumi kenyini akaba owamazima-nambere munyani atalinsekeraize omukasumi obukaba nidi kubi,I will remember the exact moment l knew she was a true friend - when she didn't laugh at my worst moment.
nyinenkuru nyowe arukaka ebigega eby'akatale kumara emyaka nyingi,My grandmother weaves baskets for the market for many years.
bakitunnzi naija kutangatangana kiguzi omukuru,The sales team will present to a major client.
omukago gw'obusubuzi omuhyaka gwimukya ebitundwa aheru,The new trade deal exports.
tukaha okusima hali emyoyo y'omurusozi habwa emyandara na amabale,We gave thanks to the spirits of the mountains for the rocks and stones.
omusoro omuhya nigwija kuteebwa omuunkora mumwaka omuhyaka,The new tax will be implemented next year.
obujanjabi bukakora hamu n'emibazi endi,The medication interacted with other drugs.
takafikaga omugabo gwa abakama babizinesi,He never missed a dividend payment.
ekika kyabaiito kulema bunyoro kurugira mukyasi kya 16th,The Babiito dynasty will rule Bunyoro the 16th
"kakuba ntalitungire okwegaramu obumanzi nkabaza nawe kirokinu, titwanditungire bunu obunyani","If l did not muster the courage to talk to her that day, we would have missed out on this friendship."
ekitebe kigwire omu 1977 habw'okwahukana mupolipo,The community has collapsed in 1977 due to political differences.
irwaro ritaireho obujanjabi bw'abzaire abaine enda,The clinic has provided prenatal care for expectant mothers.
irwaro rikatekaho obujanjabi abaine bw'abazaire enda,The clinic provided prenatal care for expectant mothers.
abaserurizi basomereho endubata y'ebinyonyi bazonzoire obu ekika ekihyaka ekyebinyonyi,The researchers have studied bird migration patterns when they discovered a new species.
embya ehambizege y'omukisaka impala mayiro nyingi okuhikya ejwahire,The wild dog has chased the impala for miles until it tired out.
irwaro ritaireho obujanjabi bw'abzaire abaine enda,The clinic has provided prenatal care for expectant mothers.
cukamba y'omuyanja ehuzo nejakuturukya zamakamba okwerwanaho,The sea cucumber will squirt sticky threads to defend itself.
arolera ekitebe kumara emyaka nyingi atakabaire mukuru,She manages a team for years before she became director.
omusoro gwa aberambanda nigwija kuhambiriza baingi omubusibi,Colonial taxation will force many into wage labor.
ninyija kwijuka akasumi kenyini akaba munyani owamazima-nambere atalinsekeraize omukasumi obukaba ndi kubi,I will remember the exact moment l knew she was a true friend - when she didn't laugh at my worst moment.
ebiro bisaatu murubuga orutubaire tuturukwija kwetekaniza kubungira,Three days in a city we will never plan to visit.
omukazi ayegere hakulima n'okulisa okwokwebaisaho,She has learned about sustainable agriculture.
naija okundindisa okumara esha yona,She will make me wait for an hour.
irwaro erahuro ry'ebitabu byabarwaire ebikukwataho obwomezi bwabo,hospital had a patient library with health information.
"kakuba basi etandeka eki ekiro, kurora tindikwija munyani wange muno","If i will not miss the bus that day, i never would have met my best friend."
"kakuba gavumeti eratekamu sente omubintu ebikwegarukamu kara, ntusobora okuba n'ebyobuhangwa ebiyomjo",If the government will invest in renewable we could have a cleaner environment now.
tukaha okusima hali emyoyo y'omurusozi habwa emyandara na amabale,We gave thanks to the spirits of the mountains for the rocks and stones.
nkasabira obusinge omumadini gona- ntwena tuli baana baruhanga,I prayed for peace among all religions-we're all children of the same God.
enju yemizaano yaharutuutu empyaka nijja kwoolekaga emizano yasekisipiya buli bwiirre oburutagata,The new theater will stage Shakespeare plays every summer.
"akasumi kona mbaire nitekereza ntungire okugarukwamu, nyega ekintu kihyaka","Everytime I have thought I've figured it out, I learn something new."
noija kwetagisibya okujwara pulasita okumara wiiki mukaaga,You will need to wear a cast for six weeks.
okubaira emiti nambere ebaire etemerwe nikija kugaraho irindiro lyebesoro by'omukisaka mukicweka nambere byali,The reforestation project will bring back wildlife that had disappeared from the area.
"kakuba gavumenti erakehya omuhendo gwa sola pano, abantu baingi nibaija kutandika kukozesa amasanyarazi","If the government will subsidize solar panels, more people would use renewable energy now."
"mutabani wange akagwize,""ruhanga ali nkaha?"" nasonga hamutima gwange n'ogwe","My son is God?""I pointed to my heart and his."
"kakuba isomero lyakubulize obusinge, tekerezamu kakuba haba haliyo omulingo gundi gwona","If school made you miserable, consider whether there's another way."
omutendereza abakuru amanyirire nekizina kye ijo,The praise singer has honored the chief's bravery with his song yesterday.
ninja kwirukira mwa munyani wange omukuru nyencya,I will run into an old friend yesterday.
embya y'omukisaka nija kuhambya impala mayiro nyingi okuhikya ejwahire,The wild dog will chase the impala for miles until it tired out.
Ninyujuka akasumi akananyiire kimu ngu nuwe nywani owahikire- obwataransekeriize omukasu kange akabi.,I remember the exact moment l knew she was a true friend - when she didn't laugh at my worst moment.
akatunga okwimukiza ha mulimo,He received a raise at work.
"nkaba ngu ntakunihira nisobora okugura eka yange, baitu ndi hanu, nitekaho omukono hakipapura wiiki ekwija","I never thought l'd be able to buy mu own home, but here l am, signing the papers next week."
omusomesa wange owunyenda naija kungamba nkaba nyina ekisembo kyokuhandika ebigambo ebi bikasigara,My favorite teacher will tell me that i had a gift- for writing those words stayed with me.
ekituru kyomutini nikyoleka ngu kikagamba oruganikyo orw'omukama owamani ijo,I have watched a shadow puppet show that told the story of a great king yesterday.
ninyijuka akasumi nikimanya kenyini akaba munyani owamazima-atansekereze omukasumi obukaba nidi kubi,I remembered the exact moment l knew she was a true friend - when she didn't laugh at my worst moment.
obujanjabi bwali bwasente nyingi baitu nibukoraho,The treatment will be expensive but effective.
"kakuba gavumenti eba ekendize omuhendo gwa sola pano, abantu baingi nibaija kutandika kukozesa amasanyarazi","If the government has subsidized solar panels, more people would use renewable energy now."
abasaija abato bakombekere orugo r'ente oruhyaka,The young men built the new kraal for the cattle.
"mutabani wange naija kukaguza,""ruhanga ali nkaha?"" ninjakusomnga hamutima gwange n'ogwe","My son will ask me,""Where is God?""I pointed to my heart and his."
"mutabani wange akagwize,""ruhanga ali nkaha?"" nkamusongera hamutima gwange n'ogwe","My son has asked me,""Where is God?""I pointed to my heart and his."
igana lyabantu nirija kusemererwa omukoro gutakatandikire,The crowd will buzz with excitement before the show starts.
"Obusasi bwija nkebigonzi ebiro ebimu ,ebiro ninyikya ebindi tindukusobora.","The grief comes in waves some days l can breath , some days l can't."
ebizina byenzarwa n'okucekeca hamu n'orunyegebirabaga mubuli mukoro,Traditional music and will dance accompained ceremonies.
abasija abato bombekere orugo rw'ente ouhyaka,The young men have built the new kraal for the cattle.
buli muntu watangantangaine amanyire ekintu ky'otamanyire - nigw'omugisa kukyega,Every person you met knows something you don't  that's a chance to learn.
ebyefuna bihambirize emihendo y'ebintu okweyongera muno,The economy has faced inflationary pressures.
omulimi ayombire omusiri gwamuhogo wiiki ehwaire,The farmer weeds his cassava field last week.
okuhandika kwabaramagi kukatandikwaho omukyasa kya 19th om'uganda,Missionary writings have documented 19th century Uganda.
bakitunzi batangatangaine kiguzi omukuru,The sales team has presented to a major client.
"kakuba nkugambira ekintu kimu hali ekiniga,kiri ngu tokwija kukirugaho-nokirabamu","If I told you one thing about grief, it's that you never get over it-you get through it."
omusoro omuhya nigwija omuunkora mumwaka omuhyaka,The new tax will be implemented year.
embya y'omukisaka ehambizege impala mayiro nyingi okuhikya ejwahire,The wild dog has chased the impala for miles until it tired out.
izaniro ly'emizano elihyaka balitekanize shakespeare azanira buli y'omusana musizoni,The new theater has staged Shakespeare plays every summer.
oyetagisize okutekaho okwokya rundi aisi nambere hantungire obuhuta,You have needed to apply heat or ice to the injured area.
gavumenti neja kuletaho enkora empyaka hali abalimi abakulima ebyokulya,The government will provide subsidies for farmers who practice sustainable agriculture.
omusoro gwa nigwija aberambanda kuhambiriza baingi omubusibi,Colonial taxation will force many into wage labor.
nyijukire aksumi kenyini nkimanyire akaba munyani owamazima-nambere atalinsekeraize omukasumi obukaba kubi,have remembered the exact moment l knew she was a true friend - when she didn't laugh at my worst moment.
"kakuba omuntu afwa, ekyaro kyona nikija okunahukara, oba muno babamanyire rundi tibabamanyire","When someone will die, the whole village comes to pay respects, whether they knew them well or not."
akandindisa okumara esaha yona,She made me wait for an hour.
"ekiniga kizirege omubicweka ebimu ebiro ninsobora okwikya, ebiro ebindi tinkusobora","The grief has come in waves some days l can breath, some days l can't."
Abasungi nibaseyeya enyuma nomumaiso habwekizina ekiruugenda mpora. mpora,The crowd is swaying back and forth to the slow music.
ekitebe kyabantu nikinja kusagika bandi okuterayo akazina kandi kamu,The crowd will cheer for the band to play one more song.
nuwe ngu tikine buzibu bwona okusaba obukonyezi,He was the one who taught me that it's to ask for help.
"kakuba bus etandekere, tinanditangatangaine munyani wange muno","If i have not missed the bus that day, i never would have met my best friend."
ninyija okugira obuzibu by'okutekana n'okuhuliriza,I will have difficulty concetrating.
Abasebeni bakagaruka nentekereza empyaka hamu nokunihira.,Veterans returned with new ideas and expectations.
Kiro kyaijo ahaisanizeege omuzini omunyoro habwo bumanzibwe.,The praise singer honored the chief's bravery with his song yesterday.
"omurundi gw'okubanza nkagenda mwoyomubudabuda, nkatina hali ekinazonzora nyo","The first time I have gone to therapy, I was terrified of what I might discover about myself."
nkairukira mwamunwani wange ijo omukuru,I run into an old friend yesterday.
"mutabani akagwize,""ruhanga wange ali nkaha?"" nasonga hamutima gwange n'ogwe","My son asked me,""Where is God?""I pointed to my heart and his."
"y'omusomo hakumalira gunu, ni twija kuba twegeseze abalimi orukumi rumu omukukozesa orwezo kuruga omubijunzire","By the end of this project, we train one thousand farmers in organic methods."
Enganikyo zoleka ebya abantu abakuru ebibamanyire,Oral history projects record elders' memories.
omunya gucikize omukira gwako kandi katoroka hali ekinyonyi,The skink has its tail and escaped from the grasp.
Omusoro og'wendema eya matwale kukahambiriza baingi kupagasa.,Colonial taxation forced many into wage labor.
abantu nibaija kwombeka iramizo erihyaka nambere bona batina,The community will build a new shrine at the sacred spring.
ninyija kusiga ekihemeheme kandi nkisindike hamutimbagano nyekya,I will draw a funny cartoon and posted it on social media yesterday.
okubura kwamaizi ebyobulimi kukatalibaniza n'obulisa omukicweka,The water scarcity affected agricultural production in the region.
Nuwe yangambiire ngu kirungi kusaba obuyambi.,He's one who taught me that it's to ask for help.
omukazi ataaha naworoza hamu nokulinda,She had been collecting indigenous seeds for preservation.
obujanjabi bukakora hamu n'emibazi endi,The medication with other drugs.
ebihuka bikarubatira hamu bihimbire murukara ebisosonkole nibibigara omukiju,The ants marched in a long line carrying crumbs back to their nest.
ebyenfuna nibija kuhambiriza emihendo okweyongera y'ebintu muno,The economy will face inflationary pressures.
nkega kwenyumirizamu nyeka ndi nobukuba muburumi-nikimanyisa nkyali mwomezi,I learned to be grateful even in pain-it means I'm still alive to feel.
kakuba gavumenti yataireho omuhendo gwahansiho habwengo zamani gizooba abantu abaingi bakubaire nibakozesa amaani agaani agarukugarurwa buhyaaka,"If the government had subsidized solar panels, more people would use renewable energy now."
okubura kwamaizi kutalibaniza ebyobulimi n'obulisa omukicweka,The water scarcity affects agricultural production in the region.
omusaija takasferwaya embaagwa,He has never missed a dividend payment.
"hakumalira ye kyasa kinu, tuhindwire enkoragana yaitu n'ebyobuhangwa","The the end of century, we have transformed our relationship with nature."
"dora ebinyonyi omumwanya; rundi tibisigire okugesa, baitu iwe ise owomwiguru obirisa","Look at the birds of the air; they have not sown or reap, yet your heavenly father feeds them."
"dora ebinyonyi omumwanya; tibisigire rundi okugesa, baitu ise owomwiguru obirisa","Look at the birds of the air; they have not sown or reap, yet your heavenly father feeds them."
kakuba gavumenti yataireho gwahansiho omuhendo habwengo zamani gizooba abantu abaingi bakubaire nibakozesa amaani agaani agarukugarurwa buhyaaka,"If the government had subsidized solar panels, more people would use renewable energy now."
ebihuka bikarubatira hamu bihimbire murukara ebisosonkole nibibigara omukiju,The ants marched in a long line carrying crumbs back to their nest.
"omukazi akangambira,""omusana nigwija kujwa omurundi gundi nyenkya, kandi naiwe oti.""","She told me,""The sun will rise again tomorrow, and so will you""."
"kakuba omuntu afwa omukyaro kyaitu, abantu bona nibaija kwesoroza baije okusagika eka","When someone die in our village, the whole community will together come to support the family."
"kakuba obaire noyenda okwetegereza ebyobuhangwa baitu, tandika n'ebyokulya baitu.","If you wanted to understand our culture, start with our food."
ebyenfuna nibija kuhambiriza emihendo y'ebintu okweyongera muno,The economy will face inflationary pressures.
taxi empyaka bagitandikireho omwaka ogurukwija,The new tax has been implemented next year.
"Omukyaro kyaitu omuntu obwafa ,abasi,bensi boona baterana bazagika abafeerwa.","When someone die in our village , the whole community comes together to support the family."
ekitebe kyabantu nikinja kusagika bandi okuterayo akazina kandi kamu,The crowd will cheer for the band to play one more song.
"gunu omurundi wiiki erukwija, nitwija kubyama hamusa gwenyanja","This time next week, we will lie on a beach."
ekyoma kyomubaizi nikija kubaija ekisisani kuruga omukihinju kyekiti,The sculptor will chisel figure out of a single block of wood.
lyabantu igana bakatoka nokusemererwa omukoro gutakatandikire,The crowd buzzed with excitement before the show starts.
noyetagisibwa okaire okuba oyonjire amaino gawe emirundi ebiri buli mwaka,You have needed to have your teeth cleaned twice a year.
okucamuka kwamabale hansi omwitak nikwija kuletaho okuhangwaho obuhanga muhagati y'enyanja,The volcanic eruption will create a new island in the middle of the ocean.
okubura kwamaizi kutalibaniza ebyobulimi n'obulisa omukicweka,The water scarcity affects agricultural production in the region.
abaserurizi nibaija kusoma endubata y'ebinyonyi obu barazonzora ekika ekihyaka ekyebinyonyi,The researchers will study bird migration patterns when they discovered a new species.
omusomesa wange owunyenda naija kungamba nkaba nyina ekisembo kyokuhandika ebigambo ebi bikasigara nanye,My favorite teacher will tell me that i had a gift- for writing those words stayed with me.
"kakuba isomero lyakubulize obusinge, tekerezamu haba kakuba haliyo omulingo gundi gwona","If school made you miserable, consider whether there's another way."
Orugendo rwegaali y'omwika kuraba omu bugwa izooba rukaba muno habwokuba nta hungi reho kakube kukoimya.,The train ride through the countryside was so beautiful that i did'nt sleep a wink.
nkasunga ekituru kyomutini nikyoleka ngu kikagamba oruganikyo orw'omukama owamani ijo,I watch a shadow puppet show that told the story of a great king yesterday.
nkasunga ekituru kyomutini nikyoleka ngu kikagamba oruganikyo rw'omukama owamani ijo,I watch a shadow puppet show that told the story of a great king yesterday.
"Enyunyuzi zaaka kukungi obuziba zili haraha ,n'etaara zomwabuga.",The stars shine brightly in the night sky away from city lights.
omumwaka ibiri gw'enkumi asaatu tufunire okukeha kwingi muno hakusisika kwobuhanwa,"By 2030, we achieve a significant reduction in the loss of biodiversity."
gavumenti eresireho enkora empyaka hali abalimi abakulima ebyokulya,The provided subsidies farmers who practice sustainable agriculture.
buli muntu watangantangaine amanyire ekintu - ky'otamanyire nigw'omugisa kukyega,Every person you met knows something you don't — that's a chance to learn.
"ekiniga nikija kwija omubicweka ebiro ebimu nisobora kwikya, ebiro ebindi tinkusobora","The grief will come in waves some days l can breath, some days l can't."
"nkaba nttaine kuninhira kwona ngu ninyija kusobora kugura eka eyang,baitu ndi hanu, nitekakaho omukono hakipapura wiiki erukwija","I never have thought l'd be able to buy mu own home, but here l am, signing the papers next week."
omutendereza naija kumanyira abakuru nekizina kye ijo,The praise singer honor the chief's bravery with song yesterday.
Abasungi nibaseyeya enyuma nomumaiso habwekizina ekiruugenda mpora mpora.,The crowd is swaying back and forth to the slow music.
ekitebe kikagwa omu 1977 mupolipo habw'okwahukana,The community collapsed in 1977 due to political differences.
naija kutunga okwimukizibwa ha mulimo,He will receive a raise at work.
"kakuba gavumenti omuhendo erakehya gwa sola pano, abantu baingi nibaija kutandika kukozesa amasanyarazi","If the government will subsidize solar panels, more people would use renewable energy now."
okucamuka kwamabale hansi omwitaka kukabaruka kwaletaho okuhangwaho obuhanga muhagati y'enyanja,The volcanic eruption created a new island in the middle of the ocean.
ngira obuzibu by'okutekana n'okuhuliriza,I have had difficulty concetrating.
Akarwarro kaheereza obuheereza obukwatiraine n'okuzaara.,The clinic provides prenatal care for expectant mothers.
Ntiirelye ebisisani rudingisa nabusindika hamura kiro kyaijo.,I drew a funny cartoon and posted it on social media yesterday.
"hakumalira y'omusomo gunu, nitwegesa abalimi orukumi rumu omukukozesa orwezo kuruga omubijunzire","By the end of this project, we trained one thousand farmers in organic methods."
okubaira emiti nambere ebaire etemerwe kigaraho irindiro lyebisoro by'omukisaka mukicweka nambere byali,The reforestation project brings back wildlife that had disappeared from the area.
igana lyabantu lika semererwa omukoro gutakatandikire,The crowd has buzzed with excitement before the show starts.
ekika kyabaiito kulema nikija bunyoro kurugira kimu mukyasi kya 16th,The Babiito dynasty will rule Bunyoro since the 16th century.
enkoragana empyaka eyobusubuzi ekaimukya ebitundwa ye bw'obulimi aheru yihanga,The new trade deal boosted agricultural exports.
"dora ebinyonyi omumwanya; tibisigire rundi okugesa, baitu iwe ise owomwiguru obirisa","Look at the birds of the air; they have not sown or reap, yet your heavenly father feeds them."
abantu baisoroize omuka y'omunyoro habworukurato,People have gathered at the chief's house for the meeting.
takafikaga omugabo gwa abakama babizinesi,He has never missed a dividend payment.
nyirukire wange mwamunwani omukuru ijo,I have run into an old friend yesterday.
ekika kaitu nikija kugira engeri y'okutangira omwaka omuhyaka eyemabaganiza,Our clan will have its own special way of welcoming the new year.
ekitebe kigwire 1977 omu habw'okwahukana mupolipo,The community has collapsed in 1977 due to political differences.
"Enyunyuzi zaaka kukungi obuziba zili haraha ,n'etaara zomwabuga.",The stars shine brightly in the night sky away from city lights.
"omurundi gw'okubanza ninyija mwomubudabuda, kugenda nkatina ekinazonzora hali nyowe","The first time I will go to therapy, I was terrified of what I might discover about myself."
Hakumaliira kwe kyaasa kiru nitwiija kuba tumazire kwatundwira enkoragana yaitu n'ebyobuhangwa.,"The the end of this century ,we will have transformed our relationship with nature."
obaire noyenda okutekaho okwokya rundi aisi nambere hatunire obuhuta,You needed apply heat or ice to the injured area.
omulimi naija kugesa amacande ge kandi agatwale hakyoma,The farmer will harvest his sunflower and took it for pressing yesterday.
ekyaro kaitu kiguma nikiyamba abo abatakwesobora,Our village always helped those who are in need.
Abasigazi nibakora orugo rw'ente.,The young men are building the new kraal for the cattle.
abekento nibaija alipota y'omwaka,The finance team will finalize the annual
Uganda ey'ekyasa ekya eri 19 omubihandiiko ebyabakwenda abenjiri.,Missionary writings document 19th century Uganda.
okujwara noyetagisa pulasita okumara wiiki mukaaga,You have needed to wear a cast for six weeks.
taxi empyaka nejakutandika omwaka ogurukwija,new tax is implemented next year.
balima ni omusiri bakozesa turakita,They plowed the fields using a tractor.
omukazi naija kwega hakulima n'okulisa okwokwebaisaho,She will learn about sustainable agriculture.
obujanjabi nibwija kukorahamu n'emibazi endi,The medication will interact with other drugs.
buli orukwija muntu kutangatangana amanyire ekintu ky'otamanyire - nigw'omugisa kukyega,Every person you will meet knows something you don't — that's a chance to learn.
cukamba y'omuyanja ekaturukya ehuzo z'amakamba okwerwanaho,The sea cucumber squirted sticky threads to defend itself.
"kakuba obaire noyenda okwetegereza ebyobuhangwa baitu, tandika n'ebyokulya baitu.","If you wanted to understand our culture, start with our food."
"kakuba bus etandekere, tinanditangatangaine munyani wange muno","If i have not missed the bus that day, i never would have met my best friend."
nojakwetagisibwa okuyonja amaino gawe ebiri emirundi buli mwaka,You will need to have your teeth cleaned twice a year.
Okusendwa kw'itaka kuleteriize abalimi kuleka itaka lyaabo bakagenda mu bibuga.,The soil erosion has been forcing forcing farers to abandon their land and move to cities.
takafikaga omugabo gwa abakama babizinesi,He has never missed a dividend payment.
nyijukire aksumi kenyini nkimanyire akaba munyani owamazima-nambere omukasumi atalinsekeraize obukaba kubi,I have remembered the exact moment l knew she was a true friend - when she didn't laugh at my worst moment.
"hakumalira ye kyasa kinu, tuhindura ekoragana yaitu n'ebyobuhangwa","The the end of this century, we transform our relationship with nature."
owenanga ruhuhwa nayongeramu okukwatwaho kwobujure nokwecumitiriza gebidongp omumaraka,The harmonica player adds a bluesy feel to the band's sound.
"kakuba omuntu afwa omukyaro kyaitu, abantu bona nibaija kwesoroza baije okusagika eka","someone die in our village, the whole community will together come to support the family."
ngura ebintu omu buli supamaketi wiiki,I bought groceries from the supermarket every week.
abantu bombekere erihyaka iramizo namebere bona batina,The community has built a new shrine at the sacred spring.
anaga enjura naija kuzina nukwo enjura egwe egi eyitukwendera ebirimwa ijo,The rainmaker will dance to bring the rain that we for the yesterday.
"Obuntekereza ngu nkyetegeriize,nubwo nyega ekihyaka. ekintu","Everytime I think I've figured it out, I learn something new."
ekitebe ky'abantu kisagikire bandi okuterayo akazina kandi kamu,The crowd has cheered for the band to play one more song.
noija kwetagisibya okujwara pulasita okumara wiiki mukaaga,You will need to wear a cast for six weeks.
Noija kwetaagibwa kuteekaho obutagasi rundi obufuki ha kicweka ekihutaire.,You'll need to apply heat ice to the injured area.
naija kutunga okwimukizibwa ha mulimo,He will receive a raise at work.
omukazi akozire mukeeto kumara emyaka nyingi atakafokere CFO,She has worked in the accounting department for years before she became CFO.
Abasebeni bakagaruka nentekereza empyaka hamu nokunihira.,Veterans returned with new ideas and expectations.
Itwe tusiima emizimu ey'omunsozi nomumyandara namabaale.,We give thanks to the spirits of the mountains for the rocks and stones.
kakuba gavumenti yataireho omuhendo gwahansiho habwengo zamani gizooba abantu abaingi bakubaire nibakozesa amaani agaani agarukugarurwa buhyaaka,"the government had subsidized solar panels, more people would use renewable energy now."
okubura kwamaizi nikwija kutabaniza ebyokulima n'obulisa omukicweka,The water scarcity will affect agricultural production in the region.
omusomesa wange owunyenda agambira ngu nkaba nyina ekisembo kyokuhandika ebigambo ebi bikasigara nanye,My favorite tells me that i had a gift- for writing those words stayed with me.
ekyaro kaitu kiraguma nikiyamba abo boona abatakwesobora,Our village will always help those who are in need.
obujanjabi nibwija kukorahamu n'emibazi endi,medication will interact with other
"omurundi gw'okubanza ninyija mwomubudabuda, kugenda nkatina ekinazonzora hali nyowe","The first time I will go to therapy, I was terrified of what I might discover about myself."
okubaira emiti nambere ebaire etemerwe kigarwireho irindiro lyebisoro byomukisaka mukicweka nambere byali,The reforestation project has brought back wildlife that had disappeared from the area.
ebiro bisaatu omurubuga orututekanizaga kubungira,Three days in a city we have never planned to visit.
yaitu eka ekajaguza amagesa namazina agokusima itaka,Our family always celebrated the harvest with a dance that thanks the earth.
amanyira omutendereza abakuru nekizina kye ijo,The praise singer honors the chief's bravery with his song yesterday.
omunya gukacicya omukira gwako kandi katoroka hali ekinyonyi,The skink wiggled its tail and escaped from the bird's grasp.
Omwegesa wange owungonza akagamba nyine ekisembo ky'okuhandiika -ebyo ebigambo bikaguma nanye.,My favorite teacher told me that i had a gift- for writing those words stayed with me.
nguzire ebuntu omu supamaketi buli wiiki,I have bought groceries from the supermarket every week.
atangatagaine bakitunzi kiguzi omukuru,The sales team presented to a major client.
"omuntu weena owotaganana tangana anyina ekyamanyire iwe ekyotamanyire , kandi kinu nikisemera kukuha omugisa okwega",Every person you meet knows something you don't—that's a chance to learn.
"omuntu weena owotaganana tangana anyina ekyamanyire iwe ekyotamanyire , kandi kinu nikisemera kukuha omugisa okwega",Every person you meet knows something you don'tthat's a chance to learn.
abazirweneho nibaija kugaruka n'ebitekerezo ebihyaka n'okunihira,Veterans will return with new ideas and expectations.
okutwarwa kwitaka nikwija okuletera abalimi okuleka itaka lyabo kandi bakagenda mumbuga,The soil erosion will force farers to abandon their land and move to cities.
nibaija kulima omusiri ni bakozesa turakita,They will plow the fields using a tractor.
"kakuba gavumenti ekehya omuhendo gwa sola pano, abantu baingi nibaija kutandi kukozesa amasanyarazi","If the government subsidizes solar panels, more people would use renewable energy now."
omukazi naija kusoroza entoro z'okwahura,She will collect indigenous seeds for preservation.
irwaro nirija kutekaho obujanjabi bw'abazaire abaine enda,The clinic will provide prenatal care for expectant mothers.
abantu nibaija kwesoroza omuka y'omunyoro habw'orukurato,People will gather at the chief's house for the meeting.
omusaija naija kuteka sente ze omumasamba,He will invest in a real estate investment trust.
ntangainege munywani wange owaira ijo,I ran into an old friend yesterday.
balima ni omusiri bakozesa turakita,They plowed the fields using a tractor.
ebihuka bikarubatira hamu murukara bihimbire ebisosonkole nibibigara omukiju,The ants marched in a long line carrying crumbs back to their nest.
y'omusomo twegeseze abalimi orukumi rumu omukukozesa orwezo kuruga omubijuzire,"By the end of this project, we have trained one thousand farmers in organic methods."
omutezi wenanga naijakuteranizaho omulere ha bandi,The harmonica player will add a bluesy feel to the band's sound.
"kakuba basi etalindekere ekiro eki, tinandibwoine munyani wange muno.","If i did not miss the bus that day, i never would have met my best friend."
obujanjabi nibwija kukorahamu n'emibazi endi,medication will interact with other
"Rora ebinyonyi omumwanya, tibisiga, tibigesa baitu Isinywe anyakuli omwiguru abiriisa.","Look at the of the air; they do not sow or reap, yet your heavenly father feeds them."
nkega kwenyumirizamu nyeka ndi nobukuba muburumi-nikimanyisa nkyali mwomezi,I learned to be grateful even in pain-it means I'm still alive to feel.
"mutabani wange akagwize,""ruhanga ali nkaha?"" nkamusongera hamutima gwange n'ogwe","My son has asked me,""Where is God?""I pointed to my heart and his."
nyirukire mwamunwani wange omukuru ijo,I have run into an old friend yesterday.
takafikaga omugabo gwa abakama babizinesi,He has never missed a dividend payment.
arolerire kumara ekitebe emyaka atakabaire mukuru,She has managed a team for years before she became director.
Akarwarro kaheereza obuheereza obukwatiraine n'okuzaara.,The clinic provides prenatal care for expectant mothers.
"omurundi gw'okubanza nkagenda mwoyomubudabuda, nkatina ekinazonzora hali nyo","The first time I have gone to therapy, I was terrified of what I might discover about myself."
abasija abato bombekere orugo rw'ente ouhyaka,The young men have built the new kraal for the cattle.
"Obusasi bwija nkebigonzi ebiro ebimu ninyikya ,ebiro ebindi","The grief comes in waves some days l can breath , some days l can't."
omukazi hakulima akega n'okulisa habwokwebaisaho,She learns about sustainable agriculture.
Enganikyo zoleka ebya abantu abakuru ebibamanyire,Oral history projects record elders' memories.
irwaro ritaireho obujanjabi bw'abzaire abaine enda,The clinic has provided prenatal care for expectant mothers.
"Nkaba ntukaterezaaga ngu ndisobora kusura enju eka , baitu dera ndihamu , ninyija kutekaho omukono hampapura sabbiti erukwija.","I never thought l'd be able to buy mu own home , but here l am , signing the papers next week."
embuzi bazihare omubazi gw'enjoka nkabuliro,The goats have regularly been dewormed.
abaire omukazi nakorra mukeeto kumara emyaka atkabaire CFO,She works in the accounting department for years before she became CFO.
nguzire ebuntu omu supamaketi buli wiiki,I have bought groceries from the supermarket every week.
omusaija akateka sente ze omumasamba,He invested in a real estate investment trust.
kaheereza Akarwarro obuheereza obukwatiraine n'okuzaara.,The clinic provides prenatal care for expectant mothers.
egali y'omwika eraba aheru y'orubuga ekaba nungi muno nti nkaba ntasobora okubyama ntagirozire,The train ride through the countryside was so beautiful that i did'nt sleep a wink.
"zaaka Enyunyuzi kukungi obuziba zili haraha ,n'etaara zomwabuga.",The stars shine brightly in the night sky away from city lights.
obujanjabi byasente nyingi baitu nibukoraho,The treatment was expensive but effective.
dora ebinyonyi omumwanya; tibirikwija kusiga rundi baitu iwe owomwiguru obirisa,"Look at the birds of the air; they will not sow or reap, yet your heavenly father feeds them."
ngira obuzibu by'okutekana n'okuhuliriza,I have had difficulty concetrating.
"kakuba omuntu afwa omukyaro kyaitu, abantu bona besoroza baija okusagika eka","When someone die in our village, the whole community together came to support the family."
"kakuba omuro guba tigugwire mpaka nyenkya, ogaruke hairwaro","If the fever has not gone down by tomorrow, come back to the clinic."
kotoni akaba kirimwa kyasente omukyasi kya abiri amkumi m'uganda,Cotton became a major cash crop in the early 20th century Uganda.
abazirweneho bakagaruka n'ebitekerezo ebihyaka kandi n'okunihira,Veterans returned with new ideas and expectations.
ekika ky'ababiito kiremere bunyoro kurugira kimu omkyasi kya 16th,The Babiito dynasty ruled Bunyoro since the 16th century.
Omurundi gwokubanza nkagenda kutunga obujanjabi ekintu ekibangambiire ekinkaba nsemerire kuzonzora nyowe nyenka.,"The first time I went to therapy, I was terrified of what I might discover about myself."
"kakuba gavumeti eratekamu sente omubintu ebikwegarukamu kara, ntusobora okuba n'ebyobuhangwa ebiyomjo","If the government will invest in renewable energy earlier, we could have a cleaner environment now."
bakwesoroleza abantu omuka y'omunyoro habw'orukurato,People gathered at the chief's house for the meeting.
"kakuba gavumenti omuhendo gwa sola pano, abantu baingi nibaija kutandi kukozesa amasanyarazi","If the government subsidizes solar panels, more people would use renewable energy now."
abantu nibaija kwombeka iramizo erihyaka nambere bona batina,The community will build a new shrine at the sacred spring.
omusoro omuhya nigwija kuteebwa omuunkora mumwaka omuhyaka,The new tax will be implemented next year.
omunya ruraiha rahuhanyga kira yairuka ekinyonyi kugikwaata,The skink wiggled its tail and escaped from the bird's grasp.
okubura kwamaizi nikwija ebyokulima kutabaniza n'obulisa omukicweka,The water scarcity will affect agricultural production in the region.
ekyaro kaitu kibaire nikiyamba abo boona abatakwesobora,Our village has always helped those who are in need.
nyinenkuru nyowe arukire ebigega eby'akatale kumara emyaka nyingi,My grandmother has woven baskets for the market for many years.
ninyija kusabira obusinge omumadini gona-ntwena tuli baana baruhanga omu,I will pray for peace among all religions-we're all children of the same God.
"akasumi kona ninyija kutekereza ntungire okugarukwamu, ekintu nyega kihyaka","Everytime I will think I've figured it out, I learn something new."
ninyija kusabira obusinge omumadini gona-ntwena tuli baana baruhanga omu,I will pray for peace among all religions-we're all children of the same God.
gavumenti eresireho enkora empyaka hali abalimi abakulima ebyokulya,The provided subsidies farmers who practice sustainable agriculture.
tukazika baitu abafu omwitaka nambere baisenkuru itwe bahumura,We buried our dead in the ground where our ancestors rest.
arolera ekitebe kumara emyaka nyingi atakabaire mukuru,She manages a team for years before she became director.
abantu bakehumuzamu ebyamporampora habizina,The crowd back swayed and forth to the slow music.
bakagaruka Abasebeni nentekereza empyaka hamu nokunihira.,Veterans returned with new ideas and expectations.
"kakuba omuntu afwa, ekyaro kyona kija okunahukara, oba babamanyire muno rundi tibabamanyire","When someone has died, the whole village comes to pay respects, whether they knew them well or not."
enyunyuzi zikaka muno ekiro omumwanya kukira ebitara by'omurubuga,The stars brightly shone in the night sky away from city lights.
omukazi asoraize embibo entoro z'okwahura,She has collected indigenous seeds for preservation.
"gunu omurundi erukwija, wiiki tubyame kubyama hamusa gwenyanja","This time next week, we lay on a beach."
nija kugura ebintu mu supamaketi wiiki,I will buy groceries from supermarket every week.
noija kwetagisa kwokya okutekaho rundi aisi nambere hatungire obuhuta,You will need to apply heat or ice to the injured area.
Omubazi kukoragana nigusobora n'emibazi endi.,The medication may interact with other drugs.
kotoni naija kuba kirimwa kyasente mukyasi kya amkumi abiri m'uganda,Cotton will become a major cash crop in the early 20th century Uganda.
omumwaka ibiri gw'enkumi asaatu tufunire okukeha kwingi muno hakusisika kwobuhanwa,"By 2030, we achieve a significant reduction in the loss of biodiversity."
nitwija kuha okusima hali emyoyo y'murusozi habwe na emyandara amabale,We will give thanks to the spirits of the mountains for the rocks and stones.
"kakuba omuro guba tigugwire mpaka nyenkya, ogaruke hairwaro","If the fever has not gone down by tomorrow, come back to the clinic."
okutwarwa kwitaka nikwija okuletera abalimi okuleka itaka lyabo kandi bakagenda mumbuga,The soil erosion will force farers to abandon their land and move to cities.
buli orukwija muntu kutangatangana amanyire ekintu ky'otamanyire - nigw'omugisa kukyega,Every person you will meet knows something you don't — that's a chance to learn.
"Kakuba gutakeeha kikahika nyekya, ogaruke omu karwarro.","If the fever doesn't go down by tomorrow, come back to the clinic."
enyunyuzi zakire muno ekiro omumwanya kukira ebitara by'omurubuga,The stars have brightly shone in the night sky away from city lights.
egali y'omwika eraba aheru y'orubuga ekaba nungi muno nti nkaba ntasobora okubyama ntagirozire,The train ride through the countryside was so beautiful that i did'nt sleep a wink.
ebiro bisaatu murubuga orutubaire tutwetekanizi kubungira,Three days in a city we never planned to visit.
okubura kwamaizi kutalibaniza ebyobulimi omukicweka n'obulisa,The water scarcity affects agricultural production in the region.
"hakumalira kyasa kinu, tuhindura ekoragana yaitu n'ebyobuhangwa","The end of century, we transform our relationship with"
nkasunga ekituru kyomutini nikyoleka ngu kikagamba oruganikyo rw'omukama owamani ijo,I watch a shadow puppet show that told the story of a great king yesterday.
igana lyabantu nokusemererwa omukoro gutakatandikire,The buzzed with excitement the show starts.
okubaira emiti nambere ebaire etemerwe kigarwireho irindiro lyebisoro byomukisaka mukicweka nambere byali,The reforestation project has brought back wildlife that had disappeared from the area.
ebizina byenzarwa hamu n'okucekeca n'orunyege bibaire mokijaguzo,Traditional music and has danced accompained ceremonies.
"ekiniga kiaizira ebiro omubicweka ebimu nisobora kwikya, ebiro ebindi tinkusobora","The grief came in waves some days l can breath, some days l can't."
Omurundi gwokubanza nkagenda kutunga obujanjabi ekintu ekibangambiire ekinkaba nsemerire kuzonzora nyowe nyenka.,"The first time I to therapy, I was terrified of I might discover about myself."
Obuguuda bwihanga butungire omurro ogwokutemba okwemihendo.,The economy is facing inflationary pressures.
okutwarwa kwitaka abalimi okuleka itaka lyabo kandi bagenda,The soil erosion forces farers to abandon their land and move to cities.
"omuro kugwa tigurukwija mpaka nyekya, ogaruke hairwaro","If the fever will not go down by tomorrow, come back to the clinic."
Ebiro omu bisatu rubuga orututatekanizaaga kobunga.,Three days in a city we'd never planned to visit.
omusoro gwa aberambanda gukahambiriza baingi omubusibi,Colonial taxation forced many into wage labor.
"Omuntu obwafa , ekyaro kiija kugaragara , bamanyire kurungi rundi tibamanyire.","When , the whole village comes to pay respects , whether they knew them well or not."
ebyefuna bihambirize y'ebintu emihendo okweyongera muno,The economy has faced inflationary pressures.
"kakuba gavumeti eratekamu sente omubintu ebikwegarukamu kara, ntusobora okuba n'ebyobuhangwa ebiyomjo","If the government will invest in renewable energy earlier, we could have a cleaner environment now."
Itwe tusiima emizimu ey'omunsozi nomumyandara namabaale.,We give thanks to the spirits of the mountains for the and
abantu habizina behumwize ebyamporampora,The crowd has back swayed and forth to the slow music.
buli muntu oratangatangaineho amanyire ekintu ky'otamanyire - nigw'omugisa kukyega,Every person you have met knows something you don't  that's a chance to learn.
abaserurizi basomereho endubata y'ebinyonyi obu bazonzoire ekika ekihyaka ekyebinyonyi,The researchers have studied bird migration patterns when they discovered a new species.
"omuro tigurukwija kugwa mpaka nyekya, ogaruke hairwaro","If the fever will not go down by tomorrow, come back to the clinic."
ebizina byenzarwa hamu n'okucekeca n'orunyege bibaire mokijaguzo,Traditional music and has danced accompained ceremonies.
egali y'omwika eraba y'orubuga neja kuba nungi muno nti nkaba ntasobora okubyama ntagirozire,The train ride through the countryside will so be beautiful that i did'nt sleep a wink.
abantu bombeka iramizo erihyaka nambere bona batina,The community builds a new shrine at the sacred spring.
tarukwija kufika omugabo abakama gwa babizinesi,He will never miss a dividend payment.
"kakuba gavumenti ekehya omuhendo gwa sola pano, abantu baingi nibaija kutandi kukozesa amasanyarazi","If the government subsidizes solar panels, more people would use renewable energy now."
obujanjabi bukakora hamu n'emibazi endi,The medication with other drugs.
"kakuba gavumenti ebaire etairemu sente kara, ntusobora okuba n'ebyobuhangwa ebiyounjo","If the government has invested in renewable energy earlier, we could have a cleaner environment now."
kotoni naija kuba kirimwa kyasente mukyasi kya amkumi abiri m'uganda,Cotton will become a major cash crop in the early 20th century Uganda.
okutwarwa kwitaka kukaletera abalimi okuleka itaka lyabo kandi bakagenda ummbuga,The soil erosion forced farers to abandon their land and move to cities.
igana lyabantu nirija kusemererwa omukoro gutakatandikire,crowd will buzz with excitement before the show starts.
"kakuba mba nkugambire ekintu kimu hali ekiniga, ngu tokwija kukirugaho-nokirabam","If I have told you one thing about grief, it's that you never get over it-you get through it."
omukazi aija kukora omukeeto kumara emyaka nyingi atakafokere CFO,She will work in the accounting department for years before she became CFO.
tihabaireho ekintu ekibi nkoku rubata omukigana sokisi otaine,There has been nothing worse than stepping in a puddle with socks on.
irwaro nirija kutekaho obujanjabi bw'abazaire enda abaine,The clinic will provide prenatal care for expectant mothers.
akatunga ha okwimukiza mulimo,He received a raise at work.
ebyafayo eby'okubaza byayolekaga okwijuka kw'abantu abakuru,Oral history projected record elders ' memories.
abasaija abato nibaija okwombeka orugo rw'ente oruhyaka,The young men will build the new kraal for the cattle.
ebihuka birubatire hamu omurukara bihimbire ebisosonkole nibibigara omukiju,The ants have marched in a long line carrying crumbs back to their nest.
ekika ky'ababiito kiremere bunyoro kurugira kimu omkyasi kya 16th,The Babiito dynasty ruled Bunyoro since the 16th century.
nyikaire ninyetagisibya sukali okusara,I have needed to cut down on sugar.
"dora ebinyonyi omumwanya; bitasige rundi okugesa, baitu iwe ise owomwiguru obirisa","Look at the birds of the air; they did not sow or reap, yet your heavenly father feeds them."
rwegaali y'omwika kuraba omu bugwa izooba rukaba muno nta hungi reho kakube kukoimya.,The train ride through the countryside was so beautiful that i did'nt sleep a wink.
nuwe akwija okunyegesa ngu tikine bwona okusaba obukonyezi,He be the one who taught me that it's okay to ask for help.
akandindisa okumara esaha yona,She made me wait for an hour.
"kakuba omuntu afwa omukyaro kyaitu, abantu bona besoroza baija okusagika eka","When someone die in our village, the whole community together came to support the family."
okuhandika kwabaramagi kukatandika mukyasa 19th kya m'uganda,Missionary writings documented 19th century Uganda.
okubaira emiti nambere ebaire etemerwe kigaraho irindiro lyebisoro by'omukisaka mukicweka nambere byali,The reforestation brings back wildlife that had disappeared from the area.
"kakuba omuntu afwa omukyaro kyaitu, abantu bona besoroza baija okusagika eka","When someone die in our village, the whole community together came to support the family."
atunga ha okwimukiza mulimo,He receives a raise at work.
"ekiniga kiaizira omubicweka ebiro ebimu nisobora kwikya, ebiro ebindi tinkusobora","The grief came in waves some days l can breath, some days l can't."
obujanjabi bukozire hamu n'emibazi endi,The medication has interacted with other drugs.
aija kurolera ekitebe kumare atakabaire emyaka mukuru,She will manage a team for years before she became director.
nyegere okwenyumirizamu ndi nobukuba muburumi-nikimanyisa nkyali mwomezi,I have learned to be grateful even in pain-it means I'm still alive to feel.
embuzi bakaziha omubazi gw'enjoka nkabulikiro,The goats were regularly dewormed.
omulimi ayombire omusiri gwamuhogo wiiki ehwaire,The farmer weeds his cassava field last week.
abantu bakehumuzamu habizina ebyamporampora,The crowd back swayed and forth to the slow music.
omulimi naija kwombera omusirigwe gwamuhogo wiiki ekwija,The farmer will weed his cassava field next week.
naija okumara okundindisa esha yona,She will make me wait for an hour.
embina yomukisaka ekairukya empara habwa mairu nyingiho kuhirya obuyajwahire,The wild dog chased the impala for miles until it tired out.
okucamuka kwamabale omwitaka hansi kuleterire okuhangwaho obuhanga muhagati y'enyanja,The volcanic eruption has created a new island in the middle of the ocean.
ninyija kusunga ekituru kyomutini ekirikyoleka ngu kikagamba oruganikyo orw'omukama owamani ijo,I will watch shadow puppet show that told the story of a great king yesterday.
bikahambirize ebyefuna emihendo y'ebintu okweyongera muno,The economy faced inflationary pressures.
"Rora ebinyonyi omumwanya, tibisiga, tibigesa baitu Isinywe anyakuli omwiguru abiriisa.","Look at the of the air; they do not sow or reap, yet your heavenly father feeds them."
obujanjabi byasente nyingi baitu nibukoraho,The treatment was expensive but effective.
"ekiniga kizirege omubicweka ebiro ninsobora okwikya, ebiro ebindi tinkusobora","The grief has come in waves some days l can breath, some days l can't."
obujanjabi bwali bwasente nyingi baitu nibukoraho,The treatment will be expensive but effective.
abantu bakwesoroleza omuka y'omunyoro habw'orukurato,People gathered at the chief's house for the meeting.
Pamba ekafooka ekirimwa ekirukuleeta entahya omu Uganda omukutandika okwekyasa ekya 20.,Cotton became a major cash crop in the early 20th century Uganda.
ekika kaitu nikija kugira engeri y'okutangira omwaka omuhyaka eyemabaganiza,Our clan will have its own special way of welcoming the new year.
ebizina byenzarwa hamu n'okucekeca n'orunyegebirabaga mubuli mukoro,Traditional music and will dance accompained ceremonies.
"hakumalira gunu, y'omusomo twegeseze abalimi orukumi rumu omukukozesa orwezo kuruga omubijuzire","By the end of this project, we have trained one thousand farmers in organic methods."
Omurundi gwokubanza nkagenda kutunga obujanjabi ekintu ekibangambiire ekinkaba nsemerire kuzonzora nyenka. nyowe,"The first time I went to therapy, I was terrified of what I might discover about myself."
buli muntu oratangatangaineho amanyire ky'otamanyire ekintu - nigw'omugisa kukyega,Every person you have met knows something you don't — that's a chance to learn.
anaga enjura naija kuzina nukwo enjura egwe egi eyitukwendera ebirimwa ijo,The rainmaker will dance to bring the rain that we need for the crops yesterday.
tuzikire abafu baitu nambere omwitaka baisenkuru itwe bahumura,We have buried our dead in the ground where our ancestors rest.
ntangainege munywani wange owaira ijo,I ran into an old friend yesterday.
ekyoma kyomubaizi nikija kubaija ekisisani kuruga omukihinju kyekiti,The sculptor will chisel a figure out of a single block of wood.
Noija kwetaaga kujwara ekiseminti kumara sabiiti mukaaga.,You'll to wear a cast for six weeks.
Abasigazi nibakora orugo rw'ente.,The young men are building the new kraal for the cattle.
omukazi ayegere n'okulisa hakulima okwokwebaisaho,She has learned about sustainable agriculture.
"omuntu weena owotaganana tangana anyina ekyamanyire iwe ekyotamanyire , kandi kinu nikisemera kukuha omugisa okwega",Every person you meet knows something you don't—that's a chance to learn.
omumwaka gw'enkumi ibiri asaatu tufunire okukeha kwingi muno hakusisika kwobuhanwa,"By 2030, we achieve a significant reduction in the loss of biodiversity."
kotoni akaba kirimwa kyasente kya amkumi abiri m'uganda,became a major cash crop in the early 20th century Uganda.
ekyoma kyomubaizi kikabaija ekisisani kuruga omukihinju kyekiti,The sculptor chisels a figure out of a single block of wood.
nuwe akwija ngu okunyegesa tikine buzibu bwona okusaba obukonyezi,He will be the one who taught me that it's okay to ask for help.
omukazi akasoroza embibo entoro z'okwahura,She collects indigenous seeds for preservation.
okucamuka kwamabale hansi omwitaka kuleterire okuhangwaho obuhanga muhagati y'enyanja,The volcanic eruption has created a new island in the middle of the ocean.
balima omusiri ni bakozesa turakita,They plowed the fields using a tractor.
"kakuba basi etalindekere ekiro eki, tinandibwoine munyani wange muno.","If i did not miss the bus that day, i never would have met my best friend."
nyegere okwenyumirizamu ndi muburumi-nikimanyisa nkyali mwomezi,I have learned be grateful even in pain-it means I'm still alive to feel.
ekitebe kyabantu nikinja kusagika bandi okuterayo akazina kandi kamu,The crowd will cheer for the band to play one more song.
okuhandika kwabaramagi kukatandika mukyasa kya 19th m'uganda,Missionary writings documented 19th century Uganda.
Kakuba gavumenti yakozeseze kare amaani Twakubaire lwiina ebitwehinguliriize muno. ebyeowruuu,"If the government had invested in renewable energy earlier, we could have a cleaner environment now."
"kakuba obaire noyenda okwetegereza ebyobuhangwa baitu, n'ebyokulya tandika baitu.","If you wanted to understand our culture, start with our food."
okubaira emiti nambere ebaire etemerwe nikija kugaraho irindiro lyebesoro by'omukisaka mukicweka nambere byali,The reforestation project will bring back wildlife that had disappeared from the area.
"nyikaire ntakukinihira ngu ninyija kugura eka yange, baitu ndi hanu, ninyija kutekaho omukono hakipapura wiiki ekwija","I never will think l'd be able to buy mu own home, but here l am, signing the papers next week."
nyinenkuru nyowe arukaka ebigega eby'akatale kumara emyaka nyingi,My grandmother weaves baskets for the market for many years.
"gunu omurundi erukwija, wiiki tubyame kubyama hamusa gwenyanja","This time next week, we lay on a beach."
"kakuba isomero likuburanganize obusinge, tekerezamu kakuba haba haliyo omulingo gundi gwona","If school has made you miserable, consider whether there's another way."
"Akangambira ndigenda ,""lzooba kwongera kwimuka nyenkya, kandi naiwe nukwo"".","She told me , ""The sun will rise again tomorrow, and so will you""."
ebyafayo nibija eby'okubaza kwoleka okwijuka kw'abantu abakuru,Oral history will project record elders ' memories.
"kakuba isomero likuburanganize obusinge, tekerezamu kakuba haba haliyo omulingo gundi gwona","If school has made you miserable, consider whether there's another way."
Obuguuda bwihanga butungire omurro ogwokutemba okwemihendo.,The economy is facing inflationary pressures.
"kakuba nkugambire mba ekintu kimu hali ekiniga, ngu tokwija kukirugaho-nokirabam","If I have told you one thing about grief, it's that you never get over it-you get through it."
ekaimera enyange kurungi muno mumaizi gahaihi,The egret stood perfectly still in the shallow water.
"Nkaba ntukaterezaaga ngu ndisobora kusura enju eka , baitu dera ndihamu , ninyija kutekaho omukono hampapura sabbiti erukwija.","I never thought l'd be able to buy mu own home , but here l am , signing the papers next week."
noyetagisibwa okuyonja amaino gawe emirundi ebiri buli mwaka,You needed to have your teeth cleaned twice a year.
omusoro gwa aberambanda nigwija kuhambiriza baingi omubusibi,Colonial taxation will force many into wage labor.
nkairukira mwamunwani wange omukuru ijo,I run into an old friend yesterday.
irwaro nirija kugira eryahuro ry'ebitabu byabarwaire ebirukukwataho obwomezi bwabo,The hospital will have a patient library with health information.
"hakumalira y'omusomo gunu, nitwegesa abalimi orukumi rumu omukukozesa orwezo kuruga omubijuzire","By the end of this project, we trained one thousand farmers in organic methods."
abantu nibaija kwehumuzamu habizina ebymporampora,The crowd will back sway and forth to the slow music.
Abaikazi bombekere ibandiro lihyaka haiziba ly'emirwa.,The community has built a new shrine at the sacred spring.
omutendereza amanyira abakuru nekizina kye ijo,The praise singer honors the chief's bravery with his song yesterday.
Omwegesa wange akagamba owungonza nyine ekisembo ky'okuhandiika -ebyo ebigambo bikaguma nanye.,My favorite teacher told me that i had a gift- for writing those words stayed with me.
igana nirija lyabantu kusemererwa omukoro gutakatandikire,The crowd will buzz with excitement before the show starts.
igana lyabantu bakatoka nokusemererwa omukoro gutakatandikire,The crowd buzzed with excitement before the show starts.
omunya nigwija okucicya omukira gwako kandi katoroke hali ekinyonyi,The skink will wiggle its tail and escaped from the bird's grasp.
nkaba nyine n'okutekana obuzibu ahahuliriza,I had difficulty concetrating.
enkoragana empyaka eyobusubuzi imukize ye entundwa bw'obulimi aheru yihanga,The new trade deal has boosted agricultural exports.
taxi empyaka nejakutandika ogurukwija omwaka,The new tax is implemented next year.
ebiro bisaatu omurubuga orututekanizaga kubungira,Three days in a city we have never planned to visit.
ekitebe kyabantu kikasagika bandi akazina kandi kamu,The crowd for the band to play one song.
enyunyuzi nizija kwaka muno ekiro omumwanya kukira ebitara by'omurubuga,The stars will brightly shine in the night sky away from city lights.
Ntaaha nyine okutekaho obuleemezi omutiima.,I've been having difficulty concetrating.
enyange imerire kurrngi muno omumaizi gahaihi,The egret has stood perfectly still in the shallow water.
omukazi naija kusoroza embibo entoro z'okwahura,She will collect indigenous seeds for preservation.
"kakuba basi eki ekiro, tindikwija kurora munyani wange muno","If i will not miss bus that day, i never would have met my best friend."
embuzi omubazi bazihare gw'enjoka nkabuliro,The goats have regularly been dewormed.
obujanjabi nibwija kukorahamu n'emibazi endi,The medication will interact with other drugs.
arolerire ekitebe kumara emyaka atakabaire mukuru,She has managed a team for years before she became director.
abantu bombeka iramizo erihyaka nambere bona batina,The community builds a new shrine at the sacred spring.
"Kakuba ntaratungire obumanzi bw'okubaza nawe eki, twakuferirwe buno obunywani.","If l hadn't mustered the courage to talk to her that day , we would have missed out on this friendship."
enyange ekeemerra eterekeriire mumaizi agatahamire,The stood perfectly still in the shallow
gw'obusubuzi omukago omuhyaka gukaimukya ebitundwa aheru,The new trade deal boosted exports.
Obulemi obw'ababiito bwebembiire Bunyoro kuruga omukyasa ekya ikumi na mukaaga.,The Babiito dynasty has ruled Bunyoro since the 16th century.
ebyafayo eby'okubaza byolekere okwijuka kw'abantu abakuru,Oral history has projected record elders ' memories.
"gunu omurundi erukwija, wiiki tubyamire hamusa gwenyanja","This time next week, we have lied on a beach."
Balimire nibakozesa amawinde karakita.,They have plowed the fields using a tractor.
nyijukire aksumi kenyini nkimanyire akaba munyani owamazima-nambere atalinsekeraize omukasumi obukaba kubi,have remembered the exact moment l knew she was a true friend - when she didn't laugh at my worst moment.
Obulemi obw'ababiito bwebembiire Bunyoro kuruga omukyasa ekya ikumi na mukaaga.,The Babiito dynasty has ruled Bunyoro since the 16th century.
omunya gukacicya omukira gwako kandi katoroka hali ekinyonyi,The skink wiggled its tail and escaped from the bird's grasp.
anaga enjura azina nukwo enjura egwe egi eyitukwendera ebirimwa baitu ijo,The rainmaker dances to bring the rain that we need for the crops yesterday.
"hakumalira y'omusomo gunu, nitwegesa abalimi orukumi omukukozesa rumu orwezo kuruga omubijuzire","By the end of this project, we trained one thousand farmers in organic methods."
embuzi kuziha nibaja omubazi gw'enjoka nkabulikiro,The goats will regularly be dewormed.
omusoro aberambanda gwa gukahambiriza baingi omubusibi,Colonial taxation forced many into wage labor.
sitage y'ebyemizano empyaka shakespeare azanira buli musizoni youmsana,The new theater stages Shakespeare plays every summer.
omukago gw'obusubuzi omuhyaka gukaimukya ebitundwa aheru,The new trade deal boosted exports.
omulimi naija kwombera omusirigwe gwamuhogo wiiki ekwija,The farmer will weed his cassava field next
nijnja kwenga kwenyumirizamu nobukuba ndi omuburumi-nikimanyisa nkyali mwomezi,I will learn to be grateful even in pain-it means I'm still alive to feel.
Okusendwa kw'itaka kuleteriize abalimi kuleka itaka lyaabo bakagenda bibuga.,The soil erosion has been forcing forcing farers to abandon their and move cities.
ekika kyababiito kilema bunyoro kurugira kimu omukyasa kya 16th,The Babiito dynasty rules Bunyoro since the 16th century.
wenanga akateranizaho omulere ha bandi,The harmonica player added a bluesy feel to the band's sound.
omulimi agesire amacande ge kandi yagatwara hakyoma,The farmer has harvested his sunflower and took it for pressing yesterday.
ninyija kusunga ekituru kyomutini ekirikyoleka ngu kikagamba oruganikyo orw'omukama owamani ijo,I will watch a shadow puppet show that told the story of a great king yesterday.
Akatebe akeby'ensimbi nikamaliiriza ensoborra ( ripoota ) eyabuli mwaka.,The finance team is finalizing the annual report.
eka yaitu ekajaguza amagesa namazina agokusima itaka,Our family always celebrated the harvest with a dance that thanks the earth.
omukazi akozire mukeeto kumara emyaka nyingi atakafokere CFO,She has worked in the accounting department for years before she became CFO.
nuwe akwija okunyegesa ngu tikine buzibu bwona okusaba obukonyezi,He will be the one who taught me that it's okay to ask for help.
omutezi wenanga akateranizaho omulere ha bandi,The harmonica player added a bluesy feel to the band's sound.
"orayenda kakuba okwetegereza ebyobuhangwa baitu, tandika n'ebyokulya baitu","If you will want to understand our culture, start with our food."
omulimi agesire amacande ge kandi yagatwara hakyoma,The farmer has harvested his sunflower and took it for pressing yesterday.
"omukazi akangamba,""omusana nigwija kujwa omurundi gundi nyenkya, kandi naiwe oti.""","She tells me,""The sun will rise again tomorrow, and so will you""."
arolera ekitebe emyaka kumara nyingi atakabaire mukuru,She manages a team for years before she became director.
ekitebe nikija kugwa omu1977 habw'okwahukana mupolipo,The community will collapse in 1977 due to political differences.
"kakuba nakugambira ekintu kimu hali ekiniga, kiri ngu tokwija kukirugaho-nokirabamu","If I will tell you one thing about grief, it's that you never get over it-you get through it."
ekitebe kikagwa omu 1977 habw'okwahukana,The community collapsed in 1977 due to political differences.
kotoni akaba kirimwa kyasente omukyasi kya amkumi abiri m'uganda,became a major cash crop in the early 20th century Uganda.
"omukazi akangamba,""omusana nigwija kujwa omurundi gundi kandi nyenkya, naiwe oti.""","She tells me,""The sun will rise again tomorrow, and so will you""."
nyinenkuru nyowe arukaka ebigega eby'akatale kumara emyaka nyingi,My grandmother weaves baskets for the market for many years.
"kakuba nkugambire mba ekintu kimu hali ekiniga, ngu tokwija kukirugaho-nokirabam","If I have told you one thing about grief, it's that you never get over it-you get through it."
nyegere okwenyumirizamu nobukuba ndi muburumi-nikimanyisa nkyali mwomezi,I have learned to be grateful even in pain-it means I'm still alive to feel.
ekyaro kaitu kiraguma nikiyamba abo boona abatakwesobora,Our village will always help those who are in need.
abaserurizi basoma endubata y'ebinyonyi obu bazonzora ekika ekihyaka ekyebinyonyi,The researchers study bird migration patterns when they discovered a new species.
noija kwetagisibya okujwara pulasita okumara wiiki mukaaga,You will need to wear a cast for six weeks.
omulimi ayombire omusiri gwe gwamuhogo wiiki ehwaire,The farmer has weeded his cassava field last week.
"kakuba omuntu afwa, ekyaro kija okunahukara, oba babamanyire muno rundi tibabamanyire","When someone died, the whole village comes to pay respects, whether they knew them well or not."
irwaro rikatekaho obujanjabi bw'abazaire abaine enda,The clinic provided prenatal care for expectant mothers.
embuzi bazihare omubazi gw'enjoka nkabuliro,The goats have regularly been dewormed.
nibaija kulima omusiri ni turakita bakozesa,They will plow the fields using a tractor.
Noija kwetaagibwa kuteekaho obutagasi obufuki rundi ha kicweka ekihutaire.,You'll need to apply heat or ice to the injured area.
nguzire ebuntu omu supamaketi buli wiiki,I have bought groceries from the supermarket every week.
kutunga naija okwimukizibwa ha mulimo,He will receive a raise at work.
obujanjabi bukozire hamu n'emibazi endi,The medication has interacted with other drugs.
"kakuba gavumenti erakehya omuhendo gwa sola pano, abantu baingi nibaija kutandika kukozesa amasanyarazi","If the government will subsidize solar panels, more people would use renewable energy now."
abazirweneho bagarukire n'ebitekerezo ebihyaka n'okunihira,Veterans have returned with new ideas and expectations.
"nyikaire ntakukinihira ngu ninyija kugura eka yange, baitu ndi hanu, ninyija kutekaho omukono hakipapura wiiki ekwija","I never will think l'd be able to buy mu own home, but here l am, signing the papers next week."
omukazi abaire nakorra mukeeto kumara emyaka atkabaire CFO,She works in the accounting department for years before she became CFO.
ebihuka birubatire hamu omurukara bihimbire ebisosonkole nibibigara omukiju,The ants have marched in a long line carrying crumbs back to their nest.
enyunyuzi zikaka ekiro muno omumwanya kukira ebitara by'omurubuga,The stars brightly shone in the night sky away from city lights.
omusaija akateka sente ze omumasamba,He invested in a real estate investment trust.
tihabaireho ekintu ekibi nkoku rubata omukigana otaine sokisi,There has been nothing worse than stepping in a puddle with socks on.
obujanjabi hamu bukakora n'emibazi endi,The medication interacted with other drugs.
omulimi naija kugesa amacande ge kandi agatwale hakyoma,The farmer will harvest his sunflower and took it for pressing yesterday.
noija kwetagisa okutekaho kwokya rundi aisi nambere hatungire obuhuta,You will need to apply heat or ice to the injured area.
omukazi akega hakulima n'okulisa habwokwebaisaho,She learns about sustainable agriculture.
omukazi ataaha naworoza hamu nokulinda,She had been collecting indigenous seeds for preservation.
nyikaire ninyetagisibya okusara sukali,I have needed to cut down on sugar.
irwaro line erahuro ry'ebitabu byabarwaire ebikukwataho bwabo obwomezi,The hospital had a patient library with health information.
omusomesa wange owunyenda agambira ngu nkaba nyina ekisembo kyokuhandika ebigambo ebi bikasigara nanye,My favorite teacher tells me that i had a gift- for writing those words stayed with me.
omutendereza naija kumanyira abakuru nekizina kye ijo,The praise singer honor the chief's bravery with song yesterday.
"kakuba ntalitungire okwegaramu obumanzi nkabaza nawe kirokinu, titwanditungire obunyani bunu","If l did not muster the courage to talk to her that day, we would have missed out on this friendship."
ekika kaitu nikija kugira engeri omwaka y'okutangira omuhyaka eyemabaganiza,Our clan will have its own special way of welcoming the new year.
nkatera ekihemeheme kandi nakisindika hamutimbagano ijo,I have drawn a funny cartoon and posted it on social media yesterday.
sitage y'ebyemizano empyaka shakespeare azanira buli musizoni youmsana,The new theater stages Shakespeare plays every summer.
omutezi wenanga naijakuteranizaho omulere ha bandi,The harmonica player will add a bluesy feel to the band's sound.
nitwija kuha okusima emyoyo y'murusozi habwe emyandara amabale,We will give thanks to spirits of the mountains for the rocks and stones.
ninyija okugira obuzibu n'okuhuliriza by'okutekana,I will have difficulty concetrating.
tuzikire abafu baitu omwitaka nambere baisenkuru itwe bahumura,We have buried our dead in the ground where our ancestors rest.
Omwegesa wange owungonza akagamba nyine ekisembo ky'okuhandiika -ebyo ebigambo bikaguma nanye.,My favorite teacher told me that i had a gift- for writing those words stayed with me.
omulimi naija kugesa amacande ge kandi agatwale hakyoma,The farmer will harvest his sunflower and took it for pressing yesterday.
"kakuba orayenda okwetegereza ebyobuhangwa baitu, tandika n'ebyokulya baitu","If you will want to understand our culture, start with our food."
eka yaitu nija kujaguzaga amagesa namazina agokusima itaka,Our family will always celebrate the harvest with a dance that thanks the earth.
buli muntu oratangatangaineho amanyire ekintu ky'otamanyire - nigw'omugisa kukyega,Every person you have met knows something you don't — that's a chance to learn.
"mutabani wange naija kukaguza,""ruhanga ali nkaha?"" ninjakusomnga hamutima n'ogwe gwange","My son will ask me,""Where is God?""I pointed to my heart and his."
abekento bamalirize alipota y'omwaka,The finance team finalized the annual report.
tarukwija kufika omugabo abakama gwa babizinesi,He will never miss a dividend payment.
"ekiniga nikija kwija omubicweka ebimu ebiro nisobora kwikya, ebiro ebindi tinkusobora","The grief will come in waves some days l can breath, some days l can't."
"Obuntekereza ngu nkyetegeriize,nubwo nyega ekintu ekihyaka.","Everytime I think I've figured it out, I learn something new."
okucamuka kwamabale hansi omwitaka kukabaruka kwaletaho okuhangwaho obuhanga muhagati y'enyanja,The volcanic eruption created a new island in the middle of the ocean.
ekika kaitu kikaba kine engeri y'okutangira omwaka omuhyaka eyembaganiza,Our clan had its own special way of welcoming the new year.
egali y'omwika eraba aheru ebaire y'orubuga nungi muno nti nkaba ntasobora kubyama ntagirozire,The train ride through the countryside has so been beautiful that i did'nt sleep a wink.
tukazika abafu baitu omwitaka nambere baisenkuru itwe bahumura,We buried our dead in the ground where our ancestors rest.
ninja kwirukira mwa munyani wange omukuru nyencya,I will run into an old friend yesterday.
"omuro tigurukwija kugwa mpaka nyekya, ogaruke hairwaro","If the fever will not go down by tomorrow, come back to the clinic."
"kakuba isomero nirinja kukubuza obusinge, tekerezamu kakuba haba haliyo omulingo gundi gwona","If school will make you miserable, consider whether there's another way."
ebizina hamu n'okucekeca n'orunyegebirabaga mubuli mukoro,Traditional music and will dance accompained ceremonies.
irwaro rikatekaho obujanjabi bw'abazaire abaine enda,The clinic provided prenatal care for expectant mothers.
buli muntu oratangatangaineho amanyire ekintu ky'otamanyire - nigw'omugisa kukyega,Every person you have met knows something you don't — that's a chance
obujanjabi nibwija n'emibazi kukorahamu endi,The medication will interact with other drugs.
tukhaire okusima hali emyoyo y'omurusozi habwe emyandara na amabale,We have given thanks to the spirits of the mountains for the rocks and stones.
ninyijuka akasumi nikimanya kenyini akaba munyani owamazima-atansekereze omukasumi obukaba nidi kubi,I remembered the exact moment l knew she was a true friend - when she didn't laugh at my worst moment.
tuzika abafu baitu omwitaka nambere baisenkuru itwe bahumura,We bury our dead in the ground where our ancestors rest.
"kakuba bus etandekere, tinanditangatangaine munyani wange muno","If i have not missed the bus that day, i never would have met my best friend."
anaga enjura naija kuzina nukwo enjura egwe egi eyitukwendera ebirimwa ijo,The rainmaker will dance to bring the rain that we need for the crops yesterday.
nuwe akwija okunyegesa ngu tikine buzibu bwona okusaba obukonyezi,He will be the one who taught me that it's okay to ask for help.
ebisisani Ntiirelye rudingisa nabusindika hamura kiro kyaijo.,I drew a funny cartoon and posted it on social media yesterday.
nkairukira mwamunwani wange omukuru ijo,I run into an old friend yesterday.
akandindisa okumara yona esaha,She made me wait for an hour.
omunya nigwija okucicya omukira gwako kandi katoroke hali ekinyonyi,The skink will wiggle its tail and escaped from the bird's grasp.
noyetagisibwa okuyonja amaino gawe emirundi ebiri buli mwaka,You needed to have your teeth cleaned twice a year.
asoraize omukazi embibo entoro z'okwahura,She has collected indigenous seeds for preservation.
nkasunga ekituru kyomutini nikyoleka ngu kikagamba oruganikyo rw'omukama owamani ijo,I watch a shadow puppet show that told the story of a great king yesterday.
Omurundi gwokubanza nkagenda kutunga obujanjabi ekintu ekibangambiire ekinkaba nsemerire kuzonzora nyowe nyenka.,"The first time I to therapy, I was terrified of I might discover about myself."
Abasebeni bakagaruka nentekereza empyaka hamu nokunihira.,Veterans returned with new ideas and expectations.
okutwarwa kwitaka kukaletera abalimi okuleka itaka lyabo kandi ummbuga bakagenda,The soil erosion forced farers to abandon their land and move to cities.
"gunu omurundi wiiki erukwija, tubyame kubyama hamusa gwenyanja","This time next week, we lay on a beach."
Obuguuda bwihanga butungire ogwokutemba omurro okwemihendo.,The economy is facing inflationary pressures.
okubura kwamaizi kukatalibaniza ebyobulimi n'obulisa omukicweka,The water scarcity affected agricultural production in the region.
obujanjabi bwali bwasente nyingi baitu nibukoraho,The treatment will be expensive but effective.
tihabaireho ekintu ekibi nkoku rubata omukigana otaine sokisi,There has been nothing worse than stepping in a puddle with socks on.
omutendereza naija abakuru kumanyira nekizina kye ijo,The praise singer will honor the chief's bravery with his song yesterday.
okucamuka kwamabale hansi omwitak nikwija kuletaho okuhangwaho obuhanga muhagati y'enyanja,The volcanic eruption will create a new island in the middle of the ocean.
taxi bagitandikireho empyaka omwaka ogurukwija,The new tax has been implemented next year.
"Omwehanga hangi ekisisani nyaisatu , akaiihamu kurungi ,mukikuya kimu kyomuti kiti.",The sculptor has chiseled a figure out of a single block of wood.
omusaija ateka sente ze omumasamba,He invests in a real estate investment trust.
ekitebe kyabantu nikinja bandi kusagika okuterayo akazina kandi kamu,The crowd will cheer for the band to play one more song.
Abebyokuseruliriza bakaba nibecumitiriza obubarozire y'ebinyonyi emiringo ebihyaaka.,The researchers were studying bird migration patterns when they discovered a new species.
NRA ekora nejakutandikaho endi,The NRA will develop a parallel administration.
ninyija okusara sukali,I will need to cut down on sugar.
"gunu omurundi erukwija, wiiki nitwija kubyama hamusa gwenyanja","This time next week, we will lie on a beach."
"Obuntekereza ngu nkyetegeriize,nubwo nyega ekintu ekihyaka.","Everytime I think I've figured it out, I learn something new."
enju yemizaano yaharutuutu empyaka nijja kwoolekaga emizano yasekisipiya buli bwiirre oburutagata,The new theater will stage Shakespeare plays every summer.
abazirweneho bagarukire n'ebitekerezo ebihyaka n'okunihira,Veterans have returned with new ideas and expectations.
lyabantu igana bakatoka nokusemererwa omukoro gutakatandikire,The crowd buzzed with excitement before the show starts.
okubura kwamaizi kukatalibaniza ebyobulimi n'obulisa omukicweka,The water scarcity affected agricultural production in the region.
Kakuba gavumenti yakozeseze kare amaani Twakubaire lwiina ebitwehinguliriize ebyeowruuu muno.,"If the government had invested in renewable energy earlier, we could have a cleaner environment now."
anaga enjura azina nukwo enjura egwe eyitukwendera egi ebirimwa baitu ijo,The rainmaker dances to bring the rain that we need for the crops yesterday.
ngura ebintu omu supamaketi buli wiiki,I bought groceries from the supermarket every week.
arolerire ekitebe kumara emyaka atakabaire mukuru,She managed a team for years she became director.
irwaro rikatekaho obujanjabi abaine enda,The clinic provided prenatal care for expectant mothers.
ekitebe kikasagika kyabantu bandi okuterayo akazina kandi kamu,The crowd cheered for the band to play one more song.
wenanga omutezi akateranizaho omulere ha bandi,The harmonica player added a bluesy feel to the band's sound.
okutwarwa kwitaka kihambiriza okuleka abalimi itaka lyabo kandi bagenda mumbuga,The soil erosion forces farers to abandon their land and move to cities.
busayo ekibi kintu nkokurubata mukigana otajaire sokisi,There was nothing worse than stepping in a puddle with socks on.
"kakuba ntatunga okwgaramu obumanzi nkabaza nawe kirokinu, titwanditungire obunyani bunu","If l does not muster the courage to talk to her that day, we would have missed out on this friendship."
Enganikyo zoleka ebya abakuru abantu ebibamanyire,Oral history projects record elders' memories.
"kakuba nakugambira kimu ekintu hali ekiniga, kiri ngu tokwija kukirugaho-nokirabamu","If I will tell you one thing about grief, it's that you never get over it-you get through it."
ebyafayo eby'okubaza byayolekaga okwijuka kw'abantu abakuru,Oral history projected record elders ' memories.
omukazi ayegere hakulima n'okulisa okwokwebaisaho,She has learned about sustainable agriculture.
"gunu omurundi wiiki erukwija, tubyamire hamusa gwenyanja","This time next week, we have lied on a beach."
gavumenti etairo enkora empyaka hali abalimi abakulima ebyokulya,The government has provided subsidies for farmers who practice sustainable agriculture.
okaba oine okujwara pulasita kumara wiiki mukaaga,You needed to wear a cast six weeks.
ebyafayo eby'okubaza byayolekaga okwijuka kw'abantu abakuru,Oral history projected record elders ' memories.
"kakuba isomero nirinja kukubuza obusinge, tekerezamu haba kakuba haliyo omulingo gundi gwona","If school will make you miserable, consider whether there's another way."
irwaro rigagira eryahuro ry'ebitabu byabarwaire ebirukukwataho obwomezi bwabo,The hospital has had a patient library with health information.
nkaba nyine obuzibu n'okutekana ahahuliriza,I had difficulty concetrating.
embuzi omubazi nizihebwa gwenjoka buli kasumi,The goats are being dewormed regularly.
tukaha okusima hali emyoyo y'omurusozi habwa emyandara na amabale,We gave thanks to the spirits of the mountains for the rocks and stones.
Ninyujuka akasumi akananyiire kimu ngu nuwe nywani owahikire- obwataransekeriize kange omukasu akabi.,I remember the exact moment l knew she was a true friend - when she didn't laugh at my worst moment.
"nkaba ntakunihira ngu nisobora okugura eka yange, baitu ndi hanu, nitekaho omukono hakipapura wiiki ekwija","I never thought l'd be able to buy mu own home, but here l am, signing the papers next week."
nyinenkuru nyowe naija kuruka ebibo eby'akatale kumara emyaka nyingi,My grandmother will weave baskets for the market for many years.
"akasumi kona ninyija kutekereza ntungire okugarukwamu, nyega ekintu kihyaka","Everytime I will think I've figured it out, I learn something new."
"akasumi kona mbaire nitekereza ntungire okugarukwamu, nyega ekintu kihyaka","Everytime I have thought I've figured it out, I learn something new."
embya y'omukisaka nija kuhambya impala mayiro nyingi okuhikya ejwahire,The wild dog will chase the for miles until it tired out.
andindisize okumara esaha yona,She has made me wait for an hour.
enyunyuzi nizija kwaka muno ekiro omumwanya kukira ebitara by'omurubuga,The stars will brightly shine in the night sky away from city lights.
nibaija kulima omusiri ni bakozesa turakita,They will plow the fields using a tractor.
embuzi nizihebwa omubazi gwenjoka buli kasumi,The goats are being dewormed regularly.
abantu bombekere iramizo erihyaka namebere bona batina,The community has built new shrine at the sacred spring.
"kakuba omuntu afwa, ekyaro kyona kija okunahukara, oba babamanyire muno rundi tibabamanyire","someone has died, the whole village comes to pay respects, whether they knew them well or not."
Akatebe akeby'ensimbi nikamaliiriza ensoborra ( ripoota ) eyabuli mwaka.,The finance team is finalizing the annual report.
ebyefuna bihambirize emihendo y'ebintu okweyongera muno,The economy has faced inflationary pressures.
omwaka gw'enkumi ibiri tutungire okukeha kwingi muno mukukeha kw'ebyobuhanga,"By 2030, we have achieved a significant reduction in the loss of biodiversity."
abasaija abato bakombekere orugo r'ente oruhyaka,The young men built the new kraal for the cattle.
omutezi wenanga naija kuteranizaho omulere ha bandi,The harmonica player has added a bluesy feel to the band's sound.
gavumenti neja kuletaho enkora empyaka hali abalimi abakulima ebyokulya,The government will provide subsidies for farmers who practice sustainable agriculture.
akahuka kajanjaire muno mubantu,The virus widely circulated in the community.
Uganda ey'ekyasa ekya 19 eri omubihandiiko ebyabakwenda,Missionary writings document 19th century Uganda.
kajanjaire akahuka muno mubantu,The virus has widely circulated in the community.
"dora ebinyonyi omumwanya; rundi tibisigire okugesa, baitu iwe ise owomwiguru obirisa","Look at the birds of the air; they have not sown or reap, yet your heavenly father feeds them."
noyetagisa pulasita okumara wiiki mukaaga,You have needed to wear a cast for six weeks.
ekyaro kaitu kiguma nikiyamba abo boona abatakwesobora,Our village always helped those who are in need.
"hakumalira y'omusomo gunu, ni twija kuba twegeseze abalimi orukumi rumu omukukozesa orwezo kuruga omubijunzire","By the end of this project, we train one thousand farmers in organic methods."
"akasumi kona ntekereza ntungire okugarukwamu, nyega kihyaka","Everytime I thought I've figured it out, I something new."
irwaro line erahuro ry'ebitabu byabarwaire ebikukwataho obwomezi bwabo,The hospital had a patient library with health information.
ekitebe ky'abantu kisagikire bandi okuterayo kandi akazina kamu,The crowd has cheered for the band to play one more song.
omulimi agesire amacande ge yagatwara kandi hakyoma,The farmer has harvested his sunflower and took it for pressing yesterday.
naija omulimi kwombera omusirigwe gwamuhogo wiiki ekwija,The farmer will weed his cassava field next week.
nkasunga ekituru nikyoleka kyomutini ngu kikagamba oruganikyo rw'omukama owamani ijo,I watch a shadow puppet show that told the story of a great king yesterday.
ekyoma kyomubaizi kikabaija ekisisani kuruga omukihinju kyekiti,The sculptor chiseled a figure out of a single block of wood.
ninyija ekihemeheme kusiga kandi nkisindike hamutimbagano nyekya,I will draw a funny cartoon and posted it on social media yesterday.
nyegere okwenyumirizamu ndi nobukuba muburumi-nikimanyisa nkyali mwomezi,I have learned to be grateful even in pain-it means I'm still alive to feel.
ninja kwirukira mwa munyani wange omukuru nyencya,I will run into an old friend yesterday.
enyange nija kwemera kurungi muno gahaihi omumaizi,The egret will stand perfectly still in the shallow water.
Abasebeni bakagaruka nentekereza empyaka hamu nokunihira.,Veterans returned with new ideas and expectations.
aija kurolera ekitebe kumare emyaka atakabaire mukuru,She will manage a team for years before she became director.
ekyoma kyomubaizi nikija kubaija ekisisani kuruga omukihinju kyekiti,The sculptor will chisel a figure out of a single block of wood.
etairo enkora empyaka hali abakulima ebyokulya,The government has provided subsidies for farmers who practice sustainable agriculture.
nyinenkuru nyowe arukire ebigega eby'akatale kumara emyaka nyingi,My grandmother has woven baskets for the market for many years.
ekika kyababiito kilema bunyoro kurugira kimu omukyasa kya 16th,The Babiito dynasty rules Bunyoro since the 16th century.
"akasumi kona ninyija kutekereza ntungire okugarukwamu, ekintu nyega kihyaka","Everytime I will think I've figured it out, I learn something new."
embuzi nibaja kuziha omubazi gw'enjoka nkabulikiro,The goats will regularly be dewormed.
nkasabira obusinge omumadini gona- ntwena tuli baana baruhanga omu,I prayed for peace among all religions-we're all children of the same God.
abantu bakwesoroleza omuka y'omunyoro habw'orukurato,People gathered at the chief's house for the meeting.
bakitunnzi naija kutangatangana kiguzi omukuru,The sales team will present to a major client.
okaba oine okujwara pulasita kumara mukaaga wiiki,You needed to wear a cast for six weeks.
Noija kwetaagibwa kuteekaho obutagasi rundi obufuki ha kicweka ekihutaire.,You'll need to apply heat ice to the injured area.
noija kwetagisibya okujwara pulasita okumara wiiki mukaaga,You will need to wear a cast for six weeks.
enyunyuzi nizija kwaka muno ekiro omumwanya kukira ebitara by'omurubuga,The stars will brightly shine in the night sky away from city lights.
"kakuba omuntu afwa omukyaro kyaitu, abantu bona baija baije okusagika eka","When someone die in our village, the whole community has together come to support the family."
embya yomukisaka ekahambya impala mayiro nyingi okuhikya ejwahire,The wild dog chased the impala for miles until it tired out.
"omuro tigurukwija kugwa mpaka nyekya, ogaruke hairwaro","If the fever will not go down by tomorrow, come back to the clinic."
okutwarwa kwitaka nikwija okuletera abalimi okuleka itaka lyabo kandi bakagenda mumbuga,The soil erosion will force farers to abandon their land and move to cities.
irwaro line erahuro ry'ebitabu byabarwaire ebikukwataho obwomezi bwabo,The hospital had a patient library with health information.
"Nkaba ntukaterezaaga ngu ndisobora kusura enju eka , baitu dera ndihamu , ninyija kutekaho omukono hampapura sabbiti","I never thought l'd be able buy mu own home , but here l am , signing the papers next week."
taxi empyaka bakagitandikaho omwaka oguhwaire,The new tax was implemented next year.
ndozirege ebituuru byebisisaru ebisarazirwe ebirukugambaho oruganikyo rwomukama owamaani kiro kyaijo,I watched a shadow puppet show that told the story of a great king yesterday.
tarukwija kufika omugabo gwa abakama babizinesi,He will never miss a dividend payment.
nyinenkuru nyowe arukire ebigega kumara eby'akatale emyaka nyingi,My grandmother has woven baskets for the market for many years.
noyetagisa pulasita okumara wiiki mukaaga,You have needed to wear a cast for six weeks.
embuzi bakaziha omubazi gw'enjoka nkabulikiro,The goats were regularly dewormed.
Noija kwetaaga kujwara kumara ekiseminti sabiiti mukaaga.,You'll need to wear a cast for six weeks.
"dora ebinyonyi omumwanya; bitasige rundi okugesa, baitu iwe ise owomwiguru obirisa","Look at the birds of the air; they did not sow or reap, yet your heavenly father feeds them."
omutezi wenanga naijakuteranizaho omulere ha bandi,The harmonica player will add a bluesy feel to the band's sound.
enyunyuzi zakire muno ekiro omumwanya kukira ebitara by'omurubuga,The stars have brightly shone in the sky away from lights.
"omurundi wiiki erukwija, nitwija kubyama hamusa gwenyanja","This time next week, we lie on a beach."
atafike omugabo gwa babizinesi bakama,He never missed a dividend payment.
ebyafayo eby'okubaza byayolekaga okwijuka abakuru kw'abantu,Oral history projected record elders ' memories.
"hakumalira ye kyasa kinu, tukahindura ekoragana yaitu n'byobuhangwa","The the end of this century, we transformed our relationship with nature."
tuzika abafu baitu omwitaka nambere baisenkuru itwe bahumura,We bury our dead in the ground where our ancestors rest.
"kakuba gavumenti ekehya omuhendo gwa pano, sola abantu baingi nibaija kutandi kukozesa amasanyarazi","If the government subsidizes solar panels, more people would use renewable energy now."
"omuntu weena owotaganana tangana anyina ekyamanyire iwe ekyotamanyire , kandi kinu nikisemera kukuha omugisa okwega",Every person you meet knows something you don't—that's a chance to learn.
Obulemi obw'ababiito bwebembiire Bunyoro kuruga omukyasa ekya ikumi na mukaaga.,The Babiito has ruled Bunyoro since the 16th century.
"dora ebinyonyi omumwanya; tibisigira rundi okugesa, baitu iwe ise owomwiguru obirisa","Look at the birds of the air; they do not sow or reap, yet your heavenly father feeds them."
naija kutunga okwimukizibwa ha mulimo,He will receive a raise at work.
Ekiro kyaijo omwigi w'enjura eyiturukwetaaga acekecerege kuleeta rnjura.,The rainmaker danced to bring the rain that we need for the crops yesterday.
ekika kaitu nikija kugira engeri y'okutangira omwaka omuhyaka eyemabaganiza,Our clan will have its own special way of welcoming the new year.
enkoragana empyaka eyobusubuzi imukya ebitundwa ye bw'obulimi aheru yihanga,The new trade boosts agricultural exports.
"kakuba mba nkugambire ekintu kimu hali ekiniga, ngu tokwija kukirugaho-nokirabam","If I have told you one thing about grief, it's that you never get over it-you get through it."
omusoro gwaberambanda guhambirize baingi omubusibi,Colonial taxation has forced many into wage labor.
nsabire omumadini obusnge gona-ntwena tuli bana baruhanga omu,I have prayed for peace among all religions-we're all children of the same God.
"Nkaba ntukaterezaaga ngu kusura ndisobora enju eka , baitu dera ndihamu , ninyija kutekaho omukono hampapura sabbiti erukwija.","I never thought l'd be able to buy mu own home , but here l am , signing the papers next week."
akandindisa okumara esaha yona,She made me wait for an hour.
abantu bakwesoroleza omuka y'omunyoro habw'orukurato,People gathered at the chief's house for the meeting.
"ekiniga nikija kwija omubicweka ebiro ebimu nisobora kwikya, ebiro ebindi tinkusobora","The grief will come in some days l can breath, some l can't."
Abebyokuseruliriza bakaba nibecumitiriza obubarozire emiringo y'ebinyonyi ebihyaaka.,The researchers were studying bird migration patterns when they discovered a new species.
"kakuba gavumenti ebaire sente etairemu kara, ntusobora okuba n'ebyobuhangwa ebiyounjo","If the government has invested in renewable energy earlier, we could have a cleaner environment now."
ngura ebintu omu supamaketi buli wiiki,I bought groceries from the supermarket every week.
"hakumalira ye kyasa kinu, tuhindwire enkoragana yaitu n'ebyobuhangwa","The the end of this century, we have transformed our relationship with nature."
okuhandika kwabaramagi kukatandika mukyasa kya 19th m'uganda,Missionary writings documented 19th century Uganda.
irwaro rigagira eryahuro ry'ebitabu byabarwaire ebirukukwataho obwomezi bwabo,hospital has had a patient library with health information.
Obworaba nogonza kwetrgereza ebyobuhangi bwaaitu tandika nebyokulya byaitu.,"If you want to understand our culture, start with our food."
bakozesa okulima turakita omusiri,They plow the fields using a tractor.
"dora ebinyonyi omumwanya; tibirikwija kusiga rundi okugesa, baitu iwe ise owomwiguru obirisa","Look at the birds of the air; they will not sow or reap, yet your heavenly father feeds them."
kakuba gavumenti yataireho omuhendo gwahansiho habwengo zamani gizooba abantu abaingi bakubaire nibakozesa amaani agaani agarukugarurwa buhyaaka,"the government had subsidized solar panels, more people would use renewable energy now."
"kakuba ntalitungire okwegaramu obumanzi nkabaza nawe kirokinu, titwanditungire obunyani bunu","If l did not muster the courage to talk to her that day, we would have missed out on this friendship."
omusomesa wange owunyenda agambire ngu nkaba nyine ekisembo kyokuhandika ebigambo ebi bikasigara nanye,My favorite teacher has told me that i had a gift- for writing those words stayed me.
omusomesa wange owunyenda agambira nkaba ngu nyina ekisembo kyokuhandika ebigambo ebi bikasigara nanye,My favorite teacher tells me that i had a gift- for writing those words stayed with me.
omulimi naija kugesa amacande ge kandi agatwale hakyoma,The farmer will harvest his sunflower and took it for pressing yesterday.
Balimire amawinde nibakozesa karakita.,They have plowed the fields using a tractor.
omukago gw'obusubuzi omuhyaka gwimukize ebitundwa aheru,The new trade deal has boosted exports.
Nuwe yangambiire ngu kirungi kusaba obuyambi.,He's the one who taught me that it's okay to ask for help.
omusaija naija kuteka ze sente omumasamba,He will invest in a real estate investment trust.
nkasiga ekihemeheme kandi nakisindika kandi hamutimbagano ijo,I draw a funny cartoon and posted it on social media yesterday.
abasija abato bombekere orugo rw'ente ouhyaka,The young men have built the new kraal for the cattle.
akandindisa kumara esaaha,She made me wait for an hour.
taxi empyaka bagitandikireho omwaka ogurukwija,The new tax has been implemented next year.
embya ehambizege y'omukisaka impala mayiro nyingi okuhikya ejwahire,The wild dog has chased the impala for miles until it tired out.
"y'omusomo gunu, nitwegesa abalimi orukumi rumu omukukozesa orwezo kuruga omubijuzire","By the end of this project, we trained one thousand farmers in organic methods."
Abasungi nibaseyeya enyuma nomumaiso habwekizina ekiruugenda mpora mpora.,The crowd is swaying back and forth to the slow music.
"kakuba omuntu afwa, ekyaro kyona nikija okunahukara, oba babamanyire muno rundi tibabamanyire","When someone will die, the whole village comes to pay respects, whether they knew them well or not."
nkega kwenyumirizamu nyeka nobukuba ndi muburumi-nikimanyisa nkyali mwomezi,I learned to be grateful even in pain-it means I'm still alive to feel.
ekitebe kikasagika kyabantu bandi okuterayo akazina kandi kamu,The crowd cheered for the band to play one more song.
embya y'omukisaka nija kuhambya impala mayiro nyingi okuhikya ejwahire,The wild dog will chase the for miles until it tired out.
erihyakalitekanizibwe izaniroly'emizano shakespeare plays buli musizoni y'omusana,The new theater staged Shakespeare plays every summer.
omukazi abaire nakorra mukeeto kumara emyaka atkabaire CFO,She works in the accounting department for years before she became CFO.
nyirukire mwamunwani wange omukuru ijo,I have run into an old friend yesterday.
"omurundi gw'okubanza ninyija kugenda mwomubudabuda, nkatina ekinazonzora hali nyowe","The first time I will go to therapy, I was terrified of what might discover myself."
Kakuba gavumenti yakozeseze kare amaani Twakubaire lwiina ebitwehinguliriize ebyeowruuu muno.,"If the government had invested in renewable energy earlier, we could have a cleaner environment now."
"hakumalira y'omusomo gunu, ni twija kuba twegeseze abalimi orukumi rumu omukukozesa orwezo kuruga omubijunzire","By the end of this project, we train one thousand farmers in organic methods."
"orayenda kakuba okwetegereza ebyobuhangwa baitu, tandika n'ebyokulya baitu","If you will want to understand our culture, start with our food."
nkasabira obusinge omumadini gona- ntwena tuli baana baruhanga omu,I prayed for peace among all religions-we're all children of the same God.
ninyenda okusara sukali,I needed to cut down on sugar.
nibaija kulima omusiri ni bakozesa turakita,They will plow the fields using a tractor.
kakuba ntararabirweho baasi ekiro eki tinakutangaine yange. engajani,"if i hadn't missed the bus that day, i never would have met my best friend."
Abasigazi nibakora orugo rw'ente.,The young men are building the new kraal for the cattle.
embya yomukisaka ekahambya impala mayiro nyingi okuhikya ejwahire,The wild dog chased the impala for miles until it tired out.
ninyetaga kukehya sukali,I need to cut down on sugar.
empyaka taxi bakagitandikaho omwaka oguhwaire,The new tax was implemented next year.
tihakwija kuba kintu kibi nkokurubata mukigana otaine sokisi,There will be nothing worse than stepping in a puddle with socks on.
bakozesa turakita okulima omusiri,They plow the fields using a tractor.
okubura kwamaizi nikwija kutabaniza ebyokulima n'obulisa omukicweka,The water will affect agricultural production the region.
nuwe yanyegeseze ngu tikine buzibu bwona okusaba obukonyezi,He was the one who taught me that it's okay to ask for help.
Omusaija akuziibwe hamulimo.,He has received a raise at work.
igana lyabantu lika semererwa omukoro gutakatandikire,The crowd has buzzed with excitement before the show starts.
tihakwija kuba kintu kibi nkokurubata mukigana otaine sokisi,There will be nothing worse than stepping in a puddle with socks on.
ngira obuzibu by'okutekana n'okuhuliriza,I have had difficulty concetrating.
akandindisa kumara esaaha,She made me wait for an hour.
abantu bombeka iramizo erihyaka nambere bona batina,The community builds a new shrine at the sacred spring.
Omusoro og'wendema eya kukahambiriza baingi kupagasa.,Colonial forced many into wage labor.
"Kakuba ndi wokukugambira ekintu kimu hali enaku, nikyo otaligyehugura-ogirabemu. ngu","If I could tell you one thing about grief, it's that you never get over it-you get through it."
"Akangambira ,""lzooba ndigenda kwongera kwimuka nyenkya, kandi naiwe nukwo"".","She told me , ""The sun will rise again tomorrow, and so will you""."
"gunu omurundi wiiki erukwija, tubyame kubyama hamusa gwenyanja","This time next week, we lay on a beach."
Ntiirelye ebisisani nabusindika hamura kyaijo.,I drew a funny cartoon and posted it on social media yesterday.
anaga enjura naija kuzina nukwo enjura egwe egi eyitukwendera ebirimwa ijo,The rainmaker will dance to bring the rain that we need for the crops yesterday.
"kakuba omuntu afwa omukyaro kyaitu, abantu bona baija baije okusagika eka","When someone die in our village, the whole community has together come to support the family."
akaire ruko kamu sabbiti erukwija nitwija kuhumuraho ha mwaro,"This time next week, we'll be lying on a beach."
nkasiga ekihemeheme kandi kandi nakisindika hamutimbagano ijo,I draw a funny cartoon and posted it on social media yesterday.
abantu nibaija kwesoroza omuka y'omunyoro habw'orukurato,People will gather at the chief's house for the meeting.
buli muntu orukwija kutangatangana amanyire ekintu ky'otamanyire - nigw'omugisa kukyega,Every person you will meet knows something don't that's a to learn.
"Kakuba omuswija gutakeeha kikahika nyekya, ogaruke omu karwarro.","If the fever doesn't go down by tomorrow, come back to the clinic."
eka yaitu ebaire amagesa nejaguza namazina agokusima itaka,Our family has always celebrated the harvest with a dance that thanks the earth.
kotoni ebaire kirimwa kyasente muno mukyasi amakumi kya abiri m'uganda,Cotton has become a major cash crop in the early 20th century Uganda.
Ekitebe kikahwahi omumwaka ogwa 1977 omubyendema. habwobutetegerezangana,The community collapsed in 1977 due to political differences.
nyijukire aksumi kenyini nkimanyire akaba munyani owamazima-nambere atalinsekeraize omukasumi obukaba kubi,I have remembered the exact moment l knew she was a true friend - when she didn't laugh at my worst moment.
ekitebe kigwire omu 1977 habw'okwahukana mupolipo,The community has collapsed in 1977 due to political
"kakuba gavumeti eratekamu sente omubintu ebikwegarukamu kara, ntusobora okuba nebyobuhangwa ebiyomjo","If the government will invest in renewable energy earlier, we could have a cleaner environment now."
Nuwe yangambiire ngu kirungi kusaba obuyambi.,He's one who taught me that it's to ask for help.
obujanjabi bwali bwasente nyingi baitu nibukoraho,The treatment will be expensive but effective.
owenanga ruhuhwa nayongeramu okukwatwaho kwobujure nokwecumitiriza gebidongp,The harmonica player adds a bluesy feel to the sound.
omusoro gwaberambanda guhambirize baingi omubusibi,Colonial taxation has forced many into wage labor.
omutendereza naija kumanyira abakuru nekizina kye ijo,The praise singer will honor the chief's bravery with his song yesterday.
omulimi ayombire omusiri gwamuhogo wiiki ehwaire,The farmer weeds his cassava field last week.
arolera ekitebe kumara emyaka nyingi atakabaire mukuru,She manages a team for years before she became director.
"akasumi kona mbaire nitekereza ntungire okugarukwamu, nyega ekintu kihyaka","Everytime I have thought I've figured it out, I learn something new."
Hakumaliira kwe kyaasa kiru nitwiija kuba tumazire kwatundwira enkoragana yaitu n'ebyobuhangwa.,"The the end of this century ,we will have transformed our relationship with nature."
abantu nibaija kwesoroza omuka y'omunyoro habw'orukurato,People will gather at the chief's house for the meeting.
akahuka nikaija kujanjara muno mubantu,The virus will widely circulate in the community.
naija okundindisa okumara esha yona,She will make me wait for an hour.
obw'ababiito Obulemi bwebembiire Bunyoro kuruga omukyasa ekya ikumi na mukaaga.,The Babiito dynasty has ruled Bunyoro since the 16th century.
omutezi wenanga naija kuteranizaho ha omulere bandi,The harmonica player has added a bluesy feel to the band's sound.
okubaira nambere emiti ebaire etemerwe kigarwireho irindiro lyebisoro byomukisaka mukicweka nambere byali,The reforestation project has brought back wildlife that had disappeared from the area.
nitwija kuha okusima hali emyoyo y'murusozi habwe emyandara na amabale,We will give thanks to the spirits of the mountains for the rocks and stones.
ekitebe kyabantu kikasagika bandi okuterayo akazina kandi kamu,The crowd cheered for the band to play one more song.
enyange ekeemerra eterekeriire mumaizi agatahamire,The stood perfectly still in the shallow
"kakuba omuntu afwa omukyaro kyaitu, bona abantu nibaija kwesoroza baije okusagika eka","When someone die in our village, the whole community will together come to support the family."
"omukazi abaire agambire,""izoba nirija kwimuka nyenkya,kandi naiwe oti.""","She has told me,""The sun will rise again tomorrow, and so will you""."
omusoro gwa aberambanda gukahambiriza baingi omubusibi,Colonial taxation forced many into wage labor.
ninja kwirukira mwa munyani wange omukuru nyencya,I will run into an old friend yesterday.
Ekitebe kikahwahi omumwaka ogwa 1977 habwobutetegerezangana omubyendema.,The community collapsed in 1977 due to political differences.
kotoni ebaire kirimwa kyasente muno mukyasi kya amakumi abiri m'uganda,Cotton has a major cash crop in the early 20th century Uganda.
NRA ekatandikaho ekora endi,The NRA developed a parallel administration.
omukazi akasoroza embibo entoro z'okwahura,She collects indigenous seeds for preservation.
Okusendwa kw'itaka kuleteriize abalimi itaka kuleka lyaabo bakagenda mu bibuga.,The soil erosion has been forcing forcing farers to abandon their land and move to cities.
"ekiniga kizirege omubicweka ebiro ninsobora okwikya, ebiro ebindi tinkusobora","The grief has come in waves some days l can breath, some days l can't."
enju yemizaano yaharutuutu empyaka nijja kwoolekaga emizano yasekisipiya buli bwiirre oburutagata,The new theater will stage Shakespeare plays every summer.
nsabire obusnge omumadini gona-ntwena tuli bana baruhanga omu,I have prayed for peace among all religions-we're all children of the same God.
"kakuba ntalitungire okwegaramu obumanzi nkabaza nawe kirokinu, titwanditungire obunyani bunu","If l did muster the courage to talk to her that day, we would have missed out on this friendship."
abaingi abantu abesoroize abaijwiire omwiro omuzaano gutakatandikire,The crowd is buzzing with excitement before the show starts.
omukago gw'obusubuzi omuhyaka gwimukya ebitundwa aheru,The new trade deal boosts exports.
abantu bombekere iramizo erihyaka namebere bona batina,The community has built a new shrine at the sacred spring.
ninyijuka akasumi kenyini nikimanya akaba munyani owamazima-atansekereze omukasumi obukaba nidi kubi,I remembered the exact moment l knew she was a true friend - when she didn't laugh at my worst moment.
nkasiga ekihemeheme kandi kandi nakisindika hamutimbagano ijo,I draw a funny cartoon and posted it on social media yesterday.
abantu nibaija kwehumuzamu habizina ebymporampora,The crowd will back sway and forth to the slow music.
tihabaireho ekintu ekibi nkoku rubata omukigana otaine sokisi,There has been nothing worse than stepping in a puddle with socks on.
omukazi akega hakulima n'okulisa habwokwebaisaho,She learns sustainable agriculture.
anaga enjura azina nukwo enjura egwe egi eyitukwendera ebirimwa baitu ijo,The rainmaker dances to bring the rain that we need for the crops yesterday.
kakuba ntararabirweho baasi ekiro eki tinakutangaine engajani yange.,"if i hadn't missed the bus that day, i never would have met my best friend."
"kakuba gavumenti ebaire sente etairemu kara, ntusobora okuba n'ebyobuhangwa ebiyounjo","If the government has invested in renewable energy earlier, we could have a cleaner environment now."
"nyikaire ntakukinihira ngu ninyija kugura eka yange, baitu ndi hanu, ninyija kutekaho omukono hakipapura wiiki ekwija","I never will think l'd be able to buy mu own home, but here l am, signing the papers next week."
"kakuba omuntu afwa, ekyaro kyona kija okunahukara, oba babamanyire muno rundi tibabamanyire","When someone died, the whole village comes to pay respects, whether they knew them well or not."
"akasumi kona ninyija kutekereza ntungire okugarukwamu, nyega ekintu kihyaka",Everytime I will think I've figured it I learn something new.
"dora ebinyonyi omumwanya; rundi bitasige okugesa, baitu iwe ise owomwiguru obirisa","Look at the birds of the air; they did not sow or reap, yet your heavenly father feeds them."
igana lyabantu bakatoka nokusemererwa omukoro gutakatandikire,The crowd buzzed with excitement before the show starts.
omusomesa wange owunyenda agambira nkaba ngu nyina ekisembo kyokuhandika ebigambo ebi bikasigara nanye,My favorite teacher tells me that i had a gift- for writing those words stayed with me.
abazirweneho bakagaruka n'ebitekerezo ebihyaka kandi n'okunihira,Veterans returned with new ideas and expectations.
nija kugura mu ebintu supamaketi buli wiiki,I will buy groceries from the supermarket every week.
wenanga akateranizaho omulere ha bandi,The harmonica player added a bluesy feel to the band's sound.
abantu abaingi abesoroize abaijwiire omwiro omuzaano gutakatandikire,The crowd is buzzing with excitement before the show starts.
eka yaitu ekajaguza amagesa namazina agokusima itaka,Our family always celebrated the harvest with a dance that thanks the earth.
ataaha omukazi naworoza hamu nokulinda,She had been collecting indigenous seeds for preservation.
nkairukira mwamunwani wange omukuru ijo,I run into an old friend yesterday.
Ekiro kyaijo omwigi w'enjura eyiturukwetaaga acekecerege kuleeta rnjura.,The rainmaker danced to bring the rain that we need for the crops yesterday.
"omukazi akangambira,""omusana nigwija kujwa nyenkya,kandi naiwe oti.""","She told me,""The sun rise again tomorrow, and so will you""."
"nkaba ntakunihira ngu nisobora okugura eka yange, baitu ndi hanu, nitekaho omukono hakipapura wiiki ekwija","I never thought l'd be able to buy mu own home, but here l am, signing the papers next week."
omukazi akozire mukeeto kumara emyaka nyingi CFO atakafokere,She has worked in the accounting department for years before she became CFO.
okuhandika kwabaramagi kukatandikwaho omukyasa kya 19th om'uganda,Missionary writings have documented 19th century Uganda.
tarukwija kufika omugabo gwa abakama babizinesi,He will never miss a dividend payment.
abasaija abato okwombeka nibaija orugo rw'ente oruhyaka,The young men will build the new kraal for the cattle.
obujanjabi bubaire nyingi bwasente baitu nibukoraho,The treatment has been expensive but effective.
Obuguuda bwihanga butungire omurro ogwokutemba okwemihendo.,The economy is facing inflationary pressures.
"Kakuba omuswija gutakeeha kikahika nyekya, ogaruke omu karwarro.","If the fever doesn't go down by tomorrow, come back to the clinic."
Ekitebe kikahwahi omumwaka ogwa 1977 habwobutetegerezangana omubyendema.,The community collapsed in 1977 due to political differences.
Ninyujuka akasumi akananyiire kimu ngu nuwe nywani owahikire- obwataransekeriize omukasu kange akabi.,I remember the exact moment l knew she was a true friend - when she didn't laugh at my worst moment.
Uganda ey'ekyasa ekya eri 19 omubihandiiko ebyabakwenda abenjiri.,Missionary writings document 19th century Uganda.
nija kugura ebintu mu supamaketi buli wiiki,I will buy groceries from the supermarket every week.
ninyija kusiga ekihemeheme kandi nkisindike hamutimbagano nyekya,I will draw a funny cartoon and posted it on social media yesterday.
embya y'omukisaka ehambizege impala mayiro nyingi okuhikya ejwahire,The wild dog has chased the impala for miles until it tired out.
ngura ebintu omu supamaketi buli wiiki,I bought groceries from the supermarket every week.
enyange ekaimera kurungi muno mumaizi gahaihi,The egret stood perfectly still in the shallow water.
"kakuba nkugambira ekintu kimu hali ekiniga,kiri ngu tokwija kukirugaho-nokirabam","If I told you one thing about grief, it's that you never get over it-you get through it."
enyange imerire muno kurrngi omumaizi gahaihi,The egret has stood perfectly still in the shallow water.
obuzibu ngira by'okutekana n'okuhuliriza,I have had difficulty concetrating.
"Omuntu obwafa , ekyaro kiija kugaragara , kababe bamanyire kurungi rundi tibamanyire.","When someone dies , the whole village comes to pay respects , whether they knew them well or not."
abaserurizi endubata basoma y'ebinyonyi obu bazonzora ekika ekihyaka ekyebinyonyi,The researchers study bird migration patterns when they discovered a new species.
nyirukire mwamunwani wange omukuru ijo,I have run into an old friend yesterday.
"omukazi akangambira,""omusana nigwija kujwa nyenkya,kandi naiwe oti.""","She told me,""The sun will rise again tomorrow, and so will you""."
"dora ebinyonyi omumwanya; bitasige rundi okugesa, baitu iwe ise owomwiguru obirisa","Look at the birds of the air; they did not sow or reap, yet your heavenly father feeds them."
obujanjabi nyingi byasente baitu nibukoraho,The treatment was expensive but effective.
nibaija kulima omusiri ni bakozesa turakita,They will plow the fields using a tractor.
Akarwarro kaheereza obuheereza obukwatiraine n'okuzaara.,The clinic provides prenatal care for expectant mothers.
akahuka kajanjaire muno mubantu,The virus widely circulated in the community.
okubaira nambere emiti ebaire etemerwe kigaraho irindiro lyebisoro by'omukisaka mukicweka nambere byali,The reforestation project brings back wildlife that had disappeared from the area.
nkega kwenyumirizamu nyeka nobukuba ndi muburumi-nikimanyisa nkyali mwomezi,I learned to be grateful even in pain-it means I'm still alive to feel.
Obworaba nogonza kwetrgereza ebyobuhangi bwaaitu nebyokulya tandika byaitu.,"If you want to understand our culture, start with our food."
ekitebe nikija kugwa omu1977 mupolipo habw'okwahukana,The community will collapse in 1977 due to political differences.
"omuro gutagwe mpaka nyenkya,ogaruke hairwaro","If the fever did not go down by tomorrow, come back to the clinic."
obujanjabi bubaire bwasente nyingi baitu nibukoraho,The treatment has been expensive but effective.
ekika kaitu kine kikaba engeri y'okutangira omwaka omuhyaka eyembaganiza,Our clan had its own special way of welcoming the new year.
omusaija takasferwaya embaagwa,He has never missed a dividend payment.
ebyafayo eby'okubaza nibija kwoleka okwijuka kw'abantu abakuru,Oral history will project record elders ' memories.
ninyija kusunga ekituru kyomutini ekirikyoleka ngu kikagamba oruganikyo orw'omukama owamani ijo,I will watch a shadow puppet show that told the story of a great king yesterday.
Hakumaliira kyaasa kwe kiru nitwiija kuba tumazire kwatundwira enkoragana yaitu n'ebyobuhangwa.,"The the end of this century ,we will have transformed our relationship with nature."
nuwe yanyegeseze ngu tikine buzibu bwona okusaba obukonyezi,He was the one who taught me that it's okay to ask for help.
ntangainege wange munywani owaira ijo,I ran into an old friend yesterday.
gavumenti neja kuletaho enkora empyaka hali abalimi abakulima ebyokulya,The government will provide subsidies for farmers who practice sustainable agriculture.
ebiro omurubuga bisaatu orututekanizaga kubungira,Three days in a city we have never planned to visit.
"hakumalira ye kyasa kinu, tukahindura ekoragana yaitu n'byobuhangwa","The the end of this century, we transformed our relationship with nature."
omusomesa wange owunyenda agambira ngu nkaba nyina ekisembo kyokuhandika ebigambo ebi bikasigara nanye,My favorite teacher tells me that i had a gift- for writing those words stayed with me.
abasaija abato nibaija okwombeka orugo rw'ente oruhyaka,The young men will build the new kraal for the cattle.
ebyafayo eby'okubaza nibija kwoleka okwijuka kw'abantu abakuru,Oral history will project record elders ' memories.
"Enyunyuzi zaaka kukungi obuziba zili haraha ,n'etaara zomwabuga.",The stars shine brightly in the night sky away from city lights.
Abebyokuseruliriza bakaba nibecumitiriza obubarozire y'ebinyonyi emiringo ebihyaaka.,The researchers were studying bird migration patterns when they discovered a new species.
omulimi agesire amacande ge yagatwara kandi hakyoma,The farmer has harvested his sunflower and took it for pressing yesterday.
Ntaaha nyine obuleemezi okutekaho omutiima.,I've been having difficulty concetrating.
"kakuba oraba ogondeze okumanya ebyobuhangwa baitu, tandika n'ebyokulya baitu","If you have wanted to understand our culture, start with food."
"Nkaba ntukaterezaaga ngu ndisobora kusura enju eka , baitu dera ndihamu , ninyija kutekaho omukono hampapura sabbiti erukwija.","I never thought l'd be able to buy mu own home , but here l am , signing the papers next week."
omusaija ateka sente omumasamba ze,He invests in a real estate investment trust.
omukago omuhyaka gw'obusubuzi gwimukize ebitundwa aheru,The new trade deal has boosted exports.
nija kwemera kurungi muno omumaizi gahaihi,The egret will stand perfectly still in the shallow water.
bakozesa okulima turakita omusiri,They plow the fields using a tractor.
"hakumalira ye kyasa kinu, tuhindura ekoragana yaitu n'byobuhangwa","The the end of this century, we transform our relationship with nature."
okubaira emiti nambere ebaire etemerwe kigarwireho irindiro lyebisoro byomukisaka mukicweka nambere byali,The reforestation project has brought back wildlife that had disappeared from the area.
enyange ekeemerra eterekeriire mumaizi agatahamire,The egret stood perfectly still in the shallow water.
"akasumi kona ntekereza ntungire okugarukwamu, nyega ekintu kihyaka","Everytime I thought I've figured it out, I learn something new."
ebyenfuna nibija kuhambiriza emihendo y'ebintu okweyongera muno,The economy will face inflationary pressures.
Omusaija akuziibwe hamulimo.,He has received a raise at work.
irwaro nirija kugira eryahuro ry'ebitabu byabarwaire ebirukukwataho obwomezi bwabo,The hospital will have a patient library with health information.
ekitebe ky'abantu kisagikire bandi okuterayo akazina kandi kamu,The crowd has cheered for the band to play one more song.
"nkaba nttaine kuninhira kwona ngu ninyija kusobora eka kugura eyang,baitu ndi hanu, nitekakaho omukono hakipapura wiiki erukwija","I never have thought l'd be able to buy mu own home, but here l am, signing the papers next week."
enkoragana empyaka eyobusubuzi imukize entundwa ye bw'obulimi aheru yihanga,The new trade deal has boosted agricultural exports.
ekyaro kaitu kibaire nikiyamba abo boona abatakwesobora,Our village has always helped those who are in need.
Abasungi nibaseyeya enyuma nomumaiso habwekizina ekiruugenda mpora mpora.,The crowd is swaying back and forth to the slow music.
abantu bakwesoroleza omuka y'omunyoro habw'orukurato,People gathered at the chief's house for the meeting.
ninyija okusara sukali,I will need to cut down on sugar.
nojakwetagisibwa okuyonja amaino gawe emirundi ebiri buli,will need to have your teeth cleaned a year.
balima omusiri ni bakozesa turakita,They fields using a tractor.
enyange ekeemerra eterekeriire mumaizi agatahamire,The egret stood perfectly still in the shallow water.
abantu abaingi abesoroize abaijwiire omwiro omuzaano gutakatandikire,The crowd is buzzing with excitement before the show starts.
Omusoro og'wendema eya kukahambiriza matwale baingi kupagasa.,Colonial taxation forced many into wage labor.
okaba oine okujwara pulasita kumara wiiki mukaaga,You needed to wear a cast for six weeks.
Obulemi obw'ababiito bwebembiire Bunyoro kuruga omukyasa ekya ikumi na mukaaga.,The Babiito has ruled Bunyoro since the 16th century.
Akatebe akeby'ensimbi nikamaliiriza ensoborra ( ) ripoota eyabuli mwaka.,The finance team is finalizing the annual report.
abaserurizi nibaija kusoma endubata y'ebinyonyi obu barazonzora ekika ekihyaka ekyebinyonyi,The researchers will study bird migration patterns when they discovered a new species.
anaga ejura azinire nukwo enjura egwe egi eyitubaire nitwendera ebirimwa ijo,The rainmaker has danced to bring the rain that we need for the crops yesterday.
"omuntu weena owotaganana tangana anyina ekyamanyire iwe , ekyotamanyire kandi kinu nikisemera kukuha omugisa okwega",Every person you meet knows something you don't—that's a chance to learn.
omukago gw'obusubuzi omuhyaka gwimukya ebitundwa aheru,The new trade deal boosts exports.
okumara andindisize esaha yona,She has made me wait for an hour.
"omurundi gw'okubanza okugenda mwoyomubudabuda, nkatina ekinazonzora hali nyowe","The first time I go to therapy, I was terrified of what I might discover about myself."
omukazi akega hakulima n'okulisa habwokwebaisaho,She learns about sustainable agriculture.
"mutabani akagwize,""ruhanga wange ali nkaha?"" nasonga hamutima gwange n'ogwe","My son asked me,""Where is God?""I pointed to my heart and his."
ekihemeheme nkatera kandi nakisindika hamutimbagano ijo,I have drawn a funny cartoon and posted it on social media yesterday.
bakaziha embuzi omubazi gw'enjoka nkabulikiro,The goats were regularly dewormed.
abasaija abato okwombeka nibaija orugo rw'ente oruhyaka,The young men will build the new kraal for the cattle.
abazirweneho bagarukire n'ebitekerezo ebihyaka n'okunihira,Veterans have returned with new ideas and expectations.
okubaira emiti nambere ebaire etemerwe nikija kugaraho irindiro lyebesoro by'omukisaka mukicweka nambere byali,The reforestation project will bring back wildlife that had disappeared from the area.
cukamba y'omuyanja ekaturukya z'amakamba ehuzo okwerwanaho,The sea cucumber squirted sticky threads to defend itself.
ekitebe ky'abantu kisagikire bandi okuterayo akazina kandi kamu,The crowd has cheered for the band to play one more song.
omulimi naija kwombera omusirigwe gwamuhogo wiiki ekwija,The farmer will weed his cassava field next
ebizina byenzarwa hamu n'okucekeca n'orunyege biba mubulimukoro,Traditional music and danced accompained ceremonies.
nojakwetagisibwa okuyonja amaino gawe emirundi ebiri buli mwaka,You will need to have your teeth cleaned twice a year.
Nsabira amadiini goona omugisa-itwena tuli baana Ruhanga omu.,I pray for peace among all religions-we're all children of the same God.
"omuro gutagwe mpaka nyenkya,ogaruke hairwaro","If the fever did not go down by tomorrow, come back to the clinic."
"kakuba ntatunga okwgaramu obumanzi nkabaza nawe kirokinu, titwanditungire obunyani bunu","If l does not muster the courage to talk to her that day, we would have missed out on this friendship."
omusaija akateka sente ze omumasamba,He invested in a real estate investment trust.
ndozirege ebituuru byebisisaru ebisarazirwe ebirukugambaho oruganikyo rwomukama owamaani kiro kyaijo,I watched a shadow puppet show that told the story of a great king yesterday.
"kakuba isomero nirinja kukubuza obusinge, tekerezamu kakuba haba haliyo omulingo gundi gwona","If school will make you miserable, consider whether there's another way."
"kakuba ntalitungire okwegaramu obumanzi nkabaza nawe kirokinu, titwanditungire obunyani bunu","If l did muster the courage to talk to her that day, we would have missed out on this friendship."
akahuka kajanjaire muno mubantu,The virus has widely circulated in the community.
abantu nibaija kwombeka iramizo nambere erihyaka bona batina,The community will build a new shrine at the sacred spring.
okaba oine okujwara pulasita kumara wiiki mukaaga,You needed to wear a cast for six weeks.
ntangainege munywani wange owaira ijo,I ran into an old friend yesterday.
omusaija naija kuteka ze sente omumasamba,He will invest in a real estate investment trust.
"kakuba omuntu afwa, ekyaro kyona kija okunahukara, oba babamanyire muno rundi tibabamanyire","When someone died, the whole village comes to pay respects, whether they knew them well or not."
Ekka yaitu amagesa ejaguza na mazina ag'okusiima ensi.,Our family has always celebrated the harvest with a dance that thanks the earth.
eka yaitu ekajaguza amagesa namazina agokusima itaka,Our family always celebrated the harvest with a dance that thanks the earth.
"Omuntu obwafa , ekyaro kiija kugaragara , kababe bamanyire kurungi rundi tibamanyire.","When someone dies , the whole village comes to pay respects , whether they knew them well or not."
"gunu omurundi erukwija, wiiki tubyamire hamusa gwenyanja","This time next week, we have lied on a beach."
nyinenkuru nyowe naija kuruka ebibo eby'akatale kumara emyaka nyingi,My grandmother will weave baskets for the market for many years.
embuzi bazihare omubazi gw'enjoka nkabuliro,The goats have regularly been dewormed.
abantu nibaija kwombeka iramizo erihyaka nambere bona batina,The community will build a new shrine at the sacred spring.
"kakuba isomero likuburanganize obusinge, tekerezamu kakuba haba haliyo omulingo gundi gwona","If school has made you miserable, consider whether there's another way."
taxi empyaka bagitandikireho omwaka ogurukwija,The new tax has been implemented next year.
"hakumalira ye kyasa kinu, tukahindura ekoragana yaitu n'byobuhangwa","The the end of this century, we transformed our relationship with nature."
"mutabani wange akagwize,""ruhanga ali nkaha?"" nkamusongera hamutima gwange n'ogwe","My son has asked me,""Where is God?""I pointed to my heart and his."
busayo kintu ekibi nkokurubata mukigana otajaire sokisi,There was nothing worse than stepping in a puddle with socks on.
oyetagisize okutekaho okwokya rundi aisi hantungire nambere obuhuta,You have needed to apply heat or ice to the injured area.
bakitunnzi naija kutangatangana kiguzi omukuru,The sales team will present to a major client.
sitage y'ebyemizano empyaka shakespeare azanira buli musizoni youmsana,The new theater stages Shakespeare plays every summer.
ebizina hamu byenzarwa n'okucekeca n'orunyege bibaire mokijaguzo,Traditional music and has danced accompained ceremonies.
Kakuba gavumenti yakozeseze kare amaani Twakubaire lwiina ebitwehinguliriize ebyeowruuu muno.,"If the government had invested in renewable energy earlier, we could have a cleaner environment now."
omulimi naija kugesa ge amacande kandi agatwale hakyoma,The farmer will harvest his sunflower and took it for pressing yesterday.
ekitebe nikija kugwa omu1977 habw'okwahukana mupolipo,community collapse in 1977 due to political differences.
"kakuba omuntu afwa omukyaro kyaitu, abantu bona nibaija kwesoroza baije okusagika eka","someone die in our village, the whole community will together come to support the family."
nyikaire ninyetagisibya okusara sukali,I have needed to cut down on sugar.
noija kwetagisibya pulasita okujwara okumara wiiki mukaaga,You will need to wear a cast for six weeks.
embuzi omubazi nizihebwa gwenjoka buli kasumi,The goats are being dewormed regularly.
"Kakuba ndi wokukugambira ekintu kimu hali enaku, nikyo ngu otaligyehugura-ogirabemu.","If I could tell you one thing about grief, it's that you never get over it-you get through it."
"akasumi kona ntekereza ntungire okugarukwamu, nyega ekintu kihyaka","Everytime I thought I've figured it out, I learn something new."
tukazika abafu baitu omwitaka baisenkuru itwe bahumura,We buried our dead in the ground where our ancestors rest.
Omubazi kukoragana nigusobora n'emibazi endi.,The medication may interact with other drugs.
anaga ejura azinire nukwo enjura egi egwe eyitubaire nitwendera ebirimwa ijo,The rainmaker has danced to bring the rain that we need for the crops yesterday.
"kakuba nkugambira ekintu hali kimu ekiniga,kiri ngu tokwija kukirugaho-nokirabamu","If I told you one thing about grief, it's that you never get over it-you get through it."
akatunga okwimukiza ha mulimo,He received a raise at work.
ninyija ekituru kusunga kyomutini ekirikyoleka ngu kikagamba oruganikyo orw'omukama owamani ijo,I will watch a shadow puppet show that told the story of a great king yesterday.
gw'obusubuzi omuhyaka gwimukize ebitundwa aheru,The new trade deal has boosted exports.
enkoragana empyaka eyobusubuzi imukize entundwa ye bw'obulimi aheru yihanga,The new trade deal has boosted agricultural exports.
tuzikire abafu baitu nambere baisenkuru bahumura,We have our dead in the ground where our ancestors rest.
obujanjabi bubaire bwasente nyingi baitu nibukoraho,The treatment has been expensive but effective.
"wange mutabani akagwize,""ruhanga ali nkaha?"" nkamusongera hamutima gwange n'ogwe","My son has asked me,""Where is God?""I pointed to my heart and his."
"omukazi akangamba,""omusana nigwija kujwa omurundi gundi nyenkya, kandi naiwe oti.""","She tells me,""The sun will rise again tomorrow, so will you""."
"dora ebinyonyi omumwanya; tibirikwija kusiga rundi okugesa, baitu iwe ise owomwiguru obirisa","Look at the birds of the air; they will not sow or reap, yet your heavenly father feeds them."
"hakumalira y'omusomo gunu, ni twija kuba twegeseze abalimi orukumi rumu omukukozesa orwezo kuruga omubijunzire","By the end of this project, we train one thousand farmers in organic methods."
noyetagisa okujwara pulasita okumara wiiki mukaaga,You have needed to wear a cast for six weeks.
omusomesa wange owunyenda naija kungamba nkaba nyina ekisembo kyokuhandika ebigambo ebi bikasigara nanye,My favorite teacher will tell me that i had a gift- for writing those words stayed with me.
omwaka gw'enkumi ibiri asaatu tukatunga okukeha kwingi muno habwokusisikara kwobuhangwa,"By 2030, we achieved a significant reduction in loss of biodiversity."
okuhandika kwabaramagi kukatandika mukyasa kya 19th m'uganda,Missionary writings documented 19th century Uganda.
"kakuba ntatunge okwegaramu obumanzi nkabaza nawe kirokinu, titwanditungire obuyani bunu","If l will not muster the courage to talk to her that day, we would have missed out on this friendship."
"kakuba guba omuro tigugwire mpaka nyenkya, ogaruke hairwaro","If the fever has not gone down by tomorrow, come back to the clinic."
"kakuba omuntu afwa, ekyaro kyona nikija okunahukara, oba babamanyire muno rundi tibabamanyire","When someone will die, whole village comes to pay respects, whether they knew them well or not."
Nuwe yangambiire ngu kusaba kirungi obuyambi.,He's the one who taught me that it's okay to ask for help.
omulimi agesa amacande ge kandi yagatwara hakyoma ijo,The farmer harvests his sunflower and took it for pressing yesterday.
tihakwija kuba kintu kibi nkokurubata otaine mukigana sokisi,There will be nothing worse than stepping in a puddle with socks on.
nojakwetagisibwa okuyonja amaino gawe ebiri emirundi buli mwaka,You will need to have your teeth cleaned twice a year.
embya y'omukisaka nija kuhambya impala mayiro nyingi ejwahire okuhikya,The wild dog will chase the impala for miles until it tired out.
omunya ruraiha rahuhanyga kira yairuka ekinyonyi kugikwaata,The skink wiggled its tail and escaped from the bird's grasp.
abekento alipota bamalirize y'omwaka,The finance team finalized the annual report.
abazirweneho bakagaruka n'ebitekerezo ebihyaka kandi n'okunihira,Veterans returned with new ideas and expectations.
ebihuka bikarubatira hamu murukara bihimbire ebisosonkole nibibigara omukiju,The ants marched in a long line carrying crumbs back to their
NRA nejakutandikaho ekora endi,The NRA will develop a parallel administration.
sitage y'ebyemizano empyaka shakespeare azanira buli youmsana musizoni,The new theater stages Shakespeare plays every summer.
nibaija abazirweneho kugaruka n'ebitekerezo ebihyaka n'okunihira,Veterans will return with new ideas and expectations.
"omurundi gw'okubanza nkagenda mwoyomubudabuda, nkatina ekinazonzora hali nyo","The first time I have gone to therapy, I was terrified of what I might discover about myself."
buli muntu watangantangaine amanyire ekintu ky'otamanyire - nigw'omugisa kukyega,Every person you met knows something you don't — that's a chance to learn.
NRA etandikire enkora endi,The NRA has developed a parallel administration.
ekyoma kyomubaizi kikabaija ekisisani kuruga omukihinju kyekiti,The sculptor chiseled a figure out of a single block of wood.
taxi empyaka nejakutandika ogurukwija omwaka,The new tax is implemented next year.
okubaira emiti nambere ebaire etemerwe kigaraho irindiro lyebisoro by'omukisaka mukicweka nambere byali,The reforestation project brings back wildlife that had disappeared from the area.
busayo ekibi nkokurubata mukigana otajaire sokisi,There was nothing worse than stepping in a puddle with socks on.
Obuguuda bwihanga butungire omurro ogwokutemba okwemihendo.,The economy is facing inflationary pressures.
obujanjabi bubaire bwasente nyingi baitu nibukoraho,The treatment has been expensive but effective.
"hakumalira ye kyasa kinu, tuhindwire enkoragana yaitu n'ebyobuhangwa","The the end of this century, we have transformed our relationship with nature."
"Akangambira ,""lzooba ndigenda kwongera kwimuka nyenkya, kandi naiwe nukwo"".","She told me , ""The sun will rise again tomorrow, and so will you""."
omunya ruraiha rahuhanyga kira yairuka ekinyonyi kugikwaata,The skink wiggled its tail and escaped from the bird's grasp.
ebizina byenzarwa hamu n'okucekeca n'orunyegebirabaga mubuli mukoro,Traditional music and will dance accompained ceremonies.
enkoragana empyaka eyobusubuzi ekaimukya ebitundwa ye bw'obulimi aheru yihanga,The new trade deal boosted agricultural exports.
"kakuba nkugambira ekintu kimu hali ekiniga,kiri ngu tokwija kukirugaho-nokirabamu","If I told you one thing about grief, it's that you never get over it-you get through it."
bakitunzi atangatagaine kiguzi omukuru,The sales team presented to a major client.
kotoni akaba kirimwa kyasente omukyasi kya amkumi abiri m'uganda,Cotton became a major cash crop in the early 20th century Uganda.
ekika kyababiito kilema kurugira bunyoro kimu omukyasa kya 16th,The Babiito dynasty rules Bunyoro since the 16th century.
nija kugura ebintu mu supamaketi buli wiiki,I will buy groceries from the supermarket every week.
omutezi wenanga naijakuteranizaho omulere ha bandi,The harmonica player will add a bluesy feel to the band's sound.
omusomesa wange owunyenda naija kungamba nkaba nyina ekisembo kyokuhandika ebigambo ebi nanye bikasigara,My favorite teacher will tell me that i had a gift- for writing those words stayed with me.
abantu bombekere iramizo erihyaka namebere bona batina,The community has built a new shrine at the sacred spring.
"Omukyaro kyaitu omuntu obwafa boona ,abasi,bensi baterana bazagika abafeerwa.","When someone die in our village , the whole community comes together to support the family."
enyange imerire kurrngi muno omumaizi gahaihi,The egret has stood perfectly still in the shallow water.
Ntiirelye ebisisani rudingisa nabusindika hamura kiro kyaijo.,I drew a funny cartoon and posted it on social media yesterday.
abantu behumwize habizina ebyamporampora,The crowd has back swayed and forth to the slow music.
embina yomukisaka ekairukya empara habwa mairu nyingiho kuhirya obuyajwahire,The wild dog chased the impala for miles until it tired out.
"hakumalira ye kyasa kinu, tuhindura ekoragana yaitu n'ebyobuhangwa","The the end of this century, we transform our relationship with nature."
"kakuba ntatunga okwgaramu obumanzi nkabaza nawe titwanditungire kirokinu, obunyani bunu","If l does not muster the courage to talk to her that day, we would have missed out on this friendship."
gavumenti eresireho enkora empyaka hali abalimi abakulima ebyokulya,The government provided subsidies for farmers who practice sustainable agriculture.
akandindisa okumara esaha yona,She made me wait for an hour.
enju yemizaano yaharutuutu empyaka nijja kwoolekaga emizano yasekisipiya buli oburutagata bwiirre,The new theater will stage Shakespeare plays every summer.
bakitunzi batangatangaine omukuru kiguzi,The sales team has presented to a major client.
ekika kaitu kigira engeri y'okutangira omwaka omuhyaka eyembaganiza,Our clan has had own special way of welcoming the new year.
etandikire NRA enkora endi,The NRA has developed a parallel administration.
Noija kwetaagibwa kuteekaho obutagasi rundi obufuki ha kicweka ekihutaire.,You'll need to apply heat or ice to the injured area.
"kakuba ntatunge okwegaramu obumanzi nkabaza nawe kirokinu, titwanditungire obuyani bunu","If l will not muster the courage to talk to her day, we would have missed out on this friendship."
Abasebeni bakagaruka nentekereza empyaka hamu nokunihira.,Veterans returned with new ideas and expectations.
enyange ekeemerra eterekeriire mumaizi agatahamire,The egret stood perfectly still in the shallow water.
"gunu omurundi wiiki erukwija, tubyame kubyama hamusa gwenyanja","This time next week, we lay on a beach."
taxi empyaka bakagitandikaho omwaka oguhwaire,The new tax was implemented next year.
Ninyujuka akasumi akananyiire kimu ngu nuwe nywani owahikire- obwataransekeriize omukasu kange akabi.,I remember the exact moment l knew she was a true friend - when she didn't laugh at my worst moment.
omusaija ateka sente ze omumasamba,He invests in a real estate investment trust.
okumara andindisize esaha yona,She has made me wait for an hour.
cukamba y'omuyanja eturukize ehuzo zamakamba okwerwanaho,The sea cucumber has squirted sticky threads to defend itself.
"ye hakumalira kyasa kinu, tuhindwire enkoragana yaitu n'ebyobuhangwa","The the end of this century, we have transformed our relationship with nature."
nibaija abantu kwehumuzamu habizina ebymporampora,The crowd will back sway and forth to the slow music.
Balimire nibakozesa amawinde karakita.,They have plowed the fields using a tractor.
irwaro nirija kutekaho obujanjabi bw'abazaire abaine enda,The clinic will provide prenatal care for expectant mothers.
aija kurolera ekitebe kumare emyaka atakabaire mukuru,She will manage a team for years before she became director.
"Omwehanga hangi ekisisani nyaisatu , akaiihamu kurungi ,mukikuya kyomuti kimu kiti.",The sculptor has chiseled a figure out of a single block of wood.
irwaro rigagira eryahuro ry'ebitabu ebirukukwataho byabarwaire obwomezi bwabo,The hospital has had a patient library with health information.
ninyetaga kukehya sukali,I need to cut down on sugar.
irwaro nirija kugira eryahuro ry'ebitabu byabarwaire ebirukukwataho bwabo obwomezi,The hospital will have a patient library with health information.
ebyafayo eby'okubaza okwijuka byolekere kw'abantu abakuru,Oral history has projected record elders ' memories.
omunya gucikize omukira gwako katoroka kandi hali ekinyonyi,The skink has wiggled its tail and escaped from the bird's grasp.
"Enyunyuzi zaaka kukungi obuziba zili haraha ,n'etaara zomwabuga.",The stars shine brightly in the night sky away from city lights.
"hakumalira y'omusomo gunu, nitwegesa abalimi orukumi rumu omukukozesa orwezo kuruga omubijuzire","By the end of this project, we trained one thousand farmers in organic methods."
cukamba y'omuyanja ekaturukya ehuzo z'amakamba okwerwanaho,The sea cucumber squirted sticky threads to defend itself.
omukazi akozire mukeeto kumara emyaka nyingi atakafokere CFO,She has worked in the accounting department for years before she became
ndozirege ekituru kyomutini nikyoleka ngu kikagamba oruganikyo orw'omukama owamani ijo,I have watched a shadow puppet show that told the story of a great king yesterday.
tukhaire okusima emyoyo y'omurusozi habwe emyandara na amabale,We have given thanks to the spirits the mountains for the and stones.
enkoragana empyaka eyobusubuzi ekaimukya ebitundwa ye aheru bw'obulimi yihanga,The new trade deal boosted agricultural exports.
"kakuba oraba ogondeze ebyobuhangwa okumanya baitu, tandika n'ebyokulya baitu","If you have wanted to understand our culture, start with our food."
Orugendo rwegaali y'omwika kuraba omu bugwa izooba rukaba muno habwokuba nta hungi reho kakube kukoimya.,The train ride through the countryside was so beautiful that i did'nt sleep a wink.
"Omukyaro kyaitu omuntu obwafa ,abasi,bensi boona baterana bazagika abafeerwa.","When someone die in our village , the whole community comes together to support the family."
abantu baisoroize omuka y'omunyoro habworukurato,People have gathered at the chief's house for the meeting.
tihabaireho ekintu ekibi nkoku rubata omukigana otaine sokisi,There has been nothing worse than stepping in a puddle with socks on.
Kakuba gavumenti yakozeseze kare amaani Twakubaire lwiina ebitwehinguliriize ebyeowruuu muno.,"If the government had invested in renewable energy earlier, we could have a cleaner environment now."
"kakuba gavumenti etekamu sente omubintu ebikyegarukamu kara, ntusobora okuba nebyobuhangwa ebiyonjo","If the government in renewable energy earlier, we could have a cleaner environment now."
"nkaba ntakunihira ngu nisobora okugura eka yange, baitu ndi hanu, nitekaho omukono hakipapura wiiki ekwija","I never thought l'd be able to buy mu own home, but here l am, signing the papers next week."
"kakuba gavumenti etekamu sente omubintu ebikyegarukamu kara, ntusobora okuba nebyobuhangwa ebiyonjo","If the government in renewable energy earlier, we could have a cleaner environment now."
owenanga ruhuhwa nayongeramu okukwatwaho kwobujure nokwecumitiriza omumaraka gebidongp,The harmonica player adds a bluesy feel to the band's sound.
ekitebe kyabantu nikinja kusagika bandi okuterayo akazina kandi kamu,The crowd will cheer for the band to play one more song.
Itwe emizimu tusiima ey'omunsozi nomumyandara namabaale.,We give thanks to the spirits of the mountains for the rocks and stones.
"kakuba gavumenti erakehya omuhendo gwa sola pano, abantu baingi nibaija kutandika kukozesa amasanyarazi","If the government will subsidize solar panels, more people would use renewable energy now."
embuzi nibaja kuziha omubazi gw'enjoka nkabulikiro,The goats will regularly dewormed.
okucamuka kwamabale hansi omwitaka kukabaruka okuhangwaho kwaletaho obuhanga muhagati y'enyanja,The volcanic eruption created a new island in the middle of the ocean.
Akatebe akeby'ensimbi nikamaliiriza ensoborra ( ripoota ) eyabuli mwaka.,The finance team is finalizing the annual report.
Obworaba nogonza ebyobuhangi bwaaitu tandika nebyokulya byaitu.,"If you want understand our culture, start with our food."
ekika kaitu kigira y'okutangira engeri omwaka omuhyaka eyembaganiza,Our clan has had its own special way of welcoming the new year.
akahuka nikaija kujanjara muno mubantu,The virus will widely circulate in the community.
ekitebe kikagwa omu 1977 habw'okwahukana mupolipo,The community collapsed in 1977 due to political differences.
igana lyabantu lika semererwa gutakatandikire omukoro,The crowd has buzzed with excitement before the show starts.
enyange imerire kurrngi muno omumaizi gahaihi,The egret has stood perfectly still in the shallow water.
okaba oine okujwara pulasita kumara mukaaga wiiki,You needed to wear a cast for six weeks.
NRA ekatandikaho ekora endi,The NRA developed a parallel administration.
ebihuka birubatire hamu bihimbire ebisosonkole nibibigara omukiju,The ants have marched in a long line carrying crumbs back to their nest.
abantu abaingi abesoroize abaijwiire omwiro omuzaano gutakatandikire,The crowd is buzzing with excitement before the show starts.
ebiro bisaatu murubuga orutubaire tuturukwija kwetekaniza kubungira,Three days in a city we will never plan to visit.
"omwaka gw'enkumi ibiri asaatu, tutungire okukeha kwingi muno hakusisika kwobuhanwa","By 2030, we have achieved a significant reduction in the loss of biodiversity."
Ekiro kyaijo omwigi w'enjura eyiturukwetaaga kuleeta acekecerege rnjura.,The rainmaker danced to bring the rain that we need for the crops yesterday.
"gunu omurundi wiiki erukwija, nitwija kubyama hamusa gwenyanja","This time next week, we will lie on a beach."
gavumenti neja kuletaho enkora empyaka abalimi hali abakulima ebyokulya,The government will provide subsidies for farmers who practice sustainable agriculture.
akahuka kajanjaire muno mubantu,The virus widely circulated in the community.
omusomesa wange owunyenda agambire ngu nkaba nyine ekisembo kyokuhandika ebigambo ebi bikasigara nanye,My favorite teacher has told me that i had a gift- for writing those words stayed with me.
ekyaro kaitu kiraguma nikiyamba abo boona,Our village will always help those who in need.
"hakumalira ye kyasa kinu, tukahindura ekoragana yaitu n'byobuhangwa","The the end of this century, we transformed our relationship with nature."
ninyija okusara sukali,I will need to cut down on sugar.
"Kakuba ntaratungire obumanzi bw'okubaza nawe eki, buno obunywani.","If l hadn't mustered the courage to talk to her that day , we would have missed out on friendship."
oyetagisize okutekaho okwokya rundi aisi hantungire nambere obuhuta,You have needed to apply heat or ice to the injured area.
"Kakuba obumanzi ntaratungire bw'okubaza nawe eki, twakuferirwe buno obunywani.","If l hadn't mustered the courage to talk to her that day , we would have missed out on this friendship."
Pamba ekafooka ekirimwa ekirukuleeta entahya omu Uganda omukutandika okwekyasa ekya 20.,Cotton became a major cash crop in the early 20th century Uganda.
Noija kwetaagibwa kuteekaho obutagasi obufuki rundi ha kicweka ekihutaire.,You'll need to apply heat or ice to the injured area.
ninyija okugira obuzibu by'okutekana n'okuhuliriza,I will have difficulty concetrating.
okucamuka kwamabale hansi omwitaka kuleterire obuhanga muhagati,The volcanic eruption has created a new island in the middle of the ocean.
egali y'omwika eraba aheru y'orubuga neja kuba nungi muno nti nkaba ntasobora okubyama ntagirozire,The train ride through the countryside will so be beautiful that i did'nt sleep a wink.
obaire noyenda okutekaho okwokya rundi aisi nambere hatunire obuhuta,You needed to apply heat or ice to the injured area.
obaire noyenda okutekaho okwokya rundi nambere aisi hatunire obuhuta,You needed to apply heat or ice to the injured area.
bakitunnzi naija kutangatangana kiguzi omukuru,The sales team will present to a major client.
yemizaano yaharutuutu empyaka nijja kwoolekaga emizano yasekisipiya buli bwiirre oburutagata,The new theater will stage Shakespeare plays every summer.
tukazika abafu baitu omwitaka nambere baisenkuru itwe bahumura,We buried our dead in the ground where our ancestors rest.
abekento nibaija kumaliriza alipota y'omwaka,The finance team will finalize the annual report.
ebiro bisaatu murubuga orutubaire tutwetekanizi kubungira,days in a city we never planned to visit.
"kakuba omuntu afwa omukyaro kyaitu, abantu bona besoroza baija okusagika eka","When someone die in our village, the whole community together came to support the family."
eka yaitu ebaire nejaguza amagesa namazina agokusima itaka,family has always celebrated the harvest with a that thanks the earth.
gw'obusubuzi omuhyaka gukaimukya ebitundwa aheru,The new trade deal boosted exports.
tukaha okusima hali emyoyo y'omurusozi habwa emyandara na amabale,We gave thanks to the spirits of the mountains for the rocks and stones.
"kakuba isomero lyakubulize obusinge, tekerezamu kakuba haba haliyo omulingo gundi gwona","If school made you miserable, consider whether there's another way."
abaserurizi basoma endubata y'ebinyonyi obu bazonzora ekika ekihyaka ekyebinyonyi,The researchers study bird migration patterns when they discovered a new species.
omutendereza amanyira abakuru nekizina kye ijo,The singer honors the chief's bravery with his song yesterday.
okubura kwamaizi kukatalibaniza ebyobulimi omukicweka,The water scarcity affected agricultural production in the region.
tuzika abafu baitu omwitaka nambere baisenkuru itwe,We bury our dead in the ground where our ancestors rest.
omusoro gwa aberambanda gukahambiriza baingi omubusibi,Colonial taxation forced many into wage labor.
okutwarwa kwitaka kihambiriza abalimi okuleka itaka lyabo kandi bagenda mumbuga,The soil erosion forces farers to abandon their land and move to cities.
NRA etandikire enkora endi,The NRA has developed a parallel administration.
"omuro gutagwe mpaka nyenkya,ogaruke hairwaro","If the fever not go down by tomorrow, come back to the clinic."
embina yomukisaka ekairukya empara habwa nyingiho mairu kuhirya obuyajwahire,The wild dog chased the impala for miles until it tired out.
okutwarwa kwitaka kukaletera abalimi okuleka itaka lyabo kandi bakagenda ummbuga,The soil erosion forced farers to abandon their land and move to cities.
irwaro nirija kutekaho obujanjabi bw'abazaire abaine enda,The clinic will provide prenatal care for expectant mothers.
"hakumalira y'omusomo gunu, twegeseze abalimi orukumi rumu omukukozesa orwezo kuruga omubijuzire","By the end of this project, we have trained one thousand farmers in organic methods."
abantu bakehumuzamu habizina ebyamporampora,The crowd back swayed and forth to the slow music.
ekika kaitu kigira y'okutangira engeri omwaka omuhyaka eyembaganiza,Our clan has had its own special way of welcoming the new year.
irwaro nirija kugira eryahuro ry'ebitabu byabarwaire ebirukukwataho obwomezi bwabo,The hospital will have a patient library with health information.
igana nirija lyabantu kusemererwa omukoro gutakatandikire,The crowd will buzz with excitement before the show starts.
irwaro ritaireho obujanjabi bw'abzaire abaine enda,The clinic has provided prenatal care for expectant mothers.
"mutabani wange naija kukaguza,""ruhanga ali nkaha?"" ninjakusomnga hamutima n'ogwe","My son will ask me,""Where is God?""I pointed to my heart and his."
kakuba gavumenti yataireho omuhendo gwahansiho habwengo zamani gizooba abantu abaingi bakubaire nibakozesa amaani agaani agarukugarurwa buhyaaka,"If the government had subsidized solar panels, more people would use renewable energy now."
enkoragana empyaka eyobusubuzi imukize entundwa ye bw'obulimi aheru yihanga,The new trade deal has boosted agricultural exports.
"mutabani wange naija kukaguza,""ruhanga ali nkaha?"" ninjakusomnga hamutima gwange n'ogwe","My son will ask me,""Where is God?""I pointed to my heart and his."
"kakuba omuntu afwa omukyaro kyaitu, abantu bona baija kwesoroza baije okusagika eka","When someone die in our village, the whole community has together come to support the family."
ekika kyabaiito nikija kulema bunyoro kurugira kimu mukyasi kya 16th,The Babiito dynasty will rule Bunyoro since the 16th century.
Ebiro bisatu omu rubuga orututatekanizaaga kobunga.,Three days in a city we'd never planned to visit.
omusoro nigwija omuhya kuteebwa omuunkora mumwaka omuhyaka,The new tax will be implemented next year.
"akasumi kona mbaire nitekereza ntungire okugarukwamu, nyega ekintu kihyaka","Everytime I have thought I've figured it out, I learn new."
Obworaba nogonza kwetrgereza ebyobuhangi bwaaitu tandika nebyokulya byaitu.,"If you want to understand our culture, start with our food."
ninyija kwijuka akasumi kenyini akaba owamazima-nambere munyani atalinsekeraize omukasumi obukaba ndi kubi,I will remember the exact moment l knew she was a true friend - when she didn't laugh at my worst moment.
enyange eterekeriire ekeemerra mumaizi agatahamire,The egret stood perfectly still in the shallow water.
ebizina byenzarwa hamu n'okucekeca n'orunyege bibaire mokijaguzo,Traditional music and has danced accompained ceremonies.
eka yaitu ebaire nejaguza amagesa namazina agokusima itaka,Our family has always celebrated the harvest with a dance that thanks the earth.
Ninyujuka akasumi akananyiire kimu ngu nuwe nywani owahikire- obwataransekeriize omukasu kange akabi.,I remember the exact moment l knew she was a true friend - when she didn't laugh at my worst moment.
ekyaro kaitu kibaire nikiyamba abo boona abatakwesobora,Our village has always helped those who are in need.
nyijukire aksumi kenyini nkimanyire akaba munyani owamazima-nambere omukasumi atalinsekeraize obukaba kubi,I have remembered the exact moment l knew she was a true friend - when she didn't laugh at my worst moment.
ebizina byenzarwa hamu n'orunyege n'okucekeca biba mubulimukoro,Traditional music and danced accompained ceremonies.
wange omusomesa owunyenda agambire ngu nkaba nyine ekisembo kyokuhandika ebigambo ebi bikasigara nanye,My favorite teacher has told me that i had a gift- for writing those words stayed with me.
omulimi ayombire omusiri gwe gwamuhogo wiiki ehwaire,The farmer has weeded his cassava field last week.
omukazi abaire nakorra mukeeto kumara emyaka atkabaire CFO,She works the accounting department for years before she became CFO.
Omubazi nigusobora kukoragana n'emibazi endi.,The medication interact with other drugs.
omukazi akega hakulima n'okulisa habwokwebaisaho,She learns sustainable agriculture.
"dora ebinyonyi omumwanya; tibisigire rundi okugesa, baitu iwe ise owomwiguru obirisa","Look at the birds of the air; they have not sown or reap, yet your heavenly father feeds them."
omukazi aija kukora omukeeto kumara emyaka atakafokere CFO,She will work in the accounting department for years before she became CFO.
nsabire obusnge omumadini gona-ntwena tuli bana baruhanga omu,I have prayed for peace among all religions-we're all children of the same God.
akahuka nikaija kujanjara muno mubantu,The virus will widely circulate in the community.
abasija abato bombekere orugo rw'ente ouhyaka,The young men have built the new kraal for the cattle.
omukazi aija kukora omukeeto kumara emyaka nyingi atakafokere CFO,She will work in the accounting department for years before she became CFO.
irwaro ritaireho obujanjabi bw'abzaire enda abaine,The clinic has provided prenatal care for expectant mothers.
Omubazi nigusobora kukoragana n'emibazi endi.,The medication may interact with other drugs.
ekika ky'ababiito kiremere bunyoro kurugira kimu omkyasi 16th kya,The Babiito dynasty ruled Bunyoro since the 16th century.
ruraiha omunya rahuhanyga kira yairuka ekinyonyi kugikwaata,The skink wiggled its tail and escaped from the bird's grasp.
"Omwehanga hangi ekisisani nyaisatu , akaiihamu kurungi ,mukikuya kyomuti kimu kiti.",The sculptor has chiseled a figure out of a single block of wood.
ekituru ndozirege kyomutini nikyoleka ngu kikagamba oruganikyo orw'omukama owamani ijo,I have watched a shadow puppet show that told the story of a great king yesterday.
ebihuka nibija kurubatira murukara bihimbire ebisosonkole nibibigara omukiju,The ants will march in a long line carrying crumbs back to their nest.
omukazi asoraize embibo entoro z'okwahura,She has collected indigenous seeds for preservation.
"kakuba bus etandekere, tinanditangatangaine wange munyani muno","If i have not missed the bus that day, i never would have met my best friend."
"akasumi kona ntekereza ntungire okugarukwamu, nyega ekintu kihyaka","Everytime I thought I've figured it out, I learn something new."
omunya gucikize omukira gwako katoroka kandi hali ekinyonyi,The skink has wiggled its tail and escaped from the bird's grasp.
ekika kaitu kikaba kine engeri y'okutangira omwaka omuhyaka eyembaganiza,Our clan had its own special way of welcoming the new year.
"dora ebinyonyi omumwanya; bitasige rundi okugesa, baitu iwe ise owomwiguru obirisa","Look at the birds of the air; they did not sow or reap, yet your heavenly father feeds them."
taxi empyaka nejakutandika omwaka ogurukwija,The new tax is implemented next year.
"dora ebinyonyi omumwanya; tibirikwija kusiga rundi okugesa, baitu iwe ise obirisa owomwiguru","Look at the birds of the air; they will not sow or reap, yet your heavenly father feeds them."
buli muntu orukwija kutangatangana amanyire ekintu ky'otamanyire - nigw'omugisa kukyega,Every person you will meet knows something don't that's a to learn.
buli muntu orukwija kutangatangana amanyire ekintu ky'otamanyire - nigw'omugisa kukyega,Every person you will meet knows something you don't — that's a chance to learn.
nyinenkuru nyowe arukire ebigega eby'akatale kumara emyaka nyingi,My grandmother has woven baskets for the market for many years.
ninyija kusiga ekihemeheme kandi nkisindike hamutimbagano nyekya,I will draw a funny cartoon and posted it on social media yesterday.
okaire okuba oyonjire amaino gawe emirundi ebiri buli mwaka,You needed to your teeth cleaned twice a year.
egali y'omwika eraba aheru y'orubuga ekaba muno nungi nti nkaba ntasobora okubyama ntagirozire,The train ride through the countryside was so beautiful that i did'nt sleep a wink.
"kakuba ntatunge okwegaramu obumanzi nkabaza nawe kirokinu, titwanditungire obuyani bunu","If l will not muster the courage to talk to her that day, we would have missed out on this friendship."
nguzire ebuntu omu supamaketi buli wiiki,I have bought groceries from the supermarket every week.
nyirukire mwamunwani wange omukuru ijo,I have run into an old friend yesterday.
ebyefuna bihambirize emihendo y'ebintu okweyongera muno,The economy has faced inflationary pressures.
ekika kaitu kikaba kine engeri y'okutangira omwaka omuhyaka,Our clan had own special way of welcoming the new year.
omukazi ayegere hakulima n'okulisa okwokwebaisaho,She has learned about sustainable agriculture.
"omwaka gw'enkumi ibiri asaatu, tutungire okukeha muno kwingi mukukeha kw'ebyobuhanga","By 2030, we have achieved a significant reduction in the loss of biodiversity."
omusaija akateka ze sente omumasamba,He invested in a real estate investment trust.
bakitunnzi naija kiguzi kutangatangana omukuru,The sales team will present to a major client.
ebiro bisaatu omurubuga orututekanizaga kubungira,Three days in a city we have never planned to visit.
ebyenfuna nibija kuhambiriza emihendo y'ebintu okweyongera muno,The economy will face inflationary pressures.
"omukazi agambire,""izoba abaire nirija kwimuka nyenkya,kandi naiwe oti.""","She has told me,""The sun will rise again tomorrow, and so will you""."
Ntaaha nyine obuleemezi okutekaho omutiima.,I've been having difficulty concetrating.
Ekka yaitu ejaguza amagesa na mazina ag'okusiima ensi.,Our family has always celebrated the harvest with a dance that thanks the earth.
Omusaija akuziibwe hamulimo.,He has received a raise at work.
Pamba ekafooka ekirimwa ekirukuleeta entahya omu Uganda omukutandika okwekyasa ekya 20.,Cotton became a major cash crop in the early 20th century Uganda.
aija kurolera ekitebe kumare emyaka atakabaire mukuru,She will manage a team for years before she became director.
abazirweneho nibaija kugaruka n'ebitekerezo ebihyaka n'okunihira,Veterans will return with new ideas and expectations.
tukhaire hali okusima emyoyo y'omurusozi habwe emyandara na amabale,We have given thanks to the spirits of the mountains for the rocks and stones.
ekituru ndozirege kyomutini nikyoleka ngu kikagamba oruganikyo orw'omukama owamani ijo,I have watched a shadow puppet show that told the story of a great king yesterday.
"kakuba okwgaramu obumanzi nkabaza nawe kirokinu, titwanditungire obunyani bunu","If l does not muster the courage to talk to her that day, we would have missed out on this friendship."
ninja kwirukira mwa wange munyani omukuru nyencya,I will run into an old friend yesterday.
omulimi agesa amacande ge kandi yagatwara hakyoma ijo,The farmer harvests his sunflower and took it for pressing yesterday.
"kakuba gavumenti eba ekendize omuhendo gwa sola pano, abantu nibaija baingi kutandika kukozesa amasanyarazi","If the government has subsidized solar panels, more people would use renewable energy now."
bakitunzi batangatangaine omukuru kiguzi,The sales team has presented to a major client.
etairo enkora empyaka hali abakulima ebyokulya,The government has provided subsidies for farmers who practice sustainable agriculture.
omunya nigwija okucicya omukira gwako kandi katoroke hali ekinyonyi,The skink will wiggle its tail and escaped from the bird's grasp.
abantu iramizo bombeka erihyaka nambere bona batina,The community builds a new shrine at the sacred spring.
abazirweneho bagarukire n'ebitekerezo ebihyaka n'okunihira,Veterans have returned with new ideas and expectations.
omusoro gwaberambanda baingi guhambirize omubusibi,Colonial taxation has forced many into wage labor.
abasaija abato nibaija okwombeka orugo rw'ente oruhyaka,The young men will build the new kraal for the cattle.
obujanjabi byasente nyingi baitu nibukoraho,The treatment was expensive but effective.
"kakuba omuntu afwa omukyaro kyaitu, abantu bona baija kwesoroza baije okusagika eka","When someone die in our village, the whole community has together come to support the family."
embuzi nizihebwa omubazi gwenjoka buli kasumi,The goats are being dewormed regularly.
cukamba y'omuyanja eturukize ehuzo zamakamba okwerwanaho,The sea cucumber has squirted sticky threads to defend itself.
Kiro kyaijo omuzini ahaisanizeege omunyoro habwo bumanzibwe.,The praise singer honored the chief's bravery with his song yesterday.
"kakuba omuntu afwa, ekyaro kyona kija okunahukara, oba babamanyire muno tibabamanyire rundi","When someone has died, the whole village comes to pay respects, whether they knew them well or not."
okucamuka kwamabale hansi omwitak nikwija kuletaho okuhangwaho obuhanga muhagati y'enyanja,The volcanic eruption will create a new island in the middle of the ocean.
"Rora ebinyonyi omumwanya, tibisiga, tibigesa baitu Isinywe anyakuli omwiguru abiriisa.","Look at the birds of the air; they do not sow or reap, yet your heavenly father feeds them."
izaniro ly'emizano elihyaka balitekanize shakespeare azanira buli musizoni y'omusana,The new theater has staged Shakespeare plays every summer.
NRA nejakutandikaho ekora endi,The NRA will develop a parallel administration.
okuhandika kwabaramagi nikwija okutandika omukyasa kya 19th m'uganda,Missionary writings will document 19th century Uganda.
omwaka gw'enkumi ibiri asaatu okukeha tukatunga kwingi muno habwokusisikara kwobuhangwa,"By 2030, we achieved a significant reduction in the loss of biodiversity."
abazirweneho bagarukire n'ebitekerezo n'okunihira ebihyaka,Veterans have returned with new ideas and expectations.
omunya ruraiha rahuhanyga kira yairuka ekinyonyi kugikwaata,The skink wiggled its tail and escaped from the bird's grasp.
enyunyuzi zikaka muno ekiro omumwanya kukira ebitara by'omurubuga,The stars brightly shone in the night sky away from city lights.
enyunyuzi zikaka muno ekiro omumwanya kukira ebitara by'omurubuga,The stars brightly shone in the night sky away from city lights.
kotoni naija kuba kirimwa kyasente mukyasi kya amkumi abiri,Cotton will become a cash crop the early 20th century Uganda.
akaire ruko kamu sabbiti erukwija nitwija kuhumuraho ha mwaro,"This time next week, we'll be lying on a beach."
embuzi bakaziha omubazi gw'enjoka nkabulikiro,The goats were regularly dewormed.
gukacicya omukira gwako kandi katoroka ekinyonyi,The skink wiggled its tail and escaped from the bird's grasp.
Omwegesa wange owungonza akagamba nyine ekisembo ky'okuhandiika -ebyo ebigambo bikaguma nanye.,My favorite teacher told me that i had a gift- for writing those words stayed with me.
owenanga ruhuhwa nayongeramu okukwatwaho kwobujure nokwecumitiriza omumaraka gebidongp,The harmonica player adds a bluesy feel to the band's sound.
ninyija kusabira obusinge omumadini gona-ntwena tuli baana baruhanga omu,I will pray for peace among all religions-we're all children of the same God.
"Omuntu obwafa , ekyaro kiija kugaragara , kababe bamanyire kurungi rundi tibamanyire.","When someone dies , the whole village comes to pay respects , whether they knew them well or not."
enkoragana empyaka eyobusubuzi imukya ebitundwa ye bw'obulimi aheru yihanga,The new trade boosts agricultural exports.
abantu bombeka iramizo erihyaka nambere bona batina,The community builds a new shrine at the sacred spring.
omwaka gw'enkumi ibiri asaatu okukeha tukatunga kwingi muno habwokusisikara kwobuhangwa,"By 2030, we achieved a significant reduction in the loss of biodiversity."
takafikaga omugabo gwa babizinesi abakama,He has never missed a dividend payment.
ekitebe kikagwa omu 1977 habw'okwahukana mupolipo,The community collapsed in 1977 due to political differences.
cukamba y'omuyanja ekaturukya ehuzo z'amakamba okwerwanaho,The sea cucumber squirted sticky threads to defend itself.
ebizina byenzarwa hamu n'okucekeca n'orunyege biba mubulimukoro,Traditional music and danced accompained ceremonies.
ninyija kusabira obusinge omumadini gona-ntwena tuli baana omu baruhanga,I will pray for peace among all religions-we're all children of the same God.
omukago gw'obusubuzi omuhyaka ebitundwa gwimukya aheru,The new trade deal boosts exports.
omukazi ataaha naworoza hamu nokulinda,She had been collecting indigenous seeds for preservation.
Omusoro og'wendema eya matwale kukahambiriza baingi kupagasa.,Colonial taxation forced many into wage labor.
abaserurizi basomereho endubata y'ebinyonyi bazonzoire ekika ekihyaka ekyebinyonyi,The researchers have studied bird migration patterns they discovered a new species.
anaga ejura azinire nukwo enjura egwe egi eyitubaire nitwendera ebirimwa ijo,The rainmaker has danced to bring the rain that we need for the crops yesterday.
Abaikazi bombekere ibandiro lihyaka haiziba ly'emirwa.,The community has built a new shrine at the sacred spring.
"Kakuba ndi wokukugambira ekintu kimu hali enaku, nikyo ngu otaligyehugura-ogirabemu. ngu","If I could tell you one thing about grief, it's that you never get over it-you get through it."
"omurundi gw'okubanza nkagenda mwoyomubudabuda, nkatina ekinazonzora hali nyo","The first time I have gone to therapy, I was terrified of what I might discover about myself."
nyikaire ninyetagisibya okusara sukali,I have needed to cut down on sugar.
okaire noyetagisibwa okuba oyonjire amaino gawe emirundi ebiri buli mwaka,You have needed to have your teeth cleaned twice a year.
"Rora ebinyonyi omumwanya, tibisiga, tibigesa baitu Isinywe anyakuli abiriisa. omwiguru","Look at the birds of the air; they do not sow or reap, yet your heavenly father feeds them."
ntangainege munywani wange owaira ijo,I ran into an old friend yesterday.
kotoni ebaire kirimwa kyasente muno mukyasi kya amakumi abiri m'uganda,Cotton has become a major cash crop in the early 20th century Uganda.
"kakuba omuntu afwa, ekyaro kyona kija okunahukara, oba babamanyire muno rundi tibabamanyire","When someone has died, the whole village comes to pay respects, whether they knew them well or not."
omutezi wenanga naija kuteranizaho omulere ha bandi,The harmonica player has added a bluesy feel to the band's sound.
okubaira emiti nambere ebaire etemerwe nikija kugaraho irindiro lyebesoro by'omukisaka mukicweka byali nambere,The reforestation project will bring back wildlife that had disappeared from the area.
omulimi ayombire omusiri wiiki gwamuhogo ehwaire,The farmer weeds his cassava field last week.
ninyenda okusara sukali,I needed to cut down on sugar.
okubaira emiti nambere ebaire etemerwe nikija kugaraho irindiro lyebesoro by'omukisaka mukicweka nambere byali,The reforestation project will bring back wildlife that had disappeared from the area.
nyinenkuru nyowe arukaka ebigega eby'akatale kumara emyaka nyingi,My grandmother weaves baskets for the market for many years.
Abebyokuseruliriza bakaba nibecumitiriza obubarozire emiringo y'ebinyonyi ebihyaaka.,The researchers were studying bird migration patterns when they discovered a new species.
enyange nija kwemera kurungi muno omumaizi gahaihi,The egret will stand perfectly still in the shallow water.
"kakuba isomero nirinja kukubuza obusinge, tekerezamu haliyo omulingo gundi gwona","If school will make you miserable, consider whether there's another way."
"nkaba nttaine kuninhira kwona ngu ninyija kusobora eka kugura eyang,baitu ndi hanu, nitekakaho omukono hakipapura wiiki erukwija","I never have thought l'd be able to buy mu own home, but here l am, signing the papers next week."
ekitebe ky'abantu kisagikire bandi okuterayo akazina kandi kamu,The crowd has cheered for the band to play one more song.
tuzika abafu baitu nambere omwitaka baisenkuru itwe bahumura,We bury our dead in the ground where our ancestors rest.
eka yaitu nija kujaguzaga amagesa namazina itaka agokusima,Our family will always celebrate the harvest with a dance that thanks the earth.
ndozirege ebituuru byebisisaru ebisarazirwe ebirukugambaho oruganikyo rwomukama owamaani kiro kyaijo,I watched a shadow puppet show that told the story of a great king yesterday.
"orayenda okwetegereza ebyobuhangwa baitu, tandika n'ebyokulya baitu","If you will want to understand our culture, start with our food."
yanyegeseze nuwe ngu tikine buzibu bwona okusaba obukonyezi,He was the one who taught me that it's okay to ask for help.
embya yomukisaka ekahambya impala mayiro nyingi okuhikya ejwahire,The wild dog chased the impala for miles until it tired out.
kotoni ebaire kirimwa kyasente muno mukyasi amakumi kya abiri m'uganda,Cotton has become a major cash crop in the early 20th century Uganda.
kakuba ntararabirweho baasi ekiro eki tinakutangaine engajani yange.,"if i hadn't missed the bus that day, i never would have met my best friend."
bakitunzi batangatangaine kiguzi omukuru,The sales team has presented to a major client.
omutendereza naija abakuru kumanyira nekizina kye ijo,The praise singer will honor the chief's bravery with his song yesterday.
ebizina byenzarwa hamu n'okucekeca n'orunyegebirabaga mubuli mukoro,Traditional music and will dance accompained ceremonies.
izaniroly'emizano erihyakalitekanizibwe shakespeare plays buli musizoni y'omusana,The new theater staged Shakespeare plays every summer.
omulimi agesa amacande ge kandi hakyoma yagatwara ijo,The farmer harvests his sunflower and took it for pressing yesterday.
okubura kwamaizi kukatalibaniza ebyobulimi omukicweka,The water scarcity affected agricultural production in the region.
"kakuba mba nkugambire ekintu ekiniga, ngu tokwija kukirugaho-nokirabam","If I have told you one thing grief, it's you never get over it-you get through it."
omunya gukacicya omukira gwako kandi hali katoroka ekinyonyi,The skink wiggled its tail and escaped from the bird's grasp.
"kakuba likuburanganize isomero obusinge, tekerezamu kakuba haba haliyo omulingo gundi gwona","If school has made you miserable, consider whether there's another way."
igana lyabantu nirija kusemererwa omukoro gutakatandikire,crowd will buzz with excitement before the show starts.
noija kwetagisa okutekaho kwokya rundi aisi nambere hatungire obuhuta,You will need to apply heat or ice to the injured area.
nyinenkuru nyowe ebigega arukaka eby'akatale kumara emyaka nyingi,My grandmother weaves baskets for the market for many years.
egali y'omwika eraba aheru y'orubuga neja kuba nungi muno nti nkaba okubyama ntasobora ntagirozire,The train ride through the countryside will so be beautiful that i did'nt sleep a wink.
"omurundi gw'okubanza nkagenda mwoyomubudabuda, nkatina ekinazonzora hali nyowe","The first time I have gone to therapy, I was terrified of what I might discover about myself."
cukamba y'omuyanja nejakuturukya ehuzo zamakamba okwerwanaho,The sea cucumber will squirt sticky threads to defend itself.
ninyenda okusara sukali,I needed to cut down on sugar.
Kiro kyaijo ahaisanizeege omuzini omunyoro habwo bumanzibwe.,The praise singer honored the chief's bravery with his song yesterday.
nkasiga ekihemeheme kandi kandi nakisindika hamutimbagano ijo,I draw a funny cartoon and posted it on social media yesterday.
"kakuba nakugambira ekintu kimu hali ekiniga, kiri tokwija kukirugaho-nokirabamu","If I will tell you one thing grief, it's that you never get over it-you get through it."
abekento alipota bamalirizege y'omwaka,The finance team has finalized the annual report.
ndozirege ebituuru byebisisaru ebisarazirwe ebirukugambaho rwomukama oruganikyo owamaani kiro kyaijo,I watched a shadow puppet show that told the story of a great king yesterday.
"gunu omurundi erukwija, tubyamire hamusa gwenyanja","This time next week, we have lied on a beach."
Ekitebe kikahwahi omumwaka ogwa 1977 habwobutetegerezangana omubyendema.,The community collapsed in 1977 due to political differences.
ebizina byenzarwa hamu n'okucekeca n'orunyege biba mubulimukoro,Traditional music and danced accompained ceremonies.
ekyaro kaitu kiguma nikiyamba abo boona abatakwesobora,Our village always helped those who are in need.
abantu baisoroize omuka y'omunyoro habworukurato,People have gathered at the chief's house for the meeting.
Nuwe yangambiire ngu kusaba kirungi obuyambi.,He's the one who taught me that it's okay to ask for help.
Abaikazi bombekere ibandiro lihyaka haiziba ly'emirwa.,The community has built a new shrine at the sacred spring.
omulimi agesire amacande ge kandi yagatwara hakyoma,The farmer has harvested his sunflower and took it for pressing yesterday.
omusoro gwa aberambanda nigwija kuhambiriza omubusibi,Colonial taxation will force many into wage labor.
"kakuba oraba ogondeze okumanya ebyobuhangwa baitu, tandika n'ebyokulya baitu","If you have wanted to understand our culture, start with our food."
"mutabani wange akagwize,""ruhanga ali nkaha?"" nasonga hamutima gwange n'ogwe","My son asked me,""Where is God?""I pointed to my heart and his."
"hakumalira ye kyasa kinu, tuhindwire enkoragana yaitu n'ebyobuhangwa","The the end of this century, we have transformed our relationship with nature."
abaserurizi basomereho endubata y'ebinyonyi obu bazonzoire ekika ekihyaka ekyebinyonyi,The researchers have studied bird migration patterns when they discovered a new species.
embuzi bakaziha omubazi gw'enjoka nkabulikiro,The goats were regularly dewormed.
omukazi aija kukora omukeeto emyaka kumara nyingi atakafokere CFO,She will work in the accounting department for years before she became CFO.
abasaija abato bakombekere orugo oruhyaka r'ente,The young men built the new kraal for the cattle.
"Omwehanga hangi ekisisani nyaisatu akaiihamu kurungi ,mukikuya kyomuti kimu kiti.",The sculptor has chiseled a figure out of a single block of wood.
ekitebe kyabantu kikasagika bandi okuterayo akazina kandi kamu,The crowd cheered for the band to play one more song.
omunya gucikize omukira gwako kandi katoroka hali ekinyonyi,The skink has wiggled its tail and escaped from the bird's grasp.
Pamba ekafooka ekirimwa ekirukuleeta entahya omu Uganda omukutandika okwekyasa ekya 20.,Cotton became a cash crop in the early 20th century Uganda.
"omwaka gw'enkumi ibiri asaatu, tutungire okukeha kwingi muno mukukeha kw'ebyobuhanga","By 2030, we have achieved a significant reduction in the loss of biodiversity."
"ekiniga kiaizira omubicweka ebiro ebimu nisobora kwikya, ebiro ebindi tinkusobora","The grief came in waves some days l can breath, some days l can't."
omutezi naijakuteranizaho wenanga omulere ha bandi,The harmonica player will add a bluesy feel to the band's sound.
ninyija kusunga ekituru kyomutini ekirikyoleka ngu kikagamba oruganikyo orw'omukama owamani ijo,I will watch shadow puppet show that told the story of a great king yesterday.
abazirweneho nibaija kugaruka n'ebitekerezo ebihyaka n'okunihira,Veterans will return with new ideas and expectations.
irwaro nirija kugira eryahuro ry'ebitabu byabarwaire ebirukukwataho obwomezi bwabo,The hospital will have a patient library with health information.
"omurundi gw'okubanza okugenda mwoyomubudabuda, nkatina ekinazonzora hali nyowe","The first time I go to therapy, I was terrified of what I might discover about myself."
nuwe akwija okunyegesa ngu tikine buzibu bwona okusaba obukonyezi,He will be the one who taught me that it's okay to ask for help.
"kakuba gavumenti eba ekendize omuhendo gwa sola pano, abantu baingi nibaija kutandika kukozesa amasanyarazi",If the government has subsidized solar more people would use renewable energy now.
ebiro bisaatu murubuga orutubaire tutwetekanizi kubungira,Three days in a city we never planned to visit.
"omukazi akangambira,""omusana nigwija kujwa nyenkya,kandi naiwe oti.""","She told me,""The sun rise again tomorrow, and so will you""."
Noija kwetaaga kujwara ekiseminti kumara sabiiti mukaaga.,You'll to wear a cast for six weeks.
omukazi aija kukora omukeeto kumara emyaka nyingi atakafokere CFO,She will work in the accounting department for years before she became CFO.
egali y'omwika eraba aheru y'orubuga neja kuba nungi muno nti nkaba ntasobora okubyama ntagirozire,The train ride through the countryside will so be beautiful that i did'nt sleep a wink.
ekika ky'ababiito kiremere bunyoro kurugira kimu omkyasi kya 16th,The Babiito dynasty ruled Bunyoro since the 16th century.
cukamba y'omuyanja nejakuturukya ehuzo zamakamba okwerwanaho,The sea cucumber will squirt sticky threads to defend itself.
embuzi nizihebwa omubazi gwenjoka buli kasumi,The goats are being dewormed
"nyikaire ntakukinihira ngu ninyija kugura eka yange, baitu ndi hanu, ninyija kutekaho omukono hakipapura wiiki ekwija","I never will think l'd be able to buy mu own home, but here l am, signing the papers next week."
Ntaaha nyine obuleemezi okutekaho omutiima.,I've been having difficulty concetrating.
omulimi ayombire omusiri gwe gwamuhogo wiiki ehwaire,The farmer has weeded his cassava field last week.
arolerire kumara ekitebe emyaka atakabaire mukuru,She has managed a team for years before she became director.
egali y'omwika eraba aheru y'orubuga ebaire nungi muno nti nkaba ntasobora kubyama ntagirozire,The train ride through the countryside has so been beautiful that i did'nt sleep a wink.
omutendereza amanyira abakuru nekizina kye ijo,The praise singer honors the chief's bravery with his song yesterday.
"kakuba obaire noyenda okwetegereza ebyobuhangwa baitu, tandika n'ebyokulya baitu.","If you wanted to understand our culture, start with our food."
ataaha omukazi naworoza hamu nokulinda,She had been collecting indigenous seeds for preservation.
"kakuba isomero nirinja kukubuza obusinge, tekerezamu kakuba haba haliyo omulingo gundi gwona","If school will make you miserable, consider whether there's another way."
abantu nibaija kwesoroza y'omunyoro omuka habw'orukurato,People will gather at the chief's house for the meeting.
omusaija ateka sente ze omumasamba,He invests in a real estate investment trust.
omutendereza amanyirire abakuru nekizina kye ijo,The praise singer has honored the chief's bravery with his song yesterday.
Abasungi nibaseyeya enyuma nomumaiso habwekizina ekiruugenda mpora mpora.,The crowd is swaying back and forth to the slow music.
enyange nija kwemera kurungi muno gahaihi omumaizi,The egret will stand perfectly still in the shallow water.
"Kakuba omuswija gutakeeha kikahika nyekya, ogaruke karwarro. omu","If the fever doesn't go down by tomorrow, come back to the clinic."
enkoragana empyaka eyobusubuzi ekaimukya ebitundwa ye bw'obulimi aheru yihanga,The new trade deal boosted agricultural exports.
"kakuba omuntu afwa, ekyaro kyona kija okunahukara, babamanyire oba muno rundi tibabamanyire","When someone died, the whole village comes to pay respects, whether they knew them well or not."
"kakuba basi etalindekere ekiro eki, tinandibwoine munyani wange muno.","If i did not miss the bus that day, i never would have met my best friend."
enyunyuzi zakire muno ekiro kukira omumwanya ebitara by'omurubuga,The stars have brightly shone in the night sky away from city lights.
ebizina byenzarwa hamu n'okucekeca n'orunyege bibaire mokijaguzo,Traditional music and has danced accompained ceremonies.
"kakuba oraba ogondeze okumanya ebyobuhangwa baitu, tandika n'ebyokulya baitu","If you have wanted to understand our culture, start with our food."
"Omwehanga hangi ekisisani nyaisatu , akaiihamu kurungi ,mukikuya kyomuti kimu kiti.",The sculptor has chiseled a figure out of a single block of wood.
"Kakuba ntaratungire obumanzi bw'okubaza nawe eki, twakuferirwe buno obunywani.","If l hadn't mustered the courage to talk to her that day , we would have missed out on this friendship."
ebihuka nibija kurubatira murukara bihimbire ebisosonkole nibibigara omukiju,The ants will in a long line carrying crumbs back to their nest.
nija kugura mu ebintu supamaketi buli wiiki,I will buy groceries from the supermarket every week.
"Kakuba omuswija gutakeeha kikahika nyekya, ogaruke omu karwarro.","If the fever doesn't go down by tomorrow, come back to the clinic."
okutwarwa kwitaka kihambiriza abalimi okuleka itaka lyabo kandi bagenda mumbuga,The soil erosion forces farers to abandon their land and move to cities.
arolerire ekitebe kumara emyaka atakabaire mukuru,She managed a team for years she became director.
"Obusasi bwija nkebigonzi ebiro ebimu ninyikya ,ebiro ebindi tindukusobora.","The grief comes in waves some days l can breath , some days l can't."
obujanjabi bukozire hamu n'emibazi endi,The medication has interacted with other drugs.
enkoragana empyaka eyobusubuzi imukya ebitundwa ye bw'obulimi aheru yihanga,The new trade deal boosts agricultural exports.
ebyafayo eby'okubaza byayolekaga okwijuka kw'abantu abakuru,Oral history projected record elders ' memories.
cukamba y'omuyanja nejakuturukya ehuzo zamakamba okwerwanaho,The sea cucumber will squirt sticky threads to defend itself.
"kakuba nakugambira ekintu kimu hali ekiniga, kiri ngu tokwija kukirugaho-nokirabamu","If I will tell you one thing about grief, it's that you never get over it-you get through it."
abantu nibaija kwehumuzamu habizina ebymporampora,The crowd will back sway and forth to the slow music.
ngura ebintu omu supamaketi buli wiiki,I bought groceries from the supermarket every week.
nkairukira mwamunwani wange omukuru ijo,I run into an old friend yesterday.
enyange ekaimera kurungi mumaizi gahaihi,The egret stood perfectly still in the shallow water.
bikahambirize ebyefuna emihendo y'ebintu okweyongera muno,The economy faced inflationary pressures.
atunga ha okwimukiza mulimo,He receives a raise at work.
okuhandika kwabaramagi nikwija okutandika omukyasa kya 19th m'uganda,Missionary writings will document 19th century Uganda.
nkega nyeka nobukuba ndi muburumi-nikimanyisa nkyali mwomezi,I learned to be grateful even in pain-it means I'm still alive to feel.
yanyegeseze nuwe ngu tikine buzibu bwona okusaba obukonyezi,He was the one who taught me that it's okay to ask for help.
okutwarwa kwitaka kihambiriza abalimi okuleka itaka lyabo kandi bagenda mumbuga,The soil erosion forces farers to abandon their land and move to cities.
abaserurizi basomereho endubata y'ebinyonyi bazonzoire obu ekika ekihyaka ekyebinyonyi,The researchers have studied bird migration patterns when they discovered a new species.
tukhaire hali okusima emyoyo y'omurusozi habwe emyandara na amabale,We have given thanks to the spirits of the mountains for the rocks and stones.
gavumenti etairo enkora empyaka hali abalimi abakulima ebyokulya,The government has provided subsidies for farmers who practice sustainable agriculture.
tuzikire abafu baitu omwitaka nambere baisenkuru itwe bahumura,We have buried our dead in the ground where our ancestors rest.
birubatire ebihuka hamu omurukara bihimbire ebisosonkole nibibigara omukiju,The ants have marched in a long line carrying crumbs back to their nest.
omukazi naija kusoroza embibo entoro z'okwahura,She will collect indigenous seeds for preservation.
ekyoma kyomubaizi kikabaija ekisisani kuruga omukihinju kyekiti,The sculptor chiseled a figure out of a single block of wood.
omunya ruraiha rahuhanyga kira yairuka ekinyonyi kugikwaata,The skink wiggled its tail and escaped from the bird's grasp.
kaitu ekyaro kiraguma nikiyamba abo boona abatakwesobora,Our village will always help those who are in need.
nsabire obusnge omumadini gona-ntwena tuli bana baruhanga omu,I have prayed for peace among all religions-we're all children of the God.
izaniro ly'emizano elihyaka balitekanize shakespeare azanira buli musizoni y'omusana,The new theater has staged Shakespeare plays every summer.
"hakumalira y'omusomo gunu, ni twija kuba twegeseze abalimi orukumi rumu omukukozesa orwezo kuruga omubijunzire","By the end of this project, we train one thousand farmers in organic methods."
Akarwarro kaheereza obuheereza obukwatiraine n'okuzaara.,The clinic provides prenatal care for expectant mothers.
izaniro ly'emizano elihyaka balitekanize shakespeare azanira buli musizoni y'omusana,The new theater has staged Shakespeare plays every summer.
abantu nibaija kwesoroza omuka y'omunyoro habw'orukurato,People will gather at the chief's house for the meeting.
"Obuntekereza ngu nkyetegeriize,nubwo nyega ekintu ekihyaka.","Everytime I think I've figured it out, I learn something new."
egali y'omwika eraba aheru y'orubuga ebaire nungi muno nti nkaba ntasobora kubyama ntagirozire,The train ride through the countryside has so been beautiful that i did'nt sleep a wink.
abekento kumaliriza nibaija alipota y'omwaka,The finance team will finalize the annual report.
abantu bakehumuzamu ebyamporampora habizina,The crowd back swayed and forth to the slow music.
okutwarwa kwitaka nikwija okuletera abalimi okuleka itaka lyabo bakagenda kandi mumbuga,The soil erosion will force farers to abandon their land and move to cities.
enyange imerire kurrngi muno omumaizi gahaihi,The egret has stood perfectly still in the shallow water.
oyetagisize okutekaho okwokya rundi nambere hantungire obuhuta,You have needed to apply or ice to the injured area.
"kakuba gavumenti eba ekendize omuhendo gwa sola pano, abantu baingi nibaija kutandika kukozesa amasanyarazi",If the government has subsidized solar more people would use renewable energy now.
kotoni naija kuba kirimwa mukyasi kyasente kya amkumi abiri m'uganda,Cotton will become a major cash crop in the early 20th century Uganda.
nijnja kwenga kwenyumirizamu nobukuba ndi omuburumi-nikimanyisa nkyali mwomezi,I will learn to be grateful even in pain-it means I'm still alive to feel.
nsabire obusnge omumadini gona-ntwena tuli bana baruhanga omu,I have prayed for peace among all religions-we're all children of the same God.
abekento alipota bamalirizege y'omwaka,The finance team has finalized the annual report.
abasaija abato bakombekere orugo r'ente oruhyaka,The young men built the new kraal for the cattle.
NRA ekora ekatandikaho endi,The NRA developed a parallel administration.
ekika kyababiito kilema kurugira kimu omukyasa kya 16th,The Babiito dynasty rules Bunyoro since the 16th century.
omutezi wenanga naija kuteranizaho omulere ha bandi,The harmonica player has added a bluesy feel to the band's sound.
izaniro ly'emizano elihyaka balitekanize shakespeare azanira musizoni y'omusana,The new theater has staged Shakespeare plays every summer.
Nsabira amadiini goona omugisa-itwena tuli baana ba Ruhanga omu.,I pray for peace among all religions-we're all children of the same God.
omunya gucikize omukira gwako kandi katoroka hali ekinyonyi,The skink has wiggled its tail and escaped from the bird's grasp.
nkasabira omumadini obusinge gona- ntwena tuli baana baruhanga omu,I prayed for peace among all religions-we're all children of the same God.
"mutabani wange akagwize,""ruhanga ali nkaha?"" nasonga hamutima gwange n'ogwe","My son is God?""I pointed to my heart and his."
omukago gw'obusubuzi omuhyaka gwimukize ebitundwa aheru,The new trade deal has boosted exports.
"kakuba omuntu omukyaro afwa kyaitu, abantu bona besoroza baija okusagika eka","When someone die in our village, the whole community together came to support the family."
"kakuba omuntu afwa omukyaro kyaitu, abantu bona baija baije kwesoroza okusagika eka","When someone die in our village, the whole community has together come to support the family."
omutendereza amanyira abakuru nekizina kye ijo,The singer honors the chief's bravery with his song yesterday.
taxi empyaka bakagitandikaho omwaka oguhwaire,The new tax was implemented next year.
ekika kaitu kigira engeri y'okutangira omwaka omuhyaka eyembaganiza,Our clan has had own special way of welcoming the new year.
naija omulimi kwombera omusirigwe gwamuhogo wiiki ekwija,The farmer will weed his cassava field next week.
"ekiniga nikija kwija omubicweka ebiro ebimu nisobora kwikya, ebiro ebindi tinkusobora","The grief will come in waves some days l can breath, some days l can't."
nkatera ekihemeheme kandi nakisindika hamutimbagano ijo,I have drawn a funny cartoon and posted it on social media yesterday.
atafike omugabo gwa bakama babizinesi,He never missed a dividend payment.
Ebiro bisatu omu rubuga kobunga.,in a city we'd planned to visit.
okucamuka kwamabale omwitak hansi nikwija kuletaho okuhangwaho obuhanga muhagati y'enyanja,The volcanic eruption will create a new island in the middle of the ocean.
"kakuba gavumenti erakehya omuhendo gwa sola pano, abantu baingi nibaija kutandika kukozesa amasanyarazi","If the government will subsidize solar panels, more people would use renewable energy now."
ekyoma kyomubaizi kikabaija kuruga ekisisani omukihinju kyekiti,The sculptor chisels a figure out of a single block of wood.
ekika kaitu kigira engeri y'okutangira omwaka omuhyaka eyembaganiza,Our clan has had its own special way of welcoming the new year.
Ntiirelye ebisisani rudingisa nabusindika hamura kiro kyaijo.,I drew a funny cartoon and posted it on social media yesterday.
"kakuba obaire noyenda okwetegereza ebyobuhangwa baitu, tandika n'ebyokulya baitu.","If you wanted to understand our culture, start with our food."
"kakuba gavumenti etekamu omubintu sente ebikyegarukamu kara, ntusobora okuba nebyobuhangwa ebiyonjo","If the government invests in renewable energy earlier, we could have a cleaner environment now."
omutendereza amanyirire abakuru nekizina kye ijo,The praise singer has honored the chief's bravery with his song yesterday.
nyinenkuru nyowe arukire ebigega eby'akatale kumara emyaka nyingi,My grandmother has woven baskets for the market for many years.
okucamuka kwamabale hansi omwitaka kuleterire okuhangwaho obuhanga muhagati y'enyanja,The volcanic eruption has created a new island in the middle of the ocean.
embya yomukisaka ekahambya impala mayiro nyingi okuhikya ejwahire,The wild dog chased the impala for miles until it tired out.
noyetagisibwa okaire okuba oyonjire amaino gawe emirundi ebiri buli mwaka,You have needed to have your teeth cleaned twice a year.
omusomesa wange owunyenda naija kungamba nkaba nyina ekisembo kyokuhandika ebigambo ebi bikasigara nanye,My favorite teacher will tell me that i had a gift- for writing those words stayed with me.
akatebe nikahayo akatunzi hali omuguzi owamaani,The sales team is presenting to a major client.
enyange ekaimera kurungi muno mumaizi gahaihi,The egret stood perfectly still in the shallow water.
akahuka nikaija kujanjara muno mubantu,The virus will widely circulate in the community.
okubura kwamaizi kutalibaniza ebyobulimi n'obulisa omukicweka,The water scarcity affects agricultural in the region.
"kakuba ntatunge okwegaramu obumanzi nkabaza nawe kirokinu, titwanditungire obuyani bunu","If l will not muster the courage to talk to her that day, we would have missed out on this friendship."
akahuka kajanjaire muno mubantu,The virus widely circulated in the community.
nkaba nyine obuzibu n'okutekana ahahuliriza,I had difficulty concetrating.
"nkaba ntakunihira ngu nisobora okugura eka yange, baitu ndi hanu, nitekaho omukono hakipapura wiiki ekwija","I never thought l'd be able to buy mu own home, but here l am, signing the papers next week."
enyunyuzi nizija kwaka muno ekiro omumwanya kukira ebitara by'omurubuga,The will brightly shine in the night sky away from city lights.
anaga ejura azinire nukwo enjura egwe egi eyitubaire nitwendera ebirimwa ijo,The rainmaker has danced to bring the rain that we need for the crops yesterday.
embya y'omukisaka ehambizege impala mayiro okuhikya ejwahire,The wild dog has chased the impala for miles until it out.
cukamba y'omuyanja eturukize ehuzo zamakamba okwerwanaho,The sea cucumber has squirted sticky threads defend itself.
omulimi ayombire omusiri gwe wiiki gwamuhogo ehwaire,The farmer has weeded his cassava field last week.
izaniroly'emizano erihyakalitekanizibwe shakespeare plays buli musizoni y'omusana,The new theater staged Shakespeare plays every summer.
akatebe akatunzi nikahayo hali omuguzi owamaani,The sales team is presenting to a major client.
"kakuba bus etandekere, tinanditangatangaine munyani wange muno","If i have not missed the bus that day, i never would have met my best friend."
atafike omugabo gwa bakama babizinesi,He never missed a dividend payment.
omukazi abaire nakorra mukeeto kumara emyaka atkabaire CFO,She works the accounting department for years before she became CFO.
eka yaitu nija kujaguzaga amagesa namazina agokusima itaka,Our family will always celebrate the harvest with a dance that thanks the earth.
okuhandika kwabaramagi nikwija okutandika omukyasa kya 19th m'uganda,Missionary writings will document 19th century Uganda.
Pamba ekafooka ekirimwa ekirukuleeta entahya omu Uganda okwekyasa omukutandika ekya 20.,Cotton became a major cash crop in the early 20th century Uganda.
embya yomukisaka ekahambya impala mayiro nyingi okuhikya ejwahire,The wild dog chased the impala for miles until it tired out.
omukazi ayegere hakulima n'okulisa okwokwebaisaho,She has learned about sustainable agriculture.
"Obuntekereza ngu nkyetegeriize,nubwo nyega ekintu ekihyaka.","Everytime I think I've figured it out, I learn something new."
"hakumalira ye kyasa kinu, tuhindura ekoragana n'ebyobuhangwa yaitu","The the end of this century, we transform our relationship with nature."
omusomesa wange owunyenda agambire ngu nkaba nyine ekisembo kyokuhandika ebigambo ebi bikasigara nanye,My favorite teacher has told me that i had a gift- for writing those words stayed with me.
ninyija okugira obuzibu by'okutekana n'okuhuliriza,I will have difficulty concetrating.
okubaira emiti nambere ebaire etemerwe kigarwireho irindiro lyebisoro byomukisaka mukicweka nambere byali,The reforestation project has brought back wildlife that had disappeared from the
"kakuba omuntu afwa omukyaro kyaitu, abantu bona nibaija kwesoroza baije okusagika eka","When someone die in our village, the whole community will together come to support the family."
"kakuba basi etandeka eki ekiro, tindikwija kurora munyani wange muno","If i will not miss the bus that day, i never would have met my best friend."
ekyoma kyomubaizi kikabaija ekisisani kuruga omukihinju kyekiti,The sculptor chiseled a figure out of a single block of wood.
omusaija naija kuteka sente omumasamba,He will invest in a real estate investment
ninyijuka akasumi nikimanya akaba munyani owamazima-atansekereze omukasumi obukaba nidi kubi,I remembered the exact moment l knew she a true friend - when she didn't laugh at my worst moment.
asoraize omukazi embibo entoro z'okwahura,She has collected indigenous seeds for preservation.
embya y'omukisaka nija kuhambya impala mayiro nyingi okuhikya ejwahire,The wild dog will chase the impala for miles until it tired out.
"ekiniga kizirege omubicweka ebiro ebimu ninsobora okwikya, ebiro ebindi tinkusobora","The grief has come in waves some days l can breath, some days l can't."
ekika kaitu nikija kugira engeri omwaka y'okutangira omuhyaka eyemabaganiza,Our clan will have its own special way of welcoming the new year.
obaire noyenda okutekaho okwokya rundi aisi nambere hatunire obuhuta,You needed apply heat or ice to the injured
"kakuba gavumeti eratekamu sente omubintu ebikwegarukamu kara, okuba ntusobora n'ebyobuhangwa ebiyomjo","If the government will invest in renewable energy earlier, we could have a cleaner environment now."
ebyafayo eby'okubaza nibija kwoleka okwijuka kw'abantu abakuru,Oral history will project record elders ' memories.
ekika kaitu kikaba kine engeri y'okutangira omwaka omuhyaka eyembaganiza,Our clan had its own special way of welcoming the new year.
nguzire ebuntu omu buli supamaketi wiiki,I have bought groceries from the supermarket every week.
noyetagisibwa okuyonja amaino gawe ebiri emirundi buli mwaka,You needed to have your teeth cleaned twice a year.
ebihuka nibija kurubatira murukara ebisosonkole bihimbire nibibigara omukiju,The ants will march in a long line carrying crumbs back to their nest.
enkoragana empyaka eyobusubuzi imukya ebitundwa ye bw'obulimi aheru yihanga,The new trade deal boosts agricultural exports.
enyunyuzi nizija kwaka ekiro muno omumwanya kukira ebitara by'omurubuga,The stars will brightly shine in the night sky away from city lights.
Pamba ekafooka ekirimwa ekirukuleeta entahya omu Uganda omukutandika okwekyasa ekya 20.,Cotton became a cash crop in the early 20th century Uganda.
cukamba y'omuyanja ehuzo eturukize zamakamba okwerwanaho,The sea cucumber has squirted sticky threads to defend itself.
naija okundindisa okumara esha yona,She will make me wait for an hour.
abaserurizi nibaija kusoma endubata y'ebinyonyi obu barazonzora ekika ekihyaka ekyebinyonyi,The researchers will study bird migration patterns when they discovered a new species.
Omubazi nigusobora kukoragana n'emibazi endi.,The medication may interact with other drugs.
naija okundindisa okumara esha yona,She will make me wait for an hour.
takafikaga omugabo gwa abakama babizinesi,He has never missed a dividend payment.
"Kakuba ndi wokukugambira ekintu kimu hali enaku, nikyo ngu otaligyehugura-ogirabemu.","If I could tell you one thing about grief, it's that you never get over it-you get it."
nkatera ekihemeheme kandi nakisindika hamutimbagano ijo,I have drawn a funny cartoon and posted it on social media yesterday.
ebihuka bikarubatira hamu murukara bihimbire ebisosonkole nibibigara omukiju,The ants marched in a long line carrying crumbs back to their nest.
Abasigazi orugo nibakora rw'ente.,The young men are building the new kraal for the cattle.
enkoragana empyaka eyobusubuzi ekaimukya ebitundwa ye bw'obulimi aheru yihanga,The new trade deal boosted agricultural exports.
Uganda ey'ekyasa ekya 19 eri omubihandiiko ebyabakwenda abenjiri.,Missionary writings document 19th century Uganda.
"ekiniga kiaizira ebiro omubicweka ebimu nisobora kwikya, ebiro ebindi tinkusobora","The grief came in waves some days l can breath, some days l can't."
obujanjabi byasente nyingi baitu nibukoraho,The treatment was expensive but effective.
"omukazi abaire agambire,""izoba nirija kwimuka nyenkya,kandi naiwe oti.""","She has told me,""The sun will rise again tomorrow, and so will you""."
abekento bamalirize alipota y'omwaka,The finance team finalized the annual report.
ndozirege ebituuru byebisisaru ebisarazirwe ebirukugambaho oruganikyo rwomukama owamaani kiro kyaijo,I watched a shadow puppet show that told the story of a great king yesterday.
tarukwija kufika omugabo gwa abakama babizinesi,He will never miss a dividend payment.
tihakwija kuba kintu kibi nkokurubata mukigana otaine sokisi,There will be nothing worse than stepping in a puddle with on.
eka yaitu ebaire nejaguza amagesa namazina agokusima itaka,family has always celebrated the harvest with a dance that thanks the earth.
"kakuba gavumenti ekehya omuhendo gwa sola pano, abantu baingi nibaija kutandi kukozesa amasanyarazi","If the government subsidizes solar panels, more people would use renewable energy now."
okubura kwamaizi kutalibaniza ebyobulimi omukicweka n'obulisa,The water scarcity affects agricultural production in the region.
"kakuba gavumenti ebaire etairemu sente kara, ntusobora okuba n'ebyobuhangwa","If the government has invested in renewable energy earlier, we could a cleaner environment now."
Ebiro omu bisatu rubuga orututatekanizaaga kobunga.,Three days in a city we'd never planned to visit.
okucamuka kwamabale hansi omwitaka kukabaruka kwaletaho okuhangwaho obuhanga muhagati y'enyanja,The volcanic eruption created a new island in the middle of the ocean.
Noija kwetaaga kujwara ekiseminti kumara sabiiti mukaaga.,You'll need to wear a cast for six weeks.
ebyafayo eby'okubaza nibija kwoleka okwijuka kw'abantu abakuru,Oral history will project record elders ' memories.
abasaija abato bakombekere orugo r'ente oruhyaka,The young men built the new kraal for the cattle.
ekyaro kaitu nikiyamba kibaire abo boona abatakwesobora,Our village has always helped those who are in need.
abaserurizi endubata basoma y'ebinyonyi obu bazonzora ekika ekihyaka ekyebinyonyi,The researchers study bird migration patterns when they discovered a new species.
NRA nejakutandikaho ekora endi,The NRA will develop a parallel administration.
akahuka kajanjaire muno mubantu,The virus has widely circulated in the community.
embina yomukisaka ekairukya empara habwa mairu nyingiho kuhirya obuyajwahire,The wild dog chased the impala for miles until it tired out.
nkasiga ekihemeheme kandi kandi nakisindika hamutimbagano ijo,I draw a funny cartoon and posted it on social media yesterday.
ebiro bisaatu murubuga tuturukwija orutubaire kwetekaniza kubungira,Three days in a city we will never plan to visit.
abaserurizi basoma endubata y'ebinyonyi bazonzora ekika ekihyaka ekyebinyonyi,researchers study bird migration patterns when they discovered a new species.
ekyoma kyomubaizi nikija kubaija ekisisani kuruga omukihinju kyekiti,The sculptor will chisel figure out of a single block of wood.
omulimi agesa amacande ge kandi yagatwara hakyoma ijo,The farmer harvests his sunflower and took it for pressing yesterday.
"kakuba isomero lyakubulize obusinge, tekerezamu kakuba haba haliyo omulingo gundi gwona","If school you miserable, consider whether there's another way."
ebyafayo eby'okubaza byolekere okwijuka kw'abantu abakuru,Oral has projected record elders ' memories.
buli muntu watangantangaine amanyire ekintu ky'otamanyire - nigw'omugisa kukyega,Every person you met knows something you don't — that's a chance to learn.
Ebiro bisatu omu rubuga orututatekanizaaga kobunga.,Three days in a city we'd never planned to visit.
Ekiro kyaijo omwigi w'enjura eyiturukwetaaga acekecerege kuleeta rnjura.,The rainmaker danced to bring the rain that we need for the crops yesterday.
bakozesa turakita okulima omusiri,They plow the fields using a tractor.
"hakumalira y'omusomo gunu, twegeseze abalimi orukumi rumu omukukozesa orwezo kuruga omubijuzire","By the end of this project, we have trained one thousand farmers in organic methods."
enkoragana empyaka eyobusubuzi imukize entundwa ye bw'obulimi aheru,The new trade deal has agricultural exports.
nyinenkuru nyowe naija kuruka ebibo eby'akatale kumara emyaka,My grandmother weave baskets for the market for many years.
Kiro kyaijo omuzini ahaisanizeege omunyoro habwo bumanzibwe.,The praise singer honored the chief's bravery with his song yesterday.
sitage y'ebyemizano empyaka shakespeare azanira buli musizoni youmsana,The new theater stages Shakespeare plays every summer.
oyetagisize okutekaho okwokya rundi aisi nambere hantungire obuhuta,You have needed to apply heat or ice to the injured area.
irwaro rigagira eryahuro ry'ebitabu byabarwaire ebirukukwataho obwomezi bwabo,hospital has had a patient library with health information.
izaniroly'emizano erihyakalitekanizibwe shakespeare plays buli musizoni y'omusana,The new theater staged Shakespeare plays every summer.
okuhandika kukatandikwaho kwabaramagi omukyasa kya 19th om'uganda,Missionary writings have documented 19th century Uganda.
ebiro bisaatu murubuga orutubaire tuturukwija kwetekaniza kubungira,Three days in a city we will never plan to visit.
akatebe akatunzi nikahayo hali omuguzi owamaani,The sales team is presenting to a major client.
"kakuba gavumenti etekamu omubintu sente ebikyegarukamu kara, ntusobora okuba nebyobuhangwa ebiyonjo","If the government invests in renewable energy earlier, we could have a cleaner environment now."
"Kakuba ntaratungire obumanzi bw'okubaza nawe eki, twakuferirwe buno obunywani.","If l hadn't mustered the courage to talk to her that day , we would have missed out on this friendship."
okutwarwa kwitaka kukaletera abalimi okuleka itaka lyabo kandi ummbuga bakagenda,The soil erosion forced farers to abandon their land and move to cities.
okucamuka kwamabale hansi omwitak nikwija kuletaho okuhangwaho obuhanga muhagati y'enyanja,The volcanic eruption will create a new island in the middle of the ocean.
NRA ekatandikaho ekora endi,The NRA developed a parallel administration.
"kakuba gavumenti etekamu sente omubintu ebikyegarukamu kara, ntusobora okuba nebyobuhangwa ebiyonjo","If the government invests in renewable energy earlier, we could have a cleaner environment now."
okutwarwa kwitaka nikwija okuletera abalimi okuleka itaka lyabo kandi bakagenda mumbuga,The soil erosion will force farers to abandon their land and move to cities.
"kakuba omuro guba tigugwire mpaka nyenkya, ogaruke hairwaro","If the fever has not gone down by tomorrow, come back to the clinic."
Ekka yaitu ejaguza amagesa na mazina ag'okusiima ensi.,Our family has always celebrated the harvest with a dance that thanks the earth.
omukazi akasoroza embibo entoro z'okwahura,She collects indigenous seeds for preservation.
Uganda ey'ekyasa ekya 19 eri omubihandiiko ebyabakwenda abenjiri.,Missionary writings document 19th century Uganda.
omwaka gw'enkumi ibiri asaatu tukatunga okukeha kwingi muno habwokusisikara kwobuhangwa,"By 2030, we achieved a significant reduction in the loss of biodiversity."
"kakuba oraba ogondeze okumanya ebyobuhangwa baitu, tandika n'ebyokulya baitu","If you have wanted to understand our culture, start with our food."
nkatera ekihemeheme kandi nakisindika hamutimbagano ijo,I have drawn a funny cartoon and posted it on social media yesterday.
Omwegesa wange owungonza akagamba nyine ekisembo ky'okuhandiika -ebyo ebigambo bikaguma nanye.,My favorite teacher told me that i had a gift- for writing those words stayed with me.
Balimire amawinde nibakozesa karakita.,They have plowed the fields using a tractor.
akaire ruko kamu sabbiti erukwija nitwija kuhumuraho ha mwaro,"This time next week, we'll be lying on a beach."
embuzi nibaja kuziha omubazi gw'enjoka nkabulikiro,The goats will regularly dewormed.
Kiro kyaijo omuzini ahaisanizeege omunyoro habwo bumanzibwe.,The praise singer honored the chief's bravery with his song yesterday.
nijnja kwenga nobukuba ndi omuburumi-nikimanyisa nkyali mwomezi,I will learn to be even in pain-it means I'm still alive to feel.
ebiro murubuga bisaatu orutubaire tutwetekanizi kubungira,Three days in a city we never planned to visit.
nyinenkuru nyowe kuruka naija ebibo eby'akatale kumara emyaka nyingi,My grandmother will weave baskets for the market for many years.
abekento nibaija kumaliriza alipota y'omwaka,The finance team will finalize the annual report.
irwaro rigagira eryahuro ry'ebitabu byabarwaire ebirukukwataho obwomezi bwabo,The hospital has had a patient library with health information.
ebiro bisaatu murubuga orutubaire kwetekaniza kubungira,days in a city we will never plan to visit.
"kakuba okwegaramu ntatunge obumanzi nkabaza nawe kirokinu, titwanditungire obuyani bunu","If l will not muster the courage to talk to her that day, we would have missed out on this friendship."
"omukazi abaire agambire,""izoba abaire nirija kwimuka nyenkya,kandi naiwe oti.""","She has told me,""The sun will rise again tomorrow, and so will you""."
omumwaka gw'enkumi ibiri asaatu tufunire okukeha kwingi muno hakusisika kwobuhanwa,"By 2030, we achieve a significant reduction in the loss of biodiversity."
"Obusasi bwija nkebigonzi ebiro ebimu ninyikya ,ebiro ebindi tindukusobora.","The grief comes in waves some days l can breath , some days l can't."
obaire noyenda okutekaho okwokya rundi aisi nambere hatunire obuhuta,You needed to apply heat or ice to the injured area.
kakuba ntararabirweho baasi ekiro eki tinakutangaine engajani yange.,"if i hadn't missed the bus that day, i never would have met my best friend."
abekento kumaliriza nibaija alipota y'omwaka,The finance team will finalize the annual report.
omutendereza amanyirire abakuru nekizina kye ijo,The praise singer has honored the chief's bravery with his song yesterday.
"nkaba nttaine kuninhira kwona ngu ninyija kusobora kugura eka eyang,baitu ndi hanu, omukono hakipapura wiiki erukwija","I never have thought be to buy mu own home, but here l am, signing the papers next week."
tukaha okusima hali emyoyo y'omurusozi emyandara habwa na amabale,We gave thanks to the spirits of the mountains for the rocks and stones.
omunya nigwija okucicya gwako omukira kandi katoroke hali ekinyonyi,The skink will wiggle its tail and escaped from the bird's grasp.
"kakuba nkugambira ekintu kimu hali ekiniga,kiri ngu tokwija kukirugaho-nokirabamu","If I told you one thing about grief, it's that you never get over it-you get it."
"omukazi akangambira,""omusana kujwa nigwija nyenkya,kandi naiwe oti.""","She told me,""The sun will rise again tomorrow, and so will you""."
"kona akasumi ntekereza ntungire okugarukwamu, nyega ekintu kihyaka","Everytime I thought I've figured it out, I learn something new."
nitwija kuha okusima hali emyoyo y'murusozi habwe emyandara na amabale,We will give thanks to the spirits of the mountains for the rocks and stones.
Hakumaliira kwe kyaasa kiru nitwiija kuba tumazire kwatundwira enkoragana yaitu n'ebyobuhangwa.,"The the of this century ,we will have transformed our relationship with nature."
taxi empyaka bakagitandikaho omwaka oguhwaire,The new tax was implemented next year.
Ekka yaitu ejaguza amagesa na mazina ag'okusiima ensi.,Our family has always celebrated the harvest with a dance that thanks the earth.
"gw'okubanza omurundi okugenda mwoyomubudabuda, nkatina ekinazonzora hali nyowe","The first time I go to therapy, I was terrified of what I might discover about myself."
abantu behumwize habizina ebyamporampora,The crowd has back swayed and forth to the slow music.
buli muntu watangantangaine amanyire ekintu - nigw'omugisa kukyega,Every person you met knows something you don't — that's a chance to learn.
nkasabira obusinge omumadini gona- ntwena tuli baana baruhanga omu,I prayed for peace among all religions-we're all children of the same God.
omusoro gwa aberambanda nigwija kuhambiriza baingi omubusibi,Colonial taxation will force many into wage labor.
"kakuba omuntu afwa, ekyaro kyona nikija okunahukara, oba babamanyire muno rundi tibabamanyire","When someone will die, the whole village comes to pay respects, whether they knew them well or not."
"Akangambira ndigenda ,""lzooba ndigenda kwongera kwimuka nyenkya, kandi naiwe nukwo"".","She told me , ""The sun will rise again tomorrow, and so will you""."
"kakuba omuntu afwa, ekyaro kyona kija okunahukara, oba babamanyire muno rundi tibabamanyire","When someone has died, the whole village comes to pay respects, whether they knew them well or not."
bakitunzi atangatagaine kiguzi omukuru,The sales team presented to a major client.
eka yaitu nija kujaguzaga amagesa namazina agokusima itaka,Our family will always celebrate the harvest with a dance that thanks the earth.
ebyafayo eby'okubaza byolekere okwijuka kw'abantu abakuru,Oral history has projected record elders ' memories.
ebyefuna bikahambirize emihendo y'ebintu okweyongera muno,The economy faced inflationary pressures.
Abebyokuseruliriza bakaba nibecumitiriza obubarozire y'ebinyonyi ebihyaaka.,The researchers were studying bird migration patterns when they discovered a new species.
kakuba ntararabirweho baasi ekiro eki tinakutangaine engajani yange.,"if i hadn't missed the bus that day, i never would have met my best friend."
nojakwetagisibwa okuyonja amaino gawe emirundi ebiri buli mwaka,You will need to have your teeth cleaned twice a year.
nkaba nyine obuzibu n'okutekana ahahuliriza,I had difficulty concetrating.
wange omusomesa owunyenda agambire ngu nkaba nyine ekisembo kyokuhandika ebigambo ebi bikasigara nanye,My favorite teacher has told me that i had a gift- for writing those words stayed with me.
abantu nibaija kwehumuzamu habizina ebymporampora,The crowd will back sway and forth to the slow music.
"ekiniga kiaizira omubicweka ebiro ebimu kwikya, ebiro ebindi tinkusobora","The grief came in waves some days l can breath, some days l can't."
ekyoma kikabaija kyomubaizi ekisisani kuruga omukihinju kyekiti,The sculptor chiseled a figure out of a single block of wood.
omukazi naija kwega hakulima n'okulisa okwokwebaisaho,She will learn about sustainable agriculture.
okuhandika kwabaramagi okutandika omukyasa kya 19th m'uganda,Missionary writings will document 19th century
akaire ruko kamu sabbiti erukwija kuhumuraho nitwija ha mwaro,"This time next week, we'll be lying on a beach."
ninyetaga kukehya sukali,I need to cut down on sugar.
egali y'omwika eraba aheru y'orubuga ekaba nungi muno nti nkaba ntasobora okubyama ntagirozire,The train ride through the countryside was so beautiful that i did'nt sleep a wink.
ekika kyabaiito nikija kulema bunyoro kurugira kimu mukyasi kya 16th,The Babiito dynasty will rule Bunyoro since the 16th century.
birubatire ebihuka hamu omurukara bihimbire ebisosonkole nibibigara omukiju,The ants have marched in a long line carrying crumbs back to their nest.
omusoro gwaberambanda guhambirize baingi omubusibi,Colonial taxation has forced many into wage labor.
gavumenti eresireho enkora empyaka hali abalimi abakulima ebyokulya,The government provided subsidies for farmers who practice sustainable agriculture.
tukazika abafu baitu omwitaka nambere baisenkuru itwe bahumura,We buried our dead in the ground where our ancestors rest.
noija kwetagisa okutekaho kwokya rundi aisi nambere hatungire obuhuta,You will need to apply heat or ice to the injured area.
egali y'omwika eraba aheru y'orubuga ekaba nungi muno nti nkaba ntasobora okubyama ntagirozire,The train ride through the countryside was so beautiful that i did'nt sleep a wink.
okucamuka kwamabale hansi omwitaka kuleterire okuhangwaho obuhanga muhagati y'enyanja,The volcanic eruption has created a new island in the middle of the ocean.
"mutabani wange akagwize,""ruhanga ali nkaha?"" nkamusongera hamutima gwange n'ogwe","My son has asked me,""Where is God?""I pointed to my heart and his."
Okusendwa kw'itaka kuleteriize abalimi kuleka itaka lyaabo bakagenda mu bibuga.,The soil erosion has been forcing forcing farers to abandon their land and move to cities.
abekento bamalirize alipota y'omwaka,The finance team finalized the annual report.
ekyoma kyomubaizi kikabaija ekisisani kuruga omukihinju kyekiti,The sculptor chisels a figure out of a single block of wood.
omulimi agesa amacande ge kandi yagatwara hakyoma ijo,The farmer harvests his sunflower and took it for pressing yesterday.
abazirweneho bakagaruka n'ebitekerezo ebihyaka n'okunihira kandi,Veterans returned with new ideas and expectations.
omukago gw'obusubuzi omuhyaka gwimukya ebitundwa aheru,The new trade deal boosts exports.
embuzi nibaja kuziha omubazi gw'enjoka nkabulikiro,The goats will regularly be dewormed.
"kakuba basi etandeka eki ekiro, tindikwija kurora munyani wange muno","If i will not miss the bus that day, i never would have met my best friend."
"Omuntu obwafa , ekyaro kiija kugaragara , kababe bamanyire rundi kurungi tibamanyire.","When someone dies , the whole village comes to pay respects , whether they knew them well or not."
tuzika abafu baitu omwitaka nambere baisenkuru itwe bahumura,We bury our dead in the ground where our ancestors rest.
ekitebe nikija kugwa omu1977 mupolipo habw'okwahukana,The community will collapse in 1977 due to political differences.
okutwarwa kwitaka kukaletera abalimi okuleka itaka lyabo kandi bakagenda ummbuga,The soil erosion forced farers to abandon their land and move to cities.
ebihuka nibija kurubatira murukara bihimbire ebisosonkole nibibigara omukiju,The ants will march in a long line carrying crumbs back to their nest.
empyaka enkoragana eyobusubuzi imukya ebitundwa ye bw'obulimi aheru yihanga,The new trade deal boosts agricultural exports.
abekento bamalirizege alipota y'omwaka,The finance team has finalized the annual report.
atunga okwimukiza ha mulimo,He receives a raise at work.
okaire noyetagisibwa okuba oyonjire amaino gawe emirundi ebiri buli mwaka,You have needed to have your teeth cleaned twice a year.
cukamba y'omuyanja nejakuturukya ehuzo zamakamba okwerwanaho,The sea cucumber will squirt sticky threads to defend itself.
omukago gw'obusubuzi omuhyaka gwimukize ebitundwa aheru,The new trade deal has boosted exports.
gavumenti enkora eresireho empyaka hali abalimi abakulima ebyokulya,The government provided subsidies for farmers who practice sustainable agriculture.
omutezi naija kuteranizaho omulere ha bandi,The harmonica player has added bluesy feel to the band's sound.
"omukazi abaire agambire,""izoba nirija kwimuka nyenkya,kandi naiwe oti.""","She has told me,""The sun will rise again tomorrow, and so will you""."
"kakuba isomero likuburanganize obusinge, tekerezamu kakuba haba haliyo omulingo gundi gwona","If school has made you miserable, consider whether there's another way."
"kakuba ntatunga okwgaramu obumanzi nkabaza nawe kirokinu, titwanditungire obunyani bunu","If l does not muster the courage to talk to her that day, we would have missed out on this friendship."
omusoro gwa aberambanda gukahambiriza baingi omubusibi,Colonial taxation forced many into wage labor.
akahuka nikaija kujanjara mubantu muno,The virus will widely circulate in the community.
abantu behumwize habizina ebyamporampora,The crowd has back swayed and forth to the slow music.
etandikire NRA enkora endi,The NRA has developed a parallel administration.
okubura kwamaizi nikwija kutabaniza ebyokulima n'obulisa omukicweka,The water scarcity will affect agricultural production in the region.
Itwe tusiima emizimu ey'omunsozi nomumyandara namabaale.,We give thanks to the spirits of the mountains for the rocks and stones.
ekyaro kaitu kiguma nikiyamba boona abo abatakwesobora,Our village always helped those who are in need.
tukhaire okusima hali emyoyo y'omurusozi habwe emyandara na amabale,We have given thanks to the spirits of the mountains for the rocks and stones.
okuhandika kukatandikwaho kwabaramagi omukyasa kya 19th om'uganda,Missionary writings have documented 19th century Uganda.
noyetagisibwa okuyonja amaino gawe ebiri emirundi buli mwaka,You needed to have your teeth cleaned twice a year.
omukazi naija kwega n'okulisa hakulima okwokwebaisaho,She will learn about sustainable agriculture.
abazirweneho nibaija kugaruka n'ebitekerezo ebihyaka n'okunihira,Veterans will return with new ideas and expectations.
ebihuka nibija kurubatira murukara bihimbire ebisosonkole nibibigara omukiju,The ants will march in a long line carrying crumbs back to their nest.
anaga enjura azina nukwo enjura egwe egi eyitukwendera ebirimwa baitu ijo,The rainmaker dances to bring the rain that we need for the crops yesterday.
Nsabira amadiini goona omugisa-itwena tuli ba baana Ruhanga omu.,I pray for peace among all religions-we're all children of the same God.
"ekiniga kizirege omubicweka ebiro ebimu ninsobora okwikya, ebiro ebindi tinkusobora","The grief has come in waves some days l can breath, some days l can't."
enyunyuzi zakire muno ekiro kukira omumwanya ebitara by'omurubuga,The stars have brightly shone in the night sky away from city lights.
ekyoma kyomubaizi nikija kubaija ekisisani omukihinju kuruga kyekiti,The sculptor will chisel a figure out of a single block of wood.
"Omukyaro kyaitu omuntu obwafa ,abasi,bensi boona baterana bazagika abafeerwa.","When someone die in our village , the whole community comes together to support the family."
ninyija kwijuka akasumi kenyini munyani owamazima-nambere atalinsekeraize omukasumi ndi kubi,I will remember the exact moment l knew she was a true friend - when she didn't laugh at my worst moment.
noija kwetagisa okutekaho kwokya rundi aisi nambere hatungire obuhuta,You will need to apply heat or ice to the injured area.
Ekka yaitu ejaguza amagesa na mazina ag'okusiima ensi.,Our family has always celebrated the harvest with a dance that thanks the earth.
omutezi wenanga akateranizaho omulere ha bandi,The harmonica player added a bluesy feel to the band's sound.
ekyoma kyomubaizi kikabaija ekisisani kuruga omukihinju kyekiti,The sculptor chisels a figure out of a block of wood.
bwali obujanjabi bwasente nyingi baitu nibukoraho,The treatment will be expensive but effective.
Abaikazi bombekere ibandiro lihyaka haiziba,The community has built a new shrine at the sacred spring.
"kakuba gavumenti ebaire etairemu sente kara, ntusobora okuba n'ebyobuhangwa ebiyounjo","If the government has invested in renewable energy earlier, we could have a cleaner environment now."
ebizina byenzarwa hamu n'okucekeca n'orunyege biba mubulimukoro,Traditional music and danced accompained ceremonies.
gavumenti neja kuletaho enkora empyaka hali abalimi abakulima ebyokulya,The government will provide subsidies for farmers who practice sustainable agriculture.
Ekitebe kikahwahi omumwaka ogwa 1977 omubyendema. habwobutetegerezangana,The community collapsed in 1977 due to political differences.
akahuka kajanjaire mubantu muno,The virus widely circulated in the community.
"akasumi kona mbaire ntungire nitekereza okugarukwamu, nyega ekintu kihyaka","Everytime I have thought I've figured it out, I learn something new."
ebiro bisaatu murubuga orutubaire tutwetekanizi kubungira,Three days in a city we never planned to visit.
tihakwija kuba kintu kibi nkokurubata otaine mukigana sokisi,There will be nothing worse than stepping in a puddle with socks on.
Orugendo rwegaali y'omwika kuraba omu bugwa izooba muno rukaba habwokuba nta hungi reho kakube kukoimya.,The train ride through the countryside was so beautiful that i did'nt sleep a wink.
omusoro gwa aberambanda gukahambiriza baingi omubusibi,Colonial taxation forced many into wage labor.
akatunga ha okwimukiza mulimo,He received a raise at work.
nyegere okwenyumirizamu nobukuba ndi muburumi-nikimanyisa nkyali mwomezi,I have learned to be grateful even in pain-it means I'm still alive to feel.
noyetagisa okujwara pulasita okumara wiiki mukaaga,You have needed to wear a cast for six weeks.
ebyefuna bikahambirize emihendo y'ebintu okweyongera muno,The economy faced inflationary pressures.
"kakuba orayenda okwetegereza ebyobuhangwa baitu, tandika n'ebyokulya baitu","If you will want to understand our culture, start with our food."
Abaikazi bombekere ibandiro lihyaka ly'emirwa. haiziba,The community has built a new shrine at the sacred spring.
egali y'omwika eraba aheru y'orubuga ebaire nungi muno nti nkaba ntasobora kubyama ntagirozire,The train ride through the countryside has so been beautiful that i did'nt sleep a wink.
ninyija okugira obuzibu by'okutekana n'okuhuliriza,I will have difficulty concetrating.
nkaba nyine n'okutekana obuzibu ahahuliriza,I had difficulty concetrating.
"kakuba basi etandeka eki ekiro, tindikwija kurora munyani wange muno","If i will not miss the bus that day, i never would have met my best friend."
omwaka gw'enkumi ibiri asaatu tukatunga okukeha kwingi muno habwokusisikara kwobuhangwa,"By 2030, we achieved a significant reduction in the loss of biodiversity."
enyange nija kwemera kurungi muno omumaizi gahaihi,The egret will stand perfectly still in the shallow water.
"omurundi gw'okubanza ninyija kugenda mwomubudabuda, nkatina ekinazonzora hali nyowe","The first time I will go to therapy, I was terrified of what I might discover about myself."
kotoni ebaire kirimwa kyasente muno mukyasi kya amakumi abiri m'uganda,Cotton has become a major cash crop in the early 20th century Uganda.
omutendereza abakuru amanyirire nekizina kye ijo,The praise singer has honored the chief's bravery with his song yesterday.
ebyenfuna nibija kuhambiriza emihendo y'ebintu okweyongera muno,The economy will face inflationary pressures.
obujanjabi bukozire hamu n'emibazi endi,The medication has interacted with other drugs.
naija kutunga okwimukizibwa ha mulimo,He will receive a raise at work.
ekitebe kigwire omu 1977 habw'okwahukana mupolipo,The community has collapsed in 1977 due to political differences.
"kakuba omuro guba tigugwire mpaka nyenkya, ogaruke hairwaro","If the fever has not gone down by tomorrow, come back to the clinic."
Hakumaliira kwe kyaasa kiru nitwiija kuba tumazire kwatundwira enkoragana yaitu n'ebyobuhangwa.,"The the end of this century ,we will have transformed our relationship with nature."
omukazi naija kwega hakulima n'okulisa okwokwebaisaho,She will learn about sustainable agriculture.
okucamuka kwamabale hansi omwitaka kukabaruka kwaletaho okuhangwaho obuhanga muhagati y'enyanja,The volcanic eruption created a new island in the middle of the ocean.
Abaikazi bombekere ibandiro lihyaka haiziba ly'emirwa.,The community has built a new shrine at the sacred spring.
igana lyabantu lika semererwa omukoro gutakatandikire,The crowd has buzzed with excitement before the show starts.
"Omukyaro kyaitu omuntu obwafa boona ,abasi,bensi baterana bazagika abafeerwa.","When someone die in our village , the whole community comes together to support the family."
embuzi bazihare omubazi gw'enjoka nkabuliro,The goats have regularly been dewormed.
"gunu omurundi wiiki erukwija, tubyamire hamusa gwenyanja","This time next week, we have lied on a beach."
"ekiniga nikija kwija omubicweka ebiro ebimu nisobora kwikya, ebiro ebindi tinkusobora","The grief will come in waves some days l can breath, some days l can't."
okuhandika kwabaramagi kukatandika mukyasa kya 19th m'uganda,Missionary writings documented 19th century Uganda.
igana lyabantu lika semererwa omukoro gutakatandikire,The crowd has buzzed with excitement before the show starts.
Noija kwetaaga kujwara ekiseminti kumara sabiiti mukaaga.,You'll need to wear a cast for six weeks.
abaingi abantu abesoroize abaijwiire omwiro omuzaano gutakatandikire,The crowd is buzzing with excitement before the show starts.
Itwe tusiima emizimu ey'omunsozi nomumyandara namabaale.,We give thanks to the spirits of the mountains for the rocks and stones.
Nsabira amadiini goona omugisa-itwena tuli baana Ruhanga omu.,I pray for peace among all religions-we're all children of the same God.
abantu nibaija kwombeka iramizo erihyaka nambere bona batina,The community will build a new shrine at the sacred spring.
izaniroly'emizano erihyakalitekanizibwe shakespeare plays buli musizoni y'omusana,The new theater staged Shakespeare plays every summer.
ekika kyabaiito kulema nikija bunyoro kurugira kimu mukyasi kya 16th,The Babiito dynasty will rule Bunyoro since the 16th century.
abantu baisoroize omuka y'omunyoro habworukurato,People have gathered at the chief's house for the meeting.
omulimi ayombire omusiri gwe gwamuhogo wiiki ehwaire,The farmer has weeded his cassava field last week.
abekento bamalirizege alipota y'omwaka,The finance team has finalized the annual report.
anaga enjura azina nukwo enjura egwe egi eyitukwendera ebirimwa baitu ijo,The rainmaker dances to bring the rain that we need for the crops yesterday.
omukazi akozire mukeeto kumara emyaka nyingi atakafokere CFO,She has worked in the accounting department for years before she became CFO.
"Kakuba ndi wokukugambira ekintu kimu hali enaku, nikyo ngu otaligyehugura-ogirabemu.","If I could tell you one thing about grief, it's that you never get over it-you get through it."
atunga okwimukiza ha mulimo,He receives a raise at work.
ebyafayo eby'okubaza byolekere okwijuka kw'abantu abakuru,Oral history has projected record elders ' memories.
ebyefuna bikahambirize emihendo y'ebintu okweyongera muno,The economy faced inflationary pressures.
bakitunzi atangatagaine kiguzi omukuru,The sales team presented to a major client.
"omurundi gw'okubanza ninyija kugenda mwomubudabuda, nkatina ekinazonzora hali nyowe","The first time I will go to therapy, I was terrified of what I might discover about myself."
ebyefuna bihambirize y'ebintu okweyongera muno,The economy has pressures.
nitwija kuha okusima hali emyoyo y'murusozi habwe emyandara na amabale,We will give thanks to the spirits of the mountains for the rocks and stones.
eka yaitu ekajaguza amagesa namazina agokusima itaka,Our family always celebrated the harvest with a dance that thanks the earth.
"omwaka gw'enkumi ibiri asaatu, tutungire okukeha kwingi muno mukukeha kw'ebyobuhanga","By 2030, we have achieved a significant reduction in the loss of biodiversity."
arolera ekitebe kumara emyaka nyingi atakabaire mukuru,She manages a team for years before she became director.
ninyija kusabira obusinge omumadini gona-ntwena tuli baana baruhanga omu,I will pray for peace among all religions-we're all children of the same God.
ekyaro kaitu kiraguma nikiyamba abo boona abatakwesobora,Our village will always help those who are in need.
Enganikyo zoleka ebya abantu abakuru ebibamanyire,Oral history projects record elders' memories.
"Akangambira ,""lzooba ndigenda kwongera kwimuka nyenkya, kandi naiwe nukwo"".","She told me , ""The sun will rise again tomorrow, and so will you""."
anaga ejura azinire nukwo enjura egwe egi eyitubaire nitwendera ebirimwa ijo,The rainmaker has danced to bring the rain that we need the crops yesterday.
enyunyuzi zikaka muno ekiro omumwanya kukira ebitara by'omurubuga,The stars brightly shone in the night sky away from city lights.
ebiro bisaatu omurubuga orututekanizaga kubungira,Three days in a city we have never planned to visit.
busayo kintu ekibi nkokurubata mukigana otajaire sokisi,There was nothing worse than stepping in a puddle with socks on.
embya yomukisaka impala ekahambya mayiro nyingi okuhikya ejwahire,The wild dog chased the impala for miles until it tired out.
abasija bombekere abato orugo rw'ente ouhyaka,The young men have built the new kraal for the cattle.
Ekitebe kikahwahi omumwaka ogwa 1977 omubyendema. habwobutetegerezangana,The community collapsed in 1977 due to political differences.
obujanjabi bubaire bwasente baitu nibukoraho,treatment has been expensive but effective.
okubura kwamaizi nikwija ebyokulima kutabaniza n'obulisa omukicweka,The water scarcity will affect agricultural production in the region.
"dora ebinyonyi omumwanya; tibirikwija kusiga rundi okugesa, baitu iwe ise owomwiguru obirisa","Look at the birds of the air; they will not sow or reap, yet your heavenly father feeds them."
noyetagisibwa amaino gawe emirundi ebiri buli mwaka,needed to have your teeth cleaned twice a year.
ekika kyababiito kilema kurugira kimu omukyasa kya 16th,The Babiito dynasty rules Bunyoro since the 16th century.
omusoro nigwija omuhya kuteebwa omuunkora mumwaka omuhyaka,The new tax will be implemented next year.
"hakumalira ye kyasa kinu, tukahindura ekoragana n'byobuhangwa yaitu","The the end of this century, we transformed our relationship with nature."
ekitebe kigwire omu 1977 habw'okwahukana mupolipo,The community has collapsed in 1977 due to political differences.
Nsabira amadiini goona omugisa-itwena tuli baana ba Ruhanga omu.,I pray for peace among all religions-we're all children of the same God.
ekyaro kaitu kiguma nikiyamba abo boona abatakwesobora,Our village always helped those who are in need.
okubaira emiti nambere ebaire etemerwe kigaraho irindiro lyebisoro byomukisaka mukicweka nambere byali,The reforestation project brings back wildlife that had disappeared from the area.
Enganikyo zoleka ebya abantu abakuru,Oral history projects record elders'
owenanga ruhuhwa nayongeramu okukwatwaho kwobujure nokwecumitiriza gebidongp omumaraka,The harmonica player adds a bluesy feel to the band's sound.
irwaro line erahuro ry'ebitabu byabarwaire ebikukwataho obwomezi bwabo,The hospital had a patient library with health information.
omusaija ateka sente ze omumasamba,He invests in a real estate investment trust.
"omukazi akangamba,""omusana nigwija kujwa omurundi gundi nyenkya, kandi naiwe oti.""","She tells me,""The sun will rise again tomorrow, and so will you""."
ekitebe nikija kugwa omu1977 habw'okwahukana mupolipo,community collapse in 1977 due to political differences.
omusaija naija kuteka sente ze omumasamba,He will invest in a real estate investment trust.
buli muntu oratangatangaineho amanyire ekintu ky'otamanyire - nigw'omugisa kukyega,Every person you have met knows something you don't — that's a chance to learn.
nijnja kwenga kwenyumirizamu nobukuba ndi omuburumi-nikimanyisa nkyali mwomezi,I will learn to be grateful even in pain-it means I'm still alive to feel.
ninyija kwijuka akasumi kenyini akaba munyani owamazima-nambere atalinsekeraize omukasumi obukaba ndi kubi,I will remember the exact moment l knew she was a true friend - when she didn't laugh at my worst moment.
cukamba y'omuyanja eturukize ehuzo zamakamba okwerwanaho,The sea cucumber has squirted sticky threads to defend itself.
"kakuba basi etalindekere ekiro eki, tinandibwoine munyani wange muno.","If i did not miss the bus that day, i never would have met my best friend."
ninyija kusiga ekihemeheme kandi nkisindike hamutimbagano nyekya,I will draw a funny cartoon and posted it on social media yesterday.
"gunu omurundi wiiki erukwija, kubyama nitwija hamusa gwenyanja","This time next week, we will lie on a beach."
tuzikire abafu baitu omwitaka nambere baisenkuru itwe bahumura,We have buried our dead in the ground where our ancestors rest.
"kakuba gavumenti eba ekendize omuhendo gwa sola pano, abantu baingi nibaija kutandika kukozesa amasanyarazi","If the government has subsidized solar panels, more people would use renewable energy now."
omukazi naija kusoroza embibo z'okwahura entoro,She will collect indigenous seeds for preservation.
abaserurizi nibaija kusoma y'ebinyonyi endubata obu barazonzora ekika ekihyaka ekyebinyonyi,The researchers will study bird migration patterns when they discovered a new species.
okuhandika kwabaramagi nikwija okutandika omukyasa kya m'uganda 19th,Missionary writings will document 19th century Uganda.
omusaija akateka sente ze omumasamba,He invested in a real estate investment trust.
"omurundi gw'okubanza okugenda mwoyomubudabuda, nkatina ekinazonzora hali nyowe","The first time I go to therapy, I was terrified of what I might discover about myself."
akaire ruko kamu sabbiti erukwija nitwija kuhumuraho ha mwaro,"This time next week, we'll be lying on a beach."
akatebe akatunzi nikahayo hali omuguzi owamaani,The sales team is presenting to a major client.
akasoroza omukazi embibo entoro z'okwahura,She collects indigenous seeds for preservation.
ekyaro kaitu kibaire nikiyamba abo boona abatakwesobora,Our village has always helped those who are in need.
aija kurolera ekitebe kumare emyaka atakabaire mukuru,She will manage a team for years before she became director.
egali y'omwika eraba aheru y'orubuga neja kuba nungi muno nti nkaba ntasobora okubyama ntagirozire,The train ride through the countryside will so be beautiful that i did'nt sleep a wink.
omulimi ayombire omusiri gwamuhogo wiiki ehwaire,The farmer weeds his cassava field last week.
irwaro nirija kutekaho obujanjabi bw'abazaire abaine enda,The clinic will provide prenatal care for expectant mothers.
Ekiro kyaijo omwigi w'enjura eyiturukwetaaga acekecerege kuleeta rnjura.,The rainmaker danced to bring the rain that we need for the crops yesterday.
"kakuba isomero lyakubulize obusinge, tekerezamu kakuba haba haliyo omulingo gundi gwona","If school made you miserable, consider whether there's another way."
gavumenti etairo enkora hali empyaka abalimi abakulima ebyokulya,The government has provided subsidies for farmers who practice sustainable agriculture.
"basi kakuba etalindekere ekiro eki, tinandibwoine munyani wange muno.","If i did not miss the bus that day, i never would have met my best friend."
ekyoma kyomubaizi kikabaija ekisisani kuruga omukihinju kyekiti,The sculptor chiseled a figure out of a single block of wood.
omusoro gwaberambanda guhambirize baingi omubusibi,Colonial taxation has forced many into wage labor.
"omuro mpaka gutagwe nyenkya,ogaruke hairwaro","If the fever did not go down by tomorrow, come back to the clinic."
atafike omugabo gwa bakama babizinesi,He never missed a dividend payment.
